{
"type": "FeatureCollection",
"name": "bus_routes",
"crs": { "type": "name", "properties": { "name": "urn:ogc:def:crs:OGC:1.3:CRS84" } },
"bbox": [ -4.2549577, 51.0614294, -0.0750552, 55.9562649 ],                                                                        
"features": [
{ "type": "Feature", "properties": { "fid": 1, "route_id": "10010", "route_short_name": "281", "route_type": 3, "route_type_name": "Bus", "geometry_method": "osm_routed", "n_stops_covered": 91, "n_trips_observed": 7 }, "bbox": [ -2.363548, 53.387529, -2.298769, 53.426651 ], "geometry": { "type": "LineString", "coordinates": [ [ -2.348269, 53.387529 ], [ -2.346653, 53.389599 ], [ -2.352262, 53.395172 ], [ -2.35248, 53.400915 ], [ -2.363548, 53.40501 ], [ -2.347494, 53.40615 ], [ -2.31791, 53.397559 ], [ -2.30289, 53.400897 ], [ -2.304331, 53.405597 ], [ -2.317531, 53.408937 ], [ -2.325088, 53.417368 ], [ -2.309321, 53.417775 ], [ -2.298769, 53.423352 ], [ -2.31024, 53.425975 ], [ -2.322583, 53.422983 ], [ -2.331124, 53.426651 ], [ -2.352606, 53.417296 ] ] } },
{ "type": "Feature", "properties": { "fid": 2, "route_id": "1014171", "route_short_name": "891", "route_type": 3, "route_type_name": "Bus", "geometry_method": "osm_routed", "n_stops_covered": 39, "n_trips_observed": 1 }, "bbox": [ -2.164023, 53.342902, -2.11238, 53.409378 ], "geometry": { "type": "LineString", "coordinates": [ [ -2.164023, 53.408196 ], [ -2.159184, 53.409378 ], [ -2.161176, 53.408164 ], [ -2.153867, 53.399301 ], [ -2.156122, 53.401188 ], [ -2.145486, 53.392275 ], [ -2.125354, 53.384348 ], [ -2.113877, 53.375582 ], [ -2.120213, 53.378523 ], [ -2.125179, 53.372379 ], [ -2.121491, 53.371044 ], [ -2.12431, 53.36855 ], [ -2.113518, 53.367682 ], [ -2.123956, 53.345667 ], [ -2.115672, 53.342902 ], [ -2.11238, 53.344648 ] ] } },
{ "type": "Feature", "properties": { "fid": 3, "route_id": "101612", "route_short_name": "747", "route_type": 3, "route_type_name": "Bus", "geometry_method": "osm_routed", "n_stops_covered": 0, "n_trips_observed": 0 }, "bbox": [ -2.151921, 53.444731, -2.096456, 53.47549 ], "geometry": { "type": "LineString", "coordinates": [ [ -2.096456, 53.444911 ], [ -2.10773, 53.444731 ], [ -2.106613, 53.447217 ], [ -2.117536, 53.463537 ], [ -2.11256, 53.470268 ], [ -2.115266, 53.47549 ], [ -2.128196, 53.471227 ], [ -2.142697, 53.474133 ], [ -2.151921, 53.472605 ] ] } },
{ "type": "Feature", "properties": { "fid": 4, "route_id": "101852", "route_short_name": "783", "route_type": 3, "route_type_name": "Bus", "geometry_method": "osm_routed", "n_stops_covered": 34, "n_trips_observed": 1 }, "bbox": [ -2.370097, 53.369827, -2.314974, 53.419642 ], "geometry": { "type": "LineString", "coordinates": [ [ -2.314974, 53.417596 ], [ -2.331873, 53.419642 ], [ -2.349279, 53.404604 ], [ -2.360284, 53.406315 ], [ -2.36677, 53.402936 ], [ -2.352288, 53.399383 ], [ -2.352345, 53.39358 ], [ -2.370097, 53.392585 ], [ -2.352334, 53.392785 ], [ -2.352262, 53.395172 ], [ -2.346646, 53.389572 ], [ -2.352073, 53.38447 ], [ -2.352515, 53.377503 ], [ -2.360583, 53.375104 ], [ -2.361569, 53.369827 ] ] } },
{ "type": "Feature", "properties": { "fid": 5, "route_id": "10196", "route_short_name": "327", "route_type": 3, "route_type_name": "Bus", "geometry_method": "osm_routed", "n_stops_covered": 60, "n_trips_observed": 21 }, "bbox": [ -2.167539, 53.408662, -2.096839, 53.455382 ], "geometry": { "type": "LineString", "coordinates": [ [ -2.164605, 53.408662 ], [ -2.167539, 53.409928 ], [ -2.146463, 53.416131 ], [ -2.128634, 53.427687 ], [ -2.130561, 53.428248 ], [ -2.120778, 53.429122 ], [ -2.116401, 53.43647 ], [ -2.116905, 53.443198 ], [ -2.10841, 53.44818 ], [ -2.107936, 53.447969 ], [ -2.106613, 53.447217 ], [ -2.109007, 53.446592 ], [ -2.106613, 53.447217 ], [ -2.113375, 53.455382 ], [ -2.10841, 53.44818 ], [ -2.107936, 53.447969 ], [ -2.106613, 53.447217 ], [ -2.105145, 53.446434 ], [ -2.104469, 53.446139 ], [ -2.100722, 53.445262 ], [ -2.10222, 53.445101 ], [ -2.096839, 53.444223 ], [ -2.101741, 53.439098 ] ] } },
{ "type": "Feature", "properties": { "fid": 6, "route_id": "102042", "route_short_name": "867", "route_type": 3, "route_type_name": "Bus", "geometry_method": "osm_routed", "n_stops_covered": 40, "n_trips_observed": 1 }, "bbox": [ -2.147222, 53.589638, -2.114602, 53.650438 ], "geometry": { "type": "LineString", "coordinates": [ [ -2.140106, 53.589638 ], [ -2.145129, 53.596009 ], [ -2.146827, 53.593871 ], [ -2.147222, 53.596574 ], [ -2.147006, 53.597191 ], [ -2.136092, 53.601404 ], [ -2.140214, 53.605197 ], [ -2.129417, 53.616219 ], [ -2.126943, 53.616311 ], [ -2.122282, 53.615298 ], [ -2.121503, 53.61512 ], [ -2.120625, 53.614858 ], [ -2.114602, 53.610465 ], [ -2.129417, 53.616219 ], [ -2.129013, 53.619031 ], [ -2.137761, 53.622569 ], [ -2.133543, 53.622907 ], [ -2.141612, 53.62836 ], [ -2.134122, 53.633649 ], [ -2.136995, 53.638316 ], [ -2.132874, 53.646285 ], [ -2.13472, 53.650438 ], [ -2.125502, 53.642431 ], [ -2.126655, 53.64174 ], [ -2.126934, 53.640094 ], [ -2.122784, 53.637144 ], [ -2.125097, 53.636017 ] ] } },
{ "type": "Feature", "properties": { "fid": 7, "route_id": "10235", "route_short_name": "960", "route_type": 3, "route_type_name": "Bus", "geometry_method": "osm_routed", "n_stops_covered": 68, "n_trips_observed": 2 }, "bbox": [ -2.712275, 53.5241, -2.641019, 53.587916 ], "geometry": { "type": "LineString", "coordinates": [ [ -2.70098, 53.5241 ], [ -2.712275, 53.533337 ], [ -2.704188, 53.540003 ], [ -2.704452, 53.54853 ], [ -2.69425, 53.562084 ], [ -2.694536, 53.571147 ], [ -2.687117, 53.576059 ], [ -2.685908, 53.587916 ], [ -2.656044, 53.583936 ], [ -2.655311, 53.579893 ], [ -2.644518, 53.577028 ], [ -2.645191, 53.574641 ], [ -2.641019, 53.572701 ] ] } },
{ "type": "Feature", "properties": { "fid": 8, "route_id": "103267", "route_short_name": "773", "route_type": 3, "route_type_name": "Bus", "geometry_method": "osm_routed", "n_stops_covered": 27, "n_trips_observed": 1 }, "bbox": [ -2.373864, 53.371752, -2.321243, 53.393167 ], "geometry": { "type": "LineString", "coordinates": [ [ -2.323187, 53.382692 ], [ -2.321243, 53.388322 ], [ -2.329758, 53.391569 ], [ -2.349171, 53.390678 ], [ -2.355551, 53.393167 ], [ -2.35963, 53.391857 ], [ -2.363838, 53.391374 ], [ -2.366734, 53.391601 ], [ -2.373541, 53.389949 ], [ -2.373864, 53.391834 ], [ -2.368353, 53.392224 ], [ -2.363838, 53.391374 ], [ -2.361419, 53.381489 ], [ -2.352454, 53.381008 ], [ -2.352515, 53.377503 ], [ -2.360583, 53.375104 ], [ -2.361486, 53.371752 ], [ -2.360583, 53.375104 ], [ -2.365057, 53.376591 ], [ -2.360583, 53.375104 ], [ -2.357527, 53.3752 ], [ -2.352515, 53.377503 ], [ -2.351875, 53.378894 ], [ -2.35112, 53.37876 ], [ -2.350525, 53.381845 ], [ -2.333648, 53.379024 ] ] } },
{ "type": "Feature", "properties": { "fid": 9, "route_id": "10348", "route_short_name": "V1", "route_type": 3, "route_type_name": "Bus", "geometry_method": "mixed", "n_stops_covered": 67, "n_trips_observed": 66 }, "bbox": [ -2.517822, 53.461467, -2.228454, 53.521997 ], "geometry": { "type": "LineString", "coordinates": [ [ -2.517822, 53.49635 ], [ -2.507469, 53.495713 ], [ -2.504581, 53.498569 ], [ -2.508881, 53.501249 ], [ -2.507575, 53.506985 ], [ -2.511956, 53.511264 ], [ -2.508452, 53.517297 ], [ -2.491018, 53.521997 ], [ -2.473585, 53.515639 ], [ -2.480271, 53.51225 ], [ -2.46603, 53.51282 ], [ -2.465809, 53.51502 ], [ -2.436307, 53.513899 ], [ -2.431933, 53.508628 ], [ -2.426121, 53.507689 ], [ -2.413791, 53.510423 ], [ -2.412934, 53.513044 ], [ -2.409029, 53.50777 ], [ -2.393595, 53.511474 ], [ -2.393612, 53.513975 ], [ -2.378725, 53.513655 ], [ -2.362948, 53.511535 ], [ -2.354415, 53.50612 ], [ -2.355831, 53.508577 ], [ -2.343723, 53.504932 ], [ -2.346108, 53.505861 ], [ -2.328972, 53.507771 ], [ -2.327063, 53.506002 ], [ -2.330425, 53.502793 ], [ -2.331594, 53.503466 ], [ -2.327063, 53.506002 ], [ -2.327439, 53.507573 ], [ -2.324275, 53.507089 ], [ -2.282324, 53.490629 ], [ -2.28315, 53.490849 ], [ -2.281873, 53.49039 ], [ -2.282204, 53.490234 ], [ -2.276988, 53.486091 ], [ -2.277213, 53.486026 ], [ -2.280312, 53.488476 ], [ -2.276988, 53.486091 ], [ -2.275474, 53.485387 ], [ -2.272315, 53.48444 ], [ -2.274325, 53.484812 ], [ -2.276041, 53.485522 ], [ -2.274657, 53.485034 ], [ -2.264825, 53.483315 ], [ -2.25507, 53.483505 ], [ -2.244474, 53.479851 ], [ -2.238995, 53.472222 ], [ -2.234167, 53.471194 ], [ -2.238816, 53.471436 ], [ -2.236351, 53.469434 ], [ -2.239615, 53.467911 ], [ -2.232239, 53.469508 ], [ -2.228454, 53.466288 ], [ -2.232471, 53.464974 ], [ -2.22876, 53.461467 ] ] } },
{ "type": "Feature", "properties": { "fid": 10, "route_id": "10352", "route_short_name": "V2", "route_type": 3, "route_type_name": "Bus", "geometry_method": "mixed", "n_stops_covered": 67, "n_trips_observed": 38 }, "bbox": [ -2.496682, 53.461467, -2.228454, 53.524478 ], "geometry": { "type": "LineString", "coordinates": [ [ -2.496682, 53.524063 ], [ -2.489695, 53.524478 ], [ -2.46603, 53.51282 ], [ -2.465809, 53.51502 ], [ -2.436307, 53.513899 ], [ -2.431933, 53.508628 ], [ -2.426121, 53.507689 ], [ -2.413791, 53.510423 ], [ -2.412934, 53.513044 ], [ -2.409029, 53.50777 ], [ -2.393595, 53.511474 ], [ -2.392596, 53.514045 ], [ -2.363947, 53.511829 ], [ -2.354415, 53.50612 ], [ -2.355831, 53.508577 ], [ -2.343723, 53.504932 ], [ -2.346108, 53.505861 ], [ -2.327439, 53.507573 ], [ -2.327063, 53.506002 ], [ -2.330425, 53.502793 ], [ -2.327439, 53.507573 ], [ -2.324275, 53.507089 ], [ -2.282324, 53.490629 ], [ -2.28315, 53.490849 ], [ -2.281873, 53.49039 ], [ -2.282204, 53.490234 ], [ -2.276988, 53.486091 ], [ -2.277213, 53.486026 ], [ -2.280312, 53.488476 ], [ -2.276988, 53.486091 ], [ -2.275474, 53.485387 ], [ -2.272315, 53.48444 ], [ -2.274325, 53.484812 ], [ -2.276041, 53.485522 ], [ -2.274657, 53.485034 ], [ -2.264825, 53.483315 ], [ -2.25507, 53.483505 ], [ -2.244474, 53.479851 ], [ -2.238995, 53.472222 ], [ -2.234167, 53.471194 ], [ -2.238816, 53.471436 ], [ -2.236351, 53.469434 ], [ -2.239615, 53.467911 ], [ -2.232239, 53.469508 ], [ -2.228454, 53.466288 ], [ -2.232471, 53.464974 ], [ -2.22876, 53.461467 ] ] } },
{ "type": "Feature", "properties": { "fid": 11, "route_id": "103527", "route_short_name": "748", "route_type": 3, "route_type_name": "Bus", "geometry_method": "osm_routed", "n_stops_covered": 0, "n_trips_observed": 0 }, "bbox": [ -2.202862, 53.427279, -2.172718, 53.46252 ], "geometry": { "type": "LineString", "coordinates": [ [ -2.176, 53.46252 ], [ -2.172718, 53.455924 ], [ -2.181046, 53.453724 ], [ -2.179823, 53.450293 ], [ -2.192191, 53.448963 ], [ -2.191638, 53.444261 ], [ -2.199103, 53.443283 ], [ -2.199088, 53.432382 ], [ -2.202862, 53.427279 ] ] } },
{ "type": "Feature", "properties": { "fid": 12, "route_id": "103625", "route_short_name": "914", "route_type": 3, "route_type_name": "Bus", "geometry_method": "osm_routed", "n_stops_covered": 60, "n_trips_observed": 2 }, "bbox": [ -2.554576, 53.579446, -2.446553, 53.608731 ], "geometry": { "type": "LineString", "coordinates": [ [ -2.446553, 53.584325 ], [ -2.459278, 53.588841 ], [ -2.478481, 53.59049 ], [ -2.48745, 53.579446 ], [ -2.517733, 53.58228 ], [ -2.525216, 53.585607 ], [ -2.523229, 53.590508 ], [ -2.531816, 53.590609 ], [ -2.529059, 53.587311 ], [ -2.54272, 53.59526 ], [ -2.541653, 53.598811 ], [ -2.554576, 53.602789 ], [ -2.551379, 53.608731 ] ] } },
{ "type": "Feature", "properties": { "fid": 13, "route_id": "103988", "route_short_name": "660", "route_type": 3, "route_type_name": "Bus", "geometry_method": "osm_routed", "n_stops_covered": 59, "n_trips_observed": 1 }, "bbox": [ -2.712275, 53.522538, -2.495717, 53.55405 ], "geometry": { "type": "LineString", "coordinates": [ [ -2.698891, 53.55405 ], [ -2.704452, 53.54853 ], [ -2.703093, 53.539822 ], [ -2.704445, 53.539833 ], [ -2.710018, 53.534391 ], [ -2.712275, 53.533337 ], [ -2.701864, 53.52642 ], [ -2.712275, 53.533337 ], [ -2.710129, 53.534473 ], [ -2.707174, 53.537797 ], [ -2.704445, 53.539833 ], [ -2.704188, 53.540003 ], [ -2.703093, 53.539822 ], [ -2.701972, 53.539612 ], [ -2.699337, 53.539091 ], [ -2.696375, 53.538585 ], [ -2.692726, 53.537742 ], [ -2.678156, 53.535547 ], [ -2.670124, 53.535748 ], [ -2.648789, 53.542029 ], [ -2.630776, 53.54159 ], [ -2.628893, 53.544246 ], [ -2.61452, 53.545342 ], [ -2.58032, 53.534115 ], [ -2.57475, 53.537082 ], [ -2.555058, 53.533441 ], [ -2.556191, 53.531574 ], [ -2.554456, 53.533402 ], [ -2.555351, 53.530673 ], [ -2.548233, 53.527671 ], [ -2.537898, 53.533589 ], [ -2.537836, 53.542903 ], [ -2.529044, 53.543597 ], [ -2.523319, 53.54895 ], [ -2.515802, 53.544938 ], [ -2.51683, 53.536846 ], [ -2.516969, 53.536822 ], [ -2.518126, 53.537073 ], [ -2.518245, 53.53757 ], [ -2.518235, 53.538563 ], [ -2.52146, 53.535365 ], [ -2.518607, 53.534812 ], [ -2.519267, 53.531994 ], [ -2.520149, 53.532361 ], [ -2.518607, 53.534812 ], [ -2.516841, 53.536572 ], [ -2.516969, 53.536822 ], [ -2.516988, 53.536833 ], [ -2.516828, 53.536881 ], [ -2.51683, 53.536846 ], [ -2.516744, 53.536256 ], [ -2.51649, 53.534565 ], [ -2.515822, 53.529188 ], [ -2.515829, 53.522538 ], [ -2.495717, 53.524268 ] ] } },
{ "type": "Feature", "properties": { "fid": 14, "route_id": "103989", "route_short_name": "661", "route_type": 3, "route_type_name": "Bus", "geometry_method": "osm_routed", "n_stops_covered": 48, "n_trips_observed": 1 }, "bbox": [ -2.712275, 53.49488, -2.518106, 53.555389 ], "geometry": { "type": "LineString", "coordinates": [ [ -2.518106, 53.49488 ], [ -2.532241, 53.49766 ], [ -2.53651, 53.506637 ], [ -2.547027, 53.515341 ], [ -2.543358, 53.52292 ], [ -2.58348, 53.533532 ], [ -2.581125, 53.533821 ], [ -2.609666, 53.544999 ], [ -2.624109, 53.542039 ], [ -2.632457, 53.545039 ], [ -2.667487, 53.535403 ], [ -2.704188, 53.540003 ], [ -2.710018, 53.534391 ], [ -2.712275, 53.533337 ], [ -2.704105, 53.527758 ], [ -2.70098, 53.5241 ], [ -2.712275, 53.533337 ], [ -2.704188, 53.540003 ], [ -2.704452, 53.54853 ], [ -2.698463, 53.555389 ] ] } },
{ "type": "Feature", "properties": { "fid": 15, "route_id": "103990", "route_short_name": "662", "route_type": 3, "route_type_name": "Bus", "geometry_method": "osm_routed", "n_stops_covered": 96, "n_trips_observed": 2 }, "bbox": [ -2.712275, 53.49488, -2.518106, 53.555389 ], "geometry": { "type": "LineString", "coordinates": [ [ -2.518106, 53.49488 ], [ -2.518135, 53.504143 ], [ -2.523221, 53.504523 ], [ -2.527023, 53.511824 ], [ -2.597455, 53.516302 ], [ -2.598946, 53.520919 ], [ -2.611596, 53.527462 ], [ -2.624109, 53.542039 ], [ -2.632457, 53.545039 ], [ -2.667487, 53.535403 ], [ -2.704188, 53.540003 ], [ -2.710018, 53.534391 ], [ -2.712275, 53.533337 ], [ -2.704105, 53.527758 ], [ -2.70098, 53.5241 ], [ -2.712275, 53.533337 ], [ -2.704188, 53.540003 ], [ -2.704452, 53.54853 ], [ -2.698463, 53.555389 ] ] } },
{ "type": "Feature", "properties": { "fid": 16, "route_id": "103991", "route_short_name": "663", "route_type": 3, "route_type_name": "Bus", "geometry_method": "osm_routed", "n_stops_covered": 97, "n_trips_observed": 2 }, "bbox": [ -2.712275, 53.487721, -2.582157, 53.555389 ], "geometry": { "type": "LineString", "coordinates": [ [ -2.582157, 53.533184 ], [ -2.584571, 53.528889 ], [ -2.597617, 53.524202 ], [ -2.597759, 53.516925 ], [ -2.616467, 53.500273 ], [ -2.636529, 53.487721 ], [ -2.648054, 53.50147 ], [ -2.680627, 53.498582 ], [ -2.685798, 53.510303 ], [ -2.712275, 53.533337 ], [ -2.704188, 53.540003 ], [ -2.704452, 53.54853 ], [ -2.698463, 53.555389 ] ] } },
{ "type": "Feature", "properties": { "fid": 17, "route_id": "103992", "route_short_name": "665", "route_type": 3, "route_type_name": "Bus", "geometry_method": "osm_routed", "n_stops_covered": 100, "n_trips_observed": 3 }, "bbox": [ -2.712275, 53.466284, -2.518106, 53.555389 ], "geometry": { "type": "LineString", "coordinates": [ [ -2.518106, 53.49488 ], [ -2.525176, 53.485389 ], [ -2.566518, 53.471086 ], [ -2.572, 53.468155 ], [ -2.569213, 53.466693 ], [ -2.569613, 53.466284 ], [ -2.593064, 53.482365 ], [ -2.597103, 53.476301 ], [ -2.601765, 53.477088 ], [ -2.60175, 53.481054 ], [ -2.60984, 53.482996 ], [ -2.609841, 53.486868 ], [ -2.622693, 53.493538 ], [ -2.63851, 53.488585 ], [ -2.648054, 53.50147 ], [ -2.680627, 53.498582 ], [ -2.685798, 53.510303 ], [ -2.712275, 53.533337 ], [ -2.704188, 53.540003 ], [ -2.704452, 53.54853 ], [ -2.698463, 53.555389 ] ] } },
{ "type": "Feature", "properties": { "fid": 18, "route_id": "103993", "route_short_name": "667", "route_type": 3, "route_type_name": "Bus", "geometry_method": "osm_routed", "n_stops_covered": 32, "n_trips_observed": 1 }, "bbox": [ -2.712275, 53.511928, -2.632766, 53.555389 ], "geometry": { "type": "LineString", "coordinates": [ [ -2.635117, 53.547391 ], [ -2.632766, 53.544785 ], [ -2.639778, 53.541602 ], [ -2.637111, 53.535577 ], [ -2.647502, 53.525699 ], [ -2.667654, 53.520168 ], [ -2.675858, 53.522967 ], [ -2.689472, 53.511928 ], [ -2.712275, 53.533337 ], [ -2.704188, 53.540003 ], [ -2.704452, 53.54853 ], [ -2.698463, 53.555389 ] ] } },
{ "type": "Feature", "properties": { "fid": 19, "route_id": "103994", "route_short_name": "669", "route_type": 3, "route_type_name": "Bus", "geometry_method": "osm_routed", "n_stops_covered": 50, "n_trips_observed": 1 }, "bbox": [ -2.712275, 53.473278, -2.597103, 53.55405 ], "geometry": { "type": "LineString", "coordinates": [ [ -2.698891, 53.55405 ], [ -2.704452, 53.54853 ], [ -2.703093, 53.539822 ], [ -2.712275, 53.533337 ], [ -2.701864, 53.52642 ], [ -2.696134, 53.517128 ], [ -2.689472, 53.511928 ], [ -2.676642, 53.522891 ], [ -2.667654, 53.520168 ], [ -2.652967, 53.523083 ], [ -2.65069, 53.503613 ], [ -2.638407, 53.488731 ], [ -2.622693, 53.493538 ], [ -2.609841, 53.486868 ], [ -2.60984, 53.482996 ], [ -2.60175, 53.481054 ], [ -2.603949, 53.481725 ], [ -2.60175, 53.481054 ], [ -2.601765, 53.477088 ], [ -2.597103, 53.476301 ], [ -2.598097, 53.473278 ] ] } },
{ "type": "Feature", "properties": { "fid": 20, "route_id": "10458", "route_short_name": "382", "route_type": 3, "route_type_name": "Bus", "geometry_method": "mixed", "n_stops_covered": 82, "n_trips_observed": 6 }, "bbox": [ -2.164487, 53.407864, -2.066153, 53.432726 ], "geometry": { "type": "LineString", "coordinates": [ [ -2.16186, 53.409585 ], [ -2.161523, 53.409523 ], [ -2.163683, 53.407864 ], [ -2.161176, 53.408164 ], [ -2.163628, 53.410298 ], [ -2.164487, 53.410812 ], [ -2.148848, 53.416888 ], [ -2.121767, 53.416464 ], [ -2.111166, 53.420587 ], [ -2.105893, 53.417204 ], [ -2.109062, 53.414815 ], [ -2.105358, 53.414596 ], [ -2.104292, 53.408602 ], [ -2.100046, 53.41094 ], [ -2.101869, 53.415811 ], [ -2.096731, 53.413352 ], [ -2.088225, 53.41386 ], [ -2.088662, 53.415493 ], [ -2.089414, 53.414696 ], [ -2.091343, 53.416796 ], [ -2.088662, 53.415493 ], [ -2.088225, 53.41386 ], [ -2.0814, 53.414202 ], [ -2.078953, 53.414759 ], [ -2.07651, 53.414918 ], [ -2.074057, 53.415316 ], [ -2.071074, 53.412053 ], [ -2.066153, 53.414525 ], [ -2.074057, 53.415316 ], [ -2.085235, 53.414282 ], [ -2.082177, 53.423232 ], [ -2.087727, 53.428548 ], [ -2.086667, 53.432726 ], [ -2.103528, 53.424616 ], [ -2.100363, 53.424926 ] ] } },
{ "type": "Feature", "properties": { "fid": 21, "route_id": "104681", "route_short_name": "850", "route_type": 3, "route_type_name": "Bus", "geometry_method": "osm_routed", "n_stops_covered": 0, "n_trips_observed": 0 }, "bbox": [ -2.181588, 53.366923, -2.153024, 53.390961 ], "geometry": { "type": "LineString", "coordinates": [ [ -2.154932, 53.366923 ], [ -2.16178, 53.376471 ], [ -2.153662, 53.383691 ], [ -2.153024, 53.390961 ], [ -2.181588, 53.387102 ] ] } },
{ "type": "Feature", "properties": { "fid": 22, "route_id": "10477", "route_short_name": "263", "route_type": 3, "route_type_name": "Bus", "geometry_method": "mixed", "n_stops_covered": 96, "n_trips_observed": 39 }, "bbox": [ -2.352262, 53.387529, -2.236433, 53.479954 ], "geometry": { "type": "LineString", "coordinates": [ [ -2.23889, 53.479954 ], [ -2.238011, 53.475666 ], [ -2.241221, 53.474675 ], [ -2.236433, 53.46802 ], [ -2.270758, 53.462479 ], [ -2.281031, 53.463678 ], [ -2.296834, 53.456092 ], [ -2.312314, 53.442372 ], [ -2.309704, 53.443564 ], [ -2.317147, 53.432812 ], [ -2.352058, 53.401773 ], [ -2.352262, 53.395172 ], [ -2.346646, 53.389572 ], [ -2.348269, 53.387529 ] ] } },
{ "type": "Feature", "properties": { "fid": 23, "route_id": "105150", "route_short_name": "771", "route_type": 3, "route_type_name": "Bus", "geometry_method": "osm_routed", "n_stops_covered": 38, "n_trips_observed": 1 }, "bbox": [ -2.361569, 53.382692, -2.298769, 53.430138 ], "geometry": { "type": "LineString", "coordinates": [ [ -2.323187, 53.382692 ], [ -2.309482, 53.400017 ], [ -2.32058, 53.412344 ], [ -2.311716, 53.412776 ], [ -2.308783, 53.415891 ], [ -2.310928, 53.417617 ], [ -2.298769, 53.423352 ], [ -2.31024, 53.425975 ], [ -2.322583, 53.422983 ], [ -2.353124, 53.430138 ], [ -2.353549, 53.422702 ], [ -2.359069, 53.420614 ], [ -2.361569, 53.418489 ], [ -2.361356, 53.415267 ] ] } },
{ "type": "Feature", "properties": { "fid": 24, "route_id": "105377", "route_short_name": "853", "route_type": 3, "route_type_name": "Bus", "geometry_method": "mixed", "n_stops_covered": 22, "n_trips_observed": 1 }, "bbox": [ -2.242577, 53.358663, -2.198594, 53.392887 ], "geometry": { "type": "LineString", "coordinates": [ [ -2.198594, 53.359812 ], [ -2.219499, 53.358663 ], [ -2.219848, 53.36002 ], [ -2.215745, 53.365024 ], [ -2.2146, 53.365008 ], [ -2.218159, 53.380893 ], [ -2.218919, 53.381802 ], [ -2.221207, 53.38267 ], [ -2.214948, 53.384018 ], [ -2.219851, 53.388099 ], [ -2.224497, 53.387413 ], [ -2.227905, 53.3918 ], [ -2.234934, 53.392887 ], [ -2.242577, 53.387781 ], [ -2.238584, 53.380942 ], [ -2.238926, 53.372864 ] ] } },
{ "type": "Feature", "properties": { "fid": 25, "route_id": "106398", "route_short_name": "615", "route_type": 3, "route_type_name": "Bus", "geometry_method": "osm_routed", "n_stops_covered": 57, "n_trips_observed": 6 }, "bbox": [ -2.637152, 53.546395, -2.528, 53.584338 ], "geometry": { "type": "LineString", "coordinates": [ [ -2.634019, 53.546533 ], [ -2.637152, 53.547503 ], [ -2.632242, 53.549626 ], [ -2.623476, 53.546395 ], [ -2.611598, 53.556361 ], [ -2.585655, 53.568217 ], [ -2.573769, 53.563389 ], [ -2.563245, 53.56285 ], [ -2.561056, 53.56156 ], [ -2.560617, 53.561622 ], [ -2.563245, 53.56285 ], [ -2.545532, 53.568117 ], [ -2.550347, 53.572064 ], [ -2.537567, 53.577971 ], [ -2.541671, 53.58215 ], [ -2.535731, 53.578785 ], [ -2.528, 53.58168 ], [ -2.529826, 53.582281 ], [ -2.532862, 53.584108 ], [ -2.53341, 53.584098 ], [ -2.533102, 53.584338 ], [ -2.529415, 53.582237 ] ] } },
{ "type": "Feature", "properties": { "fid": 26, "route_id": "106399", "route_short_name": "816", "route_type": 3, "route_type_name": "Bus", "geometry_method": "osm_routed", "n_stops_covered": 0, "n_trips_observed": 0 }, "bbox": [ -2.139944, 53.414282, -2.082177, 53.434165 ], "geometry": { "type": "LineString", "coordinates": [ [ -2.134901, 53.427894 ], [ -2.139944, 53.434165 ], [ -2.132972, 53.433852 ], [ -2.134034, 53.432727 ], [ -2.134464, 53.432875 ], [ -2.135704, 53.43177 ], [ -2.134464, 53.432875 ], [ -2.13308, 53.432387 ], [ -2.13146, 53.43229 ], [ -2.135443, 53.431955 ], [ -2.129615, 53.428361 ], [ -2.120778, 53.429122 ], [ -2.120693, 53.421521 ], [ -2.101927, 53.424079 ], [ -2.090617, 53.432444 ], [ -2.086667, 53.432726 ], [ -2.087727, 53.428548 ], [ -2.082177, 53.423232 ], [ -2.085235, 53.414282 ], [ -2.105358, 53.414596 ] ] } },
{ "type": "Feature", "properties": { "fid": 27, "route_id": "106892", "route_short_name": "874", "route_type": 3, "route_type_name": "Bus", "geometry_method": "osm_routed", "n_stops_covered": 0, "n_trips_observed": 0 }, "bbox": [ -2.196538, 53.368793, -2.133339, 53.40288 ], "geometry": { "type": "LineString", "coordinates": [ [ -2.196538, 53.399135 ], [ -2.182349, 53.398596 ], [ -2.162487, 53.40288 ], [ -2.156475, 53.396932 ], [ -2.153453, 53.397532 ], [ -2.152644, 53.392973 ], [ -2.153284, 53.38406 ], [ -2.160345, 53.379348 ], [ -2.160395, 53.374315 ], [ -2.146801, 53.3726 ], [ -2.149409, 53.373952 ], [ -2.146111, 53.372526 ], [ -2.139641, 53.371321 ], [ -2.140609, 53.373398 ], [ -2.146111, 53.372526 ], [ -2.133339, 53.368793 ] ] } },
{ "type": "Feature", "properties": { "fid": 28, "route_id": "10705", "route_short_name": "375", "route_type": 3, "route_type_name": "Bus", "geometry_method": "mixed", "n_stops_covered": 216, "n_trips_observed": 20 }, "bbox": [ -3.011573, 53.53469, -2.632766, 53.647228 ], "geometry": { "type": "LineString", "coordinates": [ [ -2.635117, 53.547391 ], [ -2.632766, 53.544785 ], [ -2.63467, 53.543401 ], [ -2.667785, 53.535395 ], [ -2.701747, 53.540001 ], [ -2.708701, 53.540035 ], [ -2.709831, 53.53779 ], [ -2.708701, 53.540035 ], [ -2.721909, 53.54106 ], [ -2.726345, 53.546702 ], [ -2.727053, 53.542572 ], [ -2.734283, 53.540541 ], [ -2.733103, 53.539349 ], [ -2.742946, 53.54047 ], [ -2.743589, 53.543639 ], [ -2.755162, 53.542317 ], [ -2.747787, 53.539603 ], [ -2.756967, 53.53469 ], [ -2.763515, 53.536098 ], [ -2.764555, 53.536872 ], [ -2.765572, 53.539532 ], [ -2.76739, 53.540142 ], [ -2.768131, 53.540259 ], [ -2.767343, 53.540568 ], [ -2.76544, 53.539562 ], [ -2.762781, 53.536044 ], [ -2.761316, 53.535651 ], [ -2.763515, 53.536098 ], [ -2.764367, 53.536618 ], [ -2.764555, 53.536872 ], [ -2.765242, 53.539161 ], [ -2.765572, 53.539532 ], [ -2.775392, 53.540545 ], [ -2.776022, 53.545102 ], [ -2.774291, 53.547586 ], [ -2.774925, 53.549145 ], [ -2.771164, 53.549472 ], [ -2.774988, 53.551476 ], [ -2.768123, 53.550673 ], [ -2.773756, 53.547726 ], [ -2.774291, 53.547586 ], [ -2.780177, 53.545714 ], [ -2.783885, 53.545674 ], [ -2.784949, 53.542533 ], [ -2.790393, 53.544123 ], [ -2.792608, 53.546209 ], [ -2.791825, 53.546677 ], [ -2.788414, 53.546568 ], [ -2.791866, 53.546182 ], [ -2.792581, 53.546191 ], [ -2.792608, 53.546209 ], [ -2.793228, 53.54633 ], [ -2.795755, 53.546145 ], [ -2.802478, 53.5452 ], [ -2.803329, 53.546511 ], [ -2.790388, 53.548245 ], [ -2.791032, 53.553704 ], [ -2.801172, 53.551598 ], [ -2.803437, 53.551844 ], [ -2.806046, 53.554001 ], [ -2.807495, 53.554354 ], [ -2.810441, 53.551331 ], [ -2.804674, 53.552259 ], [ -2.805813, 53.553414 ], [ -2.806297, 53.553495 ], [ -2.808599, 53.553186 ], [ -2.809419, 53.553701 ], [ -2.807495, 53.554354 ], [ -2.810441, 53.551331 ], [ -2.808307, 53.550989 ], [ -2.813575, 53.550736 ], [ -2.847753, 53.564194 ], [ -2.88329, 53.566849 ], [ -2.882625, 53.56847 ], [ -2.885436, 53.565975 ], [ -2.888558, 53.568006 ], [ -2.863773, 53.587074 ], [ -2.863806, 53.587099 ], [ -2.864282, 53.587157 ], [ -2.865692, 53.58745 ], [ -2.866928, 53.587741 ], [ -2.863382, 53.58731 ], [ -2.890916, 53.592596 ], [ -2.901604, 53.601882 ], [ -2.915706, 53.608855 ], [ -2.911325, 53.604678 ], [ -2.918219, 53.612105 ], [ -2.937992, 53.611533 ], [ -2.942159, 53.618294 ], [ -2.960934, 53.623837 ], [ -2.969173, 53.632579 ], [ -2.969927, 53.632965 ], [ -2.970488, 53.633042 ], [ -2.970653, 53.6333 ], [ -2.970971, 53.633521 ], [ -2.96995, 53.633592 ], [ -3.000742, 53.64177 ], [ -3.007483, 53.647228 ], [ -3.011573, 53.644948 ] ] } },
{ "type": "Feature", "properties": { "fid": 29, "route_id": "10732", "route_short_name": "352", "route_type": 3, "route_type_name": "Bus", "geometry_method": "osm_routed", "n_stops_covered": 103, "n_trips_observed": 40 }, "bbox": [ -2.743642, 53.451248, -2.632766, 53.547391 ], "geometry": { "type": "LineString", "coordinates": [ [ -2.735047, 53.451248 ], [ -2.743642, 53.452707 ], [ -2.738345, 53.453686 ], [ -2.729697, 53.462828 ], [ -2.727757, 53.471535 ], [ -2.719354, 53.472738 ], [ -2.726235, 53.485134 ], [ -2.71096, 53.493853 ], [ -2.704111, 53.503535 ], [ -2.715768, 53.522185 ], [ -2.7151, 53.526927 ], [ -2.708751, 53.527792 ], [ -2.712275, 53.533337 ], [ -2.704188, 53.540003 ], [ -2.675866, 53.535477 ], [ -2.656731, 53.537822 ], [ -2.643312, 53.543043 ], [ -2.635322, 53.540924 ], [ -2.632766, 53.544785 ], [ -2.635117, 53.547391 ] ] } },
{ "type": "Feature", "properties": { "fid": 30, "route_id": "108215", "route_short_name": "MC03", "route_type": 3, "route_type_name": "Bus", "geometry_method": "osm_routed", "n_stops_covered": 0, "n_trips_observed": 0 }, "bbox": [ -2.191352, 53.467288, -2.056173, 53.481416 ], "geometry": { "type": "LineString", "coordinates": [ [ -2.056173, 53.481416 ], [ -2.080309, 53.476228 ], [ -2.10054, 53.476187 ], [ -2.10558, 53.468217 ], [ -2.113681, 53.467288 ], [ -2.13777, 53.473753 ], [ -2.176001, 53.473196 ], [ -2.191352, 53.476921 ] ] } },
{ "type": "Feature", "properties": { "fid": 31, "route_id": "108217", "route_short_name": "MC05", "route_type": 3, "route_type_name": "Bus", "geometry_method": "osm_routed", "n_stops_covered": 0, "n_trips_observed": 0 }, "bbox": [ -2.32058, 53.397912, -2.205853, 53.481455 ], "geometry": { "type": "LineString", "coordinates": [ [ -2.316951, 53.397912 ], [ -2.309482, 53.400017 ], [ -2.32058, 53.412344 ], [ -2.311716, 53.412776 ], [ -2.310928, 53.417617 ], [ -2.30461, 53.420138 ], [ -2.290167, 53.418527 ], [ -2.269638, 53.406968 ], [ -2.259577, 53.407041 ], [ -2.247564, 53.41541 ], [ -2.224919, 53.436182 ], [ -2.231535, 53.438214 ], [ -2.231511, 53.445355 ], [ -2.239533, 53.448443 ], [ -2.239932, 53.451846 ], [ -2.245118, 53.452117 ], [ -2.246492, 53.470599 ], [ -2.223154, 53.47351 ], [ -2.217846, 53.478732 ], [ -2.205853, 53.481455 ] ] } },
{ "type": "Feature", "properties": { "fid": 32, "route_id": "108219", "route_short_name": "MC11", "route_type": 3, "route_type_name": "Bus", "geometry_method": "osm_routed", "n_stops_covered": 0, "n_trips_observed": 0 }, "bbox": [ -2.467746, 53.475666, -2.205853, 53.513996 ], "geometry": { "type": "LineString", "coordinates": [ [ -2.467746, 53.513996 ], [ -2.436307, 53.513899 ], [ -2.431933, 53.508628 ], [ -2.415757, 53.502402 ], [ -2.411097, 53.502512 ], [ -2.409547, 53.507727 ], [ -2.391617, 53.51207 ], [ -2.363947, 53.511829 ], [ -2.338427, 53.503503 ], [ -2.307289, 53.500747 ], [ -2.274657, 53.485034 ], [ -2.25507, 53.483505 ], [ -2.238011, 53.475666 ], [ -2.227666, 53.476153 ], [ -2.21677, 53.482158 ], [ -2.205853, 53.481455 ] ] } },
{ "type": "Feature", "properties": { "fid": 33, "route_id": "108221", "route_short_name": "MC06", "route_type": 3, "route_type_name": "Bus", "geometry_method": "osm_routed", "n_stops_covered": 0, "n_trips_observed": 0 }, "bbox": [ -2.191352, 53.393648, -2.136592, 53.476921 ], "geometry": { "type": "LineString", "coordinates": [ [ -2.147142, 53.393648 ], [ -2.149812, 53.395995 ], [ -2.138259, 53.396794 ], [ -2.136592, 53.403867 ], [ -2.153396, 53.409523 ], [ -2.160565, 53.407715 ], [ -2.176984, 53.427031 ], [ -2.15974, 53.437663 ], [ -2.15798, 53.454011 ], [ -2.161631, 53.458739 ], [ -2.16849, 53.460176 ], [ -2.175874, 53.474636 ], [ -2.191352, 53.476921 ] ] } },
{ "type": "Feature", "properties": { "fid": 34, "route_id": "109338", "route_short_name": "5", "route_type": 3, "route_type_name": "Bus", "geometry_method": "osm_routed", "n_stops_covered": 189, "n_trips_observed": 22 }, "bbox": [ -2.602302, 53.370554, -2.318981, 53.439417 ], "geometry": { "type": "LineString", "coordinates": [ [ -2.348269, 53.387529 ], [ -2.346646, 53.389572 ], [ -2.352262, 53.395172 ], [ -2.352058, 53.401773 ], [ -2.331873, 53.419642 ], [ -2.335345, 53.421405 ], [ -2.331873, 53.419642 ], [ -2.318981, 53.431152 ], [ -2.332926, 53.431259 ], [ -2.337824, 53.426586 ], [ -2.382626, 53.434625 ], [ -2.392517, 53.431409 ], [ -2.405845, 53.432997 ], [ -2.41975, 53.421295 ], [ -2.42997, 53.417632 ], [ -2.438244, 53.400102 ], [ -2.445349, 53.399958 ], [ -2.449289, 53.39233 ], [ -2.475943, 53.38359 ], [ -2.478089, 53.379393 ], [ -2.466082, 53.375238 ], [ -2.465644, 53.377798 ], [ -2.460768, 53.377064 ], [ -2.465644, 53.377798 ], [ -2.466082, 53.375238 ], [ -2.512847, 53.383156 ], [ -2.516454, 53.381158 ], [ -2.521003, 53.37985 ], [ -2.531787, 53.379344 ], [ -2.539464, 53.376801 ], [ -2.554527, 53.37762 ], [ -2.554644, 53.377741 ], [ -2.557735, 53.378533 ], [ -2.559196, 53.378208 ], [ -2.562315, 53.380044 ], [ -2.56096, 53.383919 ], [ -2.565049, 53.386834 ], [ -2.566556, 53.389698 ], [ -2.563981, 53.393425 ], [ -2.573177, 53.402656 ], [ -2.573696, 53.404083 ], [ -2.573754, 53.405445 ], [ -2.595745, 53.408458 ], [ -2.598502, 53.423317 ], [ -2.577111, 53.423503 ], [ -2.566241, 53.425278 ], [ -2.567856, 53.432123 ], [ -2.584394, 53.439417 ], [ -2.586398, 53.437971 ], [ -2.581892, 53.432943 ], [ -2.570648, 53.426515 ], [ -2.567623, 53.421746 ], [ -2.562986, 53.410954 ], [ -2.573696, 53.404083 ], [ -2.563981, 53.393425 ], [ -2.565985, 53.388723 ], [ -2.56096, 53.383919 ], [ -2.559196, 53.378208 ], [ -2.557735, 53.378533 ], [ -2.554527, 53.37762 ], [ -2.539343, 53.37686 ], [ -2.531787, 53.379344 ], [ -2.521003, 53.37985 ], [ -2.513087, 53.383139 ], [ -2.512847, 53.383156 ], [ -2.510791, 53.382325 ], [ -2.512847, 53.383156 ], [ -2.513087, 53.383139 ], [ -2.513181, 53.383341 ], [ -2.516764, 53.383907 ], [ -2.540701, 53.382164 ], [ -2.545757, 53.380707 ], [ -2.542759, 53.377204 ], [ -2.554527, 53.37762 ], [ -2.558079, 53.377324 ], [ -2.576523, 53.370554 ], [ -2.578116, 53.373862 ], [ -2.58123, 53.373177 ], [ -2.580838, 53.37143 ], [ -2.592285, 53.383163 ], [ -2.591429, 53.385908 ], [ -2.602178, 53.386452 ], [ -2.597171, 53.388756 ], [ -2.602302, 53.3921 ], [ -2.593897, 53.393821 ], [ -2.593432, 53.391413 ] ] } },
{ "type": "Feature", "properties": { "fid": 35, "route_id": "109798", "route_short_name": "248", "route_type": 3, "route_type_name": "Bus", "geometry_method": "mixed", "n_stops_covered": 193, "n_trips_observed": 15 }, "bbox": [ -2.389562, 53.365923, -2.264746, 53.483434 ], "geometry": { "type": "LineString", "coordinates": [ [ -2.273216, 53.365923 ], [ -2.276295, 53.36769 ], [ -2.27136, 53.374447 ], [ -2.279631, 53.376723 ], [ -2.274421, 53.380912 ], [ -2.273068, 53.380564 ], [ -2.268205, 53.380109 ], [ -2.264746, 53.381076 ], [ -2.28157, 53.382389 ], [ -2.277414, 53.387586 ], [ -2.278232, 53.389853 ], [ -2.276401, 53.392317 ], [ -2.278232, 53.389853 ], [ -2.285331, 53.392311 ], [ -2.296299, 53.389965 ], [ -2.295119, 53.392312 ], [ -2.286279, 53.392205 ], [ -2.292169, 53.395589 ], [ -2.278389, 53.396424 ], [ -2.277735, 53.400761 ], [ -2.282213, 53.399045 ], [ -2.292317, 53.401864 ], [ -2.30289, 53.400897 ], [ -2.295338, 53.401029 ], [ -2.294409, 53.400889 ], [ -2.30289, 53.400897 ], [ -2.307913, 53.407596 ], [ -2.314725, 53.405815 ], [ -2.32058, 53.412344 ], [ -2.311716, 53.412776 ], [ -2.308783, 53.415891 ], [ -2.310928, 53.417617 ], [ -2.295749, 53.424433 ], [ -2.308036, 53.429283 ], [ -2.315023, 53.423424 ], [ -2.322583, 53.422983 ], [ -2.340912, 53.428556 ], [ -2.353419, 53.422947 ], [ -2.353124, 53.430138 ], [ -2.385478, 53.433954 ], [ -2.389562, 53.440236 ], [ -2.352767, 53.446304 ], [ -2.357624, 53.463981 ], [ -2.344315, 53.474099 ], [ -2.334621, 53.473262 ], [ -2.328993, 53.471014 ], [ -2.326044, 53.46952 ], [ -2.32502, 53.469192 ], [ -2.324785, 53.468716 ], [ -2.312257, 53.467373 ], [ -2.317254, 53.467225 ], [ -2.312257, 53.467373 ], [ -2.312441, 53.464051 ], [ -2.311353, 53.463361 ], [ -2.319225, 53.462815 ], [ -2.325473, 53.466381 ], [ -2.326587, 53.468571 ], [ -2.325754, 53.468907 ], [ -2.323123, 53.474833 ], [ -2.32684, 53.475251 ], [ -2.325461, 53.481279 ], [ -2.338156, 53.481399 ], [ -2.340567, 53.483434 ], [ -2.335495, 53.483065 ] ] } },
{ "type": "Feature", "properties": { "fid": 36, "route_id": "109799", "route_short_name": "249", "route_type": 3, "route_type_name": "Bus", "geometry_method": "osm_routed", "n_stops_covered": 151, "n_trips_observed": 30 }, "bbox": [ -2.362119, 53.381076, -2.264746, 53.430138 ], "geometry": { "type": "LineString", "coordinates": [ [ -2.348529, 53.387287 ], [ -2.346646, 53.389572 ], [ -2.352262, 53.395172 ], [ -2.35248, 53.400915 ], [ -2.34117, 53.41149 ], [ -2.353238, 53.413721 ], [ -2.36003, 53.411846 ], [ -2.362119, 53.417015 ], [ -2.353549, 53.422702 ], [ -2.353124, 53.430138 ], [ -2.326819, 53.426303 ], [ -2.322583, 53.422983 ], [ -2.315446, 53.425043 ], [ -2.300497, 53.420647 ], [ -2.303707, 53.419748 ], [ -2.302619, 53.414624 ], [ -2.29535, 53.415131 ], [ -2.289449, 53.417167 ], [ -2.280488, 53.412257 ], [ -2.300354, 53.405731 ], [ -2.30289, 53.400897 ], [ -2.294409, 53.400889 ], [ -2.292169, 53.395589 ], [ -2.289924, 53.393216 ], [ -2.296299, 53.389965 ], [ -2.286279, 53.392205 ], [ -2.292169, 53.395589 ], [ -2.278389, 53.396424 ], [ -2.27943, 53.392707 ], [ -2.271759, 53.389611 ], [ -2.273075, 53.386656 ], [ -2.264746, 53.381076 ] ] } },
{ "type": "Feature", "properties": { "fid": 37, "route_id": "109806", "route_short_name": "76B", "route_type": 3, "route_type_name": "Bus", "geometry_method": "osm_routed", "n_stops_covered": 76, "n_trips_observed": 7 }, "bbox": [ -2.235793, 53.481113, -2.136155, 53.517845 ], "geometry": { "type": "LineString", "coordinates": [ [ -2.146403, 53.517845 ], [ -2.147153, 53.517338 ], [ -2.144306, 53.515754 ], [ -2.139593, 53.510354 ], [ -2.13922, 53.509014 ], [ -2.136155, 53.505196 ], [ -2.138682, 53.508979 ], [ -2.13922, 53.509014 ], [ -2.139437, 53.509003 ], [ -2.142015, 53.508776 ], [ -2.143973, 53.508431 ], [ -2.153835, 53.510149 ], [ -2.156853, 53.508582 ], [ -2.156501, 53.498272 ], [ -2.160853, 53.495797 ], [ -2.173435, 53.498155 ], [ -2.180289, 53.493787 ], [ -2.184281, 53.497483 ], [ -2.215615, 53.48495 ], [ -2.223746, 53.488269 ], [ -2.235793, 53.481113 ] ] } },
{ "type": "Feature", "properties": { "fid": 38, "route_id": "109807", "route_short_name": "700", "route_type": 3, "route_type_name": "Bus", "geometry_method": "osm_routed", "n_stops_covered": 21, "n_trips_observed": 1 }, "bbox": [ -2.151921, 53.450504, -2.120582, 53.472605 ], "geometry": { "type": "LineString", "coordinates": [ [ -2.151921, 53.472605 ], [ -2.120966, 53.471753 ], [ -2.12303, 53.471351 ], [ -2.120966, 53.471753 ], [ -2.120582, 53.466016 ], [ -2.12499, 53.460152 ], [ -2.123176, 53.456163 ], [ -2.151153, 53.457638 ], [ -2.142689, 53.450504 ] ] } },
{ "type": "Feature", "properties": { "fid": 39, "route_id": "109808", "route_short_name": "705", "route_type": 3, "route_type_name": "Bus", "geometry_method": "osm_routed", "n_stops_covered": 39, "n_trips_observed": 1 }, "bbox": [ -2.176422, 53.444223, -2.09025, 53.466769 ], "geometry": { "type": "LineString", "coordinates": [ [ -2.153915, 53.466769 ], [ -2.176422, 53.462012 ], [ -2.160191, 53.458197 ], [ -2.157606, 53.452876 ], [ -2.148287, 53.446914 ], [ -2.141044, 53.450423 ], [ -2.144856, 53.453052 ], [ -2.142904, 53.457438 ], [ -2.113766, 53.456207 ], [ -2.10841, 53.44818 ], [ -2.096839, 53.444223 ], [ -2.09025, 53.452453 ] ] } },
{ "type": "Feature", "properties": { "fid": 40, "route_id": "109809", "route_short_name": "850", "route_type": 3, "route_type_name": "Bus", "geometry_method": "osm_routed", "n_stops_covered": 17, "n_trips_observed": 1 }, "bbox": [ -2.178454, 53.366923, -2.144154, 53.392019 ], "geometry": { "type": "LineString", "coordinates": [ [ -2.178454, 53.386791 ], [ -2.157544, 53.392019 ], [ -2.153024, 53.390961 ], [ -2.153284, 53.38406 ], [ -2.150583, 53.384693 ], [ -2.147211, 53.385138 ], [ -2.146732, 53.385243 ], [ -2.144154, 53.385914 ], [ -2.150583, 53.384693 ], [ -2.153367, 53.383872 ], [ -2.161213, 53.377893 ], [ -2.159116, 53.369975 ], [ -2.154932, 53.366923 ] ] } },
{ "type": "Feature", "properties": { "fid": 41, "route_id": "109811", "route_short_name": "777", "route_type": 3, "route_type_name": "Bus", "geometry_method": "osm_routed", "n_stops_covered": 21, "n_trips_observed": 1 }, "bbox": [ -2.323187, 53.382692, -2.288979, 53.420672 ], "geometry": { "type": "LineString", "coordinates": [ [ -2.308783, 53.415891 ], [ -2.310928, 53.417617 ], [ -2.300957, 53.420672 ], [ -2.288979, 53.416656 ], [ -2.32058, 53.412344 ], [ -2.308994, 53.399848 ], [ -2.323187, 53.382692 ] ] } },
{ "type": "Feature", "properties": { "fid": 42, "route_id": "109812", "route_short_name": "782", "route_type": 3, "route_type_name": "Bus", "geometry_method": "osm_routed", "n_stops_covered": 23, "n_trips_observed": 1 }, "bbox": [ -2.347198, 53.365862, -2.304046, 53.417596 ], "geometry": { "type": "LineString", "coordinates": [ [ -2.304046, 53.365862 ], [ -2.325632, 53.37617 ], [ -2.339132, 53.370506 ], [ -2.343215, 53.371539 ], [ -2.342129, 53.375083 ], [ -2.347198, 53.377962 ], [ -2.344216, 53.380831 ], [ -2.325122, 53.376526 ], [ -2.316568, 53.389776 ], [ -2.318208, 53.397445 ], [ -2.309482, 53.400017 ], [ -2.325088, 53.417368 ], [ -2.314974, 53.417596 ] ] } },
{ "type": "Feature", "properties": { "fid": 43, "route_id": "109813", "route_short_name": "804", "route_type": 3, "route_type_name": "Bus", "geometry_method": "osm_routed", "n_stops_covered": 34, "n_trips_observed": 1 }, "bbox": [ -2.115954, 53.36399, -2.024821, 53.417825 ], "geometry": { "type": "LineString", "coordinates": [ [ -2.10612, 53.379947 ], [ -2.105173, 53.379383 ], [ -2.105199, 53.377313 ], [ -2.107746, 53.37963 ], [ -2.115954, 53.37702 ], [ -2.102871, 53.368898 ], [ -2.106043, 53.372399 ], [ -2.094112, 53.36767 ], [ -2.06779, 53.36399 ], [ -2.068632, 53.369406 ], [ -2.075167, 53.372424 ], [ -2.077105, 53.371177 ], [ -2.072589, 53.370351 ], [ -2.077105, 53.371177 ], [ -2.062412, 53.381166 ], [ -2.07073, 53.390078 ], [ -2.058567, 53.395531 ], [ -2.054978, 53.401498 ], [ -2.053943, 53.401739 ], [ -2.043398, 53.394174 ], [ -2.024821, 53.393072 ], [ -2.040644, 53.39344 ], [ -2.043398, 53.394174 ], [ -2.05335, 53.400085 ], [ -2.053943, 53.401739 ], [ -2.051956, 53.404081 ], [ -2.05469, 53.414746 ], [ -2.061534, 53.417825 ], [ -2.070773, 53.414841 ], [ -2.105358, 53.414596 ] ] } },
{ "type": "Feature", "properties": { "fid": 44, "route_id": "109814", "route_short_name": "812", "route_type": 3, "route_type_name": "Bus", "geometry_method": "osm_routed", "n_stops_covered": 0, "n_trips_observed": 0 }, "bbox": [ -2.231657, 53.358663, -2.164023, 53.408196 ], "geometry": { "type": "LineString", "coordinates": [ [ -2.164023, 53.408196 ], [ -2.181148, 53.406147 ], [ -2.204849, 53.395214 ], [ -2.217596, 53.393784 ], [ -2.212657, 53.386098 ], [ -2.218919, 53.381802 ], [ -2.216476, 53.372729 ], [ -2.231657, 53.369823 ], [ -2.230878, 53.36782 ], [ -2.228064, 53.364238 ], [ -2.217567, 53.362093 ], [ -2.219499, 53.358663 ], [ -2.193954, 53.360286 ], [ -2.197898, 53.36009 ] ] } },
{ "type": "Feature", "properties": { "fid": 45, "route_id": "109818", "route_short_name": "791", "route_type": 3, "route_type_name": "Bus", "geometry_method": "osm_routed", "n_stops_covered": 17, "n_trips_observed": 1 }, "bbox": [ -2.149952, 53.447262, -2.113766, 53.468401 ], "geometry": { "type": "LineString", "coordinates": [ [ -2.142689, 53.450504 ], [ -2.146288, 53.447262 ], [ -2.149952, 53.448785 ], [ -2.143062, 53.451874 ], [ -2.147881, 53.454854 ], [ -2.145, 53.45395 ], [ -2.142929, 53.457299 ], [ -2.148057, 53.457618 ], [ -2.113766, 53.456207 ], [ -2.117536, 53.463537 ], [ -2.114976, 53.467145 ], [ -2.118678, 53.468401 ] ] } },
{ "type": "Feature", "properties": { "fid": 46, "route_id": "109819", "route_short_name": "830", "route_type": 3, "route_type_name": "Bus", "geometry_method": "mixed", "n_stops_covered": 38, "n_trips_observed": 1 }, "bbox": [ -2.078735, 53.436305, -1.995209, 53.463225 ], "geometry": { "type": "LineString", "coordinates": [ [ -1.995209, 53.463225 ], [ -2.015535, 53.456742 ], [ -2.013004, 53.456992 ], [ -2.01963, 53.451395 ], [ -2.040738, 53.451708 ], [ -2.04163, 53.448486 ], [ -2.041318, 53.447586 ], [ -2.040538, 53.446507 ], [ -2.040121, 53.446352 ], [ -2.03134, 53.445913 ], [ -2.030279, 53.445096 ], [ -2.028748, 53.444446 ], [ -2.02858, 53.444376 ], [ -2.027699, 53.444006 ], [ -2.026936, 53.443776 ], [ -2.023585, 53.445611 ], [ -2.0254, 53.447219 ], [ -2.02858, 53.444376 ], [ -2.029658, 53.443555 ], [ -2.035319, 53.441725 ], [ -2.048434, 53.43978 ], [ -2.060747, 53.443618 ], [ -2.071633, 53.436722 ], [ -2.078371, 53.436305 ], [ -2.075023, 53.446855 ], [ -2.078735, 53.450283 ] ] } },
{ "type": "Feature", "properties": { "fid": 47, "route_id": "109820", "route_short_name": "868", "route_type": 3, "route_type_name": "Bus", "geometry_method": "mixed", "n_stops_covered": 23, "n_trips_observed": 1 }, "bbox": [ -2.059422, 53.43978, -2.015529, 53.455426 ], "geometry": { "type": "LineString", "coordinates": [ [ -2.015529, 53.455426 ], [ -2.01963, 53.451395 ], [ -2.040738, 53.451708 ], [ -2.040538, 53.446507 ], [ -2.028135, 53.448018 ], [ -2.024239, 53.444298 ], [ -2.048434, 53.43978 ], [ -2.059422, 53.442318 ] ] } },
{ "type": "Feature", "properties": { "fid": 48, "route_id": "109864", "route_short_name": "749", "route_type": 3, "route_type_name": "Bus", "geometry_method": "osm_routed", "n_stops_covered": 0, "n_trips_observed": 0 }, "bbox": [ -2.239533, 53.427279, -2.191638, 53.461009 ], "geometry": { "type": "LineString", "coordinates": [ [ -2.239533, 53.448397 ], [ -2.235757, 53.458042 ], [ -2.218965, 53.457712 ], [ -2.211496, 53.461009 ], [ -2.196585, 53.457548 ], [ -2.191638, 53.444261 ], [ -2.199103, 53.443283 ], [ -2.199088, 53.432382 ], [ -2.202862, 53.427279 ] ] } },
{ "type": "Feature", "properties": { "fid": 49, "route_id": "109868", "route_short_name": "844", "route_type": 3, "route_type_name": "Bus", "geometry_method": "osm_routed", "n_stops_covered": 28, "n_trips_observed": 1 }, "bbox": [ -2.140851, 53.388213, -2.084546, 53.405774 ], "geometry": { "type": "LineString", "coordinates": [ [ -2.086531, 53.398137 ], [ -2.084546, 53.397302 ], [ -2.094985, 53.395543 ], [ -2.100707, 53.388213 ], [ -2.107202, 53.390194 ], [ -2.102561, 53.395365 ], [ -2.122794, 53.398073 ], [ -2.12687, 53.393123 ], [ -2.122912, 53.388848 ], [ -2.119133, 53.388631 ], [ -2.119989, 53.392774 ], [ -2.12433, 53.395084 ], [ -2.12687, 53.393123 ], [ -2.131143, 53.392212 ], [ -2.140851, 53.405774 ] ] } },
{ "type": "Feature", "properties": { "fid": 50, "route_id": "109870", "route_short_name": "834", "route_type": 3, "route_type_name": "Bus", "geometry_method": "osm_routed", "n_stops_covered": 36, "n_trips_observed": 1 }, "bbox": [ -2.134501, 53.364323, -2.062412, 53.395365 ], "geometry": { "type": "LineString", "coordinates": [ [ -2.134501, 53.36956 ], [ -2.128233, 53.36856 ], [ -2.119393, 53.379193 ], [ -2.093676, 53.36796 ], [ -2.087259, 53.367339 ], [ -2.0778, 53.365606 ], [ -2.07218, 53.364323 ], [ -2.0778, 53.365606 ], [ -2.078555, 53.369045 ], [ -2.073062, 53.369348 ], [ -2.077105, 53.371177 ], [ -2.074632, 53.374327 ], [ -2.062412, 53.381166 ], [ -2.06889, 53.389568 ], [ -2.064748, 53.394725 ], [ -2.102561, 53.395365 ], [ -2.106289, 53.390174 ] ] } },
{ "type": "Feature", "properties": { "fid": 51, "route_id": "109871", "route_short_name": "802", "route_type": 3, "route_type_name": "Bus", "geometry_method": "osm_routed", "n_stops_covered": 50, "n_trips_observed": 1 }, "bbox": [ -2.118773, 53.365705, -2.024821, 53.401739 ], "geometry": { "type": "LineString", "coordinates": [ [ -2.118773, 53.383927 ], [ -2.105467, 53.384158 ], [ -2.102817, 53.38294 ], [ -2.10612, 53.379947 ], [ -2.115954, 53.37702 ], [ -2.093676, 53.36796 ], [ -2.078302, 53.365705 ], [ -2.074632, 53.374327 ], [ -2.062412, 53.381166 ], [ -2.06889, 53.389568 ], [ -2.064748, 53.394725 ], [ -2.058567, 53.395531 ], [ -2.054978, 53.401498 ], [ -2.053943, 53.401739 ], [ -2.043398, 53.394174 ], [ -2.024821, 53.393072 ], [ -2.043398, 53.394174 ], [ -2.053943, 53.401739 ], [ -2.054978, 53.401498 ], [ -2.059352, 53.398316 ], [ -2.069206, 53.395485 ], [ -2.086531, 53.398137 ] ] } },
{ "type": "Feature", "properties": { "fid": 52, "route_id": "109879", "route_short_name": "192", "route_type": 3, "route_type_name": "Bus", "geometry_method": "osm_routed", "n_stops_covered": 107, "n_trips_observed": 262 }, "bbox": [ -2.235107, 53.373692, -2.11325, 53.480661 ], "geometry": { "type": "LineString", "coordinates": [ [ -2.11325, 53.373692 ], [ -2.127868, 53.384772 ], [ -2.149161, 53.39443 ], [ -2.166944, 53.412327 ], [ -2.191562, 53.443693 ], [ -2.191494, 53.447485 ], [ -2.192639, 53.449914 ], [ -2.194028, 53.451632 ], [ -2.195488, 53.453232 ], [ -2.194028, 53.451632 ], [ -2.217253, 53.466731 ], [ -2.214049, 53.46765 ], [ -2.221252, 53.467101 ], [ -2.235107, 53.480661 ] ] } },
{ "type": "Feature", "properties": { "fid": 53, "route_id": "109907", "route_short_name": "86", "route_type": 3, "route_type_name": "Bus", "geometry_method": "mixed", "n_stops_covered": 61, "n_trips_observed": 88 }, "bbox": [ -2.322389, 53.428123, -2.236433, 53.479586 ], "geometry": { "type": "LineString", "coordinates": [ [ -2.238145, 53.479586 ], [ -2.240173, 53.477536 ], [ -2.238011, 53.475666 ], [ -2.241221, 53.474675 ], [ -2.236433, 53.46802 ], [ -2.249582, 53.46729 ], [ -2.248199, 53.462779 ], [ -2.252352, 53.458765 ], [ -2.257481, 53.458805 ], [ -2.257206, 53.455219 ], [ -2.258197, 53.458813 ], [ -2.276336, 53.448367 ], [ -2.278631, 53.444992 ], [ -2.276245, 53.441439 ], [ -2.302473, 53.445361 ], [ -2.300378, 53.446893 ], [ -2.307076, 53.445791 ], [ -2.322389, 53.428123 ] ] } },
{ "type": "Feature", "properties": { "fid": 54, "route_id": "109928", "route_short_name": "799", "route_type": 3, "route_type_name": "Bus", "geometry_method": "mixed", "n_stops_covered": 35, "n_trips_observed": 1 }, "bbox": [ -2.420066, 53.448435, -2.330725, 53.50272 ], "geometry": { "type": "LineString", "coordinates": [ [ -2.391326, 53.448435 ], [ -2.353008, 53.448579 ], [ -2.354379, 53.452121 ], [ -2.359932, 53.453258 ], [ -2.357218, 53.464877 ], [ -2.349877, 53.470168 ], [ -2.354421, 53.475474 ], [ -2.340109, 53.481911 ], [ -2.338369, 53.487717 ], [ -2.330725, 53.489446 ], [ -2.342815, 53.487183 ], [ -2.353873, 53.492105 ], [ -2.369203, 53.490222 ], [ -2.388066, 53.50272 ], [ -2.420066, 53.502631 ] ] } },
{ "type": "Feature", "properties": { "fid": 55, "route_id": "109938", "route_short_name": "756", "route_type": 3, "route_type_name": "Bus", "geometry_method": "osm_routed", "n_stops_covered": 41, "n_trips_observed": 1 }, "bbox": [ -2.393172, 53.381489, -2.311669, 53.452692 ], "geometry": { "type": "LineString", "coordinates": [ [ -2.393172, 53.452692 ], [ -2.391223, 53.448092 ], [ -2.313845, 53.445711 ], [ -2.311669, 53.442006 ], [ -2.317147, 53.432812 ], [ -2.352058, 53.401773 ], [ -2.352262, 53.395172 ], [ -2.346646, 53.389572 ], [ -2.348269, 53.387529 ], [ -2.361419, 53.381489 ], [ -2.361927, 53.386746 ], [ -2.358322, 53.388712 ] ] } },
{ "type": "Feature", "properties": { "fid": 56, "route_id": "109947", "route_short_name": "720", "route_type": 3, "route_type_name": "Bus", "geometry_method": "osm_routed", "n_stops_covered": 28, "n_trips_observed": 1 }, "bbox": [ -2.266789, 53.428865, -2.241063, 53.471704 ], "geometry": { "type": "LineString", "coordinates": [ [ -2.262558, 53.433285 ], [ -2.252675, 53.428865 ], [ -2.25234, 53.428959 ], [ -2.250766, 53.430797 ], [ -2.245434, 53.435814 ], [ -2.250663, 53.430683 ], [ -2.245434, 53.435814 ], [ -2.247431, 53.433618 ], [ -2.241063, 53.433103 ], [ -2.245434, 53.435814 ], [ -2.244525, 53.44628 ], [ -2.244355, 53.446284 ], [ -2.241861, 53.446339 ], [ -2.241982, 53.44834 ], [ -2.244525, 53.44628 ], [ -2.245228, 53.462215 ], [ -2.251489, 53.466919 ], [ -2.257872, 53.465707 ], [ -2.256114, 53.4694 ], [ -2.258754, 53.471704 ], [ -2.265325, 53.469731 ], [ -2.266789, 53.466218 ], [ -2.25773, 53.466845 ] ] } },
{ "type": "Feature", "properties": { "fid": 57, "route_id": "109953", "route_short_name": "786", "route_type": 3, "route_type_name": "Bus", "geometry_method": "osm_routed", "n_stops_covered": 17, "n_trips_observed": 1 }, "bbox": [ -2.405517, 53.447118, -2.339083, 53.452679 ], "geometry": { "type": "LineString", "coordinates": [ [ -2.339083, 53.449035 ], [ -2.339958, 53.452346 ], [ -2.389572, 53.452679 ], [ -2.405517, 53.447118 ], [ -2.400862, 53.44756 ] ] } },
{ "type": "Feature", "properties": { "fid": 58, "route_id": "109957", "route_short_name": "864", "route_type": 3, "route_type_name": "Bus", "geometry_method": "mixed", "n_stops_covered": 38, "n_trips_observed": 1 }, "bbox": [ -2.157066, 53.48076, -2.077265, 53.509604 ], "geometry": { "type": "LineString", "coordinates": [ [ -2.07774, 53.509604 ], [ -2.077265, 53.493343 ], [ -2.085364, 53.490337 ], [ -2.09907, 53.490456 ], [ -2.104325, 53.498607 ], [ -2.121505, 53.500535 ], [ -2.134731, 53.49038 ], [ -2.132564, 53.488354 ], [ -2.14476, 53.48076 ], [ -2.150792, 53.484286 ], [ -2.147248, 53.487363 ], [ -2.157066, 53.489251 ], [ -2.155876, 53.487506 ], [ -2.151916, 53.48544 ], [ -2.150792, 53.484286 ], [ -2.150566, 53.484189 ] ] } },
{ "type": "Feature", "properties": { "fid": 59, "route_id": "110002", "route_short_name": "729", "route_type": 3, "route_type_name": "Bus", "geometry_method": "osm_routed", "n_stops_covered": 23, "n_trips_observed": 1 }, "bbox": [ -2.280123, 53.369214, -2.246984, 53.390766 ], "geometry": { "type": "LineString", "coordinates": [ [ -2.280123, 53.384841 ], [ -2.276806, 53.390766 ], [ -2.269564, 53.388344 ], [ -2.254258, 53.388668 ], [ -2.246984, 53.386817 ], [ -2.250622, 53.385018 ], [ -2.247618, 53.375988 ], [ -2.252325, 53.369214 ], [ -2.264448, 53.369991 ], [ -2.26896, 53.374478 ] ] } },
{ "type": "Feature", "properties": { "fid": 60, "route_id": "110003", "route_short_name": "740", "route_type": 3, "route_type_name": "Bus", "geometry_method": "mixed", "n_stops_covered": 34, "n_trips_observed": 1 }, "bbox": [ -2.24938, 53.369853, -2.203649, 53.539122 ], "geometry": { "type": "LineString", "coordinates": [ [ -2.245909, 53.514039 ], [ -2.241081, 53.516032 ], [ -2.248722, 53.518346 ], [ -2.249014, 53.524001 ], [ -2.244197, 53.528509 ], [ -2.246627, 53.528785 ], [ -2.246645, 53.528905 ], [ -2.246551, 53.529129 ], [ -2.246399, 53.529478 ], [ -2.246167, 53.529969 ], [ -2.244739, 53.532869 ], [ -2.246551, 53.529129 ], [ -2.244448, 53.533097 ], [ -2.240694, 53.533217 ], [ -2.239732, 53.536099 ], [ -2.240694, 53.533217 ], [ -2.243861, 53.532934 ], [ -2.244448, 53.533097 ], [ -2.244543, 53.533345 ], [ -2.239429, 53.539122 ], [ -2.24424, 53.533598 ], [ -2.244448, 53.533097 ], [ -2.244602, 53.532763 ], [ -2.246472, 53.528935 ], [ -2.246627, 53.528785 ], [ -2.249014, 53.524001 ], [ -2.24938, 53.51575 ], [ -2.235769, 53.504396 ], [ -2.240817, 53.486808 ], [ -2.230071, 53.475258 ], [ -2.226349, 53.468521 ], [ -2.229097, 53.466833 ], [ -2.211451, 53.453854 ], [ -2.203649, 53.442091 ], [ -2.227086, 53.396172 ], [ -2.224667, 53.387743 ], [ -2.215249, 53.389303 ], [ -2.212657, 53.386098 ], [ -2.218919, 53.381802 ], [ -2.216476, 53.372729 ], [ -2.230139, 53.369853 ], [ -2.240099, 53.37128 ], [ -2.238409, 53.380171 ], [ -2.242653, 53.387635 ], [ -2.235849, 53.392081 ] ] } },
{ "type": "Feature", "properties": { "fid": 61, "route_id": "110093", "route_short_name": "700", "route_type": 3, "route_type_name": "Bus", "geometry_method": "osm_routed", "n_stops_covered": 0, "n_trips_observed": 0 }, "bbox": [ -2.15194, 53.446914, -2.120179, 53.477716 ], "geometry": { "type": "LineString", "coordinates": [ [ -2.141292, 53.457214 ], [ -2.142929, 53.457299 ], [ -2.149859, 53.457547 ], [ -2.151153, 53.457638 ], [ -2.148512, 53.455201 ], [ -2.144856, 53.453052 ], [ -2.143062, 53.451874 ], [ -2.141683, 53.450942 ], [ -2.148287, 53.446914 ], [ -2.149952, 53.448785 ], [ -2.143062, 53.451874 ], [ -2.144856, 53.453052 ], [ -2.143131, 53.454274 ], [ -2.143011, 53.456378 ], [ -2.142929, 53.457299 ], [ -2.142904, 53.457438 ], [ -2.123088, 53.456745 ], [ -2.1255, 53.457773 ], [ -2.125272, 53.459736 ], [ -2.12298, 53.457661 ], [ -2.124809, 53.460934 ], [ -2.120179, 53.468746 ], [ -2.124429, 53.471953 ], [ -2.143755, 53.473898 ], [ -2.145014, 53.477716 ], [ -2.15194, 53.476199 ] ] } },
{ "type": "Feature", "properties": { "fid": 62, "route_id": "110261", "route_short_name": "W1", "route_type": 3, "route_type_name": "Bus", "geometry_method": "osm_routed", "n_stops_covered": 0, "n_trips_observed": 0 }, "bbox": [ -2.139944, 53.411147, -2.101123, 53.434165 ], "geometry": { "type": "LineString", "coordinates": [ [ -2.135639, 53.42369 ], [ -2.132355, 53.4245 ], [ -2.131132, 53.425918 ], [ -2.134001, 53.424887 ], [ -2.132439, 53.426847 ], [ -2.139944, 53.434165 ], [ -2.132972, 53.433852 ], [ -2.134034, 53.432727 ], [ -2.134464, 53.432875 ], [ -2.135704, 53.43177 ], [ -2.134464, 53.432875 ], [ -2.13308, 53.432387 ], [ -2.13146, 53.43229 ], [ -2.135443, 53.431955 ], [ -2.129615, 53.428361 ], [ -2.120778, 53.429122 ], [ -2.12158, 53.421888 ], [ -2.114248, 53.422587 ], [ -2.101869, 53.415811 ], [ -2.101123, 53.411999 ], [ -2.105918, 53.411147 ] ] } },
{ "type": "Feature", "properties": { "fid": 63, "route_id": "110263", "route_short_name": "W2", "route_type": 3, "route_type_name": "Bus", "geometry_method": "osm_routed", "n_stops_covered": 23, "n_trips_observed": 1 }, "bbox": [ -2.139944, 53.411147, -2.105918, 53.434481 ], "geometry": { "type": "LineString", "coordinates": [ [ -2.105918, 53.411147 ], [ -2.1078, 53.419259 ], [ -2.114248, 53.422587 ], [ -2.12144, 53.421249 ], [ -2.120778, 53.429122 ], [ -2.128557, 53.428361 ], [ -2.130561, 53.428248 ], [ -2.132439, 53.426847 ], [ -2.139944, 53.434165 ], [ -2.134166, 53.434481 ], [ -2.135704, 53.43177 ], [ -2.134464, 53.432875 ], [ -2.13146, 53.43229 ], [ -2.135443, 53.431955 ], [ -2.128557, 53.428361 ], [ -2.135052, 53.424084 ] ] } },
{ "type": "Feature", "properties": { "fid": 64, "route_id": "110264", "route_short_name": "767", "route_type": 3, "route_type_name": "Bus", "geometry_method": "osm_routed", "n_stops_covered": 25, "n_trips_observed": 1 }, "bbox": [ -2.32017, 53.361377, -2.194048, 53.395202 ], "geometry": { "type": "LineString", "coordinates": [ [ -2.213538, 53.395202 ], [ -2.217596, 53.393784 ], [ -2.216496, 53.388928 ], [ -2.194048, 53.376408 ], [ -2.230139, 53.369853 ], [ -2.240401, 53.37097 ], [ -2.243311, 53.362023 ], [ -2.268549, 53.366696 ], [ -2.275596, 53.370794 ], [ -2.288265, 53.371434 ], [ -2.293441, 53.361377 ], [ -2.32017, 53.36938 ] ] } },
{ "type": "Feature", "properties": { "fid": 65, "route_id": "110270", "route_short_name": "726", "route_type": 3, "route_type_name": "Bus", "geometry_method": "mixed", "n_stops_covered": 46, "n_trips_observed": 1 }, "bbox": [ -2.2243, 53.47882, -2.16569, 53.525276 ], "geometry": { "type": "LineString", "coordinates": [ [ -2.16569, 53.522453 ], [ -2.176557, 53.525276 ], [ -2.196611, 53.512255 ], [ -2.183276, 53.508355 ], [ -2.184109, 53.502629 ], [ -2.174755, 53.495319 ], [ -2.180289, 53.493787 ], [ -2.184281, 53.497483 ], [ -2.201423, 53.48973 ], [ -2.208703, 53.493881 ], [ -2.212034, 53.491727 ], [ -2.211843, 53.49528 ], [ -2.2243, 53.488643 ], [ -2.213497, 53.482655 ], [ -2.197684, 53.481466 ], [ -2.19786, 53.47882 ] ] } },
{ "type": "Feature", "properties": { "fid": 66, "route_id": "110276", "route_short_name": "364", "route_type": 3, "route_type_name": "Bus", "geometry_method": "osm_routed", "n_stops_covered": 0, "n_trips_observed": 0 }, "bbox": [ -2.161924, 53.377261, -2.102817, 53.410542 ], "geometry": { "type": "LineString", "coordinates": [ [ -2.161176, 53.408164 ], [ -2.156453, 53.406239 ], [ -2.151186, 53.408918 ], [ -2.150591, 53.408713 ], [ -2.148787, 53.408465 ], [ -2.147568, 53.408128 ], [ -2.141023, 53.410542 ], [ -2.137858, 53.404462 ], [ -2.128134, 53.406077 ], [ -2.126844, 53.403529 ], [ -2.129634, 53.400988 ], [ -2.122794, 53.398073 ], [ -2.131143, 53.392212 ], [ -2.129771, 53.388358 ], [ -2.13033, 53.386179 ], [ -2.125354, 53.384348 ], [ -2.124119, 53.381794 ], [ -2.117797, 53.384312 ], [ -2.102817, 53.38294 ], [ -2.116284, 53.377261 ], [ -2.12233, 53.380339 ], [ -2.130537, 53.386143 ], [ -2.131143, 53.392212 ], [ -2.122794, 53.398073 ], [ -2.12761, 53.400323 ], [ -2.125461, 53.402807 ], [ -2.128134, 53.406077 ], [ -2.137858, 53.404462 ], [ -2.141023, 53.410542 ], [ -2.155427, 53.409139 ], [ -2.157163, 53.406787 ], [ -2.158835, 53.408681 ], [ -2.160665, 53.408421 ], [ -2.161924, 53.407807 ] ] } },
{ "type": "Feature", "properties": { "fid": 67, "route_id": "110277", "route_short_name": "754", "route_type": 3, "route_type_name": "Bus", "geometry_method": "mixed", "n_stops_covered": 41, "n_trips_observed": 1 }, "bbox": [ -2.361927, 53.381489, -2.22602, 53.421003 ], "geometry": { "type": "LineString", "coordinates": [ [ -2.361419, 53.381489 ], [ -2.361927, 53.386746 ], [ -2.358322, 53.388712 ], [ -2.329337, 53.391604 ], [ -2.320347, 53.397122 ], [ -2.30289, 53.400897 ], [ -2.300354, 53.405731 ], [ -2.290169, 53.410339 ], [ -2.280488, 53.412257 ], [ -2.269638, 53.406968 ], [ -2.259577, 53.407041 ], [ -2.242152, 53.421003 ], [ -2.237997, 53.4163 ], [ -2.235908, 53.418991 ], [ -2.231555, 53.417609 ], [ -2.2306, 53.410708 ], [ -2.22602, 53.41039 ] ] } },
{ "type": "Feature", "properties": { "fid": 68, "route_id": "110280", "route_short_name": "829", "route_type": 3, "route_type_name": "Bus", "geometry_method": "osm_routed", "n_stops_covered": 0, "n_trips_observed": 0 }, "bbox": [ -2.133339, 53.362902, -2.065743, 53.37963 ], "geometry": { "type": "LineString", "coordinates": [ [ -2.075167, 53.372424 ], [ -2.065743, 53.366105 ], [ -2.073012, 53.364398 ], [ -2.071319, 53.362902 ], [ -2.075494, 53.36351 ], [ -2.071319, 53.362902 ], [ -2.071325, 53.364246 ], [ -2.073012, 53.364398 ], [ -2.087259, 53.367339 ], [ -2.093676, 53.36796 ], [ -2.113877, 53.375582 ], [ -2.116351, 53.377303 ], [ -2.115345, 53.377717 ], [ -2.114586, 53.377983 ], [ -2.112355, 53.378557 ], [ -2.107746, 53.37963 ], [ -2.106528, 53.377554 ], [ -2.105199, 53.377313 ], [ -2.107746, 53.37963 ], [ -2.120213, 53.378523 ], [ -2.125179, 53.372379 ], [ -2.121491, 53.371044 ], [ -2.123097, 53.368311 ], [ -2.133339, 53.368793 ] ] } },
{ "type": "Feature", "properties": { "fid": 69, "route_id": "110282", "route_short_name": "762", "route_type": 3, "route_type_name": "Bus", "geometry_method": "mixed", "n_stops_covered": 41, "n_trips_observed": 1 }, "bbox": [ -2.326581, 53.363323, -2.268882, 53.445987 ], "geometry": { "type": "LineString", "coordinates": [ [ -2.32017, 53.36938 ], [ -2.295921, 53.363323 ], [ -2.268882, 53.396647 ], [ -2.273245, 53.400404 ], [ -2.28513, 53.399134 ], [ -2.294405, 53.401747 ], [ -2.295782, 53.407202 ], [ -2.283027, 53.408846 ], [ -2.280488, 53.412257 ], [ -2.289, 53.415887 ], [ -2.293192, 53.421572 ], [ -2.31024, 53.425975 ], [ -2.315023, 53.423424 ], [ -2.326581, 53.424419 ], [ -2.318681, 53.430015 ], [ -2.312314, 53.442372 ], [ -2.31003, 53.443503 ], [ -2.309704, 53.443564 ], [ -2.30854, 53.443089 ], [ -2.307392, 53.444337 ], [ -2.307951, 53.442903 ], [ -2.312559, 53.441516 ], [ -2.312314, 53.442372 ], [ -2.307031, 53.445987 ], [ -2.274419, 53.437976 ] ] } },
{ "type": "Feature", "properties": { "fid": 70, "route_id": "110284", "route_short_name": "768", "route_type": 3, "route_type_name": "Bus", "geometry_method": "mixed", "n_stops_covered": 49, "n_trips_observed": 1 }, "bbox": [ -2.319397, 53.356405, -2.119393, 53.38494 ], "geometry": { "type": "LineString", "coordinates": [ [ -2.319397, 53.37069 ], [ -2.293668, 53.362088 ], [ -2.288265, 53.371434 ], [ -2.274401, 53.370613 ], [ -2.27136, 53.374447 ], [ -2.254191, 53.376582 ], [ -2.240099, 53.37128 ], [ -2.242862, 53.361989 ], [ -2.225261, 53.356405 ], [ -2.195724, 53.358799 ], [ -2.194358, 53.36426 ], [ -2.184079, 53.367335 ], [ -2.170683, 53.362274 ], [ -2.165956, 53.35733 ], [ -2.159607, 53.374015 ], [ -2.146801, 53.3726 ], [ -2.149409, 53.373952 ], [ -2.146111, 53.372526 ], [ -2.139641, 53.371321 ], [ -2.140609, 53.373398 ], [ -2.146111, 53.372526 ], [ -2.128233, 53.36856 ], [ -2.119393, 53.379193 ], [ -2.1282, 53.38494 ] ] } },
{ "type": "Feature", "properties": { "fid": 71, "route_id": "110285", "route_short_name": "843", "route_type": 3, "route_type_name": "Bus", "geometry_method": "mixed", "n_stops_covered": 44, "n_trips_observed": 1 }, "bbox": [ -2.160395, 53.368536, -2.094607, 53.414596 ], "geometry": { "type": "LineString", "coordinates": [ [ -2.105358, 53.414596 ], [ -2.105918, 53.411147 ], [ -2.098707, 53.40986 ], [ -2.094607, 53.395652 ], [ -2.101239, 53.389477 ], [ -2.102817, 53.38294 ], [ -2.117797, 53.384312 ], [ -2.124041, 53.38173 ], [ -2.149161, 53.39443 ], [ -2.153833, 53.401398 ], [ -2.155088, 53.400493 ], [ -2.155724, 53.400773 ], [ -2.156122, 53.401188 ], [ -2.155974, 53.401201 ], [ -2.155762, 53.400974 ], [ -2.154177, 53.399608 ], [ -2.153867, 53.399301 ], [ -2.152442, 53.398209 ], [ -2.15309, 53.385195 ], [ -2.160345, 53.379348 ], [ -2.160395, 53.374315 ], [ -2.146801, 53.3726 ], [ -2.149409, 53.373952 ], [ -2.146111, 53.372526 ], [ -2.139641, 53.371321 ], [ -2.140609, 53.373398 ], [ -2.146111, 53.372526 ], [ -2.130639, 53.368536 ], [ -2.123903, 53.371931 ] ] } },
{ "type": "Feature", "properties": { "fid": 72, "route_id": "110292", "route_short_name": "813", "route_type": 3, "route_type_name": "Bus", "geometry_method": "osm_routed", "n_stops_covered": 23, "n_trips_observed": 1 }, "bbox": [ -2.197898, 53.358799, -2.155912, 53.408681 ], "geometry": { "type": "LineString", "coordinates": [ [ -2.164023, 53.408196 ], [ -2.158835, 53.408681 ], [ -2.161176, 53.408164 ], [ -2.155912, 53.401137 ], [ -2.159191, 53.400451 ], [ -2.156475, 53.396932 ], [ -2.162845, 53.396512 ], [ -2.169631, 53.391312 ], [ -2.169255, 53.388463 ], [ -2.180354, 53.386497 ], [ -2.182111, 53.382286 ], [ -2.189882, 53.378662 ], [ -2.18228, 53.371171 ], [ -2.184079, 53.367335 ], [ -2.189487, 53.366106 ], [ -2.193332, 53.360783 ], [ -2.195724, 53.358799 ], [ -2.193954, 53.360286 ], [ -2.197898, 53.36009 ] ] } },
{ "type": "Feature", "properties": { "fid": 73, "route_id": "110325", "route_short_name": "335", "route_type": 3, "route_type_name": "Bus", "geometry_method": "osm_routed", "n_stops_covered": 102, "n_trips_observed": 10 }, "bbox": [ -2.155299, 53.446364, -2.076814, 53.489616 ], "geometry": { "type": "LineString", "coordinates": [ [ -2.142689, 53.450504 ], [ -2.148287, 53.446914 ], [ -2.155299, 53.45084 ], [ -2.147881, 53.454854 ], [ -2.144856, 53.453052 ], [ -2.142904, 53.457438 ], [ -2.123088, 53.456745 ], [ -2.123596, 53.454664 ], [ -2.116119, 53.453551 ], [ -2.121094, 53.451157 ], [ -2.121287, 53.449341 ], [ -2.12252, 53.449103 ], [ -2.123156, 53.447099 ], [ -2.121479, 53.446364 ], [ -2.12252, 53.449103 ], [ -2.121287, 53.449341 ], [ -2.119423, 53.449723 ], [ -2.111701, 53.451943 ], [ -2.111822, 53.452335 ], [ -2.105707, 53.452722 ], [ -2.102868, 53.455534 ], [ -2.113215, 53.455094 ], [ -2.115657, 53.459735 ], [ -2.105706, 53.46147 ], [ -2.110886, 53.467643 ], [ -2.101601, 53.472532 ], [ -2.094223, 53.469462 ], [ -2.076814, 53.470506 ], [ -2.078536, 53.474284 ], [ -2.084646, 53.473995 ], [ -2.078536, 53.474284 ], [ -2.088404, 53.480334 ], [ -2.096124, 53.480278 ], [ -2.094834, 53.482365 ], [ -2.099827, 53.487978 ], [ -2.097137, 53.489616 ] ] } },
{ "type": "Feature", "properties": { "fid": 74, "route_id": "110329", "route_short_name": "851", "route_type": 3, "route_type_name": "Bus", "geometry_method": "osm_routed", "n_stops_covered": 20, "n_trips_observed": 1 }, "bbox": [ -2.114029, 53.47584, -2.081677, 53.5039 ], "geometry": { "type": "LineString", "coordinates": [ [ -2.081677, 53.5039 ], [ -2.103477, 53.498655 ], [ -2.100905, 53.49816 ], [ -2.102958, 53.497768 ], [ -2.099943, 53.492329 ], [ -2.11067, 53.492903 ], [ -2.103851, 53.484916 ], [ -2.106125, 53.482262 ], [ -2.101336, 53.483568 ], [ -2.114029, 53.47584 ] ] } },
{ "type": "Feature", "properties": { "fid": 75, "route_id": "110330", "route_short_name": "838", "route_type": 3, "route_type_name": "Bus", "geometry_method": "osm_routed", "n_stops_covered": 43, "n_trips_observed": 1 }, "bbox": [ -2.080309, 53.451356, -1.995209, 53.492801 ], "geometry": { "type": "LineString", "coordinates": [ [ -1.995209, 53.463225 ], [ -2.015535, 53.456742 ], [ -2.013004, 53.456992 ], [ -2.01963, 53.451395 ], [ -2.026935, 53.451376 ], [ -2.026729, 53.453815 ], [ -2.029977, 53.451356 ], [ -2.067601, 53.454188 ], [ -2.071125, 53.45733 ], [ -2.053976, 53.463246 ], [ -2.075547, 53.462914 ], [ -2.078234, 53.46479 ], [ -2.076814, 53.470506 ], [ -2.079295, 53.470055 ], [ -2.078953, 53.46904 ], [ -2.080179, 53.468049 ], [ -2.08004, 53.467596 ], [ -2.076814, 53.470506 ], [ -2.080309, 53.476228 ], [ -2.075902, 53.478494 ], [ -2.072933, 53.485951 ], [ -2.06386, 53.485674 ], [ -2.063359, 53.492801 ], [ -2.055476, 53.492411 ], [ -2.062337, 53.488067 ] ] } },
{ "type": "Feature", "properties": { "fid": 76, "route_id": "110331", "route_short_name": "864", "route_type": 3, "route_type_name": "Bus", "geometry_method": "osm_routed", "n_stops_covered": 32, "n_trips_observed": 1 }, "bbox": [ -2.217596, 53.363314, -2.156475, 53.408681 ], "geometry": { "type": "LineString", "coordinates": [ [ -2.164023, 53.408196 ], [ -2.158835, 53.408681 ], [ -2.162353, 53.402711 ], [ -2.156475, 53.396932 ], [ -2.174545, 53.392252 ], [ -2.177611, 53.395332 ], [ -2.185057, 53.394344 ], [ -2.180296, 53.386816 ], [ -2.200394, 53.392037 ], [ -2.203542, 53.395456 ], [ -2.217596, 53.393784 ], [ -2.213882, 53.386645 ], [ -2.194048, 53.376408 ], [ -2.190359, 53.378461 ], [ -2.182113, 53.372184 ], [ -2.184079, 53.367335 ], [ -2.188825, 53.366211 ], [ -2.18686, 53.363314 ] ] } },
{ "type": "Feature", "properties": { "fid": 77, "route_id": "110332", "route_short_name": "770", "route_type": 3, "route_type_name": "Bus", "geometry_method": "mixed", "n_stops_covered": 41, "n_trips_observed": 1 }, "bbox": [ -2.097513, 53.509604, -2.047104, 53.549023 ], "geometry": { "type": "LineString", "coordinates": [ [ -2.07774, 53.509604 ], [ -2.077029, 53.525162 ], [ -2.077315, 53.520296 ], [ -2.081947, 53.528351 ], [ -2.091405, 53.529608 ], [ -2.097017, 53.534185 ], [ -2.095398, 53.538157 ], [ -2.097088, 53.540301 ], [ -2.09682, 53.542278 ], [ -2.097345, 53.543461 ], [ -2.097455, 53.54381 ], [ -2.097513, 53.544098 ], [ -2.097508, 53.544234 ], [ -2.08128, 53.549023 ], [ -2.069142, 53.548656 ], [ -2.067454, 53.542426 ], [ -2.072422, 53.538013 ], [ -2.049007, 53.536842 ], [ -2.050294, 53.522849 ], [ -2.047104, 53.517809 ] ] } },
{ "type": "Feature", "properties": { "fid": 78, "route_id": "110509", "route_short_name": "818", "route_type": 3, "route_type_name": "Bus", "geometry_method": "osm_routed", "n_stops_covered": 45, "n_trips_observed": 1 }, "bbox": [ -2.242653, 53.362726, -2.180296, 53.4007 ], "geometry": { "type": "LineString", "coordinates": [ [ -2.207385, 53.37707 ], [ -2.204093, 53.373862 ], [ -2.216488, 53.372901 ], [ -2.216409, 53.362726 ], [ -2.228064, 53.364238 ], [ -2.231657, 53.369823 ], [ -2.240099, 53.37128 ], [ -2.238409, 53.380171 ], [ -2.242653, 53.387635 ], [ -2.235194, 53.392877 ], [ -2.204849, 53.395214 ], [ -2.193511, 53.4007 ], [ -2.187629, 53.399775 ], [ -2.180296, 53.386816 ], [ -2.202358, 53.394732 ] ] } },
{ "type": "Feature", "properties": { "fid": 79, "route_id": "110621", "route_short_name": "378A", "route_type": 3, "route_type_name": "Bus", "geometry_method": "osm_routed", "n_stops_covered": 62, "n_trips_observed": 5 }, "bbox": [ -2.195724, 53.356703, -2.152442, 53.409585 ], "geometry": { "type": "LineString", "coordinates": [ [ -2.16186, 53.409585 ], [ -2.152442, 53.398209 ], [ -2.15363, 53.396176 ], [ -2.152939, 53.394729 ], [ -2.152644, 53.392973 ], [ -2.152612, 53.391853 ], [ -2.153358, 53.389492 ], [ -2.15309, 53.385195 ], [ -2.153284, 53.38406 ], [ -2.155928, 53.380842 ], [ -2.160345, 53.379348 ], [ -2.16178, 53.376471 ], [ -2.15922, 53.37359 ], [ -2.159116, 53.369975 ], [ -2.16209, 53.366676 ], [ -2.162044, 53.368686 ], [ -2.162094, 53.366535 ], [ -2.162099, 53.365603 ], [ -2.162063, 53.364619 ], [ -2.16226, 53.362541 ], [ -2.164067, 53.360124 ], [ -2.165956, 53.35733 ], [ -2.170029, 53.356703 ], [ -2.195724, 53.358799 ], [ -2.194358, 53.36426 ], [ -2.184079, 53.367335 ], [ -2.170683, 53.362274 ], [ -2.165956, 53.35733 ], [ -2.16226, 53.362541 ], [ -2.162063, 53.364619 ], [ -2.162094, 53.366535 ], [ -2.162044, 53.368686 ], [ -2.162024, 53.369036 ], [ -2.159949, 53.373199 ], [ -2.16178, 53.376471 ], [ -2.161621, 53.376938 ], [ -2.160345, 53.379348 ], [ -2.15309, 53.385195 ], [ -2.153358, 53.389492 ], [ -2.152644, 53.392973 ], [ -2.15363, 53.396176 ], [ -2.152835, 53.398447 ], [ -2.164023, 53.408196 ] ] } },
{ "type": "Feature", "properties": { "fid": 80, "route_id": "110726", "route_short_name": "769", "route_type": 3, "route_type_name": "Bus", "geometry_method": "mixed", "n_stops_covered": 46, "n_trips_observed": 1 }, "bbox": [ -2.32017, 53.361377, -2.218654, 53.422496 ], "geometry": { "type": "LineString", "coordinates": [ [ -2.220629, 53.415848 ], [ -2.218654, 53.421634 ], [ -2.232428, 53.422496 ], [ -2.2306, 53.410708 ], [ -2.219177, 53.410897 ], [ -2.227905, 53.3918 ], [ -2.234934, 53.392887 ], [ -2.242653, 53.387635 ], [ -2.285215, 53.391374 ], [ -2.283744, 53.386783 ], [ -2.286843, 53.384293 ], [ -2.274421, 53.380912 ], [ -2.279358, 53.376027 ], [ -2.266414, 53.374477 ], [ -2.266661, 53.371202 ], [ -2.272227, 53.37172 ], [ -2.266661, 53.371202 ], [ -2.266414, 53.374477 ], [ -2.27136, 53.374447 ], [ -2.273903, 53.370905 ], [ -2.271899, 53.37 ], [ -2.288265, 53.371434 ], [ -2.293441, 53.361377 ], [ -2.32017, 53.36938 ] ] } },
{ "type": "Feature", "properties": { "fid": 81, "route_id": "110886", "route_short_name": "739", "route_type": 3, "route_type_name": "Bus", "geometry_method": "osm_routed", "n_stops_covered": 14, "n_trips_observed": 1 }, "bbox": [ -2.246492, 53.44628, -2.192355, 53.4817 ], "geometry": { "type": "LineString", "coordinates": [ [ -2.244525, 53.44628 ], [ -2.244355, 53.446284 ], [ -2.241861, 53.446339 ], [ -2.241982, 53.44834 ], [ -2.244525, 53.44628 ], [ -2.246492, 53.470599 ], [ -2.223154, 53.47351 ], [ -2.217967, 53.476461 ], [ -2.218639, 53.478199 ], [ -2.2152, 53.481039 ], [ -2.215609, 53.4817 ], [ -2.207523, 53.480751 ], [ -2.205819, 53.47481 ], [ -2.19434, 53.474219 ], [ -2.19826, 53.460277 ], [ -2.194101, 53.4576 ], [ -2.195464, 53.459699 ], [ -2.192355, 53.460499 ] ] } },
{ "type": "Feature", "properties": { "fid": 82, "route_id": "110887", "route_short_name": "344", "route_type": 3, "route_type_name": "Bus", "geometry_method": "mixed", "n_stops_covered": 22, "n_trips_observed": 1 }, "bbox": [ -2.080881, 53.437629, -2.061332, 53.4529 ], "geometry": { "type": "LineString", "coordinates": [ [ -2.080881, 53.452857 ], [ -2.074746, 53.447044 ], [ -2.080036, 53.440472 ], [ -2.073351, 53.437629 ], [ -2.061332, 53.443492 ], [ -2.071289, 53.446243 ], [ -2.067743, 53.44706 ], [ -2.066287, 53.44852 ], [ -2.071666, 53.451876 ], [ -2.08029, 53.4529 ] ] } },
{ "type": "Feature", "properties": { "fid": 83, "route_id": "110889", "route_short_name": "342", "route_type": 3, "route_type_name": "Bus", "geometry_method": "mixed", "n_stops_covered": 0, "n_trips_observed": 0 }, "bbox": [ -2.08304, 53.438292, -2.061332, 53.4529 ], "geometry": { "type": "LineString", "coordinates": [ [ -2.080881, 53.452857 ], [ -2.079797, 53.451287 ], [ -2.079136, 53.451948 ], [ -2.079059, 53.452642 ], [ -2.071666, 53.451876 ], [ -2.066287, 53.44852 ], [ -2.070131, 53.445309 ], [ -2.061332, 53.443492 ], [ -2.072322, 53.438292 ], [ -2.076317, 53.44415 ], [ -2.082703, 53.443259 ], [ -2.08304, 53.442746 ], [ -2.076317, 53.44415 ], [ -2.075023, 53.446855 ], [ -2.078735, 53.450283 ], [ -2.08029, 53.4529 ] ] } },
{ "type": "Feature", "properties": { "fid": 84, "route_id": "110890", "route_short_name": "342", "route_type": 3, "route_type_name": "Bus", "geometry_method": "mixed", "n_stops_covered": 26, "n_trips_observed": 2 }, "bbox": [ -2.084821, 53.438292, -2.061332, 53.4529 ], "geometry": { "type": "LineString", "coordinates": [ [ -2.080881, 53.452857 ], [ -2.079797, 53.451287 ], [ -2.079136, 53.451948 ], [ -2.079059, 53.452642 ], [ -2.071666, 53.451876 ], [ -2.066287, 53.44852 ], [ -2.070131, 53.445309 ], [ -2.061332, 53.443492 ], [ -2.072322, 53.438292 ], [ -2.076317, 53.44415 ], [ -2.084821, 53.44431 ], [ -2.082974, 53.442979 ], [ -2.076317, 53.44415 ], [ -2.075023, 53.446855 ], [ -2.078735, 53.450283 ], [ -2.08029, 53.4529 ] ] } },
{ "type": "Feature", "properties": { "fid": 85, "route_id": "111017", "route_short_name": "841", "route_type": 3, "route_type_name": "Bus", "geometry_method": "osm_routed", "n_stops_covered": 0, "n_trips_observed": 0 }, "bbox": [ -2.080179, 53.444298, -2.015529, 53.473034 ], "geometry": { "type": "LineString", "coordinates": [ [ -2.015529, 53.455426 ], [ -2.024012, 53.451364 ], [ -2.024239, 53.444298 ], [ -2.040121, 53.446352 ], [ -2.040574, 53.453786 ], [ -2.055759, 53.451665 ], [ -2.067601, 53.454188 ], [ -2.078234, 53.46479 ], [ -2.076814, 53.470506 ], [ -2.079295, 53.470055 ], [ -2.078953, 53.46904 ], [ -2.080179, 53.468049 ], [ -2.08004, 53.467596 ], [ -2.076814, 53.470506 ], [ -2.078097, 53.473034 ] ] } },
{ "type": "Feature", "properties": { "fid": 86, "route_id": "111480", "route_short_name": "BWFC 4", "route_type": 3, "route_type_name": "Bus", "geometry_method": "osm_routed", "n_stops_covered": 0, "n_trips_observed": 0 }, "bbox": [ -2.546876, 53.519354, -2.333518, 53.582105 ], "geometry": { "type": "LineString", "coordinates": [ [ -2.333518, 53.519354 ], [ -2.339038, 53.527273 ], [ -2.374946, 53.539585 ], [ -2.383733, 53.538201 ], [ -2.380553, 53.541523 ], [ -2.390122, 53.544588 ], [ -2.399761, 53.542863 ], [ -2.400572, 53.530765 ], [ -2.399259, 53.526262 ], [ -2.398721, 53.524206 ], [ -2.398658, 53.523786 ], [ -2.398684, 53.523672 ], [ -2.418324, 53.527917 ], [ -2.450132, 53.542659 ], [ -2.453215, 53.541563 ], [ -2.450248, 53.540041 ], [ -2.453854, 53.541593 ], [ -2.450357, 53.54457 ], [ -2.546876, 53.574155 ], [ -2.536636, 53.579221 ], [ -2.541157, 53.582105 ] ] } },
{ "type": "Feature", "properties": { "fid": 87, "route_id": "112370", "route_short_name": "82", "route_type": 3, "route_type_name": "Bus", "geometry_method": "osm_routed", "n_stops_covered": 87, "n_trips_observed": 7 }, "bbox": [ -2.800954, 53.560428, -2.469046, 54.201956 ], "geometry": { "type": "LineString", "coordinates": [ [ -2.800954, 54.050829 ], [ -2.789496, 54.058112 ], [ -2.789441, 54.06647 ], [ -2.787589, 54.06318 ], [ -2.773161, 54.072135 ], [ -2.774134, 54.077223 ], [ -2.762214, 54.076886 ], [ -2.760921, 54.077091 ], [ -2.758548, 54.077379 ], [ -2.75571, 54.077817 ], [ -2.755105, 54.077831 ], [ -2.740946, 54.080903 ], [ -2.727623, 54.074474 ], [ -2.70422, 54.07437 ], [ -2.700791, 54.076129 ], [ -2.69097, 54.079639 ], [ -2.69045, 54.079598 ], [ -2.635856, 54.108389 ], [ -2.63632, 54.11081 ], [ -2.63798, 54.116116 ], [ -2.645689, 54.121652 ], [ -2.668858, 54.124849 ], [ -2.676773, 54.129988 ], [ -2.658465, 54.134087 ], [ -2.641665, 54.143032 ], [ -2.639717, 54.143528 ], [ -2.619004, 54.16487 ], [ -2.612295, 54.181173 ], [ -2.594997, 54.199419 ], [ -2.599751, 54.201956 ], [ -2.600711, 54.200465 ], [ -2.594997, 54.199419 ], [ -2.594774, 54.198362 ], [ -2.612295, 54.181173 ], [ -2.619004, 54.16487 ], [ -2.639717, 54.143528 ], [ -2.658465, 54.134087 ], [ -2.678105, 54.129721 ], [ -2.694222, 54.123433 ], [ -2.724424, 54.096592 ], [ -2.761269, 54.07831 ], [ -2.761491, 54.077505 ], [ -2.760921, 54.077091 ], [ -2.760583, 54.076526 ], [ -2.761617, 54.072018 ], [ -2.768236, 54.071107 ], [ -2.771365, 54.065059 ], [ -2.780857, 53.983376 ], [ -2.763319, 53.965125 ], [ -2.754979, 53.958806 ], [ -2.704938, 53.812379 ], [ -2.708493, 53.803673 ], [ -2.71611, 53.800586 ], [ -2.714237, 53.796089 ], [ -2.709841, 53.777609 ], [ -2.707425, 53.77476 ], [ -2.705675, 53.771561 ], [ -2.704549, 53.7681 ], [ -2.687183, 53.760314 ], [ -2.678651, 53.751968 ], [ -2.674981, 53.750096 ], [ -2.673846, 53.749483 ], [ -2.672843, 53.748917 ], [ -2.671921, 53.748048 ], [ -2.673236, 53.745722 ], [ -2.670201, 53.739435 ], [ -2.667826, 53.73764 ], [ -2.662861, 53.735672 ], [ -2.662761, 53.733112 ], [ -2.660502, 53.727106 ], [ -2.666758, 53.718569 ], [ -2.670036, 53.710988 ], [ -2.673147, 53.702639 ], [ -2.672469, 53.701196 ], [ -2.672913, 53.696312 ], [ -2.677466, 53.693083 ], [ -2.691468, 53.634622 ], [ -2.689186, 53.628084 ], [ -2.693335, 53.589374 ], [ -2.696527, 53.590085 ], [ -2.705204, 53.584111 ], [ -2.706831, 53.581388 ], [ -2.711302, 53.57944 ], [ -2.715432, 53.578856 ], [ -2.718493, 53.578114 ], [ -2.721686, 53.577841 ], [ -2.721631, 53.577474 ], [ -2.722457, 53.575127 ], [ -2.72333, 53.570478 ], [ -2.7244, 53.563205 ], [ -2.729749, 53.560428 ], [ -2.7244, 53.563205 ], [ -2.72333, 53.570478 ], [ -2.722457, 53.575127 ], [ -2.721686, 53.577841 ], [ -2.706831, 53.581388 ], [ -2.705204, 53.584111 ], [ -2.696527, 53.590085 ], [ -2.695209, 53.59029 ], [ -2.689398, 53.627947 ], [ -2.691808, 53.634737 ], [ -2.679058, 53.695792 ], [ -2.673073, 53.69701 ], [ -2.673147, 53.702639 ], [ -2.670036, 53.710988 ], [ -2.660502, 53.727106 ], [ -2.662861, 53.735672 ], [ -2.670201, 53.739435 ], [ -2.673236, 53.745722 ], [ -2.672843, 53.748917 ], [ -2.687183, 53.760314 ], [ -2.697642, 53.76259 ], [ -2.699469, 53.764804 ], [ -2.703974, 53.767707 ], [ -2.704549, 53.7681 ], [ -2.704791, 53.768358 ], [ -2.709841, 53.777609 ], [ -2.714504, 53.796694 ], [ -2.734096, 53.820205 ], [ -2.740721, 53.841389 ], [ -2.746635, 53.849508 ], [ -2.744246, 53.861199 ], [ -2.757668, 53.871428 ], [ -2.770264, 53.895233 ], [ -2.776031, 53.900058 ], [ -2.772788, 53.904945 ], [ -2.78021, 53.9244 ], [ -2.775794, 53.930694 ], [ -2.775933, 53.94614 ], [ -2.77095, 53.951195 ], [ -2.769144, 53.961284 ], [ -2.774728, 53.97034 ], [ -2.774466, 53.970632 ], [ -2.766962, 53.976255 ], [ -2.763732, 53.978466 ], [ -2.758586, 53.994728 ], [ -2.731448, 54.030491 ], [ -2.740811, 54.041566 ], [ -2.743626, 54.052676 ], [ -2.719836, 54.073948 ], [ -2.7066, 54.073985 ], [ -2.70422, 54.07437 ], [ -2.702575, 54.074782 ], [ -2.700349, 54.076171 ], [ -2.69097, 54.079639 ], [ -2.688298, 54.080912 ], [ -2.635856, 54.108389 ], [ -2.637473, 54.113874 ], [ -2.63798, 54.116116 ], [ -2.637986, 54.116712 ], [ -2.597033, 54.148468 ], [ -2.602377, 54.155817 ], [ -2.593138, 54.171488 ], [ -2.559564, 54.182636 ], [ -2.489222, 54.153219 ], [ -2.474125, 54.148177 ], [ -2.469046, 54.151322 ] ] } },
{ "type": "Feature", "properties": { "fid": 88, "route_id": "112774", "route_short_name": "110", "route_type": 3, "route_type_name": "Bus", "geometry_method": "mixed", "n_stops_covered": 197, "n_trips_observed": 6 }, "bbox": [ -2.734756, 53.546533, -2.627965, 53.760342 ], "geometry": { "type": "LineString", "coordinates": [ [ -2.634019, 53.546533 ], [ -2.637152, 53.547503 ], [ -2.632242, 53.549626 ], [ -2.62925, 53.547682 ], [ -2.633323, 53.550836 ], [ -2.627965, 53.554688 ], [ -2.628501, 53.559959 ], [ -2.638279, 53.571421 ], [ -2.645191, 53.574641 ], [ -2.640735, 53.572767 ], [ -2.637646, 53.57668 ], [ -2.637406, 53.586073 ], [ -2.648467, 53.588733 ], [ -2.664081, 53.586487 ], [ -2.672906, 53.595868 ], [ -2.68571, 53.594805 ], [ -2.686307, 53.589721 ], [ -2.696886, 53.59028 ], [ -2.694396, 53.594425 ], [ -2.703278, 53.609423 ], [ -2.710149, 53.63104 ], [ -2.708673, 53.634365 ], [ -2.734756, 53.652443 ], [ -2.730014, 53.662472 ], [ -2.72501, 53.662001 ], [ -2.716393, 53.688911 ], [ -2.705271, 53.687758 ], [ -2.700526, 53.688306 ], [ -2.70215, 53.690199 ], [ -2.698579, 53.690374 ], [ -2.697572, 53.690835 ], [ -2.695934, 53.690789 ], [ -2.695328, 53.689279 ], [ -2.695317, 53.688993 ], [ -2.696675, 53.688979 ], [ -2.695358, 53.689335 ], [ -2.695934, 53.690789 ], [ -2.695906, 53.691132 ], [ -2.709064, 53.695117 ], [ -2.71277, 53.702877 ], [ -2.709223, 53.712404 ], [ -2.691943, 53.725485 ], [ -2.701399, 53.732724 ], [ -2.686034, 53.739817 ], [ -2.67526, 53.749373 ], [ -2.687183, 53.760314 ], [ -2.694361, 53.760342 ] ] } },
{ "type": "Feature", "properties": { "fid": 89, "route_id": "114892", "route_short_name": "S350A", "route_type": 3, "route_type_name": "Bus", "geometry_method": "osm_routed", "n_stops_covered": 41, "n_trips_observed": 2 }, "bbox": [ -2.115863, 53.541068, -1.999983, 53.570844 ], "geometry": { "type": "LineString", "coordinates": [ [ -2.001701, 53.56241 ], [ -1.999983, 53.564791 ], [ -2.008276, 53.554135 ], [ -2.016957, 53.554181 ], [ -2.019089, 53.553748 ], [ -2.019696, 53.553868 ], [ -2.024288, 53.560736 ], [ -2.02086, 53.564808 ], [ -2.023647, 53.568917 ], [ -2.026651, 53.570844 ], [ -2.027745, 53.569843 ], [ -2.023647, 53.568917 ], [ -2.0233, 53.567076 ], [ -2.02086, 53.564808 ], [ -2.020846, 53.56397 ], [ -2.020167, 53.564066 ], [ -2.021245, 53.563857 ], [ -2.022133, 53.562587 ], [ -2.024288, 53.560736 ], [ -2.024693, 53.560794 ], [ -2.023236, 53.557847 ], [ -2.029974, 53.559873 ], [ -2.032263, 53.55375 ], [ -2.042204, 53.549223 ], [ -2.056488, 53.545726 ], [ -2.073442, 53.549656 ], [ -2.090768, 53.547867 ], [ -2.103398, 53.541068 ], [ -2.115863, 53.54365 ] ] } },
{ "type": "Feature", "properties": { "fid": 90, "route_id": "114893", "route_short_name": "S350B", "route_type": 3, "route_type_name": "Bus", "geometry_method": "osm_routed", "n_stops_covered": 98, "n_trips_observed": 3 }, "bbox": [ -2.098527, 53.490037, -1.998799, 53.564791 ], "geometry": { "type": "LineString", "coordinates": [ [ -2.001701, 53.56241 ], [ -1.999983, 53.564791 ], [ -2.008276, 53.554135 ], [ -2.00544, 53.551014 ], [ -2.006452, 53.544595 ], [ -2.007931, 53.546089 ], [ -2.014334, 53.538303 ], [ -1.998799, 53.532473 ], [ -2.024454, 53.52971 ], [ -2.02649, 53.517773 ], [ -2.034577, 53.518071 ], [ -2.040466, 53.510238 ], [ -2.04332, 53.519856 ], [ -2.043176, 53.51764 ], [ -2.043116, 53.516047 ], [ -2.046284, 53.51941 ], [ -2.043834, 53.519883 ], [ -2.046284, 53.51941 ], [ -2.049404, 53.517145 ], [ -2.062286, 53.499544 ], [ -2.085364, 53.490337 ], [ -2.098527, 53.490037 ] ] } },
{ "type": "Feature", "properties": { "fid": 91, "route_id": "11744", "route_short_name": "34", "route_type": 3, "route_type_name": "Bus", "geometry_method": "osm_routed", "n_stops_covered": 106, "n_trips_observed": 22 }, "bbox": [ -2.733943, 53.448221, -2.519473, 53.495595 ], "geometry": { "type": "LineString", "coordinates": [ [ -2.519473, 53.495595 ], [ -2.523023, 53.486684 ], [ -2.540912, 53.477984 ], [ -2.566518, 53.471086 ], [ -2.572, 53.468155 ], [ -2.569213, 53.466693 ], [ -2.572325, 53.464242 ], [ -2.614169, 53.452951 ], [ -2.615146, 53.456165 ], [ -2.623001, 53.458454 ], [ -2.628965, 53.456595 ], [ -2.631804, 53.462518 ], [ -2.63428, 53.46322 ], [ -2.635151, 53.461339 ], [ -2.632175, 53.46176 ], [ -2.635151, 53.461339 ], [ -2.636391, 53.463131 ], [ -2.638548, 53.451211 ], [ -2.651026, 53.456375 ], [ -2.664071, 53.448221 ], [ -2.699886, 53.453987 ], [ -2.71078, 53.45071 ], [ -2.72491, 53.452914 ], [ -2.733943, 53.450285 ] ] } },
{ "type": "Feature", "properties": { "fid": 92, "route_id": "118612", "route_short_name": "758", "route_type": 3, "route_type_name": "Bus", "geometry_method": "osm_routed", "n_stops_covered": 0, "n_trips_observed": 0 }, "bbox": [ -2.222658, 53.362219, -2.215799, 53.387702 ], "geometry": { "type": "LineString", "coordinates": [ [ -2.222658, 53.387702 ], [ -2.217566, 53.380067 ], [ -2.215799, 53.363521 ], [ -2.218244, 53.362219 ] ] } },
{ "type": "Feature", "properties": { "fid": 93, "route_id": "12683", "route_short_name": "339", "route_type": 3, "route_type_name": "Bus", "geometry_method": "osm_routed", "n_stops_covered": 16, "n_trips_observed": 6 }, "bbox": [ -2.115874, 53.490037, -2.096325, 53.497273 ], "geometry": { "type": "LineString", "coordinates": [ [ -2.096325, 53.49072 ], [ -2.104898, 53.496112 ], [ -2.109108, 53.496269 ], [ -2.11067, 53.492903 ], [ -2.115874, 53.497273 ], [ -2.108852, 53.490435 ], [ -2.098527, 53.490037 ] ] } },
{ "type": "Feature", "properties": { "fid": 94, "route_id": "128558", "route_short_name": "170", "route_type": 3, "route_type_name": "Bus", "geometry_method": "osm_routed", "n_stops_covered": 0, "n_trips_observed": 0 }, "bbox": [ -2.986833, 53.365923, -2.273216, 53.416904 ], "geometry": { "type": "LineString", "coordinates": [ [ -2.986833, 53.402127 ], [ -2.979505, 53.406429 ], [ -2.923319, 53.410249 ], [ -2.896688, 53.406113 ], [ -2.878129, 53.40801 ], [ -2.817522, 53.396267 ], [ -2.794097, 53.40137 ], [ -2.763426, 53.400442 ], [ -2.646641, 53.416326 ], [ -2.600614, 53.414108 ], [ -2.595674, 53.414767 ], [ -2.597055, 53.416094 ], [ -2.597213, 53.416818 ], [ -2.59722, 53.416904 ], [ -2.587661, 53.412581 ], [ -2.569927, 53.41289 ], [ -2.56481, 53.410231 ], [ -2.544329, 53.414263 ], [ -2.522972, 53.406564 ], [ -2.51224, 53.39816 ], [ -2.477495, 53.404417 ], [ -2.465601, 53.409772 ], [ -2.454286, 53.402168 ], [ -2.39168, 53.387272 ], [ -2.390881, 53.383316 ], [ -2.345894, 53.371736 ], [ -2.339132, 53.370506 ], [ -2.325632, 53.37617 ], [ -2.316148, 53.370749 ], [ -2.312155, 53.373686 ], [ -2.295727, 53.374727 ], [ -2.273216, 53.365923 ] ] } },
{ "type": "Feature", "properties": { "fid": 95, "route_id": "128559", "route_short_name": "171", "route_type": 3, "route_type_name": "Bus", "geometry_method": "osm_routed", "n_stops_covered": 0, "n_trips_observed": 0 }, "bbox": [ -2.986833, 53.365923, -2.273216, 53.416904 ], "geometry": { "type": "LineString", "coordinates": [ [ -2.273216, 53.365923 ], [ -2.295727, 53.374727 ], [ -2.312155, 53.373686 ], [ -2.316148, 53.370749 ], [ -2.330737, 53.378649 ], [ -2.367004, 53.377544 ], [ -2.394204, 53.383478 ], [ -2.39168, 53.387272 ], [ -2.454286, 53.402168 ], [ -2.465601, 53.409772 ], [ -2.477495, 53.404417 ], [ -2.507361, 53.398318 ], [ -2.565885, 53.39724 ], [ -2.574209, 53.405765 ], [ -2.581842, 53.407434 ], [ -2.583795, 53.412701 ], [ -2.59722, 53.416904 ], [ -2.595674, 53.414767 ], [ -2.598133, 53.41396 ], [ -2.625369, 53.416849 ], [ -2.635311, 53.413962 ], [ -2.653876, 53.414746 ], [ -2.758267, 53.400761 ], [ -2.798795, 53.400636 ], [ -2.817963, 53.396113 ], [ -2.868267, 53.407173 ], [ -2.896571, 53.405943 ], [ -2.916492, 53.409841 ], [ -2.918274, 53.409756 ], [ -2.922507, 53.410121 ], [ -2.929982, 53.410184 ], [ -2.929985, 53.410282 ], [ -2.925958, 53.410308 ], [ -2.923305, 53.410139 ], [ -2.929982, 53.410184 ], [ -2.943841, 53.408236 ], [ -2.946039, 53.412124 ], [ -2.961507, 53.410873 ], [ -2.961533, 53.406227 ], [ -2.986833, 53.402127 ] ] } },
{ "type": "Feature", "properties": { "fid": 96, "route_id": "128561", "route_short_name": "171", "route_type": 3, "route_type_name": "Bus", "geometry_method": "osm_routed", "n_stops_covered": 0, "n_trips_observed": 0 }, "bbox": [ -2.598146, 53.365431, -2.146628, 53.545152 ], "geometry": { "type": "LineString", "coordinates": [ [ -2.146628, 53.545152 ], [ -2.153379, 53.531497 ], [ -2.16759, 53.519105 ], [ -2.170234, 53.505844 ], [ -2.216286, 53.493861 ], [ -2.234544, 53.480722 ], [ -2.231406, 53.476544 ], [ -2.235588, 53.478606 ], [ -2.248115, 53.474238 ], [ -2.24453, 53.463362 ], [ -2.243972, 53.438539 ], [ -2.26656, 53.410379 ], [ -2.268832, 53.39594 ], [ -2.2838, 53.373633 ], [ -2.274074, 53.365431 ], [ -2.295727, 53.374727 ], [ -2.312155, 53.373686 ], [ -2.316148, 53.370749 ], [ -2.330737, 53.378649 ], [ -2.367004, 53.377544 ], [ -2.394204, 53.383478 ], [ -2.39168, 53.387272 ], [ -2.454286, 53.402168 ], [ -2.465601, 53.409772 ], [ -2.477495, 53.404417 ], [ -2.507361, 53.398318 ], [ -2.565885, 53.39724 ], [ -2.574209, 53.405765 ], [ -2.581842, 53.407434 ], [ -2.583795, 53.412701 ], [ -2.598146, 53.416882 ] ] } },
{ "type": "Feature", "properties": { "fid": 97, "route_id": "128562", "route_short_name": "170", "route_type": 3, "route_type_name": "Bus", "geometry_method": "osm_routed", "n_stops_covered": 0, "n_trips_observed": 0 }, "bbox": [ -2.598146, 53.365431, -2.236681, 53.477927 ], "geometry": { "type": "LineString", "coordinates": [ [ -2.598146, 53.416882 ], [ -2.587661, 53.412581 ], [ -2.569927, 53.41289 ], [ -2.56481, 53.410231 ], [ -2.54338, 53.414106 ], [ -2.522972, 53.406564 ], [ -2.51224, 53.39816 ], [ -2.477495, 53.404417 ], [ -2.465601, 53.409772 ], [ -2.454286, 53.402168 ], [ -2.39168, 53.387272 ], [ -2.390881, 53.383316 ], [ -2.360583, 53.375104 ], [ -2.339132, 53.370506 ], [ -2.325632, 53.37617 ], [ -2.316148, 53.370749 ], [ -2.312155, 53.373686 ], [ -2.295727, 53.374727 ], [ -2.27982, 53.369215 ], [ -2.276354, 53.36609 ], [ -2.273216, 53.365923 ], [ -2.274074, 53.365431 ], [ -2.276462, 53.365832 ], [ -2.276354, 53.36609 ], [ -2.276192, 53.366154 ], [ -2.276224, 53.367652 ], [ -2.286153, 53.372718 ], [ -2.285123, 53.376408 ], [ -2.268882, 53.396647 ], [ -2.266647, 53.410992 ], [ -2.2621, 53.417853 ], [ -2.245434, 53.435814 ], [ -2.246802, 53.469861 ], [ -2.237261, 53.474214 ], [ -2.23901, 53.476486 ], [ -2.236681, 53.477927 ] ] } },
{ "type": "Feature", "properties": { "fid": 98, "route_id": "132326", "route_short_name": "127", "route_type": 3, "route_type_name": "Bus", "geometry_method": "mixed", "n_stops_covered": 67, "n_trips_observed": 10 }, "bbox": [ -2.659381, 53.571577, -2.527037, 53.669389 ], "geometry": { "type": "LineString", "coordinates": [ [ -2.539353, 53.578281 ], [ -2.537465, 53.579769 ], [ -2.541671, 53.58215 ], [ -2.541364, 53.582253 ], [ -2.535731, 53.578785 ], [ -2.528, 53.58168 ], [ -2.53341, 53.584098 ], [ -2.532866, 53.584433 ], [ -2.527928, 53.581761 ], [ -2.527037, 53.581095 ], [ -2.550338, 53.571577 ], [ -2.568472, 53.580318 ], [ -2.575978, 53.590793 ], [ -2.587588, 53.595334 ], [ -2.604784, 53.611917 ], [ -2.612681, 53.611664 ], [ -2.618155, 53.608292 ], [ -2.604784, 53.611917 ], [ -2.597339, 53.617325 ], [ -2.607695, 53.622393 ], [ -2.605559, 53.622607 ], [ -2.620374, 53.642863 ], [ -2.631307, 53.650022 ], [ -2.628349, 53.654731 ], [ -2.650816, 53.65575 ], [ -2.655095, 53.656879 ], [ -2.654822, 53.661634 ], [ -2.659381, 53.65949 ], [ -2.654822, 53.661634 ], [ -2.645808, 53.660947 ], [ -2.64146, 53.664126 ], [ -2.649055, 53.669389 ], [ -2.637118, 53.667132 ] ] } },
{ "type": "Feature", "properties": { "fid": 99, "route_id": "13366", "route_short_name": "343", "route_type": 3, "route_type_name": "Bus", "geometry_method": "mixed", "n_stops_covered": 0, "n_trips_observed": 0 }, "bbox": [ -2.115863, 53.452642, -2.017587, 53.549678 ], "geometry": { "type": "LineString", "coordinates": [ [ -2.115863, 53.54365 ], [ -2.103011, 53.541416 ], [ -2.075295, 53.549678 ], [ -2.057302, 53.546305 ], [ -2.060014, 53.546388 ], [ -2.055379, 53.545367 ], [ -2.061733, 53.537751 ], [ -2.049007, 53.536842 ], [ -2.049803, 53.51979 ], [ -2.047104, 53.517809 ], [ -2.04332, 53.519856 ], [ -2.041615, 53.514703 ], [ -2.042012, 53.517918 ], [ -2.041163, 53.515268 ], [ -2.03909, 53.51971 ], [ -2.024454, 53.52971 ], [ -2.02649, 53.517773 ], [ -2.034577, 53.518071 ], [ -2.035786, 53.514019 ], [ -2.028451, 53.509718 ], [ -2.028003, 53.503372 ], [ -2.018977, 53.50605 ], [ -2.017587, 53.505029 ], [ -2.026804, 53.503638 ], [ -2.030485, 53.495605 ], [ -2.032098, 53.498912 ], [ -2.030485, 53.495605 ], [ -2.037451, 53.489575 ], [ -2.034949, 53.488474 ], [ -2.034379, 53.488261 ], [ -2.032197, 53.48761 ], [ -2.037451, 53.489575 ], [ -2.054696, 53.481222 ], [ -2.059677, 53.484594 ], [ -2.070699, 53.477388 ], [ -2.070932, 53.477911 ], [ -2.073461, 53.477542 ], [ -2.075066, 53.477685 ], [ -2.080806, 53.476096 ], [ -2.075547, 53.462914 ], [ -2.082293, 53.461652 ], [ -2.083721, 53.456064 ], [ -2.07703, 53.452651 ], [ -2.079059, 53.452642 ] ] } },
{ "type": "Feature", "properties": { "fid": 100, "route_id": "133848", "route_short_name": "339", "route_type": 3, "route_type_name": "Bus", "geometry_method": "osm_routed", "n_stops_covered": 0, "n_trips_observed": 0 }, "bbox": [ -2.115874, 53.490037, -2.096325, 53.497273 ], "geometry": { "type": "LineString", "coordinates": [ [ -2.096325, 53.49072 ], [ -2.104898, 53.496112 ], [ -2.109108, 53.496269 ], [ -2.11067, 53.492903 ], [ -2.115874, 53.497273 ], [ -2.108852, 53.490435 ], [ -2.098527, 53.490037 ] ] } },
{ "type": "Feature", "properties": { "fid": 101, "route_id": "133867", "route_short_name": "719", "route_type": 3, "route_type_name": "Bus", "geometry_method": "osm_routed", "n_stops_covered": 0, "n_trips_observed": 0 }, "bbox": [ -2.194801, 53.470835, -2.114464, 53.481241 ], "geometry": { "type": "LineString", "coordinates": [ [ -2.194801, 53.481241 ], [ -2.19361, 53.476307 ], [ -2.187363, 53.473808 ], [ -2.145745, 53.470835 ], [ -2.114464, 53.474861 ] ] } },
{ "type": "Feature", "properties": { "fid": 102, "route_id": "134653", "route_short_name": "847", "route_type": 3, "route_type_name": "Bus", "geometry_method": "osm_routed", "n_stops_covered": 22, "n_trips_observed": 1 }, "bbox": [ -2.123544, 53.439446, -2.088065, 53.459036 ], "geometry": { "type": "LineString", "coordinates": [ [ -2.123544, 53.459036 ], [ -2.123356, 53.454825 ], [ -2.113766, 53.456207 ], [ -2.10841, 53.44818 ], [ -2.100722, 53.445262 ], [ -2.105811, 53.441787 ], [ -2.104144, 53.439446 ], [ -2.098437, 53.440931 ], [ -2.094016, 53.449192 ], [ -2.088065, 53.452416 ] ] } },
{ "type": "Feature", "properties": { "fid": 103, "route_id": "134929", "route_short_name": "750", "route_type": 3, "route_type_name": "Bus", "geometry_method": "osm_routed", "n_stops_covered": 9, "n_trips_observed": 1 }, "bbox": [ -2.219773, 53.41563, -2.204198, 53.437822 ], "geometry": { "type": "LineString", "coordinates": [ [ -2.219773, 53.41563 ], [ -2.217682, 53.424476 ], [ -2.211964, 53.423993 ], [ -2.204198, 53.437822 ], [ -2.206244, 53.437184 ] ] } },
{ "type": "Feature", "properties": { "fid": 104, "route_id": "134931", "route_short_name": "750", "route_type": 3, "route_type_name": "Bus", "geometry_method": "mixed", "n_stops_covered": 0, "n_trips_observed": 0 }, "bbox": [ -2.361927, 53.381489, -2.178657, 53.449274 ], "geometry": { "type": "LineString", "coordinates": [ [ -2.188458, 53.449274 ], [ -2.178657, 53.449261 ], [ -2.183283, 53.443333 ], [ -2.218532, 53.442555 ], [ -2.221376, 53.438527 ], [ -2.224351, 53.436026 ], [ -2.227289, 53.435198 ], [ -2.229045, 53.43309 ], [ -2.231442, 53.435796 ], [ -2.228334, 53.437316 ], [ -2.224351, 53.436026 ], [ -2.22155, 53.435535 ], [ -2.213964, 53.435337 ], [ -2.207923, 53.432179 ], [ -2.21022, 53.427306 ], [ -2.213403, 53.429991 ], [ -2.214439, 53.427183 ], [ -2.21022, 53.427306 ], [ -2.225674, 53.400268 ], [ -2.256705, 53.396173 ], [ -2.256986, 53.393854 ], [ -2.273245, 53.400404 ], [ -2.310949, 53.399785 ], [ -2.328596, 53.391658 ], [ -2.345147, 53.390412 ], [ -2.34647, 53.384178 ], [ -2.361419, 53.381489 ], [ -2.361927, 53.386746 ], [ -2.358322, 53.388712 ] ] } },
{ "type": "Feature", "properties": { "fid": 105, "route_id": "134933", "route_short_name": "751", "route_type": 3, "route_type_name": "Bus", "geometry_method": "osm_routed", "n_stops_covered": 0, "n_trips_observed": 0 }, "bbox": [ -2.244023, 53.427916, -2.200629, 53.479774 ], "geometry": { "type": "LineString", "coordinates": [ [ -2.202443, 53.427916 ], [ -2.200629, 53.432561 ], [ -2.207508, 53.432089 ], [ -2.207923, 53.432179 ], [ -2.208411, 53.432415 ], [ -2.208888, 53.432683 ], [ -2.204697, 53.436345 ], [ -2.204039, 53.441988 ], [ -2.211451, 53.453854 ], [ -2.244023, 53.475147 ], [ -2.238175, 53.478761 ], [ -2.233877, 53.47773 ], [ -2.235527, 53.479774 ] ] } },
{ "type": "Feature", "properties": { "fid": 106, "route_id": "134937", "route_short_name": "751", "route_type": 3, "route_type_name": "Bus", "geometry_method": "osm_routed", "n_stops_covered": 70, "n_trips_observed": 1 }, "bbox": [ -2.361927, 53.356405, -2.119393, 53.401766 ], "geometry": { "type": "LineString", "coordinates": [ [ -2.351875, 53.378894 ], [ -2.35249, 53.382433 ], [ -2.35223, 53.384084 ], [ -2.352073, 53.38447 ], [ -2.351278, 53.385428 ], [ -2.358322, 53.388712 ], [ -2.361927, 53.386746 ], [ -2.361419, 53.381489 ], [ -2.357322, 53.381602 ], [ -2.352073, 53.38447 ], [ -2.34647, 53.384178 ], [ -2.344056, 53.390791 ], [ -2.329337, 53.391604 ], [ -2.302899, 53.401766 ], [ -2.294565, 53.400959 ], [ -2.291349, 53.392785 ], [ -2.285331, 53.392311 ], [ -2.283744, 53.386783 ], [ -2.286843, 53.384293 ], [ -2.258425, 53.376576 ], [ -2.260448, 53.373821 ], [ -2.266414, 53.374477 ], [ -2.266661, 53.371202 ], [ -2.252325, 53.369214 ], [ -2.253149, 53.365451 ], [ -2.24205, 53.364231 ], [ -2.242862, 53.361989 ], [ -2.225261, 53.356405 ], [ -2.195724, 53.358799 ], [ -2.194358, 53.36426 ], [ -2.184079, 53.367335 ], [ -2.170683, 53.362274 ], [ -2.165956, 53.35733 ], [ -2.159607, 53.374015 ], [ -2.146801, 53.3726 ], [ -2.149409, 53.373952 ], [ -2.146111, 53.372526 ], [ -2.139641, 53.371321 ], [ -2.140609, 53.373398 ], [ -2.146111, 53.372526 ], [ -2.128233, 53.36856 ], [ -2.119393, 53.379193 ], [ -2.1282, 53.38494 ] ] } },
{ "type": "Feature", "properties": { "fid": 107, "route_id": "134947", "route_short_name": "758", "route_type": 3, "route_type_name": "Bus", "geometry_method": "osm_routed", "n_stops_covered": 0, "n_trips_observed": 0 }, "bbox": [ -2.231496, 53.362219, -2.212657, 53.389303 ], "geometry": { "type": "LineString", "coordinates": [ [ -2.222658, 53.387702 ], [ -2.215249, 53.389303 ], [ -2.212657, 53.386098 ], [ -2.218919, 53.381802 ], [ -2.216476, 53.372729 ], [ -2.231496, 53.368888 ], [ -2.228064, 53.364238 ], [ -2.218244, 53.362219 ] ] } },
{ "type": "Feature", "properties": { "fid": 108, "route_id": "134949", "route_short_name": "758", "route_type": 3, "route_type_name": "Bus", "geometry_method": "osm_routed", "n_stops_covered": 57, "n_trips_observed": 1 }, "bbox": [ -2.363548, 53.381489, -2.235757, 53.458042 ], "geometry": { "type": "LineString", "coordinates": [ [ -2.235757, 53.458042 ], [ -2.239234, 53.443325 ], [ -2.244158, 53.443102 ], [ -2.243994, 53.439832 ], [ -2.243972, 53.438539 ], [ -2.245247, 53.435778 ], [ -2.244005, 53.439917 ], [ -2.255194, 53.424968 ], [ -2.266254, 53.42655 ], [ -2.263721, 53.428359 ], [ -2.269654, 53.430366 ], [ -2.278451, 53.442548 ], [ -2.307076, 53.445791 ], [ -2.312314, 53.442372 ], [ -2.309704, 53.443564 ], [ -2.317147, 53.432812 ], [ -2.349279, 53.404604 ], [ -2.360284, 53.406315 ], [ -2.363548, 53.40501 ], [ -2.351258, 53.400816 ], [ -2.352262, 53.395172 ], [ -2.346646, 53.389572 ], [ -2.35223, 53.384084 ], [ -2.361419, 53.381489 ], [ -2.361927, 53.386746 ], [ -2.358322, 53.388712 ] ] } },
{ "type": "Feature", "properties": { "fid": 109, "route_id": "134984", "route_short_name": "847", "route_type": 3, "route_type_name": "Bus", "geometry_method": "osm_routed", "n_stops_covered": 0, "n_trips_observed": 0 }, "bbox": [ -2.231496, 53.362506, -2.182113, 53.391984 ], "geometry": { "type": "LineString", "coordinates": [ [ -2.220021, 53.362506 ], [ -2.228064, 53.364238 ], [ -2.231496, 53.368888 ], [ -2.225937, 53.371116 ], [ -2.230661, 53.391873 ], [ -2.22647, 53.391984 ], [ -2.217566, 53.380067 ], [ -2.216528, 53.373151 ], [ -2.194048, 53.376408 ], [ -2.201543, 53.38185 ], [ -2.194048, 53.376408 ], [ -2.190254, 53.378411 ], [ -2.182113, 53.372184 ], [ -2.184079, 53.367335 ], [ -2.188825, 53.366211 ], [ -2.18686, 53.363314 ] ] } },
{ "type": "Feature", "properties": { "fid": 110, "route_id": "136042", "route_short_name": "UK030", "route_type": 200, "route_type_name": "Coach", "geometry_method": "mixed", "n_stops_covered": 0, "n_trips_observed": 0 }, "bbox": [ -4.250026, 51.492737, -0.144614, 55.864538 ], "geometry": { "type": "LineString", "coordinates": [ [ -4.248894, 55.864538 ], [ -4.250026, 55.861562 ], [ -4.238856, 55.85663 ], [ -4.231307, 55.850473 ], [ -4.231909, 55.847269 ], [ -4.222623, 55.846685 ], [ -4.210531, 55.838497 ], [ -4.207982, 55.833114 ], [ -4.192437, 55.826168 ], [ -4.078039, 55.790067 ], [ -4.074568, 55.783919 ], [ -4.044484, 55.774284 ], [ -4.046165, 55.772965 ], [ -4.031483, 55.774239 ], [ -4.010435, 55.768014 ], [ -3.980504, 55.748047 ], [ -3.968125, 55.732348 ], [ -3.954249, 55.703407 ], [ -3.930024, 55.674616 ], [ -3.889963, 55.650363 ], [ -3.809357, 55.570713 ], [ -3.697613, 55.507256 ], [ -3.676684, 55.466819 ], [ -3.651219, 55.441235 ], [ -3.447736, 55.309274 ], [ -3.412958, 55.226405 ], [ -3.412651, 55.21352 ], [ -3.366122, 55.128047 ], [ -3.34344, 55.100917 ], [ -3.279179, 55.066541 ], [ -3.135368, 55.027755 ], [ -3.110743, 55.015995 ], [ -3.061827, 55.00302 ], [ -2.983371, 54.954546 ], [ -2.952379, 54.931245 ], [ -2.945283, 54.930877 ], [ -2.937362, 54.901652 ], [ -2.929623, 54.890321 ], [ -2.882606, 54.862115 ], [ -2.863214, 54.847079 ], [ -2.850914, 54.82756 ], [ -2.808786, 54.782245 ], [ -2.780695, 54.726257 ], [ -2.760193, 54.670151 ], [ -2.741941, 54.655296 ], [ -2.739752, 54.648652 ], [ -2.71962, 54.629473 ], [ -2.715567, 54.621344 ], [ -2.717034, 54.608409 ], [ -2.701159, 54.596254 ], [ -2.677837, 54.531528 ], [ -2.669979, 54.51878 ], [ -2.669502, 54.506974 ], [ -2.701713, 54.404907 ], [ -2.72948, 54.386836 ], [ -2.725916, 54.370457 ], [ -2.722878, 54.368291 ], [ -2.727067, 54.353715 ], [ -2.735468, 54.34525 ], [ -2.738952, 54.332349 ], [ -2.744411, 54.32748 ], [ -2.738465, 54.288763 ], [ -2.747556, 54.275767 ], [ -2.746745, 54.251738 ], [ -2.754117, 54.243806 ], [ -2.758768, 54.229521 ], [ -2.772929, 54.20975 ], [ -2.753153, 54.194124 ], [ -2.748314, 54.175258 ], [ -2.751692, 54.165638 ], [ -2.745421, 54.150376 ], [ -2.77563, 54.120632 ], [ -2.787707, 54.112617 ], [ -2.800728, 54.085332 ], [ -2.801004, 54.057977 ], [ -2.792497, 54.055259 ], [ -2.799083, 54.044604 ], [ -2.79425, 54.032077 ], [ -2.795327, 54.013703 ], [ -2.786356, 54.005822 ], [ -2.782416, 54.009566 ], [ -2.697451, 53.758484 ], [ -2.687183, 53.760314 ], [ -2.671616, 53.747507 ], [ -2.645311, 53.74387 ], [ -2.636848, 53.738 ], [ -2.622603, 53.735307 ], [ -2.601125, 53.725569 ], [ -2.575683, 53.72434 ], [ -2.562068, 53.716484 ], [ -2.545796, 53.699431 ], [ -2.533093, 53.69156 ], [ -2.509658, 53.666339 ], [ -2.493087, 53.636746 ], [ -2.463349, 53.623138 ], [ -2.432586, 53.602324 ], [ -2.426178, 53.583052 ], [ -2.390704, 53.545057 ], [ -2.337648, 53.526655 ], [ -2.333858, 53.519582 ], [ -2.313544, 53.508303 ], [ -2.307289, 53.500747 ], [ -2.274657, 53.485034 ], [ -2.238234, 53.485078 ], [ -2.226349, 53.468521 ], [ -2.229097, 53.466833 ], [ -2.211451, 53.453854 ], [ -2.203649, 53.442091 ], [ -2.226395, 53.397488 ], [ -2.224667, 53.387743 ], [ -2.217566, 53.380067 ], [ -2.215799, 53.363521 ], [ -2.219848, 53.36002 ], [ -2.215202, 53.347646 ], [ -2.227668, 53.332916 ], [ -2.229178, 53.327061 ], [ -2.237431, 53.320374 ], [ -2.237841, 53.304328 ], [ -2.234504, 53.294665 ], [ -2.239724, 53.273491 ], [ -2.234348, 53.263985 ], [ -2.235756, 53.245035 ], [ -2.233503, 53.237954 ], [ -2.236498, 53.222942 ], [ -2.226699, 53.21167 ], [ -2.250413, 53.193368 ], [ -2.256161, 53.193587 ], [ -2.257557, 53.187656 ], [ -2.252906, 53.176503 ], [ -2.259334, 53.170761 ], [ -2.25942, 53.158175 ], [ -2.257957, 53.144452 ], [ -2.251313, 53.139724 ], [ -2.254063, 53.135959 ], [ -2.25111, 53.106317 ], [ -2.261798, 53.081472 ], [ -2.252307, 53.071253 ], [ -2.252681, 53.064938 ], [ -2.238746, 53.032218 ], [ -2.231089, 53.021478 ], [ -2.231184, 53.008551 ], [ -2.222294, 53.000755 ], [ -2.225158, 52.99336 ], [ -2.221649, 52.984503 ], [ -2.225863, 52.972396 ], [ -2.16472, 52.876854 ], [ -2.165261, 52.871003 ], [ -2.144379, 52.830853 ], [ -2.147759, 52.824033 ], [ -2.110874, 52.766348 ], [ -2.103817, 52.760353 ], [ -2.10523, 52.695415 ], [ -2.099828, 52.684983 ], [ -2.046412, 52.648126 ], [ -2.043048, 52.639863 ], [ -2.015927, 52.624685 ], [ -1.99472, 52.608137 ], [ -1.984922, 52.589475 ], [ -1.975885, 52.585958 ], [ -1.973189, 52.579369 ], [ -1.937446, 52.558472 ], [ -1.935045, 52.548012 ], [ -1.929137, 52.542856 ], [ -1.931515, 52.520008 ], [ -1.918845, 52.510872 ], [ -1.919066, 52.498646 ], [ -1.911095, 52.491512 ], [ -1.910324, 52.484443 ], [ -1.903524, 52.482258 ], [ -1.907393, 52.480968 ], [ -1.904459, 52.478305 ], [ -1.87829, 52.47249 ], [ -1.868991, 52.474283 ], [ -1.835044, 52.463428 ], [ -1.80425, 52.461092 ], [ -1.783696, 52.452177 ], [ -1.763669, 52.451559 ], [ -1.73209, 52.442975 ], [ -1.677969, 52.44606 ], [ -1.614082, 52.438375 ], [ -1.569235, 52.422365 ], [ -1.538402, 52.416333 ], [ -1.518911, 52.409886 ], [ -1.516394, 52.404323 ], [ -1.501966, 52.404874 ], [ -1.494309, 52.393308 ], [ -1.481898, 52.390566 ], [ -1.460673, 52.375132 ], [ -1.398621, 52.357161 ], [ -1.281876, 52.333566 ], [ -1.255429, 52.319826 ], [ -1.218317, 52.289708 ], [ -1.173945, 52.262919 ], [ -1.167821, 52.252793 ], [ -1.162985, 52.250285 ], [ -1.115949, 52.236731 ], [ -1.075926, 52.233513 ], [ -1.066128, 52.227211 ], [ -1.041377, 52.201295 ], [ -0.996369, 52.139201 ], [ -0.986858, 52.130363 ], [ -0.835999, 52.047783 ], [ -0.702542, 51.992925 ], [ -0.675602, 51.985778 ], [ -0.663527, 51.974867 ], [ -0.552745, 51.90996 ], [ -0.544924, 51.901811 ], [ -0.493354, 51.868898 ], [ -0.464317, 51.839878 ], [ -0.45111, 51.83197 ], [ -0.414676, 51.819472 ], [ -0.403278, 51.809763 ], [ -0.376047, 51.772711 ], [ -0.352975, 51.757549 ], [ -0.362071, 51.748985 ], [ -0.348537, 51.740954 ], [ -0.297326, 51.64915 ], [ -0.304435, 51.636401 ], [ -0.303965, 51.631507 ], [ -0.201435, 51.544825 ], [ -0.179872, 51.546791 ], [ -0.180959, 51.548535 ], [ -0.163664, 51.534945 ], [ -0.167527, 51.530042 ], [ -0.161388, 51.525658 ], [ -0.151321, 51.501713 ], [ -0.144614, 51.49701 ], [ -0.148541, 51.492737 ] ] } },
{ "type": "Feature", "properties": { "fid": 111, "route_id": "136051", "route_short_name": "UK023", "route_type": 200, "route_type_name": "Coach", "geometry_method": "osm_routed", "n_stops_covered": 0, "n_trips_observed": 0 }, "bbox": [ -2.249582, 51.492737, -0.144614, 53.485078 ], "geometry": { "type": "LineString", "coordinates": [ [ -2.238234, 53.485078 ], [ -2.229929, 53.474006 ], [ -2.249582, 53.46729 ], [ -2.248725, 53.459702 ], [ -2.218543, 53.457859 ], [ -2.211451, 53.453854 ], [ -2.199931, 53.456509 ], [ -2.166944, 53.412327 ], [ -2.14525, 53.392113 ], [ -2.093676, 53.36796 ], [ -2.04189, 53.359948 ], [ -1.994375, 53.330399 ], [ -1.98401, 53.329907 ], [ -1.977054, 53.313824 ], [ -1.954158, 53.287179 ], [ -1.936734, 53.269753 ], [ -1.916073, 53.259312 ], [ -1.910039, 53.248638 ], [ -1.87182, 53.225098 ], [ -1.821686, 53.203148 ], [ -1.78033, 53.169874 ], [ -1.764716, 53.14754 ], [ -1.753036, 53.138528 ], [ -1.753588, 53.117873 ], [ -1.773257, 53.095797 ], [ -1.749181, 53.070111 ], [ -1.736867, 53.042783 ], [ -1.734233, 53.020756 ], [ -1.730316, 53.01827 ], [ -1.731408, 53.012431 ], [ -1.727629, 53.005403 ], [ -1.729773, 52.994568 ], [ -1.726188, 52.9857 ], [ -1.72842, 52.980979 ], [ -1.702018, 52.961158 ], [ -1.694641, 52.940014 ], [ -1.677008, 52.938062 ], [ -1.661884, 52.926977 ], [ -1.65078, 52.908691 ], [ -1.643374, 52.908313 ], [ -1.642813, 52.902903 ], [ -1.634766, 52.89654 ], [ -1.622854, 52.878531 ], [ -1.565525, 52.866543 ], [ -1.564002, 52.850156 ], [ -1.545205, 52.834683 ], [ -1.537912, 52.823719 ], [ -1.542637, 52.807551 ], [ -1.537856, 52.802224 ], [ -1.537, 52.792511 ], [ -1.519602, 52.78659 ], [ -1.496612, 52.760309 ], [ -1.481363, 52.748787 ], [ -1.473829, 52.748006 ], [ -1.474667, 52.740873 ], [ -1.465845, 52.738388 ], [ -1.463758, 52.7269 ], [ -1.448176, 52.719195 ], [ -1.424026, 52.693314 ], [ -1.404213, 52.68487 ], [ -1.388806, 52.661893 ], [ -1.376938, 52.625528 ], [ -1.358346, 52.59064 ], [ -1.358625, 52.58125 ], [ -1.36507, 52.565116 ], [ -1.364803, 52.554043 ], [ -1.369581, 52.547535 ], [ -1.368085, 52.544191 ], [ -1.350833, 52.536785 ], [ -1.348835, 52.526283 ], [ -1.339527, 52.519441 ], [ -1.336842, 52.505977 ], [ -1.304388, 52.49314 ], [ -1.26056, 52.457853 ], [ -1.224655, 52.422467 ], [ -1.169863, 52.358438 ], [ -1.162012, 52.352379 ], [ -1.15349, 52.350976 ], [ -1.153568, 52.346823 ], [ -1.137941, 52.322143 ], [ -1.120091, 52.304611 ], [ -1.023576, 52.232051 ], [ -0.938945, 52.208418 ], [ -0.890052, 52.182995 ], [ -0.744668, 52.08115 ], [ -0.694015, 52.056544 ], [ -0.597932, 52.025288 ], [ -0.505017, 51.950248 ], [ -0.500798, 51.945746 ], [ -0.494804, 51.926719 ], [ -0.466471, 51.892958 ], [ -0.469167, 51.893271 ], [ -0.467701, 51.888922 ], [ -0.428988, 51.859346 ], [ -0.421335, 51.846248 ], [ -0.415108, 51.819692 ], [ -0.403278, 51.809763 ], [ -0.376047, 51.772711 ], [ -0.352975, 51.757549 ], [ -0.362071, 51.748985 ], [ -0.348537, 51.740954 ], [ -0.297326, 51.64915 ], [ -0.304435, 51.636401 ], [ -0.303965, 51.631507 ], [ -0.201435, 51.544825 ], [ -0.179872, 51.546791 ], [ -0.180959, 51.548535 ], [ -0.163664, 51.534945 ], [ -0.167527, 51.530042 ], [ -0.161388, 51.525658 ], [ -0.151321, 51.501713 ], [ -0.144614, 51.49701 ], [ -0.148541, 51.492737 ] ] } },
{ "type": "Feature", "properties": { "fid": 112, "route_id": "136054", "route_short_name": "UK071", "route_type": 200, "route_type_name": "Coach", "geometry_method": "osm_routed", "n_stops_covered": 0, "n_trips_observed": 0 }, "bbox": [ -2.593612, 51.459049, -2.106919, 53.485078 ], "geometry": { "type": "LineString", "coordinates": [ [ -2.238234, 53.485078 ], [ -2.229929, 53.474006 ], [ -2.249582, 53.46729 ], [ -2.248725, 53.459702 ], [ -2.244973, 53.459227 ], [ -2.243972, 53.438539 ], [ -2.249293, 53.431849 ], [ -2.232428, 53.422496 ], [ -2.2306, 53.410708 ], [ -2.219926, 53.409583 ], [ -2.225674, 53.400268 ], [ -2.22647, 53.391984 ], [ -2.217566, 53.380067 ], [ -2.215799, 53.363521 ], [ -2.219848, 53.36002 ], [ -2.215165, 53.348249 ], [ -2.229178, 53.327061 ], [ -2.237431, 53.320374 ], [ -2.237841, 53.304328 ], [ -2.234504, 53.294665 ], [ -2.239724, 53.273491 ], [ -2.234348, 53.263985 ], [ -2.235756, 53.245035 ], [ -2.233503, 53.237954 ], [ -2.236498, 53.222942 ], [ -2.226699, 53.21167 ], [ -2.250413, 53.193368 ], [ -2.256161, 53.193587 ], [ -2.257557, 53.187656 ], [ -2.252906, 53.176503 ], [ -2.259334, 53.170761 ], [ -2.25942, 53.158175 ], [ -2.257957, 53.144452 ], [ -2.251313, 53.139724 ], [ -2.254063, 53.135959 ], [ -2.25111, 53.106317 ], [ -2.261798, 53.081472 ], [ -2.252307, 53.071253 ], [ -2.252681, 53.064938 ], [ -2.238746, 53.032218 ], [ -2.231089, 53.021478 ], [ -2.231184, 53.008551 ], [ -2.222294, 53.000755 ], [ -2.225158, 52.99336 ], [ -2.221649, 52.984503 ], [ -2.225863, 52.972396 ], [ -2.16472, 52.876854 ], [ -2.165261, 52.871003 ], [ -2.144379, 52.830853 ], [ -2.147759, 52.824033 ], [ -2.106919, 52.763788 ], [ -2.107148, 52.749018 ], [ -2.111921, 52.732183 ], [ -2.115621, 52.728992 ], [ -2.133401, 52.683536 ], [ -2.129989, 52.653495 ], [ -2.124851, 52.637601 ], [ -2.130885, 52.617133 ], [ -2.128778, 52.596427 ], [ -2.132458, 52.588916 ], [ -2.148102, 52.583501 ], [ -2.158217, 52.575378 ], [ -2.173026, 52.556363 ], [ -2.178932, 52.527898 ], [ -2.171911, 52.508263 ], [ -2.182675, 52.502275 ], [ -2.188499, 52.494557 ], [ -2.19257, 52.476889 ], [ -2.205028, 52.461112 ], [ -2.211943, 52.441858 ], [ -2.212601, 52.426072 ], [ -2.227246, 52.413865 ], [ -2.227173, 52.404744 ], [ -2.236976, 52.39873 ], [ -2.233763, 52.386104 ], [ -2.244315, 52.370064 ], [ -2.226703, 52.3471 ], [ -2.23527, 52.315909 ], [ -2.229509, 52.308388 ], [ -2.227195, 52.296176 ], [ -2.230295, 52.289254 ], [ -2.225401, 52.269806 ], [ -2.228824, 52.24524 ], [ -2.221639, 52.231092 ], [ -2.22829, 52.224679 ], [ -2.227217, 52.205132 ], [ -2.217273, 52.192643 ], [ -2.218085, 52.183049 ], [ -2.212505, 52.172427 ], [ -2.216631, 52.164417 ], [ -2.21551, 52.145674 ], [ -2.22154, 52.133163 ], [ -2.2218, 52.115964 ], [ -2.218246, 52.104256 ], [ -2.202958, 52.089568 ], [ -2.199614, 52.071706 ], [ -2.18791, 52.053384 ], [ -2.172318, 52.045761 ], [ -2.162543, 52.033918 ], [ -2.164977, 52.015303 ], [ -2.161068, 52.001841 ], [ -2.155335, 51.996946 ], [ -2.163835, 51.988047 ], [ -2.155076, 51.979606 ], [ -2.15745, 51.957132 ], [ -2.163721, 51.941755 ], [ -2.210667, 51.913689 ], [ -2.21603, 51.90219 ], [ -2.227496, 51.89571 ], [ -2.238975, 51.881921 ], [ -2.24055, 51.875877 ], [ -2.252708, 51.869181 ], [ -2.252266, 51.864664 ], [ -2.257477, 51.862462 ], [ -2.265217, 51.846496 ], [ -2.271542, 51.842008 ], [ -2.274891, 51.82342 ], [ -2.279587, 51.814673 ], [ -2.289395, 51.805887 ], [ -2.288054, 51.797599 ], [ -2.31858, 51.762811 ], [ -2.420075, 51.660846 ], [ -2.433274, 51.654744 ], [ -2.542902, 51.553906 ], [ -2.567575, 51.546904 ], [ -2.566465, 51.538711 ], [ -2.571652, 51.526 ], [ -2.571003, 51.517745 ], [ -2.593612, 51.470482 ], [ -2.589729, 51.464229 ], [ -2.592562, 51.459049 ] ] } },
{ "type": "Feature", "properties": { "fid": 113, "route_id": "136055", "route_short_name": "UK072", "route_type": 200, "route_type_name": "Coach", "geometry_method": "osm_routed", "n_stops_covered": 0, "n_trips_observed": 0 }, "bbox": [ -2.989281, 53.365431, -0.349145, 53.801702 ], "geometry": { "type": "LineString", "coordinates": [ [ -0.349145, 53.744603 ], [ -0.386119, 53.743412 ], [ -0.399815, 53.736944 ], [ -0.442408, 53.730244 ], [ -0.467241, 53.720374 ], [ -0.539407, 53.727081 ], [ -0.554015, 53.731914 ], [ -0.592472, 53.759943 ], [ -0.66836, 53.769722 ], [ -0.679744, 53.769232 ], [ -0.7133, 53.75791 ], [ -0.78013, 53.74628 ], [ -0.813629, 53.746118 ], [ -0.827833, 53.750832 ], [ -0.874623, 53.747634 ], [ -0.922363, 53.761105 ], [ -0.967939, 53.765983 ], [ -1.03484, 53.796984 ], [ -1.039515, 53.79038 ], [ -1.045231, 53.788221 ], [ -1.123756, 53.774873 ], [ -1.140085, 53.768932 ], [ -1.169473, 53.770186 ], [ -1.225883, 53.760306 ], [ -1.237664, 53.762665 ], [ -1.290546, 53.762105 ], [ -1.295435, 53.770295 ], [ -1.312811, 53.779066 ], [ -1.349539, 53.779074 ], [ -1.40442, 53.786124 ], [ -1.442448, 53.79774 ], [ -1.470666, 53.795833 ], [ -1.487743, 53.801702 ], [ -1.528003, 53.798341 ], [ -1.536929, 53.796476 ], [ -1.533033, 53.795502 ], [ -1.536827, 53.789357 ], [ -1.544022, 53.790826 ], [ -1.54528, 53.786897 ], [ -1.578811, 53.777057 ], [ -1.633418, 53.745593 ], [ -1.651287, 53.740226 ], [ -1.667295, 53.722946 ], [ -1.705656, 53.699245 ], [ -1.713633, 53.690089 ], [ -1.731417, 53.685575 ], [ -1.746926, 53.671896 ], [ -1.766574, 53.669688 ], [ -1.800561, 53.651236 ], [ -1.808445, 53.651323 ], [ -1.813274, 53.643659 ], [ -1.826947, 53.642366 ], [ -1.825996, 53.639459 ], [ -1.857143, 53.625339 ], [ -1.887195, 53.619272 ], [ -1.91266, 53.608279 ], [ -1.94479, 53.587669 ], [ -1.960332, 53.587864 ], [ -1.98569, 53.579893 ], [ -1.999983, 53.564791 ], [ -2.016957, 53.554181 ], [ -2.02813, 53.555276 ], [ -2.057302, 53.546305 ], [ -2.075745, 53.548262 ], [ -2.096941, 53.544322 ], [ -2.114986, 53.537682 ], [ -2.115278, 53.534631 ], [ -2.125583, 53.528085 ], [ -2.137215, 53.525772 ], [ -2.165776, 53.507149 ], [ -2.196186, 53.500501 ], [ -2.232325, 53.485092 ], [ -2.238234, 53.485078 ], [ -2.229929, 53.474006 ], [ -2.246351, 53.469809 ], [ -2.243972, 53.438539 ], [ -2.26656, 53.410379 ], [ -2.268832, 53.39594 ], [ -2.2838, 53.373633 ], [ -2.274074, 53.365431 ], [ -2.295727, 53.374727 ], [ -2.312155, 53.373686 ], [ -2.316148, 53.370749 ], [ -2.325632, 53.37617 ], [ -2.339132, 53.370506 ], [ -2.365057, 53.376591 ], [ -2.372248, 53.372438 ], [ -2.381486, 53.373931 ], [ -2.386639, 53.368367 ], [ -2.410471, 53.374642 ], [ -2.425999, 53.37466 ], [ -2.439662, 53.369215 ], [ -2.512847, 53.383156 ], [ -2.539242, 53.376814 ], [ -2.554527, 53.37762 ], [ -2.59895, 53.385885 ], [ -2.599471, 53.388626 ], [ -2.635061, 53.387448 ], [ -2.744609, 53.402574 ], [ -2.798795, 53.400636 ], [ -2.817963, 53.396113 ], [ -2.868267, 53.407173 ], [ -2.896571, 53.405943 ], [ -2.928186, 53.410237 ], [ -2.945248, 53.408178 ], [ -2.944402, 53.405464 ], [ -2.951014, 53.403621 ], [ -2.978484, 53.4053 ], [ -2.989281, 53.401887 ] ] } },
{ "type": "Feature", "properties": { "fid": 114, "route_id": "136058", "route_short_name": "UK076", "route_type": 200, "route_type_name": "Coach", "geometry_method": "osm_routed", "n_stops_covered": 0, "n_trips_observed": 0 }, "bbox": [ -2.286153, 52.481024, -1.906358, 53.485078 ], "geometry": { "type": "LineString", "coordinates": [ [ -1.906358, 52.481024 ], [ -1.919837, 52.48468 ], [ -1.915739, 52.491954 ], [ -1.919066, 52.498646 ], [ -1.918845, 52.510872 ], [ -1.931515, 52.520008 ], [ -1.929227, 52.542929 ], [ -1.934929, 52.547487 ], [ -1.937436, 52.558199 ], [ -1.973612, 52.579602 ], [ -1.97704, 52.583658 ], [ -1.975634, 52.588503 ], [ -1.982123, 52.588476 ], [ -1.99472, 52.608137 ], [ -2.015927, 52.624685 ], [ -2.043048, 52.639863 ], [ -2.046412, 52.648126 ], [ -2.065441, 52.658022 ], [ -2.067296, 52.663196 ], [ -2.100918, 52.685678 ], [ -2.105565, 52.69549 ], [ -2.103989, 52.760243 ], [ -2.111158, 52.766329 ], [ -2.147399, 52.824635 ], [ -2.144589, 52.830155 ], [ -2.166359, 52.880968 ], [ -2.225846, 52.971853 ], [ -2.22171, 52.985095 ], [ -2.225158, 52.99336 ], [ -2.222294, 53.000755 ], [ -2.231184, 53.008551 ], [ -2.231291, 53.021516 ], [ -2.238713, 53.031594 ], [ -2.252813, 53.06352 ], [ -2.252307, 53.071253 ], [ -2.261798, 53.081472 ], [ -2.25111, 53.106317 ], [ -2.254063, 53.135959 ], [ -2.251313, 53.139724 ], [ -2.257957, 53.144452 ], [ -2.259653, 53.158329 ], [ -2.259841, 53.170963 ], [ -2.254815, 53.172263 ], [ -2.252906, 53.176503 ], [ -2.257557, 53.187656 ], [ -2.256161, 53.193587 ], [ -2.250413, 53.193368 ], [ -2.226699, 53.21167 ], [ -2.236498, 53.222942 ], [ -2.233503, 53.237954 ], [ -2.235756, 53.245035 ], [ -2.234348, 53.263985 ], [ -2.240319, 53.273601 ], [ -2.234504, 53.294665 ], [ -2.237841, 53.304328 ], [ -2.237801, 53.321064 ], [ -2.229527, 53.329725 ], [ -2.230556, 53.333625 ], [ -2.236263, 53.334567 ], [ -2.245078, 53.355117 ], [ -2.243963, 53.362314 ], [ -2.256921, 53.36523 ], [ -2.270682, 53.362723 ], [ -2.286153, 53.372718 ], [ -2.268882, 53.396647 ], [ -2.266647, 53.410992 ], [ -2.245434, 53.435814 ], [ -2.245084, 53.463489 ], [ -2.248316, 53.473618 ], [ -2.242607, 53.4762 ], [ -2.238234, 53.485078 ] ] } },
{ "type": "Feature", "properties": { "fid": 115, "route_id": "136059", "route_short_name": "UK074", "route_type": 200, "route_type_name": "Coach", "geometry_method": "osm_routed", "n_stops_covered": 0, "n_trips_observed": 0 }, "bbox": [ -2.989281, 53.365431, -1.090218, 53.959162 ], "geometry": { "type": "LineString", "coordinates": [ [ -1.090218, 53.959162 ], [ -1.117738, 53.927255 ], [ -1.126314, 53.923925 ], [ -1.146163, 53.917375 ], [ -1.156013, 53.919426 ], [ -1.23358, 53.890643 ], [ -1.263252, 53.875938 ], [ -1.337647, 53.855878 ], [ -1.392944, 53.851149 ], [ -1.447755, 53.8289 ], [ -1.458141, 53.821723 ], [ -1.457426, 53.816921 ], [ -1.488863, 53.809634 ], [ -1.508923, 53.80886 ], [ -1.529679, 53.797272 ], [ -1.536929, 53.796476 ], [ -1.533033, 53.795502 ], [ -1.536827, 53.789357 ], [ -1.544022, 53.790826 ], [ -1.54528, 53.786897 ], [ -1.578811, 53.777057 ], [ -1.633418, 53.745593 ], [ -1.651287, 53.740226 ], [ -1.667295, 53.722946 ], [ -1.705656, 53.699245 ], [ -1.713633, 53.690089 ], [ -1.731417, 53.685575 ], [ -1.746926, 53.671896 ], [ -1.766574, 53.669688 ], [ -1.800561, 53.651236 ], [ -1.808445, 53.651323 ], [ -1.813274, 53.643659 ], [ -1.826947, 53.642366 ], [ -1.825996, 53.639459 ], [ -1.857143, 53.625339 ], [ -1.887195, 53.619272 ], [ -1.91266, 53.608279 ], [ -1.94479, 53.587669 ], [ -1.960332, 53.587864 ], [ -1.98569, 53.579893 ], [ -1.999983, 53.564791 ], [ -2.016957, 53.554181 ], [ -2.02813, 53.555276 ], [ -2.057302, 53.546305 ], [ -2.075745, 53.548262 ], [ -2.096941, 53.544322 ], [ -2.114986, 53.537682 ], [ -2.115278, 53.534631 ], [ -2.125583, 53.528085 ], [ -2.137215, 53.525772 ], [ -2.165776, 53.507149 ], [ -2.196186, 53.500501 ], [ -2.232325, 53.485092 ], [ -2.23724, 53.485605 ], [ -2.238914, 53.483241 ], [ -2.234064, 53.481706 ], [ -2.229929, 53.474006 ], [ -2.246351, 53.469809 ], [ -2.243972, 53.438539 ], [ -2.26656, 53.410379 ], [ -2.268832, 53.39594 ], [ -2.2838, 53.373633 ], [ -2.274074, 53.365431 ], [ -2.295727, 53.374727 ], [ -2.312155, 53.373686 ], [ -2.316148, 53.370749 ], [ -2.325632, 53.37617 ], [ -2.339132, 53.370506 ], [ -2.365057, 53.376591 ], [ -2.372248, 53.372438 ], [ -2.381486, 53.373931 ], [ -2.386639, 53.368367 ], [ -2.410471, 53.374642 ], [ -2.425999, 53.37466 ], [ -2.439662, 53.369215 ], [ -2.512847, 53.383156 ], [ -2.539242, 53.376814 ], [ -2.554527, 53.37762 ], [ -2.59895, 53.385885 ], [ -2.599471, 53.388626 ], [ -2.635061, 53.387448 ], [ -2.744609, 53.402574 ], [ -2.798795, 53.400636 ], [ -2.817963, 53.396113 ], [ -2.868267, 53.407173 ], [ -2.896571, 53.405943 ], [ -2.928186, 53.410237 ], [ -2.945248, 53.408178 ], [ -2.944402, 53.405464 ], [ -2.951014, 53.403621 ], [ -2.978484, 53.4053 ], [ -2.989281, 53.401887 ] ] } },
{ "type": "Feature", "properties": { "fid": 116, "route_id": "136060", "route_short_name": "UK073", "route_type": 200, "route_type_name": "Coach", "geometry_method": "osm_routed", "n_stops_covered": 0, "n_trips_observed": 0 }, "bbox": [ -2.238234, 53.485078, -1.238887, 54.974579 ], "geometry": { "type": "LineString", "coordinates": [ [ -2.238234, 53.485078 ], [ -2.193598, 53.501442 ], [ -2.165776, 53.507149 ], [ -2.137384, 53.525844 ], [ -2.125583, 53.528085 ], [ -2.115511, 53.53463 ], [ -2.116441, 53.538247 ], [ -2.088884, 53.547479 ], [ -2.074036, 53.549688 ], [ -2.057302, 53.546305 ], [ -2.02813, 53.555276 ], [ -2.016957, 53.554181 ], [ -1.999983, 53.564791 ], [ -1.98569, 53.579893 ], [ -1.960332, 53.587864 ], [ -1.94479, 53.587669 ], [ -1.91266, 53.608279 ], [ -1.887195, 53.619272 ], [ -1.857143, 53.625339 ], [ -1.828345, 53.638882 ], [ -1.826947, 53.642366 ], [ -1.813757, 53.643559 ], [ -1.808445, 53.651323 ], [ -1.800679, 53.651417 ], [ -1.766574, 53.669688 ], [ -1.746926, 53.671896 ], [ -1.731517, 53.685829 ], [ -1.714492, 53.689838 ], [ -1.705656, 53.699245 ], [ -1.667295, 53.722946 ], [ -1.651287, 53.740226 ], [ -1.627854, 53.754273 ], [ -1.584275, 53.77758 ], [ -1.581932, 53.775969 ], [ -1.54869, 53.785889 ], [ -1.547255, 53.791439 ], [ -1.539568, 53.790722 ], [ -1.533901, 53.794847 ], [ -1.536929, 53.796476 ], [ -1.491308, 53.815782 ], [ -1.488132, 53.823627 ], [ -1.47515, 53.832611 ], [ -1.462907, 53.853231 ], [ -1.442891, 53.875753 ], [ -1.439731, 53.881558 ], [ -1.44103, 53.889652 ], [ -1.420027, 53.903668 ], [ -1.400892, 53.910199 ], [ -1.38958, 53.923992 ], [ -1.385867, 53.923794 ], [ -1.383292, 53.933505 ], [ -1.389, 53.942325 ], [ -1.386917, 53.949388 ], [ -1.380376, 53.963736 ], [ -1.361911, 53.977171 ], [ -1.365375, 53.998233 ], [ -1.375942, 54.010164 ], [ -1.384159, 54.035771 ], [ -1.395014, 54.081858 ], [ -1.404806, 54.092022 ], [ -1.413846, 54.125719 ], [ -1.429342, 54.154194 ], [ -1.400318, 54.164498 ], [ -1.382844, 54.175935 ], [ -1.358035, 54.203437 ], [ -1.357673, 54.211726 ], [ -1.341701, 54.23291 ], [ -1.34029, 54.236278 ], [ -1.348168, 54.249805 ], [ -1.348673, 54.262567 ], [ -1.337085, 54.296553 ], [ -1.33866, 54.323425 ], [ -1.318693, 54.385523 ], [ -1.325546, 54.468174 ], [ -1.28034, 54.524168 ], [ -1.276908, 54.545211 ], [ -1.269079, 54.560464 ], [ -1.257416, 54.566884 ], [ -1.257127, 54.570288 ], [ -1.257573, 54.57101 ], [ -1.241422, 54.576589 ], [ -1.238887, 54.576483 ], [ -1.241231, 54.576532 ], [ -1.255701, 54.570614 ], [ -1.257127, 54.570288 ], [ -1.257176, 54.570295 ], [ -1.300805, 54.587123 ], [ -1.307585, 54.600272 ], [ -1.313504, 54.623612 ], [ -1.306147, 54.631423 ], [ -1.30107, 54.646786 ], [ -1.301902, 54.680134 ], [ -1.318831, 54.709102 ], [ -1.329565, 54.720895 ], [ -1.364533, 54.737632 ], [ -1.381556, 54.738493 ], [ -1.395305, 54.761393 ], [ -1.417091, 54.7816 ], [ -1.423511, 54.803356 ], [ -1.449874, 54.81559 ], [ -1.456884, 54.829704 ], [ -1.471797, 54.840924 ], [ -1.47007, 54.842704 ], [ -1.476537, 54.850204 ], [ -1.477564, 54.859699 ], [ -1.485637, 54.866719 ], [ -1.524976, 54.877238 ], [ -1.53886, 54.901372 ], [ -1.55957, 54.906884 ], [ -1.562566, 54.914796 ], [ -1.574482, 54.921822 ], [ -1.573354, 54.925409 ], [ -1.590608, 54.943696 ], [ -1.598026, 54.956273 ], [ -1.606108, 54.960108 ], [ -1.600357, 54.961575 ], [ -1.610783, 54.972491 ], [ -1.609802, 54.974579 ] ] } },
{ "type": "Feature", "properties": { "fid": 117, "route_id": "136063", "route_short_name": "UK079", "route_type": 200, "route_type_name": "Coach", "geometry_method": "osm_routed", "n_stops_covered": 0, "n_trips_observed": 0 }, "bbox": [ -2.238234, 52.639486, -1.12179, 53.508815 ], "geometry": { "type": "LineString", "coordinates": [ [ -1.134772, 52.639486 ], [ -1.12179, 52.65089 ], [ -1.122807, 52.658715 ], [ -1.129919, 52.664293 ], [ -1.125582, 52.678991 ], [ -1.126745, 52.716361 ], [ -1.128443, 52.722761 ], [ -1.136011, 52.734025 ], [ -1.136709, 52.734144 ], [ -1.129502, 52.733295 ], [ -1.12844, 52.742242 ], [ -1.149907, 52.750402 ], [ -1.14276, 52.757318 ], [ -1.138445, 52.773192 ], [ -1.148471, 52.785255 ], [ -1.150157, 52.797355 ], [ -1.146523, 52.831603 ], [ -1.141527, 52.848348 ], [ -1.130341, 52.866488 ], [ -1.130201, 52.873037 ], [ -1.142644, 52.891812 ], [ -1.141344, 52.898423 ], [ -1.145375, 52.910472 ], [ -1.135651, 52.91464 ], [ -1.138333, 52.926373 ], [ -1.134584, 52.936522 ], [ -1.139582, 52.941161 ], [ -1.140753, 52.949676 ], [ -1.141562, 52.949796 ], [ -1.14792, 52.948787 ], [ -1.140738, 52.950131 ], [ -1.140922, 52.953274 ], [ -1.154215, 52.968252 ], [ -1.14026, 52.989164 ], [ -1.139395, 53.003592 ], [ -1.132441, 53.013364 ], [ -1.130788, 53.021547 ], [ -1.152783, 53.053704 ], [ -1.160726, 53.073483 ], [ -1.167818, 53.077875 ], [ -1.17777, 53.092199 ], [ -1.181776, 53.107856 ], [ -1.197095, 53.13242 ], [ -1.200136, 53.142665 ], [ -1.213738, 53.152701 ], [ -1.210569, 53.154994 ], [ -1.236371, 53.16653 ], [ -1.252904, 53.178114 ], [ -1.262868, 53.191258 ], [ -1.281983, 53.20175 ], [ -1.285516, 53.207569 ], [ -1.284221, 53.222895 ], [ -1.295572, 53.234102 ], [ -1.295309, 53.246206 ], [ -1.317266, 53.269047 ], [ -1.322801, 53.281806 ], [ -1.334433, 53.293882 ], [ -1.332965, 53.29735 ], [ -1.350812, 53.308615 ], [ -1.350192, 53.314679 ], [ -1.36463, 53.327394 ], [ -1.378878, 53.333054 ], [ -1.408875, 53.354378 ], [ -1.421328, 53.358927 ], [ -1.415772, 53.361616 ], [ -1.419089, 53.370408 ], [ -1.409462, 53.386759 ], [ -1.410574, 53.393627 ], [ -1.420385, 53.403064 ], [ -1.415337, 53.410854 ], [ -1.418747, 53.411713 ], [ -1.411515, 53.41726 ], [ -1.417752, 53.42338 ], [ -1.436608, 53.436755 ], [ -1.457858, 53.441488 ], [ -1.465401, 53.447051 ], [ -1.494362, 53.455483 ], [ -1.508355, 53.468386 ], [ -1.535047, 53.484199 ], [ -1.572126, 53.482245 ], [ -1.683015, 53.500697 ], [ -1.702214, 53.508815 ], [ -1.878015, 53.493518 ], [ -1.978071, 53.471807 ], [ -1.995643, 53.461044 ], [ -2.024903, 53.454203 ], [ -2.072701, 53.453095 ], [ -2.16031, 53.457969 ], [ -2.188249, 53.463831 ], [ -2.194263, 53.471058 ], [ -2.216871, 53.475245 ], [ -2.235603, 53.486117 ], [ -2.238234, 53.485078 ] ] } },
{ "type": "Feature", "properties": { "fid": 118, "route_id": "136068", "route_short_name": "UKN30", "route_type": 200, "route_type_name": "Coach", "geometry_method": "osm_routed", "n_stops_covered": 0, "n_trips_observed": 0 }, "bbox": [ -4.248894, 51.492737, -0.145476, 55.864538 ], "geometry": { "type": "LineString", "coordinates": [ [ -0.148541, 51.492737 ], [ -0.145476, 51.495899 ], [ -0.152318, 51.502761 ], [ -0.151271, 51.508413 ], [ -0.161646, 51.525909 ], [ -0.176155, 51.536048 ], [ -0.175038, 51.542892 ], [ -0.182226, 51.549938 ], [ -0.203628, 51.56142 ], [ -0.208826, 51.569951 ], [ -0.231316, 51.586092 ], [ -0.242439, 51.590737 ], [ -0.256003, 51.591029 ], [ -0.303965, 51.631507 ], [ -0.304579, 51.636755 ], [ -0.33333, 51.647041 ], [ -0.371368, 51.670647 ], [ -0.39099, 51.730041 ], [ -0.415966, 51.765253 ], [ -0.416435, 51.815554 ], [ -0.419363, 51.820258 ], [ -0.464317, 51.839878 ], [ -0.493354, 51.868898 ], [ -0.587996, 51.932121 ], [ -0.672988, 51.982089 ], [ -0.852497, 52.054469 ], [ -0.859216, 52.060822 ], [ -0.986858, 52.130363 ], [ -0.99724, 52.139726 ], [ -1.041377, 52.201295 ], [ -1.066128, 52.227211 ], [ -1.07573, 52.233246 ], [ -1.115949, 52.236731 ], [ -1.162985, 52.250285 ], [ -1.167892, 52.252878 ], [ -1.171662, 52.261041 ], [ -1.218317, 52.289708 ], [ -1.255429, 52.319826 ], [ -1.277453, 52.330145 ], [ -1.39867, 52.356972 ], [ -1.457433, 52.373704 ], [ -1.482121, 52.390099 ], [ -1.499231, 52.393371 ], [ -1.507669, 52.403117 ], [ -1.516909, 52.404507 ], [ -1.519383, 52.409881 ], [ -1.538402, 52.416333 ], [ -1.570777, 52.421649 ], [ -1.572513, 52.425053 ], [ -1.600187, 52.43381 ], [ -1.647488, 52.442603 ], [ -1.680146, 52.446033 ], [ -1.728757, 52.444125 ], [ -1.750761, 52.446485 ], [ -1.762023, 52.451287 ], [ -1.782105, 52.451738 ], [ -1.804012, 52.460801 ], [ -1.839706, 52.463832 ], [ -1.868991, 52.474283 ], [ -1.874427, 52.472625 ], [ -1.87847, 52.481899 ], [ -1.884829, 52.484993 ], [ -1.889066, 52.48126 ], [ -1.89922, 52.484934 ], [ -1.906358, 52.481024 ], [ -1.919837, 52.48468 ], [ -1.915739, 52.491954 ], [ -1.919066, 52.498646 ], [ -1.918845, 52.510872 ], [ -1.931515, 52.520008 ], [ -1.929227, 52.542929 ], [ -1.934929, 52.547487 ], [ -1.937312, 52.558062 ], [ -1.973612, 52.579602 ], [ -1.97704, 52.583658 ], [ -1.975634, 52.588503 ], [ -1.982123, 52.588476 ], [ -1.99472, 52.608137 ], [ -2.015927, 52.624685 ], [ -2.043048, 52.639863 ], [ -2.046412, 52.648126 ], [ -2.065441, 52.658022 ], [ -2.067296, 52.663196 ], [ -2.100918, 52.685678 ], [ -2.105565, 52.69549 ], [ -2.103989, 52.760243 ], [ -2.111158, 52.766329 ], [ -2.147399, 52.824635 ], [ -2.144589, 52.830155 ], [ -2.166359, 52.880968 ], [ -2.225846, 52.971853 ], [ -2.22171, 52.985095 ], [ -2.225158, 52.99336 ], [ -2.222294, 53.000755 ], [ -2.231184, 53.008551 ], [ -2.231291, 53.021516 ], [ -2.238713, 53.031594 ], [ -2.252813, 53.06352 ], [ -2.252307, 53.071253 ], [ -2.261798, 53.081472 ], [ -2.25111, 53.106317 ], [ -2.254063, 53.135959 ], [ -2.251313, 53.139724 ], [ -2.257957, 53.144452 ], [ -2.259841, 53.170963 ], [ -2.253009, 53.175735 ], [ -2.257557, 53.187656 ], [ -2.256161, 53.193587 ], [ -2.250413, 53.193368 ], [ -2.226699, 53.21167 ], [ -2.236498, 53.222942 ], [ -2.233503, 53.237954 ], [ -2.235756, 53.245035 ], [ -2.234348, 53.263985 ], [ -2.240319, 53.273601 ], [ -2.234504, 53.294665 ], [ -2.237841, 53.304328 ], [ -2.23781, 53.320993 ], [ -2.229178, 53.327061 ], [ -2.227668, 53.332916 ], [ -2.215267, 53.347288 ], [ -2.219848, 53.36002 ], [ -2.215799, 53.363521 ], [ -2.216753, 53.374203 ], [ -2.22573, 53.389462 ], [ -2.226584, 53.397637 ], [ -2.204039, 53.441988 ], [ -2.211451, 53.453854 ], [ -2.236346, 53.473068 ], [ -2.241613, 53.480149 ], [ -2.238234, 53.485078 ], [ -2.244777, 53.486938 ], [ -2.263867, 53.512182 ], [ -2.285354, 53.532912 ], [ -2.297259, 53.553306 ], [ -2.291208, 53.563259 ], [ -2.30089, 53.590213 ], [ -2.309468, 53.595137 ], [ -2.312531, 53.608077 ], [ -2.33452, 53.633404 ], [ -2.328856, 53.671235 ], [ -2.332315, 53.681437 ], [ -2.325298, 53.699519 ], [ -2.324612, 53.714548 ], [ -2.329674, 53.717216 ], [ -2.332153, 53.725857 ], [ -2.35032, 53.737649 ], [ -2.373903, 53.766512 ], [ -2.382395, 53.772527 ], [ -2.382415, 53.783906 ], [ -2.388339, 53.793129 ], [ -2.387378, 53.811975 ], [ -2.395524, 53.819831 ], [ -2.395986, 53.828936 ], [ -2.399014, 53.831952 ], [ -2.39141, 53.846395 ], [ -2.395436, 53.848375 ], [ -2.397576, 53.860343 ], [ -2.391319, 53.872487 ], [ -2.421787, 53.896654 ], [ -2.426774, 53.910255 ], [ -2.461711, 53.948532 ], [ -2.440671, 53.967013 ], [ -2.495249, 54.063365 ], [ -2.51022, 54.113099 ], [ -2.507579, 54.12152 ], [ -2.51051, 54.136397 ], [ -2.532491, 54.142181 ], [ -2.530313, 54.148819 ], [ -2.53337, 54.170394 ], [ -2.569099, 54.188712 ], [ -2.571471, 54.213779 ], [ -2.577175, 54.216536 ], [ -2.581312, 54.223749 ], [ -2.580315, 54.237091 ], [ -2.583833, 54.24799 ], [ -2.580591, 54.272946 ], [ -2.569392, 54.295867 ], [ -2.575169, 54.306173 ], [ -2.582777, 54.311636 ], [ -2.584854, 54.319336 ], [ -2.574058, 54.323766 ], [ -2.592161, 54.362368 ], [ -2.596777, 54.384288 ], [ -2.606421, 54.406623 ], [ -2.590447, 54.435843 ], [ -2.594397, 54.43645 ], [ -2.595482, 54.442347 ], [ -2.603025, 54.448705 ], [ -2.611987, 54.452135 ], [ -2.652283, 54.513395 ], [ -2.754157, 54.650025 ], [ -2.764537, 54.655487 ], [ -2.791372, 54.689335 ], [ -2.791389, 54.697584 ], [ -2.868151, 54.792915 ], [ -2.882606, 54.862115 ], [ -2.932846, 54.891744 ], [ -2.933585, 54.895044 ], [ -2.931106, 54.89536 ], [ -2.937362, 54.901652 ], [ -2.937764, 54.909818 ], [ -2.946751, 54.929435 ], [ -3.056889, 54.99796 ], [ -3.07679, 55.007774 ], [ -3.115601, 55.017151 ], [ -3.136681, 55.027707 ], [ -3.279372, 55.066439 ], [ -3.342911, 55.100502 ], [ -3.366455, 55.128215 ], [ -3.412893, 55.213756 ], [ -3.413169, 55.225247 ], [ -3.451696, 55.312255 ], [ -3.461906, 55.316483 ], [ -3.65194, 55.447352 ], [ -3.64789, 55.451999 ], [ -3.694583, 55.500532 ], [ -3.698071, 55.507455 ], [ -3.809534, 55.570613 ], [ -3.885994, 55.64632 ], [ -3.900216, 55.654838 ], [ -3.953452, 55.709555 ], [ -3.960192, 55.71264 ], [ -3.968125, 55.732348 ], [ -3.980556, 55.747923 ], [ -4.010435, 55.768014 ], [ -4.065129, 55.780366 ], [ -4.076636, 55.78514 ], [ -4.078719, 55.790115 ], [ -4.194108, 55.82658 ], [ -4.207982, 55.833114 ], [ -4.210531, 55.838497 ], [ -4.223837, 55.847587 ], [ -4.231909, 55.847269 ], [ -4.231778, 55.850646 ], [ -4.243944, 55.856495 ], [ -4.240212, 55.860008 ], [ -4.248894, 55.864538 ] ] } },
{ "type": "Feature", "properties": { "fid": 119, "route_id": "136074", "route_short_name": "UKN23", "route_type": 200, "route_type_name": "Coach", "geometry_method": "osm_routed", "n_stops_covered": 0, "n_trips_observed": 0 }, "bbox": [ -2.2838, 51.471486, -0.148541, 53.485078 ], "geometry": { "type": "LineString", "coordinates": [ [ -2.238234, 53.485078 ], [ -2.229929, 53.474006 ], [ -2.249582, 53.46729 ], [ -2.248725, 53.459702 ], [ -2.244973, 53.459227 ], [ -2.243972, 53.438539 ], [ -2.26656, 53.410379 ], [ -2.268832, 53.39594 ], [ -2.2838, 53.373633 ], [ -2.273856, 53.364791 ], [ -2.271275, 53.364794 ], [ -2.271806, 53.367387 ], [ -2.243311, 53.362023 ], [ -2.245078, 53.355117 ], [ -2.242179, 53.348292 ], [ -2.236263, 53.334567 ], [ -2.230556, 53.333625 ], [ -2.229527, 53.329725 ], [ -2.237431, 53.320374 ], [ -2.237841, 53.304328 ], [ -2.234504, 53.294665 ], [ -2.239724, 53.273491 ], [ -2.234348, 53.263985 ], [ -2.235756, 53.245035 ], [ -2.233503, 53.237954 ], [ -2.236498, 53.222942 ], [ -2.225869, 53.210742 ], [ -2.224828, 53.200817 ], [ -2.206924, 53.17416 ], [ -2.214991, 53.168318 ], [ -2.175959, 53.148794 ], [ -2.166011, 53.130199 ], [ -2.180446, 53.107839 ], [ -2.180482, 53.084083 ], [ -2.187072, 53.076582 ], [ -2.170943, 53.053902 ], [ -2.174208, 53.046094 ], [ -2.16932, 53.039587 ], [ -2.169656, 53.027975 ], [ -2.173917, 53.022922 ], [ -2.169095, 53.015681 ], [ -2.179754, 53.00614 ], [ -2.177118, 53.002459 ], [ -2.182044, 52.993411 ], [ -2.199265, 52.981885 ], [ -2.202152, 52.973191 ], [ -2.195202, 52.964307 ], [ -2.187539, 52.93563 ], [ -2.162375, 52.909159 ], [ -2.160847, 52.903847 ], [ -2.133179, 52.884733 ], [ -2.130247, 52.871864 ], [ -2.133681, 52.855567 ], [ -2.13878, 52.847104 ], [ -2.118945, 52.809119 ], [ -2.12194, 52.806948 ], [ -2.115378, 52.803925 ], [ -2.120118, 52.790251 ], [ -2.114758, 52.784916 ], [ -2.103817, 52.760353 ], [ -2.10523, 52.695415 ], [ -2.099828, 52.684983 ], [ -2.046412, 52.648126 ], [ -2.043048, 52.639863 ], [ -2.015927, 52.624685 ], [ -1.99472, 52.608137 ], [ -1.984922, 52.589475 ], [ -1.975885, 52.585958 ], [ -1.973189, 52.579369 ], [ -1.937446, 52.558472 ], [ -1.935045, 52.548012 ], [ -1.929137, 52.542856 ], [ -1.931515, 52.520008 ], [ -1.918845, 52.510872 ], [ -1.919066, 52.498646 ], [ -1.911095, 52.491512 ], [ -1.912573, 52.487072 ], [ -1.903524, 52.482258 ], [ -1.907393, 52.480968 ], [ -1.898892, 52.471038 ], [ -1.894632, 52.470708 ], [ -1.89151, 52.464606 ], [ -1.871085, 52.458837 ], [ -1.859049, 52.444485 ], [ -1.849617, 52.441301 ], [ -1.841045, 52.426198 ], [ -1.82899, 52.415693 ], [ -1.820533, 52.398674 ], [ -1.785049, 52.379871 ], [ -1.777346, 52.351198 ], [ -1.744519, 52.337948 ], [ -1.725201, 52.337347 ], [ -1.710118, 52.328797 ], [ -1.682505, 52.304622 ], [ -1.640051, 52.300414 ], [ -1.582595, 52.281474 ], [ -1.573901, 52.274529 ], [ -1.571859, 52.263647 ], [ -1.554054, 52.241446 ], [ -1.500044, 52.216718 ], [ -1.455213, 52.190547 ], [ -1.316621, 52.077308 ], [ -1.210959, 51.955142 ], [ -1.204324, 51.952019 ], [ -1.204009, 51.948972 ], [ -1.211178, 51.943694 ], [ -1.150033, 51.896817 ], [ -1.141506, 51.885631 ], [ -1.129046, 51.880277 ], [ -1.115311, 51.878933 ], [ -1.097838, 51.866999 ], [ -1.080097, 51.837398 ], [ -1.051595, 51.820476 ], [ -1.025439, 51.796298 ], [ -1.027756, 51.792338 ], [ -0.990935, 51.7687 ], [ -0.977813, 51.755701 ], [ -0.977057, 51.746685 ], [ -0.960475, 51.73831 ], [ -0.933181, 51.714265 ], [ -0.90395, 51.697916 ], [ -0.901349, 51.689318 ], [ -0.894849, 51.690797 ], [ -0.868655, 51.685581 ], [ -0.805, 51.644642 ], [ -0.796212, 51.644673 ], [ -0.756265, 51.632422 ], [ -0.749604, 51.626835 ], [ -0.71896, 51.620407 ], [ -0.689896, 51.603022 ], [ -0.633958, 51.596274 ], [ -0.551363, 51.563524 ], [ -0.54085, 51.562587 ], [ -0.516291, 51.547475 ], [ -0.495741, 51.500746 ], [ -0.490409, 51.495745 ], [ -0.452646, 51.496136 ], [ -0.453359, 51.494128 ], [ -0.452534, 51.482053 ], [ -0.452281, 51.481074 ], [ -0.452819, 51.472164 ], [ -0.452117, 51.471486 ], [ -0.454055, 51.471728 ], [ -0.453226, 51.482027 ], [ -0.452534, 51.482053 ], [ -0.4498, 51.481349 ], [ -0.432088, 51.48064 ], [ -0.417843, 51.481339 ], [ -0.394585, 51.475319 ], [ -0.327089, 51.483389 ], [ -0.304166, 51.491452 ], [ -0.252739, 51.487207 ], [ -0.237752, 51.491413 ], [ -0.206918, 51.490948 ], [ -0.16635, 51.49827 ], [ -0.156016, 51.497523 ], [ -0.148541, 51.492737 ] ] } },
{ "type": "Feature", "properties": { "fid": 120, "route_id": "136101", "route_short_name": "121", "route_type": 200, "route_type_name": "Coach", "geometry_method": "osm_routed", "n_stops_covered": 0, "n_trips_observed": 0 }, "bbox": [ -3.052263, 52.47352, -1.876045, 53.8135 ], "geometry": { "type": "LineString", "coordinates": [ [ -3.052263, 53.8135 ], [ -3.036834, 53.805021 ], [ -2.986418, 53.796565 ], [ -2.979294, 53.788312 ], [ -2.925042, 53.786163 ], [ -2.884446, 53.779104 ], [ -2.85183, 53.77785 ], [ -2.818589, 53.767971 ], [ -2.806726, 53.761532 ], [ -2.778012, 53.765115 ], [ -2.757669, 53.761515 ], [ -2.720507, 53.76514 ], [ -2.707332, 53.76211 ], [ -2.698306, 53.763579 ], [ -2.687183, 53.760314 ], [ -2.671616, 53.747507 ], [ -2.645311, 53.74387 ], [ -2.636848, 53.738 ], [ -2.622603, 53.735307 ], [ -2.601125, 53.725569 ], [ -2.575683, 53.72434 ], [ -2.562068, 53.716484 ], [ -2.545796, 53.699431 ], [ -2.533093, 53.69156 ], [ -2.509658, 53.666339 ], [ -2.493087, 53.636746 ], [ -2.463349, 53.623138 ], [ -2.432586, 53.602324 ], [ -2.426178, 53.583052 ], [ -2.390704, 53.545057 ], [ -2.337648, 53.526655 ], [ -2.333858, 53.519582 ], [ -2.313544, 53.508303 ], [ -2.307289, 53.500747 ], [ -2.275474, 53.485387 ], [ -2.25507, 53.483505 ], [ -2.236681, 53.477927 ], [ -2.248316, 53.473618 ], [ -2.24453, 53.463362 ], [ -2.243972, 53.438539 ], [ -2.26656, 53.410379 ], [ -2.268832, 53.39594 ], [ -2.2838, 53.373633 ], [ -2.273856, 53.364791 ], [ -2.271275, 53.364794 ], [ -2.271806, 53.367387 ], [ -2.243431, 53.362174 ], [ -2.245078, 53.355117 ], [ -2.242179, 53.348292 ], [ -2.236263, 53.334567 ], [ -2.230556, 53.333625 ], [ -2.229527, 53.329725 ], [ -2.237431, 53.320374 ], [ -2.237841, 53.304328 ], [ -2.234504, 53.294665 ], [ -2.239724, 53.273491 ], [ -2.234348, 53.263985 ], [ -2.235756, 53.245035 ], [ -2.233503, 53.237954 ], [ -2.236498, 53.222942 ], [ -2.226699, 53.21167 ], [ -2.250413, 53.193368 ], [ -2.256161, 53.193587 ], [ -2.257557, 53.187656 ], [ -2.252906, 53.176503 ], [ -2.259334, 53.170761 ], [ -2.25942, 53.158175 ], [ -2.257957, 53.144452 ], [ -2.251313, 53.139724 ], [ -2.254063, 53.135959 ], [ -2.25111, 53.106317 ], [ -2.261798, 53.081472 ], [ -2.252307, 53.071253 ], [ -2.252681, 53.064938 ], [ -2.238746, 53.032218 ], [ -2.231089, 53.021478 ], [ -2.231184, 53.008551 ], [ -2.222294, 53.000755 ], [ -2.225158, 52.99336 ], [ -2.221649, 52.984503 ], [ -2.225863, 52.972396 ], [ -2.16472, 52.876854 ], [ -2.165261, 52.871003 ], [ -2.144379, 52.830853 ], [ -2.147759, 52.824033 ], [ -2.110874, 52.766348 ], [ -2.103817, 52.760353 ], [ -2.10523, 52.695415 ], [ -2.099828, 52.684983 ], [ -2.046412, 52.648126 ], [ -2.043048, 52.639863 ], [ -2.015927, 52.624685 ], [ -1.99472, 52.608137 ], [ -1.984922, 52.589475 ], [ -1.975885, 52.585958 ], [ -1.973189, 52.579369 ], [ -1.937446, 52.558472 ], [ -1.933635, 52.546428 ], [ -1.900791, 52.521377 ], [ -1.903292, 52.508555 ], [ -1.895088, 52.498534 ], [ -1.895497, 52.492387 ], [ -1.887733, 52.492527 ], [ -1.876045, 52.479745 ], [ -1.886238, 52.47352 ], [ -1.887716, 52.475198 ] ] } },
{ "type": "Feature", "properties": { "fid": 121, "route_id": "136102", "route_short_name": "120", "route_type": 200, "route_type_name": "Coach", "geometry_method": "osm_routed", "n_stops_covered": 0, "n_trips_observed": 0 }, "bbox": [ -2.2838, 52.47352, -1.876045, 53.477927 ], "geometry": { "type": "LineString", "coordinates": [ [ -2.236681, 53.477927 ], [ -2.248316, 53.473618 ], [ -2.24453, 53.463362 ], [ -2.243972, 53.438539 ], [ -2.26656, 53.410379 ], [ -2.268832, 53.39594 ], [ -2.2838, 53.373633 ], [ -2.273856, 53.364791 ], [ -2.271275, 53.364794 ], [ -2.271806, 53.367387 ], [ -2.243431, 53.362174 ], [ -2.245078, 53.355117 ], [ -2.242179, 53.348292 ], [ -2.236263, 53.334567 ], [ -2.230556, 53.333625 ], [ -2.229527, 53.329725 ], [ -2.237431, 53.320374 ], [ -2.237841, 53.304328 ], [ -2.234504, 53.294665 ], [ -2.239724, 53.273491 ], [ -2.234348, 53.263985 ], [ -2.235756, 53.245035 ], [ -2.233503, 53.237954 ], [ -2.236498, 53.222942 ], [ -2.226699, 53.21167 ], [ -2.250413, 53.193368 ], [ -2.256161, 53.193587 ], [ -2.257557, 53.187656 ], [ -2.252906, 53.176503 ], [ -2.259334, 53.170761 ], [ -2.25942, 53.158175 ], [ -2.257957, 53.144452 ], [ -2.251313, 53.139724 ], [ -2.254063, 53.135959 ], [ -2.25111, 53.106317 ], [ -2.261798, 53.081472 ], [ -2.252307, 53.071253 ], [ -2.252681, 53.064938 ], [ -2.238746, 53.032218 ], [ -2.231089, 53.021478 ], [ -2.231184, 53.008551 ], [ -2.222294, 53.000755 ], [ -2.225158, 52.99336 ], [ -2.221649, 52.984503 ], [ -2.225863, 52.972396 ], [ -2.16472, 52.876854 ], [ -2.165261, 52.871003 ], [ -2.144379, 52.830853 ], [ -2.147759, 52.824033 ], [ -2.110874, 52.766348 ], [ -2.103817, 52.760353 ], [ -2.10523, 52.695415 ], [ -2.099828, 52.684983 ], [ -2.046412, 52.648126 ], [ -2.043048, 52.639863 ], [ -2.015927, 52.624685 ], [ -1.99472, 52.608137 ], [ -1.984922, 52.589475 ], [ -1.975885, 52.585958 ], [ -1.973189, 52.579369 ], [ -1.937446, 52.558472 ], [ -1.933635, 52.546428 ], [ -1.900791, 52.521377 ], [ -1.903292, 52.508555 ], [ -1.895088, 52.498534 ], [ -1.895497, 52.492387 ], [ -1.887733, 52.492527 ], [ -1.876045, 52.479745 ], [ -1.886238, 52.47352 ], [ -1.887716, 52.475198 ] ] } },
{ "type": "Feature", "properties": { "fid": 122, "route_id": "136110", "route_short_name": "177", "route_type": 200, "route_type_name": "Coach", "geometry_method": "osm_routed", "n_stops_covered": 0, "n_trips_observed": 0 }, "bbox": [ -2.305179, 53.365923, -1.546658, 54.967348 ], "geometry": { "type": "LineString", "coordinates": [ [ -2.273216, 53.365923 ], [ -2.286153, 53.372718 ], [ -2.285123, 53.376408 ], [ -2.268882, 53.396647 ], [ -2.266647, 53.410992 ], [ -2.2621, 53.417853 ], [ -2.245434, 53.435814 ], [ -2.246802, 53.469861 ], [ -2.237261, 53.474214 ], [ -2.23901, 53.476486 ], [ -2.237686, 53.477303 ], [ -2.236681, 53.477927 ], [ -2.241613, 53.480149 ], [ -2.238819, 53.484778 ], [ -2.244777, 53.486938 ], [ -2.263867, 53.512182 ], [ -2.285354, 53.532912 ], [ -2.297259, 53.553306 ], [ -2.291208, 53.563259 ], [ -2.301399, 53.588205 ], [ -2.289508, 53.593649 ], [ -2.289762, 53.598393 ], [ -2.301149, 53.633778 ], [ -2.305179, 53.679672 ], [ -2.29965, 53.69173 ], [ -2.286601, 53.702032 ], [ -2.285996, 53.705769 ], [ -2.292138, 53.71497 ], [ -2.285734, 53.726077 ], [ -2.285235, 53.740281 ], [ -2.267878, 53.749694 ], [ -2.253506, 53.783269 ], [ -2.238601, 53.789203 ], [ -2.240945, 53.794166 ], [ -2.234176, 53.804586 ], [ -2.236047, 53.819041 ], [ -2.233399, 53.827678 ], [ -2.180364, 53.854862 ], [ -2.168492, 53.857101 ], [ -2.168639, 53.876426 ], [ -2.1514, 53.897624 ], [ -2.145633, 53.915537 ], [ -2.144608, 53.931801 ], [ -2.114133, 53.944743 ], [ -2.11076, 53.950481 ], [ -2.088981, 53.956429 ], [ -2.106134, 53.9831 ], [ -2.100913, 53.984584 ], [ -2.101717, 53.98777 ], [ -2.086046, 54.006193 ], [ -2.057117, 54.028936 ], [ -2.029209, 54.039299 ], [ -2.017358, 54.068613 ], [ -2.027776, 54.079215 ], [ -2.045509, 54.116634 ], [ -2.049273, 54.146885 ], [ -2.04332, 54.14728 ], [ -1.932854, 54.223425 ], [ -1.905102, 54.252702 ], [ -1.905415, 54.256675 ], [ -1.889212, 54.259483 ], [ -1.867819, 54.273824 ], [ -1.860828, 54.302655 ], [ -1.8256, 54.313054 ], [ -1.823316, 54.324322 ], [ -1.825298, 54.330427 ], [ -1.822534, 54.331539 ], [ -1.820597, 54.342555 ], [ -1.803776, 54.351754 ], [ -1.776299, 54.385095 ], [ -1.766763, 54.389794 ], [ -1.74392, 54.393349 ], [ -1.736413, 54.39794 ], [ -1.740412, 54.401104 ], [ -1.73591, 54.406206 ], [ -1.703212, 54.412785 ], [ -1.690163, 54.419136 ], [ -1.670596, 54.437055 ], [ -1.667564, 54.456528 ], [ -1.658986, 54.467137 ], [ -1.618367, 54.484796 ], [ -1.586699, 54.509925 ], [ -1.570637, 54.508598 ], [ -1.559946, 54.522772 ], [ -1.550578, 54.525278 ], [ -1.553845, 54.528027 ], [ -1.552616, 54.537707 ], [ -1.546658, 54.550753 ], [ -1.549247, 54.562142 ], [ -1.563563, 54.589338 ], [ -1.554431, 54.623325 ], [ -1.563784, 54.665066 ], [ -1.556031, 54.681723 ], [ -1.570847, 54.713932 ], [ -1.58617, 54.727278 ], [ -1.594572, 54.771965 ], [ -1.584161, 54.77501 ], [ -1.58404, 54.778542 ], [ -1.594422, 54.791682 ], [ -1.590286, 54.793767 ], [ -1.588283, 54.804649 ], [ -1.593681, 54.828726 ], [ -1.590917, 54.83477 ], [ -1.574625, 54.845502 ], [ -1.572039, 54.85628 ], [ -1.578456, 54.905695 ], [ -1.592661, 54.921719 ], [ -1.604603, 54.927281 ], [ -1.606833, 54.947047 ], [ -1.617925, 54.957652 ], [ -1.61631, 54.959106 ], [ -1.622368, 54.967348 ] ] } },
{ "type": "Feature", "properties": { "fid": 123, "route_id": "136112", "route_short_name": "181", "route_type": 200, "route_type_name": "Coach", "geometry_method": "mixed", "n_stops_covered": 0, "n_trips_observed": 0 }, "bbox": [ -4.254958, 52.47352, -1.876045, 55.865067 ], "geometry": { "type": "LineString", "coordinates": [ [ -4.253853, 55.865067 ], [ -4.254958, 55.862147 ], [ -4.245447, 55.861011 ], [ -4.245751, 55.858246 ], [ -4.231307, 55.850473 ], [ -4.231909, 55.847269 ], [ -4.222623, 55.846685 ], [ -4.210531, 55.838497 ], [ -4.207982, 55.833114 ], [ -4.192437, 55.826168 ], [ -4.078039, 55.790067 ], [ -4.074568, 55.783919 ], [ -4.044484, 55.774284 ], [ -4.046165, 55.772965 ], [ -4.031483, 55.774239 ], [ -4.010435, 55.768014 ], [ -3.980504, 55.748047 ], [ -3.968125, 55.732348 ], [ -3.954249, 55.703407 ], [ -3.930024, 55.674616 ], [ -3.889963, 55.650363 ], [ -3.809357, 55.570713 ], [ -3.697613, 55.507256 ], [ -3.676684, 55.466819 ], [ -3.651219, 55.441235 ], [ -3.447736, 55.309274 ], [ -3.412958, 55.226405 ], [ -3.412651, 55.21352 ], [ -3.366122, 55.128047 ], [ -3.34344, 55.100917 ], [ -3.279179, 55.066541 ], [ -3.135368, 55.027755 ], [ -3.110743, 55.015995 ], [ -3.061827, 55.00302 ], [ -2.983371, 54.954546 ], [ -2.952379, 54.931245 ], [ -2.945283, 54.930877 ], [ -2.937362, 54.901652 ], [ -2.929662, 54.893362 ], [ -2.930919, 54.893042 ], [ -2.931414, 54.892916 ], [ -2.93225, 54.892703 ], [ -2.6063, 54.451959 ], [ -2.59506, 54.440793 ], [ -2.599491, 54.432146 ], [ -2.619654, 54.333633 ], [ -2.720163, 54.232261 ], [ -2.745857, 54.13232 ], [ -2.753397, 54.125654 ], [ -2.770856, 54.070404 ], [ -2.768422, 54.071049 ], [ -2.768888, 54.071412 ], [ -2.770789, 54.071611 ], [ -2.773905, 54.071548 ], [ -2.778501, 54.070017 ], [ -2.795543, 54.052128 ], [ -2.801658, 54.050569 ], [ -2.696065, 53.760233 ], [ -2.698132, 53.759864 ], [ -2.687183, 53.760314 ], [ -2.671616, 53.747507 ], [ -2.645311, 53.74387 ], [ -2.636848, 53.738 ], [ -2.622603, 53.735307 ], [ -2.601125, 53.725569 ], [ -2.575683, 53.72434 ], [ -2.562068, 53.716484 ], [ -2.545796, 53.699431 ], [ -2.533093, 53.69156 ], [ -2.509658, 53.666339 ], [ -2.493087, 53.636746 ], [ -2.463349, 53.623138 ], [ -2.432586, 53.602324 ], [ -2.426178, 53.583052 ], [ -2.390704, 53.545057 ], [ -2.337648, 53.526655 ], [ -2.333858, 53.519582 ], [ -2.313544, 53.508303 ], [ -2.307289, 53.500747 ], [ -2.275474, 53.485387 ], [ -2.25507, 53.483505 ], [ -2.236681, 53.477927 ], [ -2.248316, 53.473618 ], [ -2.24453, 53.463362 ], [ -2.243972, 53.438539 ], [ -2.26656, 53.410379 ], [ -2.268832, 53.39594 ], [ -2.2838, 53.373633 ], [ -2.273856, 53.364791 ], [ -2.271275, 53.364794 ], [ -2.271806, 53.367387 ], [ -2.243431, 53.362174 ], [ -2.245078, 53.355117 ], [ -2.242179, 53.348292 ], [ -2.236263, 53.334567 ], [ -2.230556, 53.333625 ], [ -2.229527, 53.329725 ], [ -2.237431, 53.320374 ], [ -2.237841, 53.304328 ], [ -2.234504, 53.294665 ], [ -2.239724, 53.273491 ], [ -2.234348, 53.263985 ], [ -2.235756, 53.245035 ], [ -2.233503, 53.237954 ], [ -2.236498, 53.222942 ], [ -2.226699, 53.21167 ], [ -2.250413, 53.193368 ], [ -2.256161, 53.193587 ], [ -2.257557, 53.187656 ], [ -2.252906, 53.176503 ], [ -2.259334, 53.170761 ], [ -2.25942, 53.158175 ], [ -2.257957, 53.144452 ], [ -2.251313, 53.139724 ], [ -2.254063, 53.135959 ], [ -2.25111, 53.106317 ], [ -2.261798, 53.081472 ], [ -2.252307, 53.071253 ], [ -2.252681, 53.064938 ], [ -2.238746, 53.032218 ], [ -2.231089, 53.021478 ], [ -2.231184, 53.008551 ], [ -2.222294, 53.000755 ], [ -2.225158, 52.99336 ], [ -2.221649, 52.984503 ], [ -2.225863, 52.972396 ], [ -2.16472, 52.876854 ], [ -2.165261, 52.871003 ], [ -2.144379, 52.830853 ], [ -2.147759, 52.824033 ], [ -2.110874, 52.766348 ], [ -2.103817, 52.760353 ], [ -2.10523, 52.695415 ], [ -2.099828, 52.684983 ], [ -2.046412, 52.648126 ], [ -2.043048, 52.639863 ], [ -2.015927, 52.624685 ], [ -1.99472, 52.608137 ], [ -1.984922, 52.589475 ], [ -1.975885, 52.585958 ], [ -1.973189, 52.579369 ], [ -1.937446, 52.558472 ], [ -1.933635, 52.546428 ], [ -1.900791, 52.521377 ], [ -1.903292, 52.508555 ], [ -1.895088, 52.498534 ], [ -1.895497, 52.492387 ], [ -1.887733, 52.492527 ], [ -1.876045, 52.479745 ], [ -1.886238, 52.47352 ], [ -1.887716, 52.475198 ] ] } },
{ "type": "Feature", "properties": { "fid": 124, "route_id": "136120", "route_short_name": "172", "route_type": 200, "route_type_name": "Coach", "geometry_method": "osm_routed", "n_stops_covered": 0, "n_trips_observed": 0 }, "bbox": [ -2.286153, 53.365923, -1.240795, 54.968106 ], "geometry": { "type": "LineString", "coordinates": [ [ -2.273216, 53.365923 ], [ -2.286153, 53.372718 ], [ -2.285123, 53.376408 ], [ -2.268882, 53.396647 ], [ -2.266647, 53.410992 ], [ -2.2621, 53.417853 ], [ -2.245434, 53.435814 ], [ -2.246709, 53.470236 ], [ -2.237261, 53.474214 ], [ -2.23901, 53.476486 ], [ -2.233877, 53.47773 ], [ -2.231098, 53.485679 ], [ -2.196307, 53.500609 ], [ -2.165776, 53.507149 ], [ -2.137384, 53.525844 ], [ -2.125583, 53.528085 ], [ -2.115511, 53.53463 ], [ -2.116441, 53.538247 ], [ -2.089582, 53.547201 ], [ -2.069996, 53.568204 ], [ -2.057957, 53.573291 ], [ -2.0401, 53.591965 ], [ -2.035001, 53.590444 ], [ -1.974836, 53.619309 ], [ -1.902432, 53.639285 ], [ -1.873596, 53.657346 ], [ -1.825312, 53.670279 ], [ -1.803277, 53.680153 ], [ -1.777016, 53.702646 ], [ -1.780896, 53.710016 ], [ -1.776161, 53.722657 ], [ -1.776995, 53.73339 ], [ -1.770108, 53.740524 ], [ -1.770375, 53.751712 ], [ -1.763505, 53.760268 ], [ -1.761016, 53.778323 ], [ -1.753787, 53.789326 ], [ -1.743441, 53.793177 ], [ -1.71862, 53.793221 ], [ -1.706535, 53.801392 ], [ -1.683722, 53.806139 ], [ -1.668594, 53.804938 ], [ -1.656583, 53.808407 ], [ -1.62254, 53.805674 ], [ -1.56514, 53.795123 ], [ -1.55029, 53.800686 ], [ -1.538812, 53.800993 ], [ -1.534436, 53.800116 ], [ -1.533921, 53.800038 ], [ -1.533772, 53.80001 ], [ -1.536041, 53.79839 ], [ -1.53975, 53.798892 ], [ -1.540226, 53.79769 ], [ -1.535947, 53.797823 ], [ -1.535629, 53.79812 ], [ -1.536041, 53.79839 ], [ -1.536242, 53.798461 ], [ -1.536331, 53.798673 ], [ -1.533921, 53.800038 ], [ -1.5338, 53.800219 ], [ -1.53272, 53.804395 ], [ -1.515642, 53.818044 ], [ -1.48545, 53.824471 ], [ -1.47515, 53.832611 ], [ -1.462907, 53.853231 ], [ -1.442891, 53.875753 ], [ -1.439731, 53.881558 ], [ -1.44103, 53.889652 ], [ -1.420027, 53.903668 ], [ -1.400892, 53.910199 ], [ -1.38958, 53.923992 ], [ -1.385867, 53.923794 ], [ -1.383292, 53.933505 ], [ -1.389, 53.942325 ], [ -1.386917, 53.949388 ], [ -1.380376, 53.963736 ], [ -1.361911, 53.977171 ], [ -1.365375, 53.998233 ], [ -1.375942, 54.010164 ], [ -1.384159, 54.035771 ], [ -1.395014, 54.081858 ], [ -1.404806, 54.092022 ], [ -1.413846, 54.125719 ], [ -1.429342, 54.154194 ], [ -1.400318, 54.164498 ], [ -1.382844, 54.175935 ], [ -1.358035, 54.203437 ], [ -1.357673, 54.211726 ], [ -1.341701, 54.23291 ], [ -1.34029, 54.236278 ], [ -1.348168, 54.249805 ], [ -1.348673, 54.262567 ], [ -1.337085, 54.296553 ], [ -1.33866, 54.323425 ], [ -1.318693, 54.385523 ], [ -1.325546, 54.468174 ], [ -1.28034, 54.524168 ], [ -1.275484, 54.549079 ], [ -1.262922, 54.552303 ], [ -1.258845, 54.562539 ], [ -1.240795, 54.57325 ], [ -1.241128, 54.575911 ], [ -1.257176, 54.570295 ], [ -1.300805, 54.587123 ], [ -1.307585, 54.600272 ], [ -1.313504, 54.623612 ], [ -1.306147, 54.631423 ], [ -1.30107, 54.646786 ], [ -1.302133, 54.68078 ], [ -1.318831, 54.709102 ], [ -1.329565, 54.720895 ], [ -1.360945, 54.735314 ], [ -1.365596, 54.741915 ], [ -1.358353, 54.758362 ], [ -1.357435, 54.768715 ], [ -1.366347, 54.789866 ], [ -1.360828, 54.81012 ], [ -1.368887, 54.817054 ], [ -1.365988, 54.820018 ], [ -1.367739, 54.861611 ], [ -1.365691, 54.866124 ], [ -1.358366, 54.869768 ], [ -1.366172, 54.884668 ], [ -1.400539, 54.912615 ], [ -1.422478, 54.914592 ], [ -1.425711, 54.922423 ], [ -1.461124, 54.925771 ], [ -1.466014, 54.932193 ], [ -1.469765, 54.931716 ], [ -1.474881, 54.941451 ], [ -1.54281, 54.947292 ], [ -1.591239, 54.962796 ], [ -1.59879, 54.961589 ], [ -1.60847, 54.968106 ], [ -1.615557, 54.965517 ], [ -1.622368, 54.967348 ] ] } },
{ "type": "Feature", "properties": { "fid": 125, "route_id": "136121", "route_short_name": "170", "route_type": 200, "route_type_name": "Coach", "geometry_method": "osm_routed", "n_stops_covered": 0, "n_trips_observed": 0 }, "bbox": [ -2.986833, 53.365431, -1.535009, 53.79812 ], "geometry": { "type": "LineString", "coordinates": [ [ -2.986833, 53.402127 ], [ -2.979505, 53.406429 ], [ -2.923319, 53.410249 ], [ -2.896688, 53.406113 ], [ -2.878129, 53.40801 ], [ -2.817522, 53.396267 ], [ -2.794097, 53.40137 ], [ -2.763426, 53.400442 ], [ -2.646641, 53.416326 ], [ -2.600614, 53.414108 ], [ -2.595674, 53.414767 ], [ -2.597055, 53.416094 ], [ -2.597213, 53.416818 ], [ -2.59722, 53.416904 ], [ -2.587661, 53.412581 ], [ -2.569927, 53.41289 ], [ -2.56481, 53.410231 ], [ -2.544329, 53.414263 ], [ -2.522972, 53.406564 ], [ -2.51224, 53.39816 ], [ -2.477495, 53.404417 ], [ -2.465601, 53.409772 ], [ -2.454286, 53.402168 ], [ -2.39168, 53.387272 ], [ -2.390881, 53.383316 ], [ -2.360583, 53.375104 ], [ -2.339132, 53.370506 ], [ -2.325632, 53.37617 ], [ -2.316148, 53.370749 ], [ -2.312155, 53.373686 ], [ -2.295727, 53.374727 ], [ -2.27982, 53.369215 ], [ -2.276354, 53.36609 ], [ -2.273216, 53.365923 ], [ -2.274074, 53.365431 ], [ -2.276462, 53.365832 ], [ -2.276354, 53.36609 ], [ -2.276192, 53.366154 ], [ -2.276224, 53.367652 ], [ -2.286153, 53.372718 ], [ -2.285123, 53.376408 ], [ -2.268882, 53.396647 ], [ -2.266647, 53.410992 ], [ -2.2621, 53.417853 ], [ -2.245434, 53.435814 ], [ -2.246709, 53.470236 ], [ -2.237261, 53.474214 ], [ -2.23901, 53.476486 ], [ -2.233877, 53.47773 ], [ -2.231098, 53.485679 ], [ -2.196307, 53.500609 ], [ -2.165776, 53.507149 ], [ -2.137384, 53.525844 ], [ -2.125583, 53.528085 ], [ -2.115511, 53.53463 ], [ -2.116441, 53.538247 ], [ -2.088884, 53.547479 ], [ -2.074036, 53.549688 ], [ -2.057302, 53.546305 ], [ -2.02813, 53.555276 ], [ -2.016957, 53.554181 ], [ -1.999983, 53.564791 ], [ -1.98569, 53.579893 ], [ -1.960332, 53.587864 ], [ -1.94479, 53.587669 ], [ -1.91266, 53.608279 ], [ -1.887195, 53.619272 ], [ -1.857143, 53.625339 ], [ -1.828345, 53.638882 ], [ -1.826947, 53.642366 ], [ -1.813757, 53.643559 ], [ -1.808445, 53.651323 ], [ -1.800679, 53.651417 ], [ -1.766574, 53.669688 ], [ -1.746926, 53.671896 ], [ -1.731517, 53.685829 ], [ -1.710721, 53.692115 ], [ -1.705656, 53.699245 ], [ -1.667295, 53.722946 ], [ -1.652615, 53.739235 ], [ -1.627854, 53.754273 ], [ -1.584275, 53.77758 ], [ -1.581932, 53.775969 ], [ -1.54869, 53.785889 ], [ -1.547255, 53.791439 ], [ -1.540066, 53.790584 ], [ -1.535009, 53.793444 ], [ -1.535629, 53.79812 ], [ -1.540226, 53.79769 ], [ -1.536337, 53.797804 ] ] } },
{ "type": "Feature", "properties": { "fid": 126, "route_id": "136128", "route_short_name": "421", "route_type": 200, "route_type_name": "Coach", "geometry_method": "osm_routed", "n_stops_covered": 0, "n_trips_observed": 0 }, "bbox": [ -2.986833, 51.492737, -0.145476, 53.489156 ], "geometry": { "type": "LineString", "coordinates": [ [ -0.148541, 51.492737 ], [ -0.145476, 51.495899 ], [ -0.158871, 51.512607 ], [ -0.191259, 51.536102 ], [ -0.287378, 51.617025 ], [ -0.303965, 51.631507 ], [ -0.304579, 51.636755 ], [ -0.33333, 51.647041 ], [ -0.371368, 51.670647 ], [ -0.39099, 51.730041 ], [ -0.415966, 51.765253 ], [ -0.416435, 51.815554 ], [ -0.419363, 51.820258 ], [ -0.464317, 51.839878 ], [ -0.493354, 51.868898 ], [ -0.586774, 51.93128 ], [ -0.590501, 51.96037 ], [ -0.607544, 51.972518 ], [ -0.620947, 51.991217 ], [ -0.635047, 51.997509 ], [ -0.651052, 52.017199 ], [ -0.678779, 52.032886 ], [ -0.676094, 52.037264 ], [ -0.686187, 52.04952 ], [ -0.694434, 52.055412 ], [ -0.694433, 52.052711 ], [ -0.702612, 52.054195 ], [ -0.700626, 52.058117 ], [ -0.744846, 52.081044 ], [ -0.889952, 52.182725 ], [ -0.938619, 52.20818 ], [ -1.007546, 52.22839 ], [ -1.054106, 52.23785 ], [ -1.075851, 52.233438 ], [ -1.115949, 52.236731 ], [ -1.162985, 52.250285 ], [ -1.167892, 52.252878 ], [ -1.171662, 52.261041 ], [ -1.218317, 52.289708 ], [ -1.255429, 52.319826 ], [ -1.277453, 52.330145 ], [ -1.39867, 52.356972 ], [ -1.457433, 52.373704 ], [ -1.482121, 52.390099 ], [ -1.499231, 52.393371 ], [ -1.507669, 52.403117 ], [ -1.516909, 52.404507 ], [ -1.519383, 52.409881 ], [ -1.538402, 52.416333 ], [ -1.570777, 52.421649 ], [ -1.572513, 52.425053 ], [ -1.600187, 52.43381 ], [ -1.647488, 52.442603 ], [ -1.680146, 52.446033 ], [ -1.747591, 52.445956 ], [ -1.762023, 52.451287 ], [ -1.78868, 52.453301 ], [ -1.804012, 52.460801 ], [ -1.839706, 52.463832 ], [ -1.868991, 52.474283 ], [ -1.878637, 52.472436 ], [ -1.889878, 52.474819 ], [ -1.879457, 52.478138 ], [ -1.87847, 52.481899 ], [ -1.888141, 52.491769 ], [ -1.895755, 52.492272 ], [ -1.895943, 52.49942 ], [ -1.901941, 52.505133 ], [ -1.900792, 52.520994 ], [ -1.93447, 52.547 ], [ -1.937436, 52.558199 ], [ -1.973612, 52.579602 ], [ -1.97704, 52.583658 ], [ -1.975634, 52.588503 ], [ -1.982123, 52.588476 ], [ -1.99472, 52.608137 ], [ -2.015927, 52.624685 ], [ -2.043048, 52.639863 ], [ -2.046412, 52.648126 ], [ -2.065441, 52.658022 ], [ -2.067296, 52.663196 ], [ -2.100918, 52.685678 ], [ -2.105565, 52.69549 ], [ -2.103989, 52.760243 ], [ -2.111158, 52.766329 ], [ -2.147399, 52.824635 ], [ -2.144589, 52.830155 ], [ -2.166359, 52.880968 ], [ -2.225846, 52.971853 ], [ -2.22171, 52.985095 ], [ -2.225158, 52.99336 ], [ -2.222294, 53.000755 ], [ -2.231184, 53.008551 ], [ -2.231291, 53.021516 ], [ -2.238713, 53.031594 ], [ -2.252813, 53.06352 ], [ -2.252307, 53.071253 ], [ -2.261798, 53.081472 ], [ -2.25111, 53.106317 ], [ -2.254063, 53.135959 ], [ -2.251313, 53.139724 ], [ -2.257957, 53.144452 ], [ -2.259653, 53.158329 ], [ -2.259841, 53.170963 ], [ -2.254815, 53.172263 ], [ -2.252906, 53.176503 ], [ -2.257557, 53.187656 ], [ -2.256161, 53.193587 ], [ -2.250413, 53.193368 ], [ -2.226699, 53.21167 ], [ -2.236498, 53.222942 ], [ -2.233503, 53.237954 ], [ -2.235756, 53.245035 ], [ -2.234348, 53.263985 ], [ -2.240319, 53.273601 ], [ -2.234504, 53.294665 ], [ -2.237841, 53.304328 ], [ -2.237801, 53.321064 ], [ -2.229527, 53.329725 ], [ -2.230556, 53.333625 ], [ -2.236263, 53.334567 ], [ -2.245078, 53.355117 ], [ -2.243963, 53.362314 ], [ -2.256921, 53.36523 ], [ -2.270682, 53.362723 ], [ -2.286153, 53.372718 ], [ -2.268882, 53.396647 ], [ -2.266647, 53.410992 ], [ -2.245434, 53.435814 ], [ -2.246802, 53.469861 ], [ -2.237261, 53.474214 ], [ -2.23901, 53.476486 ], [ -2.237686, 53.477303 ], [ -2.236681, 53.477927 ], [ -2.244023, 53.475147 ], [ -2.261906, 53.475298 ], [ -2.321441, 53.48516 ], [ -2.371755, 53.489156 ], [ -2.492529, 53.435479 ], [ -2.536795, 53.430904 ], [ -2.567365, 53.424152 ], [ -2.607532, 53.422028 ], [ -2.758267, 53.400761 ], [ -2.798795, 53.400636 ], [ -2.817963, 53.396113 ], [ -2.868267, 53.407173 ], [ -2.896571, 53.405943 ], [ -2.922507, 53.410121 ], [ -2.978484, 53.4053 ], [ -2.986833, 53.402127 ] ] } },
{ "type": "Feature", "properties": { "fid": 127, "route_id": "136134", "route_short_name": "422", "route_type": 200, "route_type_name": "Coach", "geometry_method": "osm_routed", "n_stops_covered": 0, "n_trips_observed": 0 }, "bbox": [ -2.286153, 51.492737, -0.145476, 53.477927 ], "geometry": { "type": "LineString", "coordinates": [ [ -0.148541, 51.492737 ], [ -0.145476, 51.495899 ], [ -0.152318, 51.502761 ], [ -0.150992, 51.507814 ], [ -0.161646, 51.525909 ], [ -0.176128, 51.536014 ], [ -0.175038, 51.542892 ], [ -0.182226, 51.549938 ], [ -0.196823, 51.55914 ], [ -0.197224, 51.562931 ], [ -0.19479, 51.568438 ], [ -0.195466, 51.571642 ], [ -0.195206, 51.571806 ], [ -0.218891, 51.584316 ], [ -0.225636, 51.598903 ], [ -0.234284, 51.600969 ], [ -0.243119, 51.615861 ], [ -0.255453, 51.621314 ], [ -0.256218, 51.641281 ], [ -0.249648, 51.655405 ], [ -0.25464, 51.659284 ], [ -0.256484, 51.669451 ], [ -0.283888, 51.694172 ], [ -0.31216, 51.729626 ], [ -0.317335, 51.730573 ], [ -0.320491, 51.738172 ], [ -0.316791, 51.739664 ], [ -0.335518, 51.749819 ], [ -0.333984, 51.770213 ], [ -0.350226, 51.79497 ], [ -0.354948, 51.814468 ], [ -0.370267, 51.826855 ], [ -0.362969, 51.842683 ], [ -0.373995, 51.850347 ], [ -0.378786, 51.856124 ], [ -0.394586, 51.870042 ], [ -0.396432, 51.870117 ], [ -0.381522, 51.876099 ], [ -0.38383, 51.879782 ], [ -0.376704, 51.8823 ], [ -0.388912, 51.882623 ], [ -0.391528, 51.887312 ], [ -0.412948, 51.896711 ], [ -0.437598, 51.894393 ], [ -0.457133, 51.906539 ], [ -0.481194, 51.912584 ], [ -0.487941, 51.9221 ], [ -0.495939, 51.922641 ], [ -0.517034, 51.939993 ], [ -0.533874, 51.943902 ], [ -0.537979, 51.95288 ], [ -0.583991, 51.961505 ], [ -0.590198, 51.966471 ], [ -0.599912, 51.967429 ], [ -0.607544, 51.972518 ], [ -0.620947, 51.991217 ], [ -0.635047, 51.997509 ], [ -0.651052, 52.017199 ], [ -0.678779, 52.032886 ], [ -0.676094, 52.037264 ], [ -0.686187, 52.04952 ], [ -0.694434, 52.055412 ], [ -0.694433, 52.052711 ], [ -0.702612, 52.054195 ], [ -0.700626, 52.058117 ], [ -0.744846, 52.081044 ], [ -0.900343, 52.188478 ], [ -0.938619, 52.20818 ], [ -1.007546, 52.22839 ], [ -1.054106, 52.23785 ], [ -1.075851, 52.233438 ], [ -1.115949, 52.236731 ], [ -1.162985, 52.250285 ], [ -1.167892, 52.252878 ], [ -1.171662, 52.261041 ], [ -1.218317, 52.289708 ], [ -1.255429, 52.319826 ], [ -1.277453, 52.330145 ], [ -1.39867, 52.356972 ], [ -1.457433, 52.373704 ], [ -1.482884, 52.390417 ], [ -1.485612, 52.399448 ], [ -1.493516, 52.401871 ], [ -1.497501, 52.407431 ], [ -1.504148, 52.406793 ], [ -1.506018, 52.410612 ], [ -1.519162, 52.409557 ], [ -1.554136, 52.420628 ], [ -1.570777, 52.421649 ], [ -1.572513, 52.425053 ], [ -1.600187, 52.43381 ], [ -1.647488, 52.442603 ], [ -1.680146, 52.446033 ], [ -1.728757, 52.444125 ], [ -1.750761, 52.446485 ], [ -1.762023, 52.451287 ], [ -1.782215, 52.451758 ], [ -1.804012, 52.460801 ], [ -1.839706, 52.463832 ], [ -1.868991, 52.474283 ], [ -1.886238, 52.47352 ], [ -1.893396, 52.478537 ], [ -1.900563, 52.474567 ], [ -1.908265, 52.481485 ], [ -1.934661, 52.486681 ], [ -1.956167, 52.49551 ], [ -1.97036, 52.49589 ], [ -1.981766, 52.501879 ], [ -2.011716, 52.502516 ], [ -2.028354, 52.499414 ], [ -2.046321, 52.51041 ], [ -2.073805, 52.513283 ], [ -2.074545, 52.527193 ], [ -2.086237, 52.53148 ], [ -2.089456, 52.540703 ], [ -2.100811, 52.554824 ], [ -2.104207, 52.575099 ], [ -2.12201, 52.583389 ], [ -2.130413, 52.601807 ], [ -2.131022, 52.61716 ], [ -2.125173, 52.634594 ], [ -2.133555, 52.682937 ], [ -2.131764, 52.693134 ], [ -2.111451, 52.733633 ], [ -2.107148, 52.749018 ], [ -2.10878, 52.763254 ], [ -2.147399, 52.824635 ], [ -2.144589, 52.830155 ], [ -2.166359, 52.880968 ], [ -2.225846, 52.971853 ], [ -2.22171, 52.985095 ], [ -2.225158, 52.99336 ], [ -2.222294, 53.000755 ], [ -2.231184, 53.008551 ], [ -2.231291, 53.021516 ], [ -2.238713, 53.031594 ], [ -2.252813, 53.06352 ], [ -2.252307, 53.071253 ], [ -2.261798, 53.081472 ], [ -2.25111, 53.106317 ], [ -2.254063, 53.135959 ], [ -2.251313, 53.139724 ], [ -2.257957, 53.144452 ], [ -2.259653, 53.158329 ], [ -2.259841, 53.170963 ], [ -2.254815, 53.172263 ], [ -2.252906, 53.176503 ], [ -2.257557, 53.187656 ], [ -2.256161, 53.193587 ], [ -2.250413, 53.193368 ], [ -2.226699, 53.21167 ], [ -2.236498, 53.222942 ], [ -2.233503, 53.237954 ], [ -2.235756, 53.245035 ], [ -2.234348, 53.263985 ], [ -2.240319, 53.273601 ], [ -2.234504, 53.294665 ], [ -2.237841, 53.304328 ], [ -2.237801, 53.321064 ], [ -2.229527, 53.329725 ], [ -2.230556, 53.333625 ], [ -2.236263, 53.334567 ], [ -2.245078, 53.355117 ], [ -2.243963, 53.362314 ], [ -2.256921, 53.36523 ], [ -2.270682, 53.362723 ], [ -2.286153, 53.372718 ], [ -2.268882, 53.396647 ], [ -2.266647, 53.410992 ], [ -2.245434, 53.435814 ], [ -2.246802, 53.469861 ], [ -2.237261, 53.474214 ], [ -2.23901, 53.476486 ], [ -2.236681, 53.477927 ] ] } },
{ "type": "Feature", "properties": { "fid": 128, "route_id": "136140", "route_short_name": "424", "route_type": 200, "route_type_name": "Coach", "geometry_method": "mixed", "n_stops_covered": 0, "n_trips_observed": 0 }, "bbox": [ -3.052263, 51.492737, -0.145476, 53.8135 ], "geometry": { "type": "LineString", "coordinates": [ [ -0.148541, 51.492737 ], [ -0.145476, 51.495899 ], [ -0.158871, 51.512607 ], [ -0.191259, 51.536102 ], [ -0.287378, 51.617025 ], [ -0.303965, 51.631507 ], [ -0.304579, 51.636755 ], [ -0.33333, 51.647041 ], [ -0.371368, 51.670647 ], [ -0.39099, 51.730041 ], [ -0.415966, 51.765253 ], [ -0.416435, 51.815554 ], [ -0.419363, 51.820258 ], [ -0.464317, 51.839878 ], [ -0.493354, 51.868898 ], [ -0.587996, 51.932121 ], [ -0.672988, 51.982089 ], [ -0.852497, 52.054469 ], [ -0.859216, 52.060822 ], [ -0.986858, 52.130363 ], [ -0.99724, 52.139726 ], [ -1.041377, 52.201295 ], [ -1.066128, 52.227211 ], [ -1.07573, 52.233246 ], [ -1.115949, 52.236731 ], [ -1.162985, 52.250285 ], [ -1.167892, 52.252878 ], [ -1.171662, 52.261041 ], [ -1.218317, 52.289708 ], [ -1.255429, 52.319826 ], [ -1.277453, 52.330145 ], [ -1.39867, 52.356972 ], [ -1.457433, 52.373704 ], [ -1.482121, 52.390099 ], [ -1.499231, 52.393371 ], [ -1.507669, 52.403117 ], [ -1.516909, 52.404507 ], [ -1.519383, 52.409881 ], [ -1.538402, 52.416333 ], [ -1.570777, 52.421649 ], [ -1.572513, 52.425053 ], [ -1.600187, 52.43381 ], [ -1.647488, 52.442603 ], [ -1.680146, 52.446033 ], [ -1.702559, 52.445511 ], [ -1.722765, 52.443637 ], [ -1.727819, 52.443803 ], [ -1.730172, 52.44635 ], [ -1.730374, 52.446694 ], [ -1.730841, 52.453402 ], [ -1.729966, 52.446829 ], [ -1.724265, 52.447464 ], [ -1.724561, 52.44396 ], [ -1.725308, 52.443892 ], [ -1.725387, 52.443928 ], [ -1.728757, 52.444125 ], [ -1.747591, 52.445956 ], [ -1.762023, 52.451287 ], [ -1.78868, 52.453301 ], [ -1.804012, 52.460801 ], [ -1.839706, 52.463832 ], [ -1.868991, 52.474283 ], [ -1.878637, 52.472436 ], [ -1.889878, 52.474819 ], [ -1.879457, 52.478138 ], [ -1.87847, 52.481899 ], [ -1.888141, 52.491769 ], [ -1.895755, 52.492272 ], [ -1.895943, 52.49942 ], [ -1.901941, 52.505133 ], [ -1.900792, 52.520994 ], [ -1.93447, 52.547 ], [ -1.937436, 52.558199 ], [ -1.973612, 52.579602 ], [ -1.97704, 52.583658 ], [ -1.975634, 52.588503 ], [ -1.977368, 52.588879 ], [ -1.979548, 52.588713 ], [ -1.981475, 52.58854 ], [ -1.984521, 52.586604 ], [ -1.979548, 52.588713 ], [ -1.986052, 52.593666 ], [ -1.992413, 52.605873 ], [ -2.004271, 52.614076 ], [ -2.004093, 52.627194 ], [ -2.012999, 52.642436 ], [ -2.010902, 52.662526 ], [ -2.018662, 52.668337 ], [ -2.019368, 52.672708 ], [ -2.023856, 52.67279 ], [ -2.027507, 52.689687 ], [ -2.031605, 52.691697 ], [ -2.040003, 52.708088 ], [ -2.041779, 52.714606 ], [ -2.039259, 52.720931 ], [ -2.052554, 52.75452 ], [ -2.053393, 52.766064 ], [ -2.075748, 52.779003 ], [ -2.083744, 52.790436 ], [ -2.083554, 52.798423 ], [ -2.074404, 52.806555 ], [ -2.075089, 52.815859 ], [ -2.06353, 52.829703 ], [ -2.088298, 52.840683 ], [ -2.078164, 52.86148 ], [ -2.081336, 52.867063 ], [ -2.076149, 52.88152 ], [ -2.080154, 52.89556 ], [ -2.077188, 52.909922 ], [ -2.08049, 52.912044 ], [ -2.082485, 52.924113 ], [ -2.107139, 52.957966 ], [ -2.107339, 52.965761 ], [ -2.134351, 52.984318 ], [ -2.136223, 52.989921 ], [ -2.160162, 52.998674 ], [ -2.173972, 53.022215 ], [ -2.171717, 53.025544 ], [ -2.17516, 53.030153 ], [ -2.169775, 53.03298 ], [ -2.16932, 53.039587 ], [ -2.174208, 53.046094 ], [ -2.170943, 53.053902 ], [ -2.187072, 53.076582 ], [ -2.180482, 53.084083 ], [ -2.180446, 53.107839 ], [ -2.166011, 53.130199 ], [ -2.175959, 53.148794 ], [ -2.215309, 53.168636 ], [ -2.208026, 53.172352 ], [ -2.210958, 53.182716 ], [ -2.224828, 53.200817 ], [ -2.225869, 53.210742 ], [ -2.236498, 53.222942 ], [ -2.233503, 53.237954 ], [ -2.235756, 53.245035 ], [ -2.234348, 53.263985 ], [ -2.240319, 53.273601 ], [ -2.234504, 53.294665 ], [ -2.237841, 53.304328 ], [ -2.23781, 53.320993 ], [ -2.230162, 53.327707 ], [ -2.230556, 53.333625 ], [ -2.236263, 53.334567 ], [ -2.245078, 53.355117 ], [ -2.243963, 53.362314 ], [ -2.256921, 53.36523 ], [ -2.270682, 53.362723 ], [ -2.286153, 53.372718 ], [ -2.268882, 53.396647 ], [ -2.266647, 53.410992 ], [ -2.245434, 53.435814 ], [ -2.246802, 53.469861 ], [ -2.237261, 53.474214 ], [ -2.23901, 53.476486 ], [ -2.237686, 53.477303 ], [ -2.236681, 53.477927 ], [ -2.25507, 53.483505 ], [ -2.275551, 53.485295 ], [ -2.31057, 53.501899 ], [ -2.313159, 53.508 ], [ -2.333858, 53.519582 ], [ -2.338693, 53.527113 ], [ -2.390336, 53.544679 ], [ -2.425629, 53.576649 ], [ -2.426907, 53.576301 ], [ -2.696065, 53.760233 ], [ -2.697451, 53.758484 ], [ -2.695941, 53.758915 ], [ -2.695058, 53.759199 ], [ -2.694507, 53.75935 ], [ -2.693121, 53.76001 ], [ -2.693665, 53.761786 ], [ -2.7216, 53.76446 ], [ -2.806726, 53.761532 ], [ -2.830931, 53.772357 ], [ -2.853378, 53.778046 ], [ -2.884446, 53.779104 ], [ -2.925042, 53.786163 ], [ -2.979294, 53.788312 ], [ -2.986982, 53.796581 ], [ -3.036834, 53.805021 ], [ -3.052263, 53.8135 ] ] } },
{ "type": "Feature", "properties": { "fid": 129, "route_id": "136159", "route_short_name": "590", "route_type": 200, "route_type_name": "Coach", "geometry_method": "mixed", "n_stops_covered": 0, "n_trips_observed": 0 }, "bbox": [ -4.254958, 51.493112, -0.144614, 55.865067 ], "geometry": { "type": "LineString", "coordinates": [ [ -4.253853, 55.865067 ], [ -4.254958, 55.862147 ], [ -4.245447, 55.861011 ], [ -4.245751, 55.858246 ], [ -4.231307, 55.850473 ], [ -4.231909, 55.847269 ], [ -4.222623, 55.846685 ], [ -4.210531, 55.838497 ], [ -4.207982, 55.833114 ], [ -4.192437, 55.826168 ], [ -4.078039, 55.790067 ], [ -4.074568, 55.783919 ], [ -4.044484, 55.774284 ], [ -4.046165, 55.772965 ], [ -4.031483, 55.774239 ], [ -4.010435, 55.768014 ], [ -3.980504, 55.748047 ], [ -3.968125, 55.732348 ], [ -3.954249, 55.703407 ], [ -3.930024, 55.674616 ], [ -3.889963, 55.650363 ], [ -3.809357, 55.570713 ], [ -3.697613, 55.507256 ], [ -3.676684, 55.466819 ], [ -3.651219, 55.441235 ], [ -3.447736, 55.309274 ], [ -3.412958, 55.226405 ], [ -3.412651, 55.21352 ], [ -3.366122, 55.128047 ], [ -3.34344, 55.100917 ], [ -3.279179, 55.066541 ], [ -3.135368, 55.027755 ], [ -3.110743, 55.015995 ], [ -3.061827, 55.00302 ], [ -2.983371, 54.954546 ], [ -2.952379, 54.931245 ], [ -2.945283, 54.930877 ], [ -2.937362, 54.901652 ], [ -2.931203, 54.895672 ], [ -2.929662, 54.893362 ], [ -2.93225, 54.892703 ], [ -2.93031, 54.894198 ], [ -2.929662, 54.893362 ], [ -2.928893, 54.892343 ], [ -2.928176, 54.891307 ], [ -2.929623, 54.890321 ], [ -2.882606, 54.862115 ], [ -2.863214, 54.847079 ], [ -2.850914, 54.82756 ], [ -2.808786, 54.782245 ], [ -2.780695, 54.726257 ], [ -2.760193, 54.670151 ], [ -2.754573, 54.666449 ], [ -2.757908, 54.663505 ], [ -2.6063, 54.451959 ], [ -2.590447, 54.435843 ], [ -2.606421, 54.406623 ], [ -2.596777, 54.384288 ], [ -2.592161, 54.362368 ], [ -2.574058, 54.323766 ], [ -2.584854, 54.319336 ], [ -2.582777, 54.311636 ], [ -2.575169, 54.306173 ], [ -2.569392, 54.295867 ], [ -2.580591, 54.272946 ], [ -2.583833, 54.24799 ], [ -2.580315, 54.237091 ], [ -2.581312, 54.223749 ], [ -2.577175, 54.216536 ], [ -2.571471, 54.213779 ], [ -2.569099, 54.188712 ], [ -2.53337, 54.170394 ], [ -2.530313, 54.148819 ], [ -2.532491, 54.142181 ], [ -2.51051, 54.136397 ], [ -2.507579, 54.12152 ], [ -2.51022, 54.113099 ], [ -2.495249, 54.063365 ], [ -2.440671, 53.967013 ], [ -2.461711, 53.948532 ], [ -2.426774, 53.910255 ], [ -2.421787, 53.896654 ], [ -2.389041, 53.872291 ], [ -2.397576, 53.860343 ], [ -2.395436, 53.848375 ], [ -2.390795, 53.846532 ], [ -2.397789, 53.831982 ], [ -2.39658, 53.821854 ], [ -2.387378, 53.811975 ], [ -2.388339, 53.793129 ], [ -2.382415, 53.783906 ], [ -2.382395, 53.772527 ], [ -2.361303, 53.753676 ], [ -2.350278, 53.737611 ], [ -2.326422, 53.723574 ], [ -2.325342, 53.706749 ], [ -2.312073, 53.693012 ], [ -2.31466, 53.687063 ], [ -2.308335, 53.682717 ], [ -2.30591, 53.675006 ], [ -2.301149, 53.633778 ], [ -2.289936, 53.60076 ], [ -2.289508, 53.593649 ], [ -2.301399, 53.588205 ], [ -2.291208, 53.563259 ], [ -2.297259, 53.553306 ], [ -2.285354, 53.532912 ], [ -2.263867, 53.512182 ], [ -2.2569, 53.500858 ], [ -2.259571, 53.499232 ], [ -2.257964, 53.483379 ], [ -2.236681, 53.477927 ], [ -2.23901, 53.476486 ], [ -2.236346, 53.473068 ], [ -2.211451, 53.453854 ], [ -2.203649, 53.442091 ], [ -2.226395, 53.397488 ], [ -2.224667, 53.387743 ], [ -2.217566, 53.380067 ], [ -2.215799, 53.363521 ], [ -2.219848, 53.36002 ], [ -2.215202, 53.347646 ], [ -2.227668, 53.332916 ], [ -2.229178, 53.327061 ], [ -2.237431, 53.320374 ], [ -2.237841, 53.304328 ], [ -2.234504, 53.294665 ], [ -2.239724, 53.273491 ], [ -2.234348, 53.263985 ], [ -2.235756, 53.245035 ], [ -2.233503, 53.237954 ], [ -2.236498, 53.222942 ], [ -2.226699, 53.21167 ], [ -2.250413, 53.193368 ], [ -2.256161, 53.193587 ], [ -2.257557, 53.187656 ], [ -2.252906, 53.176503 ], [ -2.259334, 53.170761 ], [ -2.25942, 53.158175 ], [ -2.257957, 53.144452 ], [ -2.251313, 53.139724 ], [ -2.254063, 53.135959 ], [ -2.25111, 53.106317 ], [ -2.261798, 53.081472 ], [ -2.252307, 53.071253 ], [ -2.252681, 53.064938 ], [ -2.238746, 53.032218 ], [ -2.231089, 53.021478 ], [ -2.231184, 53.008551 ], [ -2.222294, 53.000755 ], [ -2.225158, 52.99336 ], [ -2.221649, 52.984503 ], [ -2.225863, 52.972396 ], [ -2.16472, 52.876854 ], [ -2.165261, 52.871003 ], [ -2.144379, 52.830853 ], [ -2.147759, 52.824033 ], [ -2.110874, 52.766348 ], [ -2.103817, 52.760353 ], [ -2.10523, 52.695415 ], [ -2.099828, 52.684983 ], [ -2.046412, 52.648126 ], [ -2.043048, 52.639863 ], [ -2.015927, 52.624685 ], [ -1.99472, 52.608137 ], [ -1.984922, 52.589475 ], [ -1.975885, 52.585958 ], [ -1.973189, 52.579369 ], [ -1.937446, 52.558472 ], [ -1.933635, 52.546428 ], [ -1.900791, 52.521377 ], [ -1.903292, 52.508555 ], [ -1.895088, 52.498534 ], [ -1.895497, 52.492387 ], [ -1.887733, 52.492527 ], [ -1.876045, 52.479745 ], [ -1.888427, 52.474322 ], [ -1.868991, 52.474283 ], [ -1.839812, 52.464404 ], [ -1.80425, 52.461092 ], [ -1.783696, 52.452177 ], [ -1.763669, 52.451559 ], [ -1.73209, 52.442975 ], [ -1.677969, 52.44606 ], [ -1.614082, 52.438375 ], [ -1.569235, 52.422365 ], [ -1.538402, 52.416333 ], [ -1.518911, 52.409886 ], [ -1.516394, 52.404323 ], [ -1.501966, 52.404874 ], [ -1.494309, 52.393308 ], [ -1.481898, 52.390566 ], [ -1.460673, 52.375132 ], [ -1.398621, 52.357161 ], [ -1.281876, 52.333566 ], [ -1.255429, 52.319826 ], [ -1.218317, 52.289708 ], [ -1.173945, 52.262919 ], [ -1.167821, 52.252793 ], [ -1.162985, 52.250285 ], [ -1.115949, 52.236731 ], [ -1.075273, 52.233464 ], [ -1.055571, 52.237947 ], [ -1.022126, 52.229714 ], [ -1.015857, 52.231074 ], [ -0.938945, 52.208418 ], [ -0.890052, 52.182995 ], [ -0.750618, 52.085011 ], [ -0.699933, 52.059586 ], [ -0.701781, 52.054611 ], [ -0.694374, 52.052762 ], [ -0.694434, 52.055412 ], [ -0.68608, 52.049576 ], [ -0.675699, 52.036689 ], [ -0.6775, 52.031924 ], [ -0.651052, 52.017199 ], [ -0.635047, 51.997509 ], [ -0.620947, 51.991217 ], [ -0.607544, 51.972518 ], [ -0.590501, 51.96037 ], [ -0.586774, 51.93128 ], [ -0.493354, 51.868898 ], [ -0.464317, 51.839878 ], [ -0.45111, 51.83197 ], [ -0.415117, 51.819703 ], [ -0.406063, 51.812516 ], [ -0.376047, 51.772711 ], [ -0.352975, 51.757549 ], [ -0.362071, 51.748985 ], [ -0.349138, 51.741867 ], [ -0.316022, 51.681522 ], [ -0.286619, 51.663186 ], [ -0.279575, 51.653943 ], [ -0.276846, 51.655288 ], [ -0.254252, 51.643465 ], [ -0.254312, 51.621333 ], [ -0.242865, 51.615861 ], [ -0.238697, 51.604334 ], [ -0.23357, 51.600199 ], [ -0.234093, 51.592749 ], [ -0.221603, 51.589717 ], [ -0.218801, 51.584492 ], [ -0.195206, 51.571806 ], [ -0.197036, 51.559817 ], [ -0.190983, 51.554255 ], [ -0.193186, 51.542498 ], [ -0.165445, 51.522627 ], [ -0.151278, 51.505781 ], [ -0.151321, 51.501713 ], [ -0.144614, 51.49701 ], [ -0.148261, 51.493112 ] ] } },
{ "type": "Feature", "properties": { "fid": 130, "route_id": "136165", "route_short_name": "594", "route_type": 200, "route_type_name": "Coach", "geometry_method": "mixed", "n_stops_covered": 0, "n_trips_observed": 0 }, "bbox": [ -3.221704, 51.471486, -0.148541, 55.956265 ], "geometry": { "type": "LineString", "coordinates": [ [ -0.148541, 51.492737 ], [ -0.156016, 51.497523 ], [ -0.166229, 51.498216 ], [ -0.206848, 51.490843 ], [ -0.239749, 51.49127 ], [ -0.252247, 51.486643 ], [ -0.304301, 51.49116 ], [ -0.326829, 51.483252 ], [ -0.393894, 51.475101 ], [ -0.419999, 51.481174 ], [ -0.449818, 51.481221 ], [ -0.452605, 51.480617 ], [ -0.452117, 51.471486 ], [ -2.409123, 53.308896 ], [ -2.497553, 53.347276 ], [ -2.509879, 53.362456 ], [ -2.507559, 53.393893 ], [ -2.512224, 53.400203 ], [ -2.630874, 53.467957 ], [ -2.655069, 53.489648 ], [ -2.659827, 53.50186 ], [ -2.698658, 53.529343 ], [ -2.689398, 53.627947 ], [ -2.691808, 53.634737 ], [ -2.679058, 53.695792 ], [ -2.673073, 53.69701 ], [ -2.670036, 53.710988 ], [ -2.660661, 53.728561 ], [ -2.662861, 53.735672 ], [ -2.670201, 53.739435 ], [ -2.672843, 53.748917 ], [ -2.687183, 53.760314 ], [ -2.697642, 53.76259 ], [ -2.704791, 53.768358 ], [ -2.714504, 53.796694 ], [ -2.734096, 53.820205 ], [ -2.740721, 53.841389 ], [ -2.746635, 53.849508 ], [ -2.744246, 53.861199 ], [ -2.757668, 53.871428 ], [ -2.770264, 53.895233 ], [ -2.776031, 53.900058 ], [ -2.772788, 53.904945 ], [ -2.78029, 53.923036 ], [ -2.775794, 53.930694 ], [ -2.774911, 53.956296 ], [ -2.786308, 53.981312 ], [ -2.781411, 53.984552 ], [ -2.768146, 54.082893 ], [ -2.754272, 54.125237 ], [ -2.750796, 54.128685 ], [ -2.754551, 54.141243 ], [ -2.74597, 54.149943 ], [ -2.751692, 54.165638 ], [ -2.748314, 54.175258 ], [ -2.753153, 54.194124 ], [ -2.772929, 54.20975 ], [ -2.758768, 54.229521 ], [ -2.754117, 54.243806 ], [ -2.746745, 54.251738 ], [ -2.747556, 54.275767 ], [ -2.738465, 54.288763 ], [ -2.741796, 54.318645 ], [ -2.74756, 54.326784 ], [ -2.743192, 54.328097 ], [ -2.74575, 54.330674 ], [ -2.738952, 54.332349 ], [ -2.738974, 54.339179 ], [ -2.727067, 54.353715 ], [ -2.722878, 54.368291 ], [ -2.725916, 54.370457 ], [ -2.72948, 54.386836 ], [ -2.701713, 54.404907 ], [ -2.669502, 54.506974 ], [ -2.669979, 54.51878 ], [ -2.677837, 54.531528 ], [ -2.701159, 54.596254 ], [ -2.717034, 54.608409 ], [ -2.715567, 54.621344 ], [ -2.719163, 54.628898 ], [ -2.739752, 54.648652 ], [ -2.750016, 54.662365 ], [ -2.74832, 54.664866 ], [ -2.760193, 54.670151 ], [ -2.780695, 54.726257 ], [ -2.806658, 54.779046 ], [ -2.850914, 54.82756 ], [ -2.863214, 54.847079 ], [ -2.915294, 54.883129 ], [ -2.932846, 54.891744 ], [ -2.93336, 54.893978 ], [ -2.928543, 54.895007 ], [ -2.937362, 54.901652 ], [ -2.937764, 54.909818 ], [ -2.947325, 54.929886 ], [ -2.943287, 54.950729 ], [ -2.951598, 54.984786 ], [ -2.957727, 54.994676 ], [ -2.972546, 55.009392 ], [ -2.980589, 55.011486 ], [ -2.985264, 55.019816 ], [ -2.960692, 55.042025 ], [ -2.957964, 55.077836 ], [ -2.967631, 55.092536 ], [ -2.979221, 55.103022 ], [ -2.989987, 55.122573 ], [ -2.988251, 55.140977 ], [ -3.000359, 55.152257 ], [ -3.022427, 55.161514 ], [ -3.039855, 55.186442 ], [ -3.124058, 55.211237 ], [ -3.169157, 55.236033 ], [ -3.176051, 55.267852 ], [ -3.182185, 55.274306 ], [ -3.150508, 55.418507 ], [ -3.103905, 55.44756 ], [ -3.100006, 55.454889 ], [ -3.09716, 55.512952 ], [ -3.078076, 55.591417 ], [ -3.067015, 55.602005 ], [ -3.114443, 55.642071 ], [ -3.184714, 55.651634 ], [ -3.202358, 55.674116 ], [ -3.206539, 55.711801 ], [ -3.204645, 55.747631 ], [ -3.221704, 55.786339 ], [ -3.204796, 55.801727 ], [ -3.201327, 55.810879 ], [ -3.200506, 55.834926 ], [ -3.191084, 55.852603 ], [ -3.161181, 55.892083 ], [ -3.16157, 55.898678 ], [ -3.168652, 55.909204 ], [ -3.166855, 55.926468 ], [ -3.186056, 55.947189 ], [ -3.189104, 55.953358 ], [ -3.187, 55.956265 ], [ -3.190553, 55.955949 ] ] } },
{ "type": "Feature", "properties": { "fid": 131, "route_id": "136167", "route_short_name": "540", "route_type": 200, "route_type_name": "Coach", "geometry_method": "osm_routed", "n_stops_covered": 0, "n_trips_observed": 0 }, "bbox": [ -2.493054, 51.492737, -0.145476, 53.7884 ], "geometry": { "type": "LineString", "coordinates": [ [ -0.148541, 51.492737 ], [ -0.145476, 51.495899 ], [ -0.158871, 51.512607 ], [ -0.191259, 51.536102 ], [ -0.287378, 51.617025 ], [ -0.303965, 51.631507 ], [ -0.304579, 51.636755 ], [ -0.33333, 51.647041 ], [ -0.371368, 51.670647 ], [ -0.39099, 51.730041 ], [ -0.415966, 51.765253 ], [ -0.416435, 51.815554 ], [ -0.419363, 51.820258 ], [ -0.464317, 51.839878 ], [ -0.493354, 51.868898 ], [ -0.586774, 51.93128 ], [ -0.590501, 51.96037 ], [ -0.607544, 51.972518 ], [ -0.620947, 51.991217 ], [ -0.635047, 51.997509 ], [ -0.651052, 52.017199 ], [ -0.678779, 52.032886 ], [ -0.676094, 52.037264 ], [ -0.682412, 52.046452 ], [ -0.694434, 52.055412 ], [ -0.694433, 52.052711 ], [ -0.702612, 52.054195 ], [ -0.700626, 52.058117 ], [ -0.744846, 52.081044 ], [ -0.900343, 52.188478 ], [ -0.938619, 52.20818 ], [ -1.022915, 52.231732 ], [ -1.120252, 52.304462 ], [ -1.140918, 52.324766 ], [ -1.154944, 52.350018 ], [ -1.170229, 52.357988 ], [ -1.233634, 52.431502 ], [ -1.304562, 52.493034 ], [ -1.483391, 52.558598 ], [ -1.477262, 52.581551 ], [ -1.478344, 52.597808 ], [ -1.474249, 52.6165 ], [ -1.501827, 52.640744 ], [ -1.537635, 52.657603 ], [ -1.555506, 52.712106 ], [ -1.561674, 52.716503 ], [ -1.561901, 52.730776 ], [ -1.571495, 52.741638 ], [ -1.573394, 52.74964 ], [ -1.589674, 52.762062 ], [ -1.597778, 52.773331 ], [ -1.617787, 52.787684 ], [ -1.622939, 52.798449 ], [ -1.619221, 52.805808 ], [ -1.633274, 52.809052 ], [ -1.65391, 52.833899 ], [ -1.671041, 52.842013 ], [ -1.679799, 52.850438 ], [ -1.68317, 52.861253 ], [ -1.67893, 52.874681 ], [ -1.700531, 52.879782 ], [ -1.702878, 52.883223 ], [ -1.720736, 52.883552 ], [ -1.722081, 52.893524 ], [ -1.734214, 52.892419 ], [ -1.742289, 52.908458 ], [ -1.749975, 52.915279 ], [ -1.760415, 52.916853 ], [ -1.815995, 52.944948 ], [ -1.810194, 52.966728 ], [ -1.818745, 52.977609 ], [ -1.827502, 52.982455 ], [ -1.826826, 52.986858 ], [ -1.839314, 52.995492 ], [ -1.844233, 53.003369 ], [ -1.875689, 53.005364 ], [ -1.892417, 53.017609 ], [ -1.896727, 53.025714 ], [ -1.909433, 53.036219 ], [ -1.920808, 53.065383 ], [ -2.006254, 53.097457 ], [ -2.01292, 53.104431 ], [ -2.041671, 53.111752 ], [ -2.068759, 53.135264 ], [ -2.07308, 53.143291 ], [ -2.103212, 53.164337 ], [ -2.108743, 53.174007 ], [ -2.120476, 53.181818 ], [ -2.131665, 53.197087 ], [ -2.132481, 53.203103 ], [ -2.131468, 53.209079 ], [ -2.126159, 53.214371 ], [ -2.126527, 53.240722 ], [ -2.120242, 53.256636 ], [ -2.128941, 53.268174 ], [ -2.126805, 53.281266 ], [ -2.14052, 53.301313 ], [ -2.152598, 53.307493 ], [ -2.163781, 53.32091 ], [ -2.201063, 53.334924 ], [ -2.215254, 53.347364 ], [ -2.21864, 53.356093 ], [ -2.256921, 53.36523 ], [ -2.270682, 53.362723 ], [ -2.286153, 53.372718 ], [ -2.268882, 53.396647 ], [ -2.266647, 53.410992 ], [ -2.245434, 53.435814 ], [ -2.246802, 53.469861 ], [ -2.237261, 53.474214 ], [ -2.23901, 53.476486 ], [ -2.237686, 53.477303 ], [ -2.236681, 53.477927 ], [ -2.25507, 53.483505 ], [ -2.274325, 53.484812 ], [ -2.31057, 53.501899 ], [ -2.313159, 53.508 ], [ -2.333858, 53.519582 ], [ -2.338693, 53.527113 ], [ -2.390336, 53.544679 ], [ -2.401883, 53.557824 ], [ -2.426907, 53.576301 ], [ -2.432791, 53.598128 ], [ -2.430777, 53.608508 ], [ -2.4381, 53.616734 ], [ -2.435347, 53.623077 ], [ -2.456381, 53.65066 ], [ -2.447316, 53.667334 ], [ -2.479458, 53.707348 ], [ -2.486316, 53.723968 ], [ -2.493054, 53.729675 ], [ -2.483314, 53.741714 ], [ -2.483366, 53.745965 ], [ -2.475318, 53.749793 ], [ -2.450006, 53.747401 ], [ -2.367877, 53.753543 ], [ -2.354563, 53.760902 ], [ -2.311564, 53.775413 ], [ -2.298814, 53.783345 ], [ -2.260567, 53.7884 ], [ -2.247339, 53.785743 ], [ -2.240984, 53.787832 ] ] } },
{ "type": "Feature", "properties": { "fid": 132, "route_id": "136189", "route_short_name": "B18", "route_type": 200, "route_type_name": "Coach", "geometry_method": "mixed", "n_stops_covered": 0, "n_trips_observed": 0 }, "bbox": [ -2.696065, 51.061429, -1.240861, 53.760233 ], "geometry": { "type": "LineString", "coordinates": [ [ -1.240861, 51.061429 ], [ -1.298709, 51.06219 ], [ -1.296656, 51.066253 ], [ -1.299078, 51.068478 ], [ -1.293718, 51.071432 ], [ -1.298668, 51.083035 ], [ -1.342448, 51.1036 ], [ -1.346481, 51.153905 ], [ -1.338778, 51.176414 ], [ -1.33709, 51.198721 ], [ -1.341464, 51.213518 ], [ -1.343502, 51.277903 ], [ -1.335096, 51.315086 ], [ -1.345651, 51.328616 ], [ -1.338742, 51.347877 ], [ -1.316707, 51.372695 ], [ -1.321121, 51.384451 ], [ -1.320901, 51.400483 ], [ -1.317519, 51.406483 ], [ -1.332212, 51.412728 ], [ -1.328933, 51.41797 ], [ -1.337479, 51.453548 ], [ -1.363737, 51.486474 ], [ -1.367757, 51.498019 ], [ -1.362655, 51.512507 ], [ -1.374416, 51.524456 ], [ -1.38818, 51.531024 ], [ -1.421716, 51.584708 ], [ -1.450228, 51.585902 ], [ -1.452612, 51.593059 ], [ -1.465312, 51.597495 ], [ -1.499941, 51.623178 ], [ -1.503244, 51.630524 ], [ -1.510213, 51.634813 ], [ -1.504674, 51.637776 ], [ -1.507345, 51.642627 ], [ -1.495616, 51.660144 ], [ -1.504723, 51.674484 ], [ -1.516189, 51.675176 ], [ -1.519338, 51.705483 ], [ -1.54128, 51.726223 ], [ -1.546467, 51.727265 ], [ -1.553091, 51.745766 ], [ -1.567197, 51.769482 ], [ -1.581557, 51.773792 ], [ -1.597152, 51.78816 ], [ -1.5977, 51.792523 ], [ -1.636684, 51.807654 ], [ -1.636507, 51.811745 ], [ -1.640346, 51.813542 ], [ -1.638023, 51.827824 ], [ -1.662853, 51.865079 ], [ -1.669746, 51.872406 ], [ -1.708127, 51.891344 ], [ -1.725318, 51.917781 ], [ -1.724147, 51.932362 ], [ -1.733719, 51.945987 ], [ -1.745951, 51.952274 ], [ -1.766802, 51.982073 ], [ -1.800332, 52.015357 ], [ -1.826092, 52.029335 ], [ -1.83123, 52.060398 ], [ -1.821845, 52.065586 ], [ -1.847572, 52.148678 ], [ -1.856847, 52.164413 ], [ -1.852392, 52.166543 ], [ -1.854143, 52.171237 ], [ -1.86682, 52.188317 ], [ -1.877437, 52.188498 ], [ -1.881803, 52.194384 ], [ -1.884253, 52.20687 ], [ -1.88006, 52.20902 ], [ -1.883397, 52.217984 ], [ -1.879945, 52.225109 ], [ -1.8808, 52.231403 ], [ -1.894525, 52.272471 ], [ -1.894967, 52.28269 ], [ -1.902619, 52.289175 ], [ -1.902454, 52.301856 ], [ -1.906524, 52.309954 ], [ -1.902456, 52.310893 ], [ -1.907647, 52.317019 ], [ -1.914797, 52.339763 ], [ -1.919234, 52.365328 ], [ -1.919479, 52.391602 ], [ -1.928101, 52.401641 ], [ -1.927874, 52.408713 ], [ -1.941325, 52.441661 ], [ -1.966493, 52.46667 ], [ -1.970047, 52.47797 ], [ -1.966364, 52.487355 ], [ -1.969913, 52.495811 ], [ -1.979024, 52.500654 ], [ -1.972436, 52.516453 ], [ -1.970369, 52.534771 ], [ -1.97705, 52.557101 ], [ -2.008249, 52.568225 ], [ -2.014031, 52.579743 ], [ -2.014883, 52.591548 ], [ -2.047812, 52.629008 ], [ -2.067296, 52.663196 ], [ -2.100918, 52.685678 ], [ -2.105565, 52.69549 ], [ -2.103989, 52.760243 ], [ -2.111158, 52.766329 ], [ -2.147399, 52.824635 ], [ -2.144589, 52.830155 ], [ -2.166359, 52.880968 ], [ -2.225846, 52.971853 ], [ -2.22171, 52.985095 ], [ -2.225158, 52.99336 ], [ -2.222294, 53.000755 ], [ -2.231184, 53.008551 ], [ -2.231291, 53.021516 ], [ -2.238713, 53.031594 ], [ -2.252813, 53.06352 ], [ -2.252307, 53.071253 ], [ -2.261798, 53.081472 ], [ -2.25111, 53.106317 ], [ -2.254063, 53.135959 ], [ -2.251313, 53.139724 ], [ -2.257957, 53.144452 ], [ -2.259841, 53.170963 ], [ -2.253009, 53.175735 ], [ -2.257557, 53.187656 ], [ -2.256161, 53.193587 ], [ -2.250413, 53.193368 ], [ -2.226699, 53.21167 ], [ -2.236498, 53.222942 ], [ -2.233503, 53.237954 ], [ -2.235756, 53.245035 ], [ -2.234348, 53.263985 ], [ -2.240319, 53.273601 ], [ -2.234504, 53.294665 ], [ -2.237841, 53.304328 ], [ -2.23781, 53.320993 ], [ -2.229178, 53.327061 ], [ -2.227668, 53.332916 ], [ -2.215267, 53.347288 ], [ -2.219848, 53.36002 ], [ -2.215799, 53.363521 ], [ -2.216753, 53.374203 ], [ -2.22573, 53.389462 ], [ -2.226584, 53.397637 ], [ -2.204039, 53.441988 ], [ -2.207452, 53.448448 ], [ -2.235656, 53.472295 ], [ -2.23901, 53.476486 ], [ -2.236681, 53.477927 ], [ -2.696065, 53.760233 ] ] } },
{ "type": "Feature", "properties": { "fid": 133, "route_id": "136243", "route_short_name": "G3", "route_type": 200, "route_type_name": "Coach", "geometry_method": "mixed", "n_stops_covered": 0, "n_trips_observed": 0 }, "bbox": [ -4.250026, 51.165163, -2.017325, 55.955949 ], "geometry": { "type": "LineString", "coordinates": [ [ -3.190553, 55.955949 ], [ -3.210625, 55.952901 ], [ -3.221525, 55.945924 ], [ -3.272884, 55.941784 ], [ -3.288902, 55.943183 ], [ -3.336755, 55.936706 ], [ -3.412039, 55.940939 ], [ -3.544382, 55.918985 ], [ -3.587042, 55.905465 ], [ -3.621685, 55.888283 ], [ -3.65196, 55.883347 ], [ -3.711155, 55.863334 ], [ -3.773364, 55.858314 ], [ -3.804649, 55.85239 ], [ -3.815215, 55.855093 ], [ -3.908603, 55.840936 ], [ -3.971368, 55.834906 ], [ -4.01361, 55.837144 ], [ -4.147098, 55.862098 ], [ -4.20035, 55.862229 ], [ -4.23447, 55.866244 ], [ -4.239958, 55.863094 ], [ -4.248894, 55.864538 ], [ -4.250026, 55.861562 ], [ -4.238856, 55.85663 ], [ -4.231307, 55.850473 ], [ -4.231909, 55.847269 ], [ -4.222623, 55.846685 ], [ -4.210531, 55.838497 ], [ -4.207982, 55.833114 ], [ -4.192437, 55.826168 ], [ -4.078039, 55.790067 ], [ -4.074568, 55.783919 ], [ -4.044484, 55.774284 ], [ -4.046165, 55.772965 ], [ -4.031483, 55.774239 ], [ -4.010435, 55.768014 ], [ -3.980504, 55.748047 ], [ -3.968125, 55.732348 ], [ -3.954249, 55.703407 ], [ -3.930024, 55.674616 ], [ -3.889963, 55.650363 ], [ -3.809357, 55.570713 ], [ -3.697613, 55.507256 ], [ -3.676684, 55.466819 ], [ -3.651219, 55.441235 ], [ -3.447736, 55.309274 ], [ -3.412958, 55.226405 ], [ -3.412651, 55.21352 ], [ -3.366122, 55.128047 ], [ -3.34344, 55.100917 ], [ -3.279179, 55.066541 ], [ -3.135368, 55.027755 ], [ -3.110743, 55.015995 ], [ -3.061827, 55.00302 ], [ -2.983371, 54.954546 ], [ -2.952379, 54.931245 ], [ -2.945283, 54.930877 ], [ -2.937362, 54.901652 ], [ -2.929662, 54.893362 ], [ -2.930919, 54.893042 ], [ -2.931414, 54.892916 ], [ -2.93225, 54.892703 ], [ -2.6063, 54.451959 ], [ -2.017325, 52.428412 ], [ -2.046831, 52.383327 ], [ -2.049226, 52.37466 ], [ -2.068865, 52.360816 ], [ -2.072777, 52.349679 ], [ -2.120899, 52.292157 ], [ -2.118955, 52.284077 ], [ -2.176368, 52.173462 ], [ -2.184764, 52.163625 ], [ -2.145832, 52.059692 ], [ -2.131813, 52.04163 ], [ -2.122758, 52.000533 ], [ -2.136885, 51.931514 ], [ -2.151351, 51.894585 ], [ -2.151011, 51.884772 ], [ -2.166085, 51.862367 ], [ -2.221551, 51.821733 ], [ -2.292476, 51.795193 ], [ -2.31858, 51.762811 ], [ -2.420075, 51.660846 ], [ -2.433274, 51.654744 ], [ -2.542902, 51.553906 ], [ -2.567575, 51.546904 ], [ -2.566465, 51.538711 ], [ -2.571652, 51.526 ], [ -2.571124, 51.517372 ], [ -2.593656, 51.470084 ], [ -2.584881, 51.45946 ], [ -2.582331, 51.460236 ], [ -2.584418, 51.449053 ], [ -2.565195, 51.4326 ], [ -2.558418, 51.406378 ], [ -2.54823, 51.392725 ], [ -2.553291, 51.378364 ], [ -2.544286, 51.366714 ], [ -2.539201, 51.349711 ], [ -2.548616, 51.337142 ], [ -2.549022, 51.326263 ], [ -2.533442, 51.309645 ], [ -2.533519, 51.297057 ], [ -2.539627, 51.292164 ], [ -2.542355, 51.282166 ], [ -2.541834, 51.26271 ], [ -2.538188, 51.252872 ], [ -2.54254, 51.24564 ], [ -2.542819, 51.228146 ], [ -2.531031, 51.217204 ], [ -2.546481, 51.191986 ], [ -2.55711, 51.187481 ], [ -2.573048, 51.170604 ], [ -2.592041, 51.165163 ] ] } },
{ "type": "Feature", "properties": { "fid": 134, "route_id": "136255", "route_short_name": "GM1", "route_type": 200, "route_type_name": "Coach", "geometry_method": "osm_routed", "n_stops_covered": 0, "n_trips_observed": 0 }, "bbox": [ -3.232907, 51.871907, -2.155436, 53.477927 ], "geometry": { "type": "LineString", "coordinates": [ [ -3.167466, 51.871907 ], [ -3.185713, 51.886452 ], [ -3.194809, 51.901192 ], [ -3.187822, 51.926792 ], [ -3.196129, 51.952915 ], [ -3.232907, 51.995603 ], [ -3.231016, 52.001341 ], [ -3.220198, 52.009225 ], [ -3.213809, 52.023108 ], [ -3.215403, 52.024877 ], [ -3.19566, 52.044992 ], [ -3.200823, 52.046799 ], [ -3.197418, 52.054974 ], [ -3.151868, 52.081326 ], [ -3.107, 52.117702 ], [ -3.101724, 52.136263 ], [ -3.072541, 52.155745 ], [ -3.062011, 52.182504 ], [ -3.054792, 52.191797 ], [ -3.036254, 52.204879 ], [ -3.022543, 52.205736 ], [ -3.011939, 52.216631 ], [ -2.983057, 52.225707 ], [ -2.982907, 52.232052 ], [ -2.974809, 52.241064 ], [ -2.954675, 52.245101 ], [ -2.925607, 52.261375 ], [ -2.937095, 52.276634 ], [ -2.924591, 52.289052 ], [ -2.934251, 52.299979 ], [ -2.92933, 52.31441 ], [ -2.911597, 52.328139 ], [ -2.897759, 52.347611 ], [ -2.876636, 52.35876 ], [ -2.877314, 52.370822 ], [ -2.886543, 52.387883 ], [ -2.875203, 52.393634 ], [ -2.849978, 52.438707 ], [ -2.842247, 52.44769 ], [ -2.837362, 52.447013 ], [ -2.836017, 52.457984 ], [ -2.822794, 52.467694 ], [ -2.815122, 52.489797 ], [ -2.822988, 52.504073 ], [ -2.822599, 52.51547 ], [ -2.782641, 52.559808 ], [ -2.771087, 52.59306 ], [ -2.762525, 52.601216 ], [ -2.777318, 52.626993 ], [ -2.774009, 52.645863 ], [ -2.761531, 52.668081 ], [ -2.759107, 52.682718 ], [ -2.754896, 52.691372 ], [ -2.739097, 52.697161 ], [ -2.730692, 52.710283 ], [ -2.730494, 52.720799 ], [ -2.736033, 52.726747 ], [ -2.720291, 52.741675 ], [ -2.716375, 52.759181 ], [ -2.697656, 52.806925 ], [ -2.671479, 52.836203 ], [ -2.663536, 52.839916 ], [ -2.661646, 52.850826 ], [ -2.655021, 52.85913 ], [ -2.652205, 52.874259 ], [ -2.660754, 52.883854 ], [ -2.661878, 52.891587 ], [ -2.660175, 52.93728 ], [ -2.674749, 52.958278 ], [ -2.659837, 52.966838 ], [ -2.620785, 52.974174 ], [ -2.597598, 52.984754 ], [ -2.579552, 53.014747 ], [ -2.565681, 53.020496 ], [ -2.525969, 53.052591 ], [ -2.522775, 53.064785 ], [ -2.485485, 53.071396 ], [ -2.44682, 53.087124 ], [ -2.422079, 53.092064 ], [ -2.396082, 53.111654 ], [ -2.369189, 53.126677 ], [ -2.361481, 53.141249 ], [ -2.344922, 53.154155 ], [ -2.334761, 53.172662 ], [ -2.343565, 53.185631 ], [ -2.339093, 53.189802 ], [ -2.347845, 53.19778 ], [ -2.344178, 53.204846 ], [ -2.328246, 53.214689 ], [ -2.323306, 53.214765 ], [ -2.307087, 53.229867 ], [ -2.29618, 53.233984 ], [ -2.296785, 53.242865 ], [ -2.274047, 53.261031 ], [ -2.264042, 53.29218 ], [ -2.259262, 53.296842 ], [ -2.238104, 53.304031 ], [ -2.237767, 53.312952 ], [ -2.20138, 53.34761 ], [ -2.199719, 53.359344 ], [ -2.195724, 53.358799 ], [ -2.189487, 53.366106 ], [ -2.194048, 53.376408 ], [ -2.182111, 53.382286 ], [ -2.180472, 53.386913 ], [ -2.169255, 53.388463 ], [ -2.168362, 53.392871 ], [ -2.155436, 53.400508 ], [ -2.191562, 53.443693 ], [ -2.195488, 53.453232 ], [ -2.236681, 53.477927 ] ] } },
{ "type": "Feature", "properties": { "fid": 135, "route_id": "136260", "route_short_name": "G4", "route_type": 200, "route_type_name": "Coach", "geometry_method": "osm_routed", "n_stops_covered": 0, "n_trips_observed": 0 }, "bbox": [ -2.59375, 51.165163, -2.107148, 53.748636 ], "geometry": { "type": "LineString", "coordinates": [ [ -2.592041, 51.165163 ], [ -2.573115, 51.170926 ], [ -2.563185, 51.178139 ], [ -2.55711, 51.187481 ], [ -2.546481, 51.191986 ], [ -2.531031, 51.217204 ], [ -2.542819, 51.228146 ], [ -2.54254, 51.24564 ], [ -2.538188, 51.252872 ], [ -2.541834, 51.26271 ], [ -2.542355, 51.282166 ], [ -2.539687, 51.292646 ], [ -2.533519, 51.297057 ], [ -2.533442, 51.309645 ], [ -2.549022, 51.326263 ], [ -2.548616, 51.337142 ], [ -2.539201, 51.349711 ], [ -2.544286, 51.366714 ], [ -2.553291, 51.378364 ], [ -2.54823, 51.392725 ], [ -2.558418, 51.406378 ], [ -2.565195, 51.4326 ], [ -2.584388, 51.448872 ], [ -2.584067, 51.459759 ], [ -2.59375, 51.470294 ], [ -2.571183, 51.517767 ], [ -2.57194, 51.525796 ], [ -2.566531, 51.539767 ], [ -2.56896, 51.5474 ], [ -2.542079, 51.554474 ], [ -2.436297, 51.653266 ], [ -2.426091, 51.658225 ], [ -2.318738, 51.762941 ], [ -2.29185, 51.796052 ], [ -2.231644, 51.816557 ], [ -2.17367, 51.857791 ], [ -2.151282, 51.88529 ], [ -2.151606, 51.894849 ], [ -2.139374, 51.929678 ], [ -2.122975, 52.001007 ], [ -2.13298, 52.043169 ], [ -2.141875, 52.056713 ], [ -2.159732, 52.069361 ], [ -2.184616, 52.164107 ], [ -2.176598, 52.17351 ], [ -2.159208, 52.212298 ], [ -2.173189, 52.239632 ], [ -2.1428, 52.272352 ], [ -2.142925, 52.298882 ], [ -2.149058, 52.317728 ], [ -2.163551, 52.330073 ], [ -2.148947, 52.352637 ], [ -2.160448, 52.355464 ], [ -2.157867, 52.381498 ], [ -2.16706, 52.386195 ], [ -2.137722, 52.42977 ], [ -2.140636, 52.434802 ], [ -2.138848, 52.444562 ], [ -2.143419, 52.454215 ], [ -2.149655, 52.455566 ], [ -2.149858, 52.463587 ], [ -2.161224, 52.479615 ], [ -2.178932, 52.527898 ], [ -2.176406, 52.540518 ], [ -2.170215, 52.548015 ], [ -2.173026, 52.556363 ], [ -2.164872, 52.567932 ], [ -2.148146, 52.583474 ], [ -2.132724, 52.587845 ], [ -2.129479, 52.59627 ], [ -2.131022, 52.61716 ], [ -2.125173, 52.634594 ], [ -2.133555, 52.682937 ], [ -2.131764, 52.693134 ], [ -2.111451, 52.733633 ], [ -2.107148, 52.749018 ], [ -2.10878, 52.763254 ], [ -2.147399, 52.824635 ], [ -2.144589, 52.830155 ], [ -2.166359, 52.880968 ], [ -2.225846, 52.971853 ], [ -2.22171, 52.985095 ], [ -2.225158, 52.99336 ], [ -2.222294, 53.000755 ], [ -2.231184, 53.008551 ], [ -2.231291, 53.021516 ], [ -2.238713, 53.031594 ], [ -2.252813, 53.06352 ], [ -2.252307, 53.071253 ], [ -2.261798, 53.081472 ], [ -2.25111, 53.106317 ], [ -2.254063, 53.135959 ], [ -2.251313, 53.139724 ], [ -2.257957, 53.144452 ], [ -2.259653, 53.158329 ], [ -2.259841, 53.170963 ], [ -2.254815, 53.172263 ], [ -2.252906, 53.176503 ], [ -2.257557, 53.187656 ], [ -2.256161, 53.193587 ], [ -2.250413, 53.193368 ], [ -2.226699, 53.21167 ], [ -2.236498, 53.222942 ], [ -2.233503, 53.237954 ], [ -2.235756, 53.245035 ], [ -2.234348, 53.263985 ], [ -2.240319, 53.273601 ], [ -2.234504, 53.294665 ], [ -2.237841, 53.304328 ], [ -2.237801, 53.321064 ], [ -2.229178, 53.327061 ], [ -2.227668, 53.332916 ], [ -2.215202, 53.347646 ], [ -2.219848, 53.36002 ], [ -2.215799, 53.363521 ], [ -2.216753, 53.374203 ], [ -2.22573, 53.389462 ], [ -2.226584, 53.397637 ], [ -2.204039, 53.441988 ], [ -2.211451, 53.453854 ], [ -2.235724, 53.472366 ], [ -2.23901, 53.476486 ], [ -2.237686, 53.477303 ], [ -2.236681, 53.477927 ], [ -2.25507, 53.483505 ], [ -2.274325, 53.484812 ], [ -2.31057, 53.501899 ], [ -2.313159, 53.508 ], [ -2.333858, 53.519582 ], [ -2.338693, 53.527113 ], [ -2.390336, 53.544679 ], [ -2.401883, 53.557824 ], [ -2.426907, 53.576301 ], [ -2.432791, 53.598128 ], [ -2.430777, 53.608508 ], [ -2.4381, 53.616734 ], [ -2.435347, 53.623077 ], [ -2.456381, 53.65066 ], [ -2.447316, 53.667334 ], [ -2.479458, 53.707348 ], [ -2.486316, 53.723968 ], [ -2.493054, 53.729675 ], [ -2.479717, 53.748636 ] ] } },
{ "type": "Feature", "properties": { "fid": 136, "route_id": "136277", "route_short_name": "L11", "route_type": 200, "route_type_name": "Coach", "geometry_method": "osm_routed", "n_stops_covered": 0, "n_trips_observed": 0 }, "bbox": [ -3.014959, 53.194826, -1.380134, 53.87947 ], "geometry": { "type": "LineString", "coordinates": [ [ -1.380134, 53.87947 ], [ -1.426086, 53.858731 ], [ -1.462907, 53.853231 ], [ -1.466941, 53.842636 ], [ -1.485479, 53.824264 ], [ -1.515409, 53.817932 ], [ -1.534616, 53.806822 ], [ -1.548559, 53.805004 ], [ -1.565902, 53.792998 ], [ -1.602608, 53.783695 ], [ -1.603315, 53.780633 ], [ -1.636296, 53.76936 ], [ -1.661655, 53.756761 ], [ -1.7142, 53.736608 ], [ -1.724218, 53.73615 ], [ -1.744439, 53.718357 ], [ -1.745047, 53.699933 ], [ -1.757014, 53.691815 ], [ -1.826162, 53.673264 ], [ -1.868787, 53.657108 ], [ -2.026156, 53.62929 ], [ -2.148989, 53.589556 ], [ -2.201378, 53.579098 ], [ -2.235284, 53.565978 ], [ -2.254762, 53.552415 ], [ -2.2962, 53.537287 ], [ -2.3285, 53.527989 ], [ -2.357279, 53.524176 ], [ -2.366967, 53.519542 ], [ -2.384514, 53.49716 ], [ -2.377136, 53.489775 ], [ -2.382649, 53.485523 ], [ -2.492529, 53.435479 ], [ -2.51159, 53.430069 ], [ -2.519449, 53.422694 ], [ -2.5805, 53.402587 ], [ -2.593433, 53.394513 ], [ -2.593897, 53.393821 ], [ -2.593683, 53.392758 ], [ -2.593533, 53.392358 ], [ -2.593325, 53.391606 ], [ -2.593314, 53.391558 ], [ -2.593432, 53.391413 ], [ -2.594018, 53.393809 ], [ -2.610509, 53.388449 ], [ -2.635061, 53.387448 ], [ -2.744609, 53.402574 ], [ -2.798795, 53.400636 ], [ -2.817963, 53.396113 ], [ -2.868267, 53.407173 ], [ -2.896571, 53.405943 ], [ -2.928186, 53.410237 ], [ -2.958707, 53.4072 ], [ -2.982508, 53.410865 ], [ -2.982431, 53.409442 ], [ -2.990231, 53.407166 ], [ -3.014929, 53.390929 ], [ -3.014959, 53.390389 ], [ -3.013901, 53.391289 ], [ -3.013791, 53.39162 ], [ -3.013627, 53.391878 ], [ -3.01344, 53.392177 ], [ -3.012916, 53.393053 ], [ -3.012186, 53.394038 ], [ -3.012238, 53.394258 ], [ -3.011662, 53.394499 ], [ -3.013627, 53.391878 ], [ -3.013648, 53.391613 ], [ -3.013661, 53.391502 ], [ -3.013716, 53.391257 ], [ -3.014372, 53.38947 ], [ -3.014081, 53.385324 ], [ -3.010226, 53.376425 ], [ -2.963389, 53.317834 ], [ -2.964643, 53.312597 ], [ -2.956847, 53.298131 ], [ -2.938878, 53.278316 ], [ -2.932754, 53.265438 ], [ -2.894558, 53.227332 ], [ -2.894353, 53.196712 ], [ -2.889855, 53.194826 ] ] } },
{ "type": "Feature", "properties": { "fid": 137, "route_id": "136278", "route_short_name": "L8", "route_type": 200, "route_type_name": "Coach", "geometry_method": "osm_routed", "n_stops_covered": 0, "n_trips_observed": 0 }, "bbox": [ -2.986833, 53.396267, -1.380134, 53.87947 ], "geometry": { "type": "LineString", "coordinates": [ [ -2.986833, 53.402127 ], [ -2.979505, 53.406429 ], [ -2.923319, 53.410249 ], [ -2.896688, 53.406113 ], [ -2.878129, 53.40801 ], [ -2.817522, 53.396267 ], [ -2.794097, 53.40137 ], [ -2.763426, 53.400442 ], [ -2.607624, 53.422188 ], [ -2.554232, 53.426494 ], [ -2.492262, 53.435628 ], [ -2.370453, 53.489708 ], [ -2.285093, 53.48064 ], [ -2.26282, 53.475663 ], [ -2.233877, 53.47773 ], [ -2.231098, 53.485679 ], [ -2.2173, 53.493473 ], [ -2.15607, 53.511439 ], [ -2.137384, 53.525844 ], [ -2.125583, 53.528085 ], [ -2.115511, 53.53463 ], [ -2.116441, 53.538247 ], [ -2.08128, 53.549023 ], [ -2.057302, 53.546305 ], [ -2.02813, 53.555276 ], [ -2.016957, 53.554181 ], [ -1.999983, 53.564791 ], [ -1.98569, 53.579893 ], [ -1.960332, 53.587864 ], [ -1.94479, 53.587669 ], [ -1.91266, 53.608279 ], [ -1.887195, 53.619272 ], [ -1.857143, 53.625339 ], [ -1.828345, 53.638882 ], [ -1.826947, 53.642366 ], [ -1.813757, 53.643559 ], [ -1.808445, 53.651323 ], [ -1.800679, 53.651417 ], [ -1.766574, 53.669688 ], [ -1.746926, 53.671896 ], [ -1.731517, 53.685829 ], [ -1.714492, 53.689838 ], [ -1.705656, 53.699245 ], [ -1.667295, 53.722946 ], [ -1.651287, 53.740226 ], [ -1.587175, 53.775329 ], [ -1.568719, 53.789377 ], [ -1.568752, 53.79427 ], [ -1.548612, 53.805094 ], [ -1.536191, 53.807642 ], [ -1.534714, 53.810683 ], [ -1.522966, 53.811552 ], [ -1.51544, 53.818124 ], [ -1.48545, 53.824471 ], [ -1.47515, 53.832611 ], [ -1.462907, 53.853231 ], [ -1.426086, 53.858731 ], [ -1.380134, 53.87947 ] ] } },
{ "type": "Feature", "properties": { "fid": 138, "route_id": "136284", "route_short_name": "LV4", "route_type": 200, "route_type_name": "Coach", "geometry_method": "osm_routed", "n_stops_covered": 0, "n_trips_observed": 0 }, "bbox": [ -2.236681, 53.093789, -0.681104, 53.798838 ], "geometry": { "type": "LineString", "coordinates": [ [ -2.236681, 53.477927 ], [ -2.233877, 53.47773 ], [ -2.231098, 53.485679 ], [ -2.2173, 53.493473 ], [ -2.15607, 53.511439 ], [ -2.137384, 53.525844 ], [ -2.125583, 53.528085 ], [ -2.115511, 53.53463 ], [ -2.116441, 53.538247 ], [ -2.08128, 53.549023 ], [ -2.057302, 53.546305 ], [ -2.02813, 53.555276 ], [ -2.016957, 53.554181 ], [ -1.999983, 53.564791 ], [ -1.98569, 53.579893 ], [ -1.960332, 53.587864 ], [ -1.94479, 53.587669 ], [ -1.91266, 53.608279 ], [ -1.887195, 53.619272 ], [ -1.857143, 53.625339 ], [ -1.828345, 53.638882 ], [ -1.826947, 53.642366 ], [ -1.813757, 53.643559 ], [ -1.808445, 53.651323 ], [ -1.800679, 53.651417 ], [ -1.766574, 53.669688 ], [ -1.746926, 53.671896 ], [ -1.731517, 53.685829 ], [ -1.714492, 53.689838 ], [ -1.705656, 53.699245 ], [ -1.667295, 53.722946 ], [ -1.651287, 53.740226 ], [ -1.584275, 53.77758 ], [ -1.581932, 53.775969 ], [ -1.54869, 53.785889 ], [ -1.547255, 53.791439 ], [ -1.540066, 53.790584 ], [ -1.535009, 53.793444 ], [ -1.535629, 53.79812 ], [ -1.540226, 53.79769 ], [ -1.536077, 53.798838 ], [ -1.533033, 53.795502 ], [ -1.536528, 53.789179 ], [ -1.51448, 53.775206 ], [ -1.516593, 53.769776 ], [ -1.506372, 53.761072 ], [ -1.508139, 53.739086 ], [ -1.495884, 53.726769 ], [ -1.496403, 53.716816 ], [ -1.505405, 53.706374 ], [ -1.503053, 53.696083 ], [ -1.506719, 53.691119 ], [ -1.500053, 53.679067 ], [ -1.489842, 53.675995 ], [ -1.486983, 53.655054 ], [ -1.503576, 53.635405 ], [ -1.496346, 53.618786 ], [ -1.49557, 53.590567 ], [ -1.475396, 53.576043 ], [ -1.470533, 53.562912 ], [ -1.476871, 53.55049 ], [ -1.471424, 53.541017 ], [ -1.475729, 53.5353 ], [ -1.470476, 53.526924 ], [ -1.480648, 53.510023 ], [ -1.479279, 53.501945 ], [ -1.45858, 53.492696 ], [ -1.450632, 53.480585 ], [ -1.451833, 53.476299 ], [ -1.464059, 53.467193 ], [ -1.465695, 53.461268 ], [ -1.465401, 53.447051 ], [ -1.457858, 53.441488 ], [ -1.456517, 53.417256 ], [ -1.452063, 53.410637 ], [ -1.45279, 53.406822 ], [ -1.468567, 53.396259 ], [ -1.469298, 53.390282 ], [ -1.462395, 53.379548 ], [ -1.464866, 53.377231 ], [ -1.46289, 53.374706 ], [ -1.445239, 53.373378 ], [ -1.428171, 53.360596 ], [ -1.408875, 53.354378 ], [ -1.378878, 53.333054 ], [ -1.36463, 53.327394 ], [ -1.350192, 53.314679 ], [ -1.350812, 53.308615 ], [ -1.330777, 53.296315 ], [ -1.287314, 53.29033 ], [ -1.264333, 53.279132 ], [ -1.221688, 53.271527 ], [ -1.191969, 53.245404 ], [ -1.160832, 53.234205 ], [ -1.081847, 53.229176 ], [ -1.06212, 53.213619 ], [ -1.027359, 53.201113 ], [ -1.018231, 53.201295 ], [ -1.019983, 53.198333 ], [ -1.013497, 53.194553 ], [ -0.951185, 53.171761 ], [ -0.926034, 53.157865 ], [ -0.900082, 53.136837 ], [ -0.884366, 53.132449 ], [ -0.836634, 53.130376 ], [ -0.812135, 53.126043 ], [ -0.810996, 53.120223 ], [ -0.815577, 53.120229 ], [ -0.815981, 53.115912 ], [ -0.786387, 53.093789 ], [ -0.7502, 53.120296 ], [ -0.720859, 53.135205 ], [ -0.707417, 53.140954 ], [ -0.681104, 53.135754 ], [ -0.684409, 53.139741 ] ] } },
{ "type": "Feature", "properties": { "fid": 139, "route_id": "136291", "route_short_name": "MC1", "route_type": 200, "route_type_name": "Coach", "geometry_method": "osm_routed", "n_stops_covered": 0, "n_trips_observed": 0 }, "bbox": [ -3.017089, 53.1943, -2.239858, 53.53842 ], "geometry": { "type": "LineString", "coordinates": [ [ -2.889855, 53.194826 ], [ -2.893525, 53.1943 ], [ -2.895037, 53.19721 ], [ -2.895032, 53.227653 ], [ -2.932754, 53.265438 ], [ -2.938878, 53.278316 ], [ -2.960738, 53.303815 ], [ -2.964841, 53.312856 ], [ -2.963389, 53.317834 ], [ -3.01268, 53.379357 ], [ -3.015019, 53.387524 ], [ -3.013791, 53.39162 ], [ -3.013627, 53.391878 ], [ -3.01344, 53.392177 ], [ -3.012916, 53.393053 ], [ -3.012711, 53.393371 ], [ -3.012186, 53.394038 ], [ -3.012238, 53.394258 ], [ -3.011662, 53.394499 ], [ -3.01344, 53.392177 ], [ -3.017089, 53.390426 ], [ -3.015238, 53.390426 ], [ -3.014929, 53.390929 ], [ -2.990231, 53.407166 ], [ -2.995872, 53.407483 ], [ -2.995527, 53.407022 ], [ -2.993575, 53.405268 ], [ -2.993066, 53.404766 ], [ -2.990262, 53.402785 ], [ -2.988098, 53.400387 ], [ -2.96766, 53.410393 ], [ -2.923645, 53.415152 ], [ -2.912595, 53.413516 ], [ -2.860704, 53.421973 ], [ -2.848037, 53.420595 ], [ -2.8259, 53.427683 ], [ -2.802406, 53.430309 ], [ -2.798325, 53.433805 ], [ -2.780093, 53.434692 ], [ -2.743377, 53.452892 ], [ -2.719618, 53.453745 ], [ -2.688617, 53.472512 ], [ -2.567094, 53.467728 ], [ -2.500164, 53.480548 ], [ -2.444214, 53.50101 ], [ -2.383833, 53.513295 ], [ -2.363947, 53.511829 ], [ -2.343723, 53.504932 ], [ -2.332755, 53.508044 ], [ -2.319326, 53.505417 ], [ -2.31891, 53.50805 ], [ -2.296003, 53.511719 ], [ -2.274809, 53.524714 ], [ -2.247136, 53.529103 ], [ -2.239858, 53.53842 ] ] } },
{ "type": "Feature", "properties": { "fid": 140, "route_id": "136305", "route_short_name": "N18", "route_type": 200, "route_type_name": "Coach", "geometry_method": "osm_routed", "n_stops_covered": 0, "n_trips_observed": 0 }, "bbox": [ -2.986833, 51.605016, -0.075055, 53.489708 ], "geometry": { "type": "LineString", "coordinates": [ [ -2.986833, 53.402127 ], [ -2.979505, 53.406429 ], [ -2.923319, 53.410249 ], [ -2.896688, 53.406113 ], [ -2.878129, 53.40801 ], [ -2.817522, 53.396267 ], [ -2.794097, 53.40137 ], [ -2.763426, 53.400442 ], [ -2.607624, 53.422188 ], [ -2.554232, 53.426494 ], [ -2.492262, 53.435628 ], [ -2.370453, 53.489708 ], [ -2.285093, 53.48064 ], [ -2.26282, 53.475663 ], [ -2.244023, 53.475147 ], [ -2.236681, 53.477927 ], [ -2.23901, 53.476486 ], [ -2.236346, 53.473068 ], [ -2.211451, 53.453854 ], [ -2.203649, 53.442091 ], [ -2.226395, 53.397488 ], [ -2.224667, 53.387743 ], [ -2.217566, 53.380067 ], [ -2.215799, 53.363521 ], [ -2.219848, 53.36002 ], [ -2.215165, 53.348249 ], [ -2.229178, 53.327061 ], [ -2.237431, 53.320374 ], [ -2.237841, 53.304328 ], [ -2.234504, 53.294665 ], [ -2.239724, 53.273491 ], [ -2.234348, 53.263985 ], [ -2.235756, 53.245035 ], [ -2.233503, 53.237954 ], [ -2.236498, 53.222942 ], [ -2.225869, 53.210742 ], [ -2.224828, 53.200817 ], [ -2.206924, 53.17416 ], [ -2.214991, 53.168318 ], [ -2.175959, 53.148794 ], [ -2.166011, 53.130199 ], [ -2.180446, 53.107839 ], [ -2.180482, 53.084083 ], [ -2.187072, 53.076582 ], [ -2.170943, 53.053902 ], [ -2.174208, 53.046094 ], [ -2.16932, 53.039587 ], [ -2.169656, 53.027975 ], [ -2.173895, 53.022631 ], [ -2.159981, 52.999246 ], [ -2.133848, 52.98869 ], [ -2.134051, 52.984503 ], [ -2.107339, 52.965761 ], [ -2.107139, 52.957966 ], [ -2.082485, 52.924113 ], [ -2.08049, 52.912044 ], [ -2.077188, 52.909922 ], [ -2.080154, 52.89556 ], [ -2.076149, 52.88152 ], [ -2.081336, 52.867063 ], [ -2.077217, 52.860618 ], [ -2.061405, 52.85169 ], [ -2.039365, 52.846015 ], [ -2.02401, 52.8303 ], [ -2.000842, 52.815499 ], [ -2.000457, 52.807436 ], [ -1.980521, 52.787382 ], [ -1.970042, 52.780025 ], [ -1.942353, 52.770659 ], [ -1.935321, 52.763375 ], [ -1.936907, 52.758504 ], [ -1.919649, 52.742767 ], [ -1.91409, 52.741472 ], [ -1.909005, 52.734392 ], [ -1.885898, 52.729963 ], [ -1.883806, 52.725881 ], [ -1.87424, 52.721732 ], [ -1.849206, 52.692889 ], [ -1.834278, 52.686363 ], [ -1.822416, 52.673035 ], [ -1.79419, 52.669642 ], [ -1.772657, 52.65483 ], [ -1.744898, 52.641859 ], [ -1.741885, 52.635994 ], [ -1.725351, 52.623327 ], [ -1.7274, 52.622819 ], [ -1.699552, 52.62462 ], [ -1.67742, 52.622044 ], [ -1.644717, 52.604038 ], [ -1.55322, 52.580579 ], [ -1.463766, 52.552959 ], [ -1.304388, 52.49314 ], [ -1.26056, 52.457853 ], [ -1.224655, 52.422467 ], [ -1.169452, 52.358204 ], [ -1.173253, 52.334846 ], [ -1.13999, 52.322115 ], [ -1.102358, 52.274312 ], [ -1.081136, 52.238411 ], [ -1.066128, 52.227211 ], [ -1.041377, 52.201295 ], [ -0.996369, 52.139201 ], [ -0.986858, 52.130363 ], [ -0.835999, 52.047783 ], [ -0.702542, 51.992925 ], [ -0.675602, 51.985778 ], [ -0.663527, 51.974867 ], [ -0.589139, 51.93283 ], [ -0.493354, 51.868898 ], [ -0.464317, 51.839878 ], [ -0.45111, 51.83197 ], [ -0.414676, 51.819472 ], [ -0.403278, 51.809763 ], [ -0.376047, 51.772711 ], [ -0.360368, 51.760318 ], [ -0.342155, 51.753703 ], [ -0.270589, 51.715319 ], [ -0.234578, 51.690077 ], [ -0.227171, 51.68781 ], [ -0.228213, 51.68433 ], [ -0.217879, 51.676641 ], [ -0.201421, 51.653665 ], [ -0.180952, 51.641469 ], [ -0.174691, 51.629854 ], [ -0.164363, 51.628795 ], [ -0.140532, 51.616563 ], [ -0.10232, 51.611199 ], [ -0.102591, 51.60894 ], [ -0.088742, 51.608217 ], [ -0.083934, 51.605016 ], [ -0.075055, 51.606198 ], [ -0.075526, 51.608168 ] ] } },
{ "type": "Feature", "properties": { "fid": 141, "route_id": "136320", "route_short_name": "S5", "route_type": 200, "route_type_name": "Coach", "geometry_method": "osm_routed", "n_stops_covered": 0, "n_trips_observed": 0 }, "bbox": [ -2.986833, 52.073222, -0.9972, 53.489156 ], "geometry": { "type": "LineString", "coordinates": [ [ -1.022422, 52.0735 ], [ -1.026316, 52.073222 ], [ -1.029441, 52.082289 ], [ -1.0247, 52.083414 ], [ -1.004808, 52.113674 ], [ -1.003536, 52.129183 ], [ -0.9972, 52.140307 ], [ -1.041377, 52.201295 ], [ -1.066128, 52.227211 ], [ -1.080928, 52.237874 ], [ -1.102358, 52.274312 ], [ -1.13999, 52.322115 ], [ -1.173184, 52.334196 ], [ -1.17012, 52.358709 ], [ -1.225602, 52.42299 ], [ -1.260443, 52.457358 ], [ -1.297652, 52.488008 ], [ -1.336842, 52.505977 ], [ -1.339527, 52.519441 ], [ -1.348835, 52.526283 ], [ -1.350833, 52.536785 ], [ -1.368085, 52.544191 ], [ -1.369581, 52.547535 ], [ -1.364803, 52.554043 ], [ -1.36507, 52.565116 ], [ -1.358625, 52.58125 ], [ -1.358346, 52.59064 ], [ -1.376938, 52.625528 ], [ -1.388806, 52.661893 ], [ -1.404282, 52.684773 ], [ -1.424026, 52.693314 ], [ -1.448176, 52.719195 ], [ -1.463758, 52.7269 ], [ -1.465845, 52.738388 ], [ -1.474667, 52.740873 ], [ -1.473829, 52.748006 ], [ -1.481363, 52.748787 ], [ -1.496612, 52.760309 ], [ -1.519602, 52.78659 ], [ -1.537, 52.792511 ], [ -1.537856, 52.802224 ], [ -1.542637, 52.807551 ], [ -1.537912, 52.823719 ], [ -1.545205, 52.834683 ], [ -1.564002, 52.850156 ], [ -1.566831, 52.864774 ], [ -1.625584, 52.876741 ], [ -1.622854, 52.878531 ], [ -1.634766, 52.89654 ], [ -1.642813, 52.902903 ], [ -1.643374, 52.908313 ], [ -1.65078, 52.908691 ], [ -1.661884, 52.926977 ], [ -1.675562, 52.934535 ], [ -1.677008, 52.938062 ], [ -1.670897, 52.939781 ], [ -1.660923, 52.95094 ], [ -1.660554, 52.955493 ], [ -1.676881, 52.972479 ], [ -1.671606, 52.984482 ], [ -1.715449, 53.004133 ], [ -1.733615, 53.016965 ], [ -1.736867, 53.042783 ], [ -1.749181, 53.070111 ], [ -1.773257, 53.095797 ], [ -1.753588, 53.117873 ], [ -1.753036, 53.138528 ], [ -1.764716, 53.14754 ], [ -1.78033, 53.169874 ], [ -1.821686, 53.203148 ], [ -1.87182, 53.225098 ], [ -1.910039, 53.248638 ], [ -1.916073, 53.259312 ], [ -1.936734, 53.269753 ], [ -1.954158, 53.287179 ], [ -1.977054, 53.313824 ], [ -1.98401, 53.329907 ], [ -1.994375, 53.330399 ], [ -2.04189, 53.359948 ], [ -2.093676, 53.36796 ], [ -2.14525, 53.392113 ], [ -2.166944, 53.412327 ], [ -2.191562, 53.443693 ], [ -2.195488, 53.453232 ], [ -2.235588, 53.478606 ], [ -2.244023, 53.475147 ], [ -2.261906, 53.475298 ], [ -2.321441, 53.48516 ], [ -2.371755, 53.489156 ], [ -2.492529, 53.435479 ], [ -2.536795, 53.430904 ], [ -2.567365, 53.424152 ], [ -2.607532, 53.422028 ], [ -2.758267, 53.400761 ], [ -2.798795, 53.400636 ], [ -2.817963, 53.396113 ], [ -2.868267, 53.407173 ], [ -2.896571, 53.405943 ], [ -2.922507, 53.410121 ], [ -2.978484, 53.4053 ], [ -2.986833, 53.402127 ] ] } },
{ "type": "Feature", "properties": { "fid": 142, "route_id": "136334", "route_short_name": "W11", "route_type": 200, "route_type_name": "Coach", "geometry_method": "osm_routed", "n_stops_covered": 0, "n_trips_observed": 0 }, "bbox": [ -2.696629, 51.555794, -0.264533, 53.760314 ], "geometry": { "type": "LineString", "coordinates": [ [ -2.696629, 53.760104 ], [ -2.687183, 53.760314 ], [ -2.671616, 53.747507 ], [ -2.645311, 53.74387 ], [ -2.636848, 53.738 ], [ -2.622603, 53.735307 ], [ -2.601125, 53.725569 ], [ -2.575683, 53.72434 ], [ -2.562068, 53.716484 ], [ -2.545796, 53.699431 ], [ -2.533093, 53.69156 ], [ -2.509658, 53.666339 ], [ -2.493087, 53.636746 ], [ -2.463349, 53.623138 ], [ -2.432586, 53.602324 ], [ -2.426907, 53.576301 ], [ -2.40199, 53.55888 ], [ -2.390704, 53.545057 ], [ -2.337648, 53.526655 ], [ -2.333858, 53.519582 ], [ -2.313544, 53.508303 ], [ -2.307289, 53.500747 ], [ -2.275945, 53.485597 ], [ -2.25507, 53.483505 ], [ -2.231343, 53.476466 ], [ -2.202915, 53.459064 ], [ -2.192639, 53.449914 ], [ -2.191562, 53.443693 ], [ -2.166944, 53.412327 ], [ -2.14525, 53.392113 ], [ -2.093676, 53.36796 ], [ -2.04189, 53.359948 ], [ -1.994375, 53.330399 ], [ -1.98401, 53.329907 ], [ -1.977054, 53.313824 ], [ -1.954158, 53.287179 ], [ -1.936734, 53.269753 ], [ -1.916073, 53.259312 ], [ -1.910039, 53.248638 ], [ -1.87182, 53.225098 ], [ -1.821686, 53.203148 ], [ -1.78033, 53.169874 ], [ -1.764716, 53.14754 ], [ -1.753036, 53.138528 ], [ -1.753588, 53.117873 ], [ -1.773257, 53.095797 ], [ -1.749181, 53.070111 ], [ -1.736867, 53.042783 ], [ -1.734233, 53.020756 ], [ -1.730316, 53.01827 ], [ -1.731408, 53.012431 ], [ -1.727629, 53.005403 ], [ -1.729773, 52.994568 ], [ -1.726188, 52.9857 ], [ -1.72842, 52.980979 ], [ -1.702018, 52.961158 ], [ -1.694641, 52.940014 ], [ -1.677008, 52.938062 ], [ -1.661884, 52.926977 ], [ -1.65078, 52.908691 ], [ -1.643374, 52.908313 ], [ -1.642813, 52.902903 ], [ -1.634766, 52.89654 ], [ -1.622854, 52.878531 ], [ -1.565525, 52.866543 ], [ -1.564002, 52.850156 ], [ -1.545205, 52.834683 ], [ -1.537912, 52.823719 ], [ -1.542637, 52.807551 ], [ -1.537856, 52.802224 ], [ -1.537, 52.792511 ], [ -1.519602, 52.78659 ], [ -1.496612, 52.760309 ], [ -1.481363, 52.748787 ], [ -1.473829, 52.748006 ], [ -1.474667, 52.740873 ], [ -1.465845, 52.738388 ], [ -1.463758, 52.7269 ], [ -1.448176, 52.719195 ], [ -1.424026, 52.693314 ], [ -1.404213, 52.68487 ], [ -1.388806, 52.661893 ], [ -1.376938, 52.625528 ], [ -1.358346, 52.59064 ], [ -1.358625, 52.58125 ], [ -1.36507, 52.565116 ], [ -1.364803, 52.554043 ], [ -1.369581, 52.547535 ], [ -1.368085, 52.544191 ], [ -1.350833, 52.536785 ], [ -1.348835, 52.526283 ], [ -1.339527, 52.519441 ], [ -1.336842, 52.505977 ], [ -1.304388, 52.49314 ], [ -1.26056, 52.457853 ], [ -1.224655, 52.422467 ], [ -1.169452, 52.358204 ], [ -1.173253, 52.334846 ], [ -1.13999, 52.322115 ], [ -1.102358, 52.274312 ], [ -1.081136, 52.238411 ], [ -1.066128, 52.227211 ], [ -1.041377, 52.201295 ], [ -0.995022, 52.137517 ], [ -0.973695, 52.122636 ], [ -0.835999, 52.047783 ], [ -0.702542, 51.992925 ], [ -0.675602, 51.985778 ], [ -0.663527, 51.974867 ], [ -0.552745, 51.90996 ], [ -0.544924, 51.901811 ], [ -0.493354, 51.868898 ], [ -0.464317, 51.839878 ], [ -0.45111, 51.83197 ], [ -0.414676, 51.819472 ], [ -0.403278, 51.809763 ], [ -0.376047, 51.772711 ], [ -0.352975, 51.757549 ], [ -0.362071, 51.748985 ], [ -0.348537, 51.740954 ], [ -0.297326, 51.64915 ], [ -0.304435, 51.636401 ], [ -0.303965, 51.631507 ], [ -0.267096, 51.600377 ], [ -0.270531, 51.598546 ], [ -0.264533, 51.587918 ], [ -0.267752, 51.574361 ], [ -0.27274, 51.565491 ], [ -0.279653, 51.562757 ], [ -0.270112, 51.558824 ], [ -0.270775, 51.555794 ] ] } },
{ "type": "Feature", "properties": { "fid": 143, "route_id": "136357", "route_short_name": "BWFC 1", "route_type": 3, "route_type_name": "Bus", "geometry_method": "osm_routed", "n_stops_covered": 0, "n_trips_observed": 0 }, "bbox": [ -2.541157, 53.578785, -2.410925, 53.635478 ], "geometry": { "type": "LineString", "coordinates": [ [ -2.541157, 53.582105 ], [ -2.535731, 53.578785 ], [ -2.522741, 53.584345 ], [ -2.48745, 53.579446 ], [ -2.476986, 53.592276 ], [ -2.463668, 53.593681 ], [ -2.463136, 53.597694 ], [ -2.455217, 53.598536 ], [ -2.458446, 53.600991 ], [ -2.452141, 53.596608 ], [ -2.432895, 53.600955 ], [ -2.430184, 53.609792 ], [ -2.424536, 53.610871 ], [ -2.430184, 53.609792 ], [ -2.4381, 53.616734 ], [ -2.435347, 53.623077 ], [ -2.439386, 53.626946 ], [ -2.441689, 53.63051 ], [ -2.439288, 53.632685 ], [ -2.441346, 53.634242 ], [ -2.443142, 53.635478 ], [ -2.439288, 53.632685 ], [ -2.441689, 53.63051 ], [ -2.439386, 53.626946 ], [ -2.431582, 53.62043 ], [ -2.410925, 53.614173 ] ] } },
{ "type": "Feature", "properties": { "fid": 144, "route_id": "13674", "route_short_name": "775", "route_type": 3, "route_type_name": "Bus", "geometry_method": "osm_routed", "n_stops_covered": 38, "n_trips_observed": 1 }, "bbox": [ -2.119004, 53.509604, -2.065198, 53.543357 ], "geometry": { "type": "LineString", "coordinates": [ [ -2.108122, 53.521199 ], [ -2.10518, 53.51751 ], [ -2.099636, 53.519567 ], [ -2.102817, 53.521821 ], [ -2.101187, 53.526731 ], [ -2.105131, 53.529322 ], [ -2.111437, 53.526799 ], [ -2.11703, 53.533815 ], [ -2.115058, 53.532925 ], [ -2.119004, 53.543357 ], [ -2.097075, 53.542827 ], [ -2.084053, 53.538007 ], [ -2.068786, 53.537087 ], [ -2.065198, 53.533986 ], [ -2.075703, 53.528867 ], [ -2.073609, 53.526985 ], [ -2.075957, 53.525802 ], [ -2.073358, 53.526867 ], [ -2.077029, 53.525162 ], [ -2.07774, 53.509604 ] ] } },
{ "type": "Feature", "properties": { "fid": 145, "route_id": "13678", "route_short_name": "887", "route_type": 3, "route_type_name": "Bus", "geometry_method": "mixed", "n_stops_covered": 43, "n_trips_observed": 1 }, "bbox": [ -2.209011, 53.589638, -2.140106, 53.639442 ], "geometry": { "type": "LineString", "coordinates": [ [ -2.140106, 53.589638 ], [ -2.145129, 53.596009 ], [ -2.146827, 53.593871 ], [ -2.145014, 53.596959 ], [ -2.146526, 53.604164 ], [ -2.163721, 53.598534 ], [ -2.172809, 53.602898 ], [ -2.182088, 53.613198 ], [ -2.207206, 53.607751 ], [ -2.209011, 53.612657 ], [ -2.202066, 53.620803 ], [ -2.181142, 53.622277 ], [ -2.183575, 53.629431 ], [ -2.196234, 53.639442 ] ] } },
{ "type": "Feature", "properties": { "fid": 146, "route_id": "13702", "route_short_name": "790", "route_type": 3, "route_type_name": "Bus", "geometry_method": "osm_routed", "n_stops_covered": 33, "n_trips_observed": 1 }, "bbox": [ -2.160308, 53.427625, -2.115836, 53.458225 ], "geometry": { "type": "LineString", "coordinates": [ [ -2.154491, 53.427625 ], [ -2.155542, 53.433928 ], [ -2.159735, 53.437503 ], [ -2.157195, 53.445105 ], [ -2.160308, 53.458225 ], [ -2.151153, 53.457638 ], [ -2.148512, 53.455201 ], [ -2.144856, 53.453052 ], [ -2.143062, 53.451874 ], [ -2.141683, 53.450942 ], [ -2.148287, 53.446914 ], [ -2.149952, 53.448785 ], [ -2.143062, 53.451874 ], [ -2.144856, 53.453052 ], [ -2.142904, 53.457438 ], [ -2.123088, 53.456745 ], [ -2.123596, 53.454664 ], [ -2.117041, 53.455153 ], [ -2.115836, 53.45081 ] ] } },
{ "type": "Feature", "properties": { "fid": 147, "route_id": "13704", "route_short_name": "797", "route_type": 3, "route_type_name": "Bus", "geometry_method": "osm_routed", "n_stops_covered": 0, "n_trips_observed": 0 }, "bbox": [ -2.244023, 53.427916, -2.191638, 53.479774 ], "geometry": { "type": "LineString", "coordinates": [ [ -2.202443, 53.427916 ], [ -2.199103, 53.443283 ], [ -2.191638, 53.444261 ], [ -2.192639, 53.449914 ], [ -2.204426, 53.459824 ], [ -2.22228, 53.46477 ], [ -2.230108, 53.462966 ], [ -2.232471, 53.464974 ], [ -2.228454, 53.466288 ], [ -2.244023, 53.475147 ], [ -2.237431, 53.479288 ], [ -2.233877, 53.47773 ], [ -2.235527, 53.479774 ] ] } },
{ "type": "Feature", "properties": { "fid": 148, "route_id": "13708", "route_short_name": "827", "route_type": 3, "route_type_name": "Bus", "geometry_method": "osm_routed", "n_stops_covered": 30, "n_trips_observed": 1 }, "bbox": [ -2.152442, 53.367682, -2.102817, 53.398209 ], "geometry": { "type": "LineString", "coordinates": [ [ -2.133339, 53.368793 ], [ -2.113518, 53.367682 ], [ -2.116351, 53.377303 ], [ -2.107746, 53.37963 ], [ -2.105199, 53.377313 ], [ -2.102817, 53.38294 ], [ -2.117797, 53.384312 ], [ -2.124041, 53.38173 ], [ -2.152442, 53.398209 ] ] } },
{ "type": "Feature", "properties": { "fid": 149, "route_id": "138612", "route_short_name": "Blue Line", "route_type": 0, "route_type_name": "Tram", "geometry_method": "mixed", "n_stops_covered": 0, "n_trips_observed": 0 }, "bbox": [ -2.335198, 53.465032, -2.238464, 53.488224 ], "geometry": { "type": "LineString", "coordinates": [ [ -2.241049, 53.488224 ], [ -2.238464, 53.481209 ], [ -2.24974, 53.474715 ], [ -2.24924, 53.4747 ], [ -2.245182, 53.476682 ], [ -2.243519, 53.477964 ], [ -2.242674, 53.478531 ], [ -2.243765, 53.477569 ], [ -2.249435, 53.47467 ], [ -2.263677, 53.47314 ], [ -2.278618, 53.465032 ], [ -2.286095, 53.474321 ], [ -2.297184, 53.472208 ], [ -2.294384, 53.474103 ], [ -2.306782, 53.48229 ], [ -2.335198, 53.482977 ] ] } },
{ "type": "Feature", "properties": { "fid": 150, "route_id": "138614", "route_short_name": "Blue Line", "route_type": 0, "route_type_name": "Tram", "geometry_method": "mixed", "n_stops_covered": 0, "n_trips_observed": 0 }, "bbox": [ -2.335198, 53.465022, -2.238359, 53.488224 ], "geometry": { "type": "LineString", "coordinates": [ [ -2.335198, 53.482977 ], [ -2.306486, 53.482269 ], [ -2.294233, 53.473933 ], [ -2.297734, 53.472 ], [ -2.291563, 53.474065 ], [ -2.279007, 53.465022 ], [ -2.265604, 53.471905 ], [ -2.26806, 53.469576 ], [ -2.278618, 53.465032 ], [ -2.270005, 53.468269 ], [ -2.265893, 53.471647 ], [ -2.265604, 53.471905 ], [ -2.263293, 53.473357 ], [ -2.245182, 53.476682 ], [ -2.243519, 53.477964 ], [ -2.238945, 53.480956 ], [ -2.238359, 53.481354 ], [ -2.241049, 53.488224 ] ] } },
{ "type": "Feature", "properties": { "fid": 151, "route_id": "138615", "route_short_name": "Blue Line", "route_type": 0, "route_type_name": "Tram", "geometry_method": "mixed", "n_stops_covered": 0, "n_trips_observed": 0 }, "bbox": [ -2.335198, 53.465032, -2.238464, 53.488224 ], "geometry": { "type": "LineString", "coordinates": [ [ -2.241049, 53.488224 ], [ -2.238464, 53.481209 ], [ -2.24974, 53.474715 ], [ -2.24924, 53.4747 ], [ -2.245182, 53.476682 ], [ -2.243519, 53.477964 ], [ -2.242674, 53.478531 ], [ -2.243765, 53.477569 ], [ -2.249435, 53.47467 ], [ -2.263677, 53.47314 ], [ -2.278618, 53.465032 ], [ -2.286095, 53.474321 ], [ -2.297184, 53.472208 ], [ -2.294384, 53.474103 ], [ -2.306782, 53.48229 ], [ -2.335198, 53.482977 ] ] } },
{ "type": "Feature", "properties": { "fid": 152, "route_id": "138616", "route_short_name": "Red Line", "route_type": 0, "route_type_name": "Tram", "geometry_method": "mixed", "n_stops_covered": 0, "n_trips_observed": 0 }, "bbox": [ -2.348168, 53.465022, -2.24974, 53.474715 ], "geometry": { "type": "LineString", "coordinates": [ [ -2.348168, 53.468141 ], [ -2.303351, 53.469585 ], [ -2.323865, 53.468265 ], [ -2.296798, 53.46865 ], [ -2.279007, 53.465022 ], [ -2.265604, 53.471905 ], [ -2.26806, 53.469576 ], [ -2.278618, 53.465032 ], [ -2.270005, 53.468269 ], [ -2.265893, 53.471647 ], [ -2.265604, 53.471905 ], [ -2.263293, 53.473357 ], [ -2.24974, 53.474715 ] ] } },
{ "type": "Feature", "properties": { "fid": 153, "route_id": "138617", "route_short_name": "Navy Line", "route_type": 0, "route_type_name": "Tram", "geometry_method": "mixed", "n_stops_covered": 0, "n_trips_observed": 0 }, "bbox": [ -2.295606, 53.36532, -2.238464, 53.488224 ], "geometry": { "type": "LineString", "coordinates": [ [ -2.241049, 53.488224 ], [ -2.238464, 53.481209 ], [ -2.24974, 53.474715 ], [ -2.24924, 53.4747 ], [ -2.245182, 53.476682 ], [ -2.243519, 53.477964 ], [ -2.242674, 53.478531 ], [ -2.243765, 53.477569 ], [ -2.249435, 53.47467 ], [ -2.263677, 53.47314 ], [ -2.26806, 53.469576 ], [ -2.279405, 53.460582 ], [ -2.280804, 53.459653 ], [ -2.281323, 53.459152 ], [ -2.281422, 53.458962 ], [ -2.280281, 53.458977 ], [ -2.279835, 53.458243 ], [ -2.279883, 53.460515 ], [ -2.265604, 53.471905 ], [ -2.26806, 53.469576 ], [ -2.279405, 53.460582 ], [ -2.280804, 53.459653 ], [ -2.281323, 53.459152 ], [ -2.281422, 53.458962 ], [ -2.280012, 53.457922 ], [ -2.28157, 53.456533 ], [ -2.280012, 53.457922 ], [ -2.280281, 53.458977 ], [ -2.279653, 53.457804 ], [ -2.263841, 53.43817 ], [ -2.273433, 53.442864 ], [ -2.269245, 53.432824 ], [ -2.292371, 53.426299 ], [ -2.295606, 53.407728 ], [ -2.292598, 53.396878 ], [ -2.259872, 53.376765 ], [ -2.272832, 53.36532 ] ] } },
{ "type": "Feature", "properties": { "fid": 154, "route_id": "138618", "route_short_name": "Pink Line", "route_type": 0, "route_type_name": "Tram", "geometry_method": "mixed", "n_stops_covered": 0, "n_trips_observed": 0 }, "bbox": [ -2.28157, 53.411935, -2.089375, 53.617412 ], "geometry": { "type": "LineString", "coordinates": [ [ -2.154991, 53.617412 ], [ -2.152809, 53.610871 ], [ -2.138796, 53.614032 ], [ -2.124326, 53.611276 ], [ -2.089409, 53.575188 ], [ -2.094663, 53.600885 ], [ -2.089409, 53.575188 ], [ -2.089375, 53.574816 ], [ -2.102594, 53.542639 ], [ -2.117461, 53.539538 ], [ -2.128681, 53.5412 ], [ -2.137434, 53.537899 ], [ -2.145091, 53.526717 ], [ -2.136101, 53.538552 ], [ -2.128681, 53.5412 ], [ -2.12865, 53.541078 ], [ -2.174005, 53.505975 ], [ -2.201198, 53.501288 ], [ -2.200645, 53.501383 ], [ -2.217464, 53.501013 ], [ -2.221012, 53.50087 ], [ -2.222592, 53.500619 ], [ -2.221026, 53.500905 ], [ -2.217453, 53.50105 ], [ -2.200645, 53.501383 ], [ -2.222123, 53.500686 ], [ -2.242031, 53.487285 ], [ -2.238464, 53.481209 ], [ -2.24974, 53.474715 ], [ -2.24924, 53.4747 ], [ -2.245182, 53.476682 ], [ -2.243519, 53.477964 ], [ -2.243765, 53.477569 ], [ -2.249435, 53.47467 ], [ -2.263677, 53.47314 ], [ -2.26806, 53.469576 ], [ -2.279405, 53.460582 ], [ -2.280804, 53.459653 ], [ -2.281323, 53.459152 ], [ -2.281422, 53.458962 ], [ -2.280281, 53.458977 ], [ -2.279835, 53.458243 ], [ -2.279883, 53.460515 ], [ -2.265604, 53.471905 ], [ -2.26806, 53.469576 ], [ -2.279405, 53.460582 ], [ -2.280804, 53.459653 ], [ -2.281323, 53.459152 ], [ -2.281422, 53.458962 ], [ -2.28157, 53.456533 ], [ -2.280281, 53.458977 ], [ -2.279653, 53.457804 ], [ -2.263841, 53.43817 ], [ -2.273433, 53.442864 ], [ -2.279759, 53.457983 ], [ -2.279653, 53.457804 ], [ -2.263841, 53.43817 ], [ -2.240582, 53.429209 ], [ -2.216655, 53.411935 ] ] } },
{ "type": "Feature", "properties": { "fid": 155, "route_id": "138620", "route_short_name": "Green Line", "route_type": 0, "route_type_name": "Tram", "geometry_method": "mixed", "n_stops_covered": 0, "n_trips_observed": 0 }, "bbox": [ -2.347651, 53.386941, -2.200645, 53.590942 ], "geometry": { "type": "LineString", "coordinates": [ [ -2.296987, 53.590942 ], [ -2.311552, 53.580226 ], [ -2.297424, 53.551976 ], [ -2.286054, 53.542058 ], [ -2.283176, 53.534321 ], [ -2.249873, 53.524953 ], [ -2.240899, 53.517187 ], [ -2.227611, 53.503158 ], [ -2.24037, 53.515918 ], [ -2.227611, 53.503158 ], [ -2.227298, 53.498912 ], [ -2.223993, 53.500332 ], [ -2.221026, 53.500905 ], [ -2.217453, 53.50105 ], [ -2.200645, 53.501383 ], [ -2.222123, 53.500686 ], [ -2.242031, 53.487285 ], [ -2.238464, 53.481209 ], [ -2.24974, 53.474715 ], [ -2.24924, 53.4747 ], [ -2.245182, 53.476682 ], [ -2.243519, 53.477964 ], [ -2.242674, 53.478531 ], [ -2.243765, 53.477569 ], [ -2.249435, 53.47467 ], [ -2.263677, 53.47314 ], [ -2.26806, 53.469576 ], [ -2.279405, 53.460582 ], [ -2.280804, 53.459653 ], [ -2.281323, 53.459152 ], [ -2.281422, 53.458962 ], [ -2.279835, 53.458243 ], [ -2.279883, 53.460515 ], [ -2.265604, 53.471905 ], [ -2.26806, 53.469576 ], [ -2.279405, 53.460582 ], [ -2.280804, 53.459653 ], [ -2.283757, 53.456812 ], [ -2.284484, 53.456419 ], [ -2.283556, 53.457288 ], [ -2.32066, 53.42272 ], [ -2.311564, 53.430015 ], [ -2.339783, 53.40275 ], [ -2.347651, 53.386941 ] ] } },
{ "type": "Feature", "properties": { "fid": 156, "route_id": "138621", "route_short_name": "Red Line", "route_type": 0, "route_type_name": "Tram", "geometry_method": "mixed", "n_stops_covered": 0, "n_trips_observed": 0 }, "bbox": [ -2.348168, 53.465032, -2.24974, 53.474715 ], "geometry": { "type": "LineString", "coordinates": [ [ -2.24974, 53.474715 ], [ -2.263677, 53.47314 ], [ -2.26806, 53.469576 ], [ -2.278618, 53.465032 ], [ -2.265604, 53.471905 ], [ -2.278618, 53.465032 ], [ -2.296828, 53.468623 ], [ -2.348168, 53.468141 ] ] } },
{ "type": "Feature", "properties": { "fid": 157, "route_id": "138624", "route_short_name": "Red Line", "route_type": 0, "route_type_name": "Tram", "geometry_method": "mixed", "n_stops_covered": 0, "n_trips_observed": 0 }, "bbox": [ -2.348168, 53.465032, -2.24974, 53.474715 ], "geometry": { "type": "LineString", "coordinates": [ [ -2.24974, 53.474715 ], [ -2.263677, 53.47314 ], [ -2.26806, 53.469576 ], [ -2.278618, 53.465032 ], [ -2.265604, 53.471905 ], [ -2.278618, 53.465032 ], [ -2.296828, 53.468623 ], [ -2.348168, 53.468141 ] ] } },
{ "type": "Feature", "properties": { "fid": 158, "route_id": "138625", "route_short_name": "Navy Line", "route_type": 0, "route_type_name": "Tram", "geometry_method": "mixed", "n_stops_covered": 0, "n_trips_observed": 0 }, "bbox": [ -2.295606, 53.36532, -2.238464, 53.488224 ], "geometry": { "type": "LineString", "coordinates": [ [ -2.241049, 53.488224 ], [ -2.238464, 53.481209 ], [ -2.24974, 53.474715 ], [ -2.24924, 53.4747 ], [ -2.245182, 53.476682 ], [ -2.243519, 53.477964 ], [ -2.242674, 53.478531 ], [ -2.243765, 53.477569 ], [ -2.249435, 53.47467 ], [ -2.263677, 53.47314 ], [ -2.26806, 53.469576 ], [ -2.279405, 53.460582 ], [ -2.280804, 53.459653 ], [ -2.281323, 53.459152 ], [ -2.281422, 53.458962 ], [ -2.280281, 53.458977 ], [ -2.279835, 53.458243 ], [ -2.279883, 53.460515 ], [ -2.265604, 53.471905 ], [ -2.26806, 53.469576 ], [ -2.279405, 53.460582 ], [ -2.280804, 53.459653 ], [ -2.281323, 53.459152 ], [ -2.281422, 53.458962 ], [ -2.280012, 53.457922 ], [ -2.28157, 53.456533 ], [ -2.280012, 53.457922 ], [ -2.280281, 53.458977 ], [ -2.279653, 53.457804 ], [ -2.263841, 53.43817 ], [ -2.273433, 53.442864 ], [ -2.269245, 53.432824 ], [ -2.292371, 53.426299 ], [ -2.295606, 53.407728 ], [ -2.292598, 53.396878 ], [ -2.259872, 53.376765 ], [ -2.272832, 53.36532 ] ] } },
{ "type": "Feature", "properties": { "fid": 159, "route_id": "138626", "route_short_name": "Navy Line", "route_type": 0, "route_type_name": "Tram", "geometry_method": "mixed", "n_stops_covered": 0, "n_trips_observed": 0 }, "bbox": [ -2.29523, 53.36532, -2.238359, 53.488224 ], "geometry": { "type": "LineString", "coordinates": [ [ -2.272832, 53.36532 ], [ -2.269642, 53.365647 ], [ -2.262991, 53.377653 ], [ -2.250414, 53.373675 ], [ -2.262991, 53.377653 ], [ -2.287779, 53.392009 ], [ -2.292734, 53.396859 ], [ -2.287204, 53.39217 ], [ -2.29523, 53.403325 ], [ -2.292486, 53.426517 ], [ -2.263707, 53.438088 ], [ -2.265715, 53.438827 ], [ -2.279759, 53.457983 ], [ -2.280281, 53.458977 ], [ -2.28157, 53.456533 ], [ -2.279883, 53.460515 ], [ -2.278086, 53.461365 ], [ -2.270005, 53.468269 ], [ -2.265893, 53.471647 ], [ -2.265604, 53.471905 ], [ -2.279007, 53.465022 ], [ -2.263293, 53.473357 ], [ -2.245182, 53.476682 ], [ -2.243519, 53.477964 ], [ -2.238945, 53.480956 ], [ -2.238359, 53.481354 ], [ -2.241049, 53.488224 ] ] } },
{ "type": "Feature", "properties": { "fid": 160, "route_id": "138627", "route_short_name": "Green Line", "route_type": 0, "route_type_name": "Tram", "geometry_method": "mixed", "n_stops_covered": 0, "n_trips_observed": 0 }, "bbox": [ -2.347651, 53.386941, -2.226211, 53.590792 ], "geometry": { "type": "LineString", "coordinates": [ [ -2.347651, 53.386941 ], [ -2.343599, 53.394934 ], [ -2.33842, 53.404343 ], [ -2.340078, 53.402446 ], [ -2.33983, 53.402764 ], [ -2.32066, 53.42272 ], [ -2.320837, 53.422474 ], [ -2.319196, 53.424243 ], [ -2.283806, 53.457109 ], [ -2.278086, 53.461365 ], [ -2.270005, 53.468269 ], [ -2.265893, 53.471647 ], [ -2.265604, 53.471905 ], [ -2.26806, 53.469576 ], [ -2.279405, 53.460582 ], [ -2.280804, 53.459653 ], [ -2.281837, 53.458635 ], [ -2.282442, 53.458095 ], [ -2.282532, 53.458013 ], [ -2.283757, 53.456812 ], [ -2.283875, 53.456709 ], [ -2.303852, 53.44608 ], [ -2.283757, 53.456812 ], [ -2.282067, 53.45832 ], [ -2.282038, 53.458347 ], [ -2.281448, 53.45891 ], [ -2.281318, 53.459084 ], [ -2.280281, 53.458977 ], [ -2.279835, 53.458243 ], [ -2.279883, 53.460515 ], [ -2.278086, 53.461365 ], [ -2.270005, 53.468269 ], [ -2.265893, 53.471647 ], [ -2.265604, 53.471905 ], [ -2.279007, 53.465022 ], [ -2.264109, 53.472973 ], [ -2.245182, 53.476682 ], [ -2.243519, 53.477964 ], [ -2.238945, 53.480956 ], [ -2.238359, 53.481354 ], [ -2.241644, 53.48692 ], [ -2.242031, 53.487285 ], [ -2.241721, 53.487074 ], [ -2.238214, 53.481798 ], [ -2.238464, 53.481209 ], [ -2.238359, 53.481354 ], [ -2.241644, 53.48692 ], [ -2.242031, 53.487285 ], [ -2.226211, 53.497691 ], [ -2.227652, 53.503145 ], [ -2.240281, 53.515612 ], [ -2.24052, 53.516232 ], [ -2.24037, 53.515918 ], [ -2.227611, 53.503158 ], [ -2.227512, 53.502948 ], [ -2.227652, 53.503145 ], [ -2.240281, 53.515612 ], [ -2.255482, 53.527313 ], [ -2.283176, 53.534321 ], [ -2.286129, 53.541994 ], [ -2.297445, 53.551947 ], [ -2.321035, 53.562264 ], [ -2.297276, 53.590792 ] ] } },
{ "type": "Feature", "properties": { "fid": 161, "route_id": "138628", "route_short_name": "Green Line", "route_type": 0, "route_type_name": "Tram", "geometry_method": "mixed", "n_stops_covered": 0, "n_trips_observed": 0 }, "bbox": [ -2.347651, 53.386941, -2.226211, 53.590792 ], "geometry": { "type": "LineString", "coordinates": [ [ -2.347651, 53.386941 ], [ -2.343599, 53.394934 ], [ -2.33842, 53.404343 ], [ -2.340078, 53.402446 ], [ -2.33983, 53.402764 ], [ -2.32066, 53.42272 ], [ -2.320837, 53.422474 ], [ -2.319196, 53.424243 ], [ -2.283806, 53.457109 ], [ -2.278086, 53.461365 ], [ -2.270005, 53.468269 ], [ -2.265893, 53.471647 ], [ -2.265604, 53.471905 ], [ -2.26806, 53.469576 ], [ -2.279405, 53.460582 ], [ -2.280804, 53.459653 ], [ -2.281837, 53.458635 ], [ -2.282442, 53.458095 ], [ -2.282532, 53.458013 ], [ -2.283757, 53.456812 ], [ -2.283875, 53.456709 ], [ -2.303852, 53.44608 ], [ -2.283757, 53.456812 ], [ -2.282067, 53.45832 ], [ -2.282038, 53.458347 ], [ -2.281448, 53.45891 ], [ -2.281318, 53.459084 ], [ -2.280281, 53.458977 ], [ -2.279835, 53.458243 ], [ -2.279883, 53.460515 ], [ -2.278086, 53.461365 ], [ -2.270005, 53.468269 ], [ -2.265893, 53.471647 ], [ -2.265604, 53.471905 ], [ -2.279007, 53.465022 ], [ -2.264109, 53.472973 ], [ -2.245182, 53.476682 ], [ -2.243519, 53.477964 ], [ -2.238945, 53.480956 ], [ -2.238359, 53.481354 ], [ -2.241644, 53.48692 ], [ -2.242031, 53.487285 ], [ -2.241721, 53.487074 ], [ -2.238214, 53.481798 ], [ -2.238464, 53.481209 ], [ -2.238359, 53.481354 ], [ -2.241644, 53.48692 ], [ -2.242031, 53.487285 ], [ -2.226211, 53.497691 ], [ -2.227652, 53.503145 ], [ -2.240281, 53.515612 ], [ -2.24052, 53.516232 ], [ -2.24037, 53.515918 ], [ -2.227611, 53.503158 ], [ -2.227512, 53.502948 ], [ -2.227652, 53.503145 ], [ -2.240281, 53.515612 ], [ -2.255482, 53.527313 ], [ -2.283176, 53.534321 ], [ -2.286129, 53.541994 ], [ -2.297445, 53.551947 ], [ -2.321035, 53.562264 ], [ -2.297276, 53.590792 ] ] } },
{ "type": "Feature", "properties": { "fid": 162, "route_id": "138630", "route_short_name": "Pink Line", "route_type": 0, "route_type_name": "Tram", "geometry_method": "mixed", "n_stops_covered": 0, "n_trips_observed": 0 }, "bbox": [ -2.28157, 53.411935, -2.089375, 53.617412 ], "geometry": { "type": "LineString", "coordinates": [ [ -2.154991, 53.617412 ], [ -2.152809, 53.610871 ], [ -2.138796, 53.614032 ], [ -2.124326, 53.611276 ], [ -2.089409, 53.575188 ], [ -2.094663, 53.600885 ], [ -2.089409, 53.575188 ], [ -2.089375, 53.574816 ], [ -2.102594, 53.542639 ], [ -2.117461, 53.539538 ], [ -2.128681, 53.5412 ], [ -2.137434, 53.537899 ], [ -2.145091, 53.526717 ], [ -2.136101, 53.538552 ], [ -2.128681, 53.5412 ], [ -2.12865, 53.541078 ], [ -2.174005, 53.505975 ], [ -2.201198, 53.501288 ], [ -2.200645, 53.501383 ], [ -2.217464, 53.501013 ], [ -2.221012, 53.50087 ], [ -2.222592, 53.500619 ], [ -2.221026, 53.500905 ], [ -2.217453, 53.50105 ], [ -2.200645, 53.501383 ], [ -2.222123, 53.500686 ], [ -2.242031, 53.487285 ], [ -2.243765, 53.477569 ], [ -2.263677, 53.47314 ], [ -2.26806, 53.469576 ], [ -2.279405, 53.460582 ], [ -2.280804, 53.459653 ], [ -2.281323, 53.459152 ], [ -2.281422, 53.458962 ], [ -2.280281, 53.458977 ], [ -2.279835, 53.458243 ], [ -2.279883, 53.460515 ], [ -2.265604, 53.471905 ], [ -2.26806, 53.469576 ], [ -2.279405, 53.460582 ], [ -2.280804, 53.459653 ], [ -2.281323, 53.459152 ], [ -2.281422, 53.458962 ], [ -2.28157, 53.456533 ], [ -2.280281, 53.458977 ], [ -2.279653, 53.457804 ], [ -2.263841, 53.43817 ], [ -2.273433, 53.442864 ], [ -2.279759, 53.457983 ], [ -2.279653, 53.457804 ], [ -2.263841, 53.43817 ], [ -2.240582, 53.429209 ], [ -2.216655, 53.411935 ] ] } },
{ "type": "Feature", "properties": { "fid": 163, "route_id": "138631", "route_short_name": "Pink Line", "route_type": 0, "route_type_name": "Tram", "geometry_method": "mixed", "n_stops_covered": 0, "n_trips_observed": 0 }, "bbox": [ -2.28157, 53.411935, -2.089375, 53.617412 ], "geometry": { "type": "LineString", "coordinates": [ [ -2.154991, 53.617412 ], [ -2.152809, 53.610871 ], [ -2.138796, 53.614032 ], [ -2.124326, 53.611276 ], [ -2.089409, 53.575188 ], [ -2.094663, 53.600885 ], [ -2.089409, 53.575188 ], [ -2.089375, 53.574816 ], [ -2.102594, 53.542639 ], [ -2.117461, 53.539538 ], [ -2.128681, 53.5412 ], [ -2.137434, 53.537899 ], [ -2.145091, 53.526717 ], [ -2.136101, 53.538552 ], [ -2.128681, 53.5412 ], [ -2.12865, 53.541078 ], [ -2.174005, 53.505975 ], [ -2.201198, 53.501288 ], [ -2.200645, 53.501383 ], [ -2.217464, 53.501013 ], [ -2.221012, 53.50087 ], [ -2.222592, 53.500619 ], [ -2.221026, 53.500905 ], [ -2.217453, 53.50105 ], [ -2.200645, 53.501383 ], [ -2.222123, 53.500686 ], [ -2.242031, 53.487285 ], [ -2.243765, 53.477569 ], [ -2.263677, 53.47314 ], [ -2.26806, 53.469576 ], [ -2.279405, 53.460582 ], [ -2.280804, 53.459653 ], [ -2.281323, 53.459152 ], [ -2.281422, 53.458962 ], [ -2.280281, 53.458977 ], [ -2.279835, 53.458243 ], [ -2.279883, 53.460515 ], [ -2.265604, 53.471905 ], [ -2.26806, 53.469576 ], [ -2.279405, 53.460582 ], [ -2.280804, 53.459653 ], [ -2.281323, 53.459152 ], [ -2.281422, 53.458962 ], [ -2.28157, 53.456533 ], [ -2.280281, 53.458977 ], [ -2.279653, 53.457804 ], [ -2.263841, 53.43817 ], [ -2.273433, 53.442864 ], [ -2.279759, 53.457983 ], [ -2.279653, 53.457804 ], [ -2.263841, 53.43817 ], [ -2.240582, 53.429209 ], [ -2.216655, 53.411935 ] ] } },
{ "type": "Feature", "properties": { "fid": 164, "route_id": "13902", "route_short_name": "877", "route_type": 3, "route_type_name": "Bus", "geometry_method": "osm_routed", "n_stops_covered": 53, "n_trips_observed": 1 }, "bbox": [ -2.217596, 53.338138, -2.154932, 53.400743 ], "geometry": { "type": "LineString", "coordinates": [ [ -2.166739, 53.400743 ], [ -2.187689, 53.399616 ], [ -2.180296, 53.386816 ], [ -2.200394, 53.392037 ], [ -2.203542, 53.395456 ], [ -2.217596, 53.393784 ], [ -2.213882, 53.386645 ], [ -2.196168, 53.377884 ], [ -2.190359, 53.378461 ], [ -2.182113, 53.372184 ], [ -2.184079, 53.367335 ], [ -2.189487, 53.366106 ], [ -2.195724, 53.358799 ], [ -2.165078, 53.346126 ], [ -2.164219, 53.342035 ], [ -2.173035, 53.338138 ], [ -2.157811, 53.344472 ], [ -2.165956, 53.35733 ], [ -2.154932, 53.366923 ] ] } },
{ "type": "Feature", "properties": { "fid": 165, "route_id": "13930", "route_short_name": "806", "route_type": 3, "route_type_name": "Bus", "geometry_method": "osm_routed", "n_stops_covered": 25, "n_trips_observed": 1 }, "bbox": [ -2.108512, 53.395485, -2.051956, 53.419579 ], "geometry": { "type": "LineString", "coordinates": [ [ -2.108512, 53.419579 ], [ -2.105084, 53.410925 ], [ -2.061534, 53.417825 ], [ -2.05469, 53.414746 ], [ -2.051956, 53.404081 ], [ -2.059352, 53.398316 ], [ -2.069206, 53.395485 ], [ -2.086531, 53.398137 ] ] } },
{ "type": "Feature", "properties": { "fid": 166, "route_id": "13971", "route_short_name": "808", "route_type": 3, "route_type_name": "Bus", "geometry_method": "osm_routed", "n_stops_covered": 27, "n_trips_observed": 1 }, "bbox": [ -2.086531, 53.395485, -2.033065, 53.417825 ], "geometry": { "type": "LineString", "coordinates": [ [ -2.033065, 53.41199 ], [ -2.040621, 53.40837 ], [ -2.047909, 53.408905 ], [ -2.047025, 53.407405 ], [ -2.047909, 53.408905 ], [ -2.049813, 53.406329 ], [ -2.052517, 53.406427 ], [ -2.051525, 53.40623 ], [ -2.052752, 53.407546 ], [ -2.053645, 53.410625 ], [ -2.05469, 53.414746 ], [ -2.061534, 53.417825 ], [ -2.073068, 53.413899 ], [ -2.071074, 53.412053 ], [ -2.061534, 53.417825 ], [ -2.05469, 53.414746 ], [ -2.052993, 53.408608 ], [ -2.052756, 53.40757 ], [ -2.052752, 53.407546 ], [ -2.052517, 53.406427 ], [ -2.051956, 53.404081 ], [ -2.053943, 53.401739 ], [ -2.069206, 53.395485 ], [ -2.086531, 53.398137 ] ] } },
{ "type": "Feature", "properties": { "fid": 167, "route_id": "13974", "route_short_name": "792", "route_type": 3, "route_type_name": "Bus", "geometry_method": "osm_routed", "n_stops_covered": 18, "n_trips_observed": 3 }, "bbox": [ -2.188449, 53.39443, -2.149161, 53.426794 ], "geometry": { "type": "LineString", "coordinates": [ [ -2.149161, 53.39443 ], [ -2.176804, 53.426794 ], [ -2.188449, 53.418706 ] ] } },
{ "type": "Feature", "properties": { "fid": 168, "route_id": "14120", "route_short_name": "870", "route_type": 3, "route_type_name": "Bus", "geometry_method": "osm_routed", "n_stops_covered": 46, "n_trips_observed": 1 }, "bbox": [ -2.078365, 53.481222, -2.024371, 53.519856 ], "geometry": { "type": "LineString", "coordinates": [ [ -2.07774, 53.509604 ], [ -2.078365, 53.500458 ], [ -2.067746, 53.502906 ], [ -2.068765, 53.496823 ], [ -2.059591, 53.50127 ], [ -2.046284, 53.51941 ], [ -2.04332, 53.519856 ], [ -2.041615, 53.514703 ], [ -2.04103, 53.514736 ], [ -2.040967, 53.517747 ], [ -2.04059, 53.511521 ], [ -2.034577, 53.518071 ], [ -2.02649, 53.517773 ], [ -2.024371, 53.514634 ], [ -2.028451, 53.509718 ], [ -2.027111, 53.501317 ], [ -2.030485, 53.495605 ], [ -2.032098, 53.498912 ], [ -2.030485, 53.495605 ], [ -2.033347, 53.492317 ], [ -2.054696, 53.481222 ], [ -2.058845, 53.484452 ] ] } },
{ "type": "Feature", "properties": { "fid": 169, "route_id": "14825", "route_short_name": "7", "route_type": 3, "route_type_name": "Bus", "geometry_method": "osm_routed", "n_stops_covered": 134, "n_trips_observed": 25 }, "bbox": [ -2.176284, 53.408196, -2.09782, 53.49061 ], "geometry": { "type": "LineString", "coordinates": [ [ -2.09782, 53.49061 ], [ -2.108669, 53.490182 ], [ -2.120462, 53.484548 ], [ -2.124455, 53.479328 ], [ -2.128407, 53.47827 ], [ -2.131505, 53.477504 ], [ -2.131777, 53.478414 ], [ -2.124455, 53.479328 ], [ -2.145661, 53.47948 ], [ -2.16156, 53.474917 ], [ -2.163317, 53.473353 ], [ -2.159514, 53.472795 ], [ -2.157675, 53.466883 ], [ -2.176284, 53.46253 ], [ -2.142929, 53.457299 ], [ -2.148065, 53.457495 ], [ -2.142929, 53.457299 ], [ -2.143196, 53.448822 ], [ -2.153348, 53.448942 ], [ -2.152732, 53.445355 ], [ -2.154287, 53.44626 ], [ -2.157195, 53.445105 ], [ -2.164982, 53.445483 ], [ -2.164347, 53.444642 ], [ -2.168861, 53.445413 ], [ -2.166884, 53.447254 ], [ -2.157195, 53.445105 ], [ -2.159707, 53.437446 ], [ -2.167345, 53.433379 ], [ -2.171156, 53.434181 ], [ -2.170622, 53.436459 ], [ -2.174677, 53.433897 ], [ -2.175397, 53.428466 ], [ -2.160415, 53.41921 ], [ -2.159112, 53.413587 ], [ -2.16684, 53.40998 ], [ -2.164023, 53.408196 ] ] } },
{ "type": "Feature", "properties": { "fid": 170, "route_id": "1497420", "route_short_name": "Navy Line", "route_type": 0, "route_type_name": "Tram", "geometry_method": "mixed", "n_stops_covered": 0, "n_trips_observed": 0 }, "bbox": [ -2.29523, 53.36532, -2.238359, 53.488224 ], "geometry": { "type": "LineString", "coordinates": [ [ -2.272832, 53.36532 ], [ -2.269642, 53.365647 ], [ -2.262991, 53.377653 ], [ -2.250414, 53.373675 ], [ -2.262991, 53.377653 ], [ -2.287779, 53.392009 ], [ -2.292734, 53.396859 ], [ -2.287204, 53.39217 ], [ -2.29523, 53.403325 ], [ -2.292486, 53.426517 ], [ -2.263707, 53.438088 ], [ -2.265715, 53.438827 ], [ -2.279759, 53.457983 ], [ -2.280281, 53.458977 ], [ -2.28157, 53.456533 ], [ -2.279883, 53.460515 ], [ -2.278086, 53.461365 ], [ -2.270005, 53.468269 ], [ -2.265893, 53.471647 ], [ -2.265604, 53.471905 ], [ -2.279007, 53.465022 ], [ -2.263293, 53.473357 ], [ -2.245182, 53.476682 ], [ -2.243519, 53.477964 ], [ -2.238945, 53.480956 ], [ -2.238359, 53.481354 ], [ -2.241049, 53.488224 ] ] } },
{ "type": "Feature", "properties": { "fid": 171, "route_id": "1497422", "route_short_name": "Blue Line", "route_type": 0, "route_type_name": "Tram", "geometry_method": "mixed", "n_stops_covered": 0, "n_trips_observed": 0 }, "bbox": [ -2.335198, 53.465032, -2.238464, 53.488224 ], "geometry": { "type": "LineString", "coordinates": [ [ -2.241049, 53.488224 ], [ -2.238464, 53.481209 ], [ -2.24974, 53.474715 ], [ -2.24924, 53.4747 ], [ -2.245182, 53.476682 ], [ -2.243519, 53.477964 ], [ -2.242674, 53.478531 ], [ -2.243765, 53.477569 ], [ -2.249435, 53.47467 ], [ -2.263677, 53.47314 ], [ -2.278618, 53.465032 ], [ -2.286095, 53.474321 ], [ -2.297184, 53.472208 ], [ -2.294384, 53.474103 ], [ -2.306782, 53.48229 ], [ -2.335198, 53.482977 ] ] } },
{ "type": "Feature", "properties": { "fid": 172, "route_id": "1497424", "route_short_name": "Green Line", "route_type": 0, "route_type_name": "Tram", "geometry_method": "mixed", "n_stops_covered": 0, "n_trips_observed": 0 }, "bbox": [ -2.347651, 53.386941, -2.200645, 53.590942 ], "geometry": { "type": "LineString", "coordinates": [ [ -2.296987, 53.590942 ], [ -2.311552, 53.580226 ], [ -2.297424, 53.551976 ], [ -2.286054, 53.542058 ], [ -2.283176, 53.534321 ], [ -2.249873, 53.524953 ], [ -2.240899, 53.517187 ], [ -2.227611, 53.503158 ], [ -2.24037, 53.515918 ], [ -2.227611, 53.503158 ], [ -2.227298, 53.498912 ], [ -2.223993, 53.500332 ], [ -2.221026, 53.500905 ], [ -2.217453, 53.50105 ], [ -2.200645, 53.501383 ], [ -2.222123, 53.500686 ], [ -2.242031, 53.487285 ], [ -2.238464, 53.481209 ], [ -2.24974, 53.474715 ], [ -2.24924, 53.4747 ], [ -2.245182, 53.476682 ], [ -2.243519, 53.477964 ], [ -2.242674, 53.478531 ], [ -2.243765, 53.477569 ], [ -2.249435, 53.47467 ], [ -2.263677, 53.47314 ], [ -2.26806, 53.469576 ], [ -2.279405, 53.460582 ], [ -2.280804, 53.459653 ], [ -2.281323, 53.459152 ], [ -2.281422, 53.458962 ], [ -2.279835, 53.458243 ], [ -2.279883, 53.460515 ], [ -2.265604, 53.471905 ], [ -2.26806, 53.469576 ], [ -2.279405, 53.460582 ], [ -2.280804, 53.459653 ], [ -2.283757, 53.456812 ], [ -2.284484, 53.456419 ], [ -2.283556, 53.457288 ], [ -2.32066, 53.42272 ], [ -2.311564, 53.430015 ], [ -2.339783, 53.40275 ], [ -2.347651, 53.386941 ] ] } },
{ "type": "Feature", "properties": { "fid": 173, "route_id": "1497429", "route_short_name": "Pink Line", "route_type": 0, "route_type_name": "Tram", "geometry_method": "mixed", "n_stops_covered": 0, "n_trips_observed": 0 }, "bbox": [ -2.28157, 53.411935, -2.089375, 53.617412 ], "geometry": { "type": "LineString", "coordinates": [ [ -2.154991, 53.617412 ], [ -2.152809, 53.610871 ], [ -2.138796, 53.614032 ], [ -2.124326, 53.611276 ], [ -2.089409, 53.575188 ], [ -2.094663, 53.600885 ], [ -2.089409, 53.575188 ], [ -2.089375, 53.574816 ], [ -2.102594, 53.542639 ], [ -2.117461, 53.539538 ], [ -2.128681, 53.5412 ], [ -2.137434, 53.537899 ], [ -2.145091, 53.526717 ], [ -2.136101, 53.538552 ], [ -2.128681, 53.5412 ], [ -2.12865, 53.541078 ], [ -2.174005, 53.505975 ], [ -2.201198, 53.501288 ], [ -2.200645, 53.501383 ], [ -2.217464, 53.501013 ], [ -2.221012, 53.50087 ], [ -2.222592, 53.500619 ], [ -2.221026, 53.500905 ], [ -2.217453, 53.50105 ], [ -2.200645, 53.501383 ], [ -2.222123, 53.500686 ], [ -2.242031, 53.487285 ], [ -2.243765, 53.477569 ], [ -2.263677, 53.47314 ], [ -2.26806, 53.469576 ], [ -2.279405, 53.460582 ], [ -2.280804, 53.459653 ], [ -2.281323, 53.459152 ], [ -2.281422, 53.458962 ], [ -2.280281, 53.458977 ], [ -2.279835, 53.458243 ], [ -2.279883, 53.460515 ], [ -2.265604, 53.471905 ], [ -2.26806, 53.469576 ], [ -2.279405, 53.460582 ], [ -2.280804, 53.459653 ], [ -2.281323, 53.459152 ], [ -2.281422, 53.458962 ], [ -2.28157, 53.456533 ], [ -2.280281, 53.458977 ], [ -2.279653, 53.457804 ], [ -2.263841, 53.43817 ], [ -2.273433, 53.442864 ], [ -2.279759, 53.457983 ], [ -2.279653, 53.457804 ], [ -2.263841, 53.43817 ], [ -2.240582, 53.429209 ], [ -2.216655, 53.411935 ] ] } },
{ "type": "Feature", "properties": { "fid": 174, "route_id": "1497438", "route_short_name": "Red Line", "route_type": 0, "route_type_name": "Tram", "geometry_method": "mixed", "n_stops_covered": 0, "n_trips_observed": 0 }, "bbox": [ -2.348168, 53.465022, -2.24974, 53.474715 ], "geometry": { "type": "LineString", "coordinates": [ [ -2.348168, 53.468141 ], [ -2.303351, 53.469585 ], [ -2.323865, 53.468265 ], [ -2.296798, 53.46865 ], [ -2.279007, 53.465022 ], [ -2.265604, 53.471905 ], [ -2.26806, 53.469576 ], [ -2.278618, 53.465032 ], [ -2.270005, 53.468269 ], [ -2.265893, 53.471647 ], [ -2.265604, 53.471905 ], [ -2.263293, 53.473357 ], [ -2.24974, 53.474715 ] ] } },
{ "type": "Feature", "properties": { "fid": 175, "route_id": "15148", "route_short_name": "V4", "route_type": 3, "route_type_name": "Bus", "geometry_method": "mixed", "n_stops_covered": 46, "n_trips_observed": 8 }, "bbox": [ -2.409728, 53.461467, -2.228454, 53.513975 ], "geometry": { "type": "LineString", "coordinates": [ [ -2.409728, 53.509739 ], [ -2.409029, 53.50777 ], [ -2.394407, 53.511198 ], [ -2.393612, 53.513975 ], [ -2.378725, 53.513655 ], [ -2.362948, 53.511535 ], [ -2.354415, 53.50612 ], [ -2.355831, 53.508577 ], [ -2.343723, 53.504932 ], [ -2.346108, 53.505861 ], [ -2.327439, 53.507573 ], [ -2.327063, 53.506002 ], [ -2.330425, 53.502793 ], [ -2.327439, 53.507573 ], [ -2.324275, 53.507089 ], [ -2.282324, 53.490629 ], [ -2.28315, 53.490849 ], [ -2.281873, 53.49039 ], [ -2.282204, 53.490234 ], [ -2.276988, 53.486091 ], [ -2.277213, 53.486026 ], [ -2.280312, 53.488476 ], [ -2.276988, 53.486091 ], [ -2.275474, 53.485387 ], [ -2.272315, 53.48444 ], [ -2.274325, 53.484812 ], [ -2.276041, 53.485522 ], [ -2.274657, 53.485034 ], [ -2.264825, 53.483315 ], [ -2.25507, 53.483505 ], [ -2.244474, 53.479851 ], [ -2.238995, 53.472222 ], [ -2.234167, 53.471194 ], [ -2.238816, 53.471436 ], [ -2.236351, 53.469434 ], [ -2.239615, 53.467911 ], [ -2.232239, 53.469508 ], [ -2.228454, 53.466288 ], [ -2.232471, 53.464974 ], [ -2.22876, 53.461467 ] ] } },
{ "type": "Feature", "properties": { "fid": 176, "route_id": "1552", "route_short_name": "288", "route_type": 3, "route_type_name": "Bus", "geometry_method": "mixed", "n_stops_covered": 35, "n_trips_observed": 12 }, "bbox": [ -2.352322, 53.360368, -2.273216, 53.387529 ], "geometry": { "type": "LineString", "coordinates": [ [ -2.273216, 53.365923 ], [ -2.287187, 53.371761 ], [ -2.291943, 53.363271 ], [ -2.286166, 53.360368 ], [ -2.291943, 53.363271 ], [ -2.293441, 53.361377 ], [ -2.322392, 53.372655 ], [ -2.324772, 53.377066 ], [ -2.352322, 53.381961 ], [ -2.348269, 53.387529 ] ] } },
{ "type": "Feature", "properties": { "fid": 177, "route_id": "1572", "route_short_name": "576", "route_type": 3, "route_type_name": "Bus", "geometry_method": "mixed", "n_stops_covered": 82, "n_trips_observed": 37 }, "bbox": [ -2.555284, 53.576301, -2.426277, 53.605709 ], "geometry": { "type": "LineString", "coordinates": [ [ -2.426907, 53.576301 ], [ -2.426277, 53.581162 ], [ -2.430253, 53.58192 ], [ -2.493831, 53.578968 ], [ -2.517733, 53.58228 ], [ -2.541991, 53.592588 ], [ -2.555284, 53.602573 ], [ -2.547192, 53.605709 ] ] } },
{ "type": "Feature", "properties": { "fid": 178, "route_id": "1609", "route_short_name": "256", "route_type": 3, "route_type_name": "Bus", "geometry_method": "osm_routed", "n_stops_covered": 88, "n_trips_observed": 47 }, "bbox": [ -2.400862, 53.445711, -2.233877, 53.479774 ], "geometry": { "type": "LineString", "coordinates": [ [ -2.400862, 53.44756 ], [ -2.391464, 53.448102 ], [ -2.392963, 53.452775 ], [ -2.366038, 53.452342 ], [ -2.364717, 53.45674 ], [ -2.338806, 53.458567 ], [ -2.310455, 53.446417 ], [ -2.313845, 53.445711 ], [ -2.30705, 53.4461 ], [ -2.28954, 53.460956 ], [ -2.246191, 53.467941 ], [ -2.24788, 53.474849 ], [ -2.237431, 53.479288 ], [ -2.233877, 53.47773 ], [ -2.235527, 53.479774 ] ] } },
{ "type": "Feature", "properties": { "fid": 179, "route_id": "16096", "route_short_name": "842", "route_type": 3, "route_type_name": "Bus", "geometry_method": "osm_routed", "n_stops_covered": 11, "n_trips_observed": 1 }, "bbox": [ -2.020073, 53.440029, -1.995209, 53.463225 ], "geometry": { "type": "LineString", "coordinates": [ [ -1.995209, 53.463225 ], [ -2.011864, 53.457538 ], [ -2.010728, 53.455254 ], [ -2.010887, 53.453466 ], [ -2.011427, 53.455649 ], [ -2.017062, 53.449545 ], [ -2.020073, 53.441735 ], [ -2.008541, 53.440029 ] ] } },
{ "type": "Feature", "properties": { "fid": 180, "route_id": "1611", "route_short_name": "314", "route_type": 3, "route_type_name": "Bus", "geometry_method": "osm_routed", "n_stops_covered": 38, "n_trips_observed": 27 }, "bbox": [ -2.164605, 53.388631, -2.119133, 53.409378 ], "geometry": { "type": "LineString", "coordinates": [ [ -2.164605, 53.408662 ], [ -2.164434, 53.407568 ], [ -2.159184, 53.409378 ], [ -2.158751, 53.408394 ], [ -2.158285, 53.40828 ], [ -2.158131, 53.407832 ], [ -2.157163, 53.406787 ], [ -2.156453, 53.406239 ], [ -2.151186, 53.408918 ], [ -2.144783, 53.408569 ], [ -2.145045, 53.407554 ], [ -2.144213, 53.408093 ], [ -2.143323, 53.406746 ], [ -2.14239, 53.406332 ], [ -2.138672, 53.404947 ], [ -2.136592, 53.403867 ], [ -2.134518, 53.403238 ], [ -2.132022, 53.402074 ], [ -2.130193, 53.401203 ], [ -2.128741, 53.400664 ], [ -2.125972, 53.39976 ], [ -2.124662, 53.399132 ], [ -2.122794, 53.398073 ], [ -2.12687, 53.393123 ], [ -2.119133, 53.388631 ], [ -2.119989, 53.392774 ], [ -2.124742, 53.395211 ], [ -2.122794, 53.398073 ], [ -2.125972, 53.39976 ], [ -2.130193, 53.401203 ], [ -2.134518, 53.403238 ], [ -2.136592, 53.403867 ], [ -2.138672, 53.404947 ], [ -2.143323, 53.406746 ], [ -2.150591, 53.408713 ], [ -2.151186, 53.408918 ], [ -2.151719, 53.409192 ], [ -2.157163, 53.406787 ], [ -2.158638, 53.408006 ], [ -2.159184, 53.409378 ], [ -2.164023, 53.408196 ] ] } },
{ "type": "Feature", "properties": { "fid": 181, "route_id": "1614", "route_short_name": "325", "route_type": 3, "route_type_name": "Bus", "geometry_method": "mixed", "n_stops_covered": 31, "n_trips_observed": 35 }, "bbox": [ -2.166631, 53.407864, -2.128557, 53.434481 ], "geometry": { "type": "LineString", "coordinates": [ [ -2.16186, 53.409585 ], [ -2.161523, 53.409523 ], [ -2.163683, 53.407864 ], [ -2.161176, 53.408164 ], [ -2.163628, 53.410298 ], [ -2.164487, 53.410812 ], [ -2.154807, 53.413183 ], [ -2.148848, 53.416888 ], [ -2.146463, 53.416131 ], [ -2.140574, 53.421809 ], [ -2.134001, 53.424887 ], [ -2.132355, 53.4245 ], [ -2.139944, 53.434165 ], [ -2.134166, 53.434481 ], [ -2.135704, 53.43177 ], [ -2.134464, 53.432875 ], [ -2.13146, 53.43229 ], [ -2.135443, 53.431955 ], [ -2.128557, 53.428361 ], [ -2.132355, 53.4245 ], [ -2.140574, 53.421809 ], [ -2.145798, 53.416098 ], [ -2.148671, 53.415685 ], [ -2.154807, 53.413183 ], [ -2.155248, 53.413077 ], [ -2.159112, 53.413587 ], [ -2.166631, 53.410285 ], [ -2.164023, 53.408196 ] ] } },
{ "type": "Feature", "properties": { "fid": 182, "route_id": "1617", "route_short_name": "330", "route_type": 3, "route_type_name": "Bus", "geometry_method": "mixed", "n_stops_covered": 83, "n_trips_observed": 73 }, "bbox": [ -2.167539, 53.408662, -2.075023, 53.490105 ], "geometry": { "type": "LineString", "coordinates": [ [ -2.164605, 53.408662 ], [ -2.167539, 53.409928 ], [ -2.148848, 53.416888 ], [ -2.121767, 53.416464 ], [ -2.122319, 53.42026 ], [ -2.120635, 53.416849 ], [ -2.117287, 53.417704 ], [ -2.119195, 53.421797 ], [ -2.101927, 53.424079 ], [ -2.078098, 53.437217 ], [ -2.075023, 53.446855 ], [ -2.087574, 53.456604 ], [ -2.091988, 53.475518 ], [ -2.099827, 53.487978 ], [ -2.096435, 53.490105 ] ] } },
{ "type": "Feature", "properties": { "fid": 183, "route_id": "1620", "route_short_name": "344", "route_type": 3, "route_type_name": "Bus", "geometry_method": "mixed", "n_stops_covered": 0, "n_trips_observed": 0 }, "bbox": [ -2.080881, 53.437629, -2.061332, 53.4529 ], "geometry": { "type": "LineString", "coordinates": [ [ -2.080881, 53.452857 ], [ -2.074746, 53.447044 ], [ -2.080036, 53.440472 ], [ -2.073351, 53.437629 ], [ -2.061332, 53.443492 ], [ -2.071289, 53.446243 ], [ -2.067743, 53.44706 ], [ -2.066287, 53.44852 ], [ -2.071666, 53.451876 ], [ -2.08029, 53.4529 ] ] } },
{ "type": "Feature", "properties": { "fid": 184, "route_id": "1622", "route_short_name": "346", "route_type": 3, "route_type_name": "Bus", "geometry_method": "osm_routed", "n_stops_covered": 61, "n_trips_observed": 39 }, "bbox": [ -2.101534, 53.452618, -2.053976, 53.490071 ], "geometry": { "type": "LineString", "coordinates": [ [ -2.097137, 53.489616 ], [ -2.101534, 53.490071 ], [ -2.084949, 53.489579 ], [ -2.090312, 53.481046 ], [ -2.070956, 53.47407 ], [ -2.077923, 53.46605 ], [ -2.075547, 53.462914 ], [ -2.053976, 53.463246 ], [ -2.078558, 53.454926 ], [ -2.078867, 53.452618 ] ] } },
{ "type": "Feature", "properties": { "fid": 185, "route_id": "1624", "route_short_name": "368", "route_type": 3, "route_type_name": "Bus", "geometry_method": "osm_routed", "n_stops_covered": 99, "n_trips_observed": 43 }, "bbox": [ -2.273143, 53.362023, -2.158166, 53.408681 ], "geometry": { "type": "LineString", "coordinates": [ [ -2.164605, 53.408662 ], [ -2.158835, 53.408681 ], [ -2.161176, 53.408164 ], [ -2.159648, 53.406834 ], [ -2.158337, 53.404772 ], [ -2.158166, 53.404327 ], [ -2.159168, 53.404927 ], [ -2.161222, 53.401933 ], [ -2.167453, 53.400747 ], [ -2.167079, 53.400042 ], [ -2.187689, 53.399616 ], [ -2.180266, 53.384477 ], [ -2.194048, 53.376408 ], [ -2.235642, 53.370116 ], [ -2.249871, 53.373559 ], [ -2.247541, 53.379369 ], [ -2.250011, 53.38373 ], [ -2.268205, 53.380109 ], [ -2.258425, 53.376576 ], [ -2.260448, 53.373821 ], [ -2.252325, 53.369214 ], [ -2.253149, 53.365451 ], [ -2.24205, 53.364231 ], [ -2.243311, 53.362023 ], [ -2.256921, 53.36523 ], [ -2.270682, 53.362723 ], [ -2.273143, 53.366054 ] ] } },
{ "type": "Feature", "properties": { "fid": 186, "route_id": "1625", "route_short_name": "374", "route_type": 3, "route_type_name": "Bus", "geometry_method": "osm_routed", "n_stops_covered": 96, "n_trips_observed": 8 }, "bbox": [ -2.169731, 53.367221, -2.105199, 53.409585 ], "geometry": { "type": "LineString", "coordinates": [ [ -2.16186, 53.409585 ], [ -2.158775, 53.408801 ], [ -2.161176, 53.408164 ], [ -2.160565, 53.407715 ], [ -2.159648, 53.406834 ], [ -2.158856, 53.405565 ], [ -2.158639, 53.405261 ], [ -2.158337, 53.404772 ], [ -2.157374, 53.403076 ], [ -2.156397, 53.401678 ], [ -2.155974, 53.401201 ], [ -2.155912, 53.401137 ], [ -2.156545, 53.401093 ], [ -2.159251, 53.400645 ], [ -2.159739, 53.401006 ], [ -2.162335, 53.399656 ], [ -2.163145, 53.395992 ], [ -2.16548, 53.394509 ], [ -2.166192, 53.393091 ], [ -2.169631, 53.391312 ], [ -2.169349, 53.388816 ], [ -2.168689, 53.388679 ], [ -2.157544, 53.392019 ], [ -2.153453, 53.391112 ], [ -2.153024, 53.390961 ], [ -2.15309, 53.385195 ], [ -2.156593, 53.381401 ], [ -2.160427, 53.382862 ], [ -2.165075, 53.384476 ], [ -2.166153, 53.381608 ], [ -2.164702, 53.381433 ], [ -2.160345, 53.379348 ], [ -2.156593, 53.381401 ], [ -2.155521, 53.380508 ], [ -2.151079, 53.378588 ], [ -2.144832, 53.378954 ], [ -2.144932, 53.377971 ], [ -2.145754, 53.376184 ], [ -2.145189, 53.374973 ], [ -2.146256, 53.374282 ], [ -2.145487, 53.373806 ], [ -2.144969, 53.373218 ], [ -2.135312, 53.376373 ], [ -2.133024, 53.374555 ], [ -2.133939, 53.373142 ], [ -2.127576, 53.373022 ], [ -2.125179, 53.372379 ], [ -2.123903, 53.371931 ], [ -2.121491, 53.371044 ], [ -2.12431, 53.36855 ], [ -2.123097, 53.368311 ], [ -2.108957, 53.367221 ], [ -2.108253, 53.369438 ], [ -2.113017, 53.371607 ], [ -2.113877, 53.375582 ], [ -2.116284, 53.377261 ], [ -2.116351, 53.377303 ], [ -2.117462, 53.378051 ], [ -2.118232, 53.378656 ], [ -2.118623, 53.378881 ], [ -2.123109, 53.378507 ], [ -2.122257, 53.379098 ], [ -2.121171, 53.37974 ], [ -2.118623, 53.378881 ], [ -2.118232, 53.378656 ], [ -2.116351, 53.377303 ], [ -2.115345, 53.377717 ], [ -2.114586, 53.377983 ], [ -2.112355, 53.378557 ], [ -2.107746, 53.37963 ], [ -2.106528, 53.377554 ], [ -2.105199, 53.377313 ], [ -2.107746, 53.37963 ], [ -2.116284, 53.377261 ], [ -2.123109, 53.378507 ], [ -2.113877, 53.375582 ], [ -2.113017, 53.371607 ], [ -2.108253, 53.369438 ], [ -2.108957, 53.367221 ], [ -2.124525, 53.368387 ], [ -2.123903, 53.371931 ], [ -2.133939, 53.373142 ], [ -2.135312, 53.376373 ], [ -2.140609, 53.373398 ], [ -2.145109, 53.373178 ], [ -2.146256, 53.374282 ], [ -2.145117, 53.373753 ], [ -2.145795, 53.374103 ], [ -2.145117, 53.373753 ], [ -2.144694, 53.374435 ], [ -2.144521, 53.374961 ], [ -2.144832, 53.378954 ], [ -2.151079, 53.378588 ], [ -2.156593, 53.381401 ], [ -2.165075, 53.384476 ], [ -2.166153, 53.381608 ], [ -2.160345, 53.379348 ], [ -2.156593, 53.381401 ], [ -2.154407, 53.383052 ], [ -2.15309, 53.385195 ], [ -2.153024, 53.390961 ], [ -2.157544, 53.392019 ], [ -2.169255, 53.388463 ], [ -2.169476, 53.38919 ], [ -2.169731, 53.390738 ], [ -2.169631, 53.391312 ], [ -2.168362, 53.392871 ], [ -2.166192, 53.393091 ], [ -2.159021, 53.398411 ], [ -2.156905, 53.397407 ], [ -2.159251, 53.400645 ], [ -2.156122, 53.401188 ], [ -2.155974, 53.401201 ], [ -2.155279, 53.401221 ], [ -2.153866, 53.401486 ], [ -2.15334, 53.403372 ], [ -2.154287, 53.405851 ], [ -2.158184, 53.405633 ], [ -2.158223, 53.405617 ], [ -2.158639, 53.405261 ], [ -2.158762, 53.405166 ], [ -2.164023, 53.408196 ] ] } },
{ "type": "Feature", "properties": { "fid": 187, "route_id": "1627", "route_short_name": "378", "route_type": 3, "route_type_name": "Bus", "geometry_method": "osm_routed", "n_stops_covered": 82, "n_trips_observed": 3 }, "bbox": [ -2.231657, 53.35733, -2.152442, 53.409585 ], "geometry": { "type": "LineString", "coordinates": [ [ -2.16186, 53.409585 ], [ -2.152442, 53.398209 ], [ -2.15363, 53.396176 ], [ -2.152939, 53.394729 ], [ -2.152644, 53.392973 ], [ -2.15309, 53.385195 ], [ -2.156593, 53.381401 ], [ -2.155928, 53.380842 ], [ -2.161213, 53.377893 ], [ -2.16178, 53.376471 ], [ -2.15922, 53.37359 ], [ -2.159116, 53.369975 ], [ -2.16209, 53.366676 ], [ -2.162044, 53.368686 ], [ -2.165956, 53.35733 ], [ -2.219499, 53.358663 ], [ -2.217567, 53.362093 ], [ -2.228064, 53.364238 ], [ -2.230878, 53.36782 ], [ -2.231657, 53.369823 ], [ -2.190359, 53.378461 ], [ -2.182113, 53.372184 ], [ -2.18438, 53.368148 ], [ -2.182022, 53.365054 ], [ -2.170683, 53.362274 ], [ -2.165956, 53.35733 ], [ -2.16226, 53.362541 ], [ -2.162063, 53.364619 ], [ -2.162094, 53.366535 ], [ -2.162044, 53.368686 ], [ -2.162024, 53.369036 ], [ -2.159949, 53.373199 ], [ -2.16178, 53.376471 ], [ -2.161621, 53.376938 ], [ -2.161213, 53.377893 ], [ -2.160345, 53.379348 ], [ -2.156593, 53.381401 ], [ -2.153662, 53.383691 ], [ -2.15309, 53.385195 ], [ -2.152644, 53.392973 ], [ -2.15363, 53.396176 ], [ -2.152835, 53.398447 ], [ -2.164023, 53.408196 ] ] } },
{ "type": "Feature", "properties": { "fid": 188, "route_id": "1629", "route_short_name": "379", "route_type": 3, "route_type_name": "Bus", "geometry_method": "osm_routed", "n_stops_covered": 83, "n_trips_observed": 4 }, "bbox": [ -2.231657, 53.35733, -2.152442, 53.409585 ], "geometry": { "type": "LineString", "coordinates": [ [ -2.16186, 53.409585 ], [ -2.152442, 53.398209 ], [ -2.15363, 53.396176 ], [ -2.152939, 53.394729 ], [ -2.152644, 53.392973 ], [ -2.15309, 53.385195 ], [ -2.156593, 53.381401 ], [ -2.155928, 53.380842 ], [ -2.16178, 53.376471 ], [ -2.154932, 53.366923 ], [ -2.16226, 53.362541 ], [ -2.164067, 53.360124 ], [ -2.165956, 53.35733 ], [ -2.170683, 53.362274 ], [ -2.182022, 53.365054 ], [ -2.18438, 53.368148 ], [ -2.182313, 53.372157 ], [ -2.190099, 53.378095 ], [ -2.231657, 53.369823 ], [ -2.230878, 53.36782 ], [ -2.228064, 53.364238 ], [ -2.217567, 53.362093 ], [ -2.219499, 53.358663 ], [ -2.165956, 53.35733 ], [ -2.154932, 53.366923 ], [ -2.16178, 53.376471 ], [ -2.160345, 53.379348 ], [ -2.156593, 53.381401 ], [ -2.153662, 53.383691 ], [ -2.15309, 53.385195 ], [ -2.152644, 53.392973 ], [ -2.15363, 53.396176 ], [ -2.152835, 53.398447 ], [ -2.164023, 53.408196 ] ] } },
{ "type": "Feature", "properties": { "fid": 189, "route_id": "1630", "route_short_name": "383", "route_type": 3, "route_type_name": "Bus", "geometry_method": "osm_routed", "n_stops_covered": 61, "n_trips_observed": 19 }, "bbox": [ -2.166631, 53.393913, -2.051956, 53.422587 ], "geometry": { "type": "LineString", "coordinates": [ [ -2.164605, 53.408662 ], [ -2.158835, 53.408681 ], [ -2.161176, 53.408164 ], [ -2.155974, 53.401201 ], [ -2.138162, 53.40174 ], [ -2.134574, 53.397287 ], [ -2.126682, 53.400022 ], [ -2.102561, 53.395365 ], [ -2.102405, 53.394564 ], [ -2.10399, 53.393913 ], [ -2.106208, 53.394388 ], [ -2.10399, 53.393913 ], [ -2.102561, 53.395365 ], [ -2.101319, 53.395429 ], [ -2.09719, 53.394033 ], [ -2.087775, 53.396507 ], [ -2.061825, 53.394556 ], [ -2.051956, 53.404081 ], [ -2.05469, 53.414746 ], [ -2.061534, 53.417825 ], [ -2.105084, 53.410925 ], [ -2.106606, 53.41827 ], [ -2.114248, 53.422587 ], [ -2.118075, 53.421942 ], [ -2.119195, 53.421797 ], [ -2.117287, 53.417704 ], [ -2.120635, 53.416849 ], [ -2.12164, 53.417505 ], [ -2.121555, 53.418953 ], [ -2.122319, 53.42026 ], [ -2.12164, 53.417505 ], [ -2.120635, 53.416849 ], [ -2.129966, 53.417257 ], [ -2.150324, 53.41144 ], [ -2.158788, 53.413672 ], [ -2.166631, 53.410285 ], [ -2.165014, 53.409919 ], [ -2.164605, 53.408662 ], [ -2.164023, 53.408196 ] ] } },
{ "type": "Feature", "properties": { "fid": 190, "route_id": "1631", "route_short_name": "384", "route_type": 3, "route_type_name": "Bus", "geometry_method": "osm_routed", "n_stops_covered": 65, "n_trips_observed": 20 }, "bbox": [ -2.167539, 53.394033, -2.051956, 53.422587 ], "geometry": { "type": "LineString", "coordinates": [ [ -2.164605, 53.408662 ], [ -2.167539, 53.409928 ], [ -2.158788, 53.413672 ], [ -2.150578, 53.411473 ], [ -2.132252, 53.417439 ], [ -2.121767, 53.416464 ], [ -2.122319, 53.42026 ], [ -2.120635, 53.416849 ], [ -2.117287, 53.417704 ], [ -2.119195, 53.421797 ], [ -2.114248, 53.422587 ], [ -2.106606, 53.41827 ], [ -2.105084, 53.410925 ], [ -2.061534, 53.417825 ], [ -2.05469, 53.414746 ], [ -2.051956, 53.404081 ], [ -2.059826, 53.394956 ], [ -2.087775, 53.396507 ], [ -2.09719, 53.394033 ], [ -2.126567, 53.399982 ], [ -2.134574, 53.397287 ], [ -2.138162, 53.40174 ], [ -2.156068, 53.401122 ], [ -2.164023, 53.408196 ] ] } },
{ "type": "Feature", "properties": { "fid": 191, "route_id": "1637", "route_short_name": "X92", "route_type": 3, "route_type_name": "Bus", "geometry_method": "osm_routed", "n_stops_covered": 0, "n_trips_observed": 0 }, "bbox": [ -2.235107, 53.373692, -2.11325, 53.480661 ], "geometry": { "type": "LineString", "coordinates": [ [ -2.11325, 53.373692 ], [ -2.127868, 53.384772 ], [ -2.149161, 53.39443 ], [ -2.166944, 53.412327 ], [ -2.191562, 53.443693 ], [ -2.195488, 53.453232 ], [ -2.228398, 53.472332 ], [ -2.235107, 53.480661 ] ] } },
{ "type": "Feature", "properties": { "fid": 192, "route_id": "1668", "route_short_name": "385", "route_type": 3, "route_type_name": "Bus", "geometry_method": "mixed", "n_stops_covered": 202, "n_trips_observed": 5 }, "bbox": [ -3.011573, 53.535461, -2.634019, 53.64674 ], "geometry": { "type": "LineString", "coordinates": [ [ -3.011573, 53.644948 ], [ -3.00836, 53.64674 ], [ -3.001131, 53.64214 ], [ -2.96995, 53.633592 ], [ -2.960934, 53.623837 ], [ -2.942159, 53.618294 ], [ -2.940197, 53.61341 ], [ -2.9343, 53.610357 ], [ -2.933364, 53.604965 ], [ -2.916389, 53.589261 ], [ -2.894545, 53.57903 ], [ -2.890618, 53.573654 ], [ -2.89714, 53.571071 ], [ -2.894353, 53.563966 ], [ -2.883275, 53.567024 ], [ -2.847753, 53.564194 ], [ -2.813575, 53.550736 ], [ -2.810847, 53.550783 ], [ -2.810465, 53.550899 ], [ -2.810114, 53.551156 ], [ -2.808307, 53.550989 ], [ -2.810441, 53.551331 ], [ -2.806446, 53.554797 ], [ -2.801172, 53.551598 ], [ -2.791032, 53.553704 ], [ -2.790388, 53.548245 ], [ -2.803079, 53.547491 ], [ -2.775434, 53.546174 ], [ -2.775026, 53.548899 ], [ -2.774215, 53.549283 ], [ -2.775511, 53.542011 ], [ -2.758961, 53.535461 ], [ -2.75464, 53.538047 ], [ -2.749724, 53.538345 ], [ -2.747787, 53.539603 ], [ -2.755492, 53.54127 ], [ -2.755434, 53.545417 ], [ -2.7287, 53.538586 ], [ -2.726345, 53.546702 ], [ -2.721909, 53.54106 ], [ -2.676288, 53.535471 ], [ -2.656731, 53.537822 ], [ -2.643312, 53.543043 ], [ -2.635322, 53.540924 ], [ -2.634019, 53.546533 ] ] } },
{ "type": "Feature", "properties": { "fid": 193, "route_id": "1695", "route_short_name": "X43", "route_type": 3, "route_type_name": "Bus", "geometry_method": "mixed", "n_stops_covered": 98, "n_trips_observed": 41 }, "bbox": [ -2.305936, 53.485911, -2.214221, 53.835676 ], "geometry": { "type": "LineString", "coordinates": [ [ -2.214221, 53.835676 ], [ -2.233399, 53.827678 ], [ -2.236047, 53.819041 ], [ -2.234653, 53.802013 ], [ -2.240773, 53.795023 ], [ -2.238493, 53.789195 ], [ -2.253428, 53.783062 ], [ -2.258686, 53.770704 ], [ -2.24533, 53.764336 ], [ -2.258686, 53.770704 ], [ -2.267878, 53.749694 ], [ -2.285235, 53.740281 ], [ -2.285734, 53.726077 ], [ -2.292138, 53.71497 ], [ -2.284604, 53.703242 ], [ -2.287524, 53.700878 ], [ -2.287186, 53.700702 ], [ -2.285569, 53.700771 ], [ -2.284398, 53.700829 ], [ -2.283127, 53.700898 ], [ -2.283957, 53.701568 ], [ -2.284398, 53.700829 ], [ -2.285569, 53.700771 ], [ -2.287723, 53.700678 ], [ -2.29965, 53.69173 ], [ -2.305936, 53.674657 ], [ -2.301149, 53.633778 ], [ -2.28962, 53.596588 ], [ -2.291318, 53.592345 ], [ -2.301399, 53.588205 ], [ -2.291208, 53.563259 ], [ -2.297259, 53.553306 ], [ -2.288021, 53.538735 ], [ -2.287164, 53.531671 ], [ -2.285354, 53.532912 ], [ -2.263867, 53.512182 ], [ -2.244777, 53.486938 ], [ -2.238113, 53.485911 ] ] } },
{ "type": "Feature", "properties": { "fid": 194, "route_id": "1696822", "route_short_name": "125R", "route_type": 3, "route_type_name": "Bus", "geometry_method": "osm_routed", "n_stops_covered": 0, "n_trips_observed": 0 }, "bbox": [ -2.632135, 53.578281, -2.523613, 53.652463 ], "geometry": { "type": "LineString", "coordinates": [ [ -2.539353, 53.578281 ], [ -2.537465, 53.579769 ], [ -2.541671, 53.58215 ], [ -2.541364, 53.582253 ], [ -2.535731, 53.578785 ], [ -2.528, 53.58168 ], [ -2.53341, 53.584098 ], [ -2.533102, 53.584338 ], [ -2.527248, 53.581694 ], [ -2.523613, 53.584891 ], [ -2.542381, 53.594974 ], [ -2.541653, 53.598811 ], [ -2.554576, 53.602789 ], [ -2.551464, 53.609122 ], [ -2.566536, 53.625519 ], [ -2.582559, 53.621257 ], [ -2.578346, 53.611668 ], [ -2.593, 53.614577 ], [ -2.607695, 53.622393 ], [ -2.605559, 53.622607 ], [ -2.620374, 53.642863 ], [ -2.631307, 53.650022 ], [ -2.632135, 53.652103 ], [ -2.628348, 53.652463 ] ] } },
{ "type": "Feature", "properties": { "fid": 195, "route_id": "1823624", "route_short_name": "103", "route_type": 3, "route_type_name": "Bus", "geometry_method": "mixed", "n_stops_covered": 127, "n_trips_observed": 32 }, "bbox": [ -2.275677, 53.366054, -2.236185, 53.479586 ], "geometry": { "type": "LineString", "coordinates": [ [ -2.238145, 53.479586 ], [ -2.240173, 53.477536 ], [ -2.238011, 53.475666 ], [ -2.243963, 53.473941 ], [ -2.236185, 53.464457 ], [ -2.244818, 53.462184 ], [ -2.244355, 53.446284 ], [ -2.241651, 53.44321 ], [ -2.244158, 53.443102 ], [ -2.243994, 53.439832 ], [ -2.243972, 53.438539 ], [ -2.245247, 53.435778 ], [ -2.244005, 53.439917 ], [ -2.261659, 53.418058 ], [ -2.26656, 53.410379 ], [ -2.267026, 53.406757 ], [ -2.268054, 53.406825 ], [ -2.266647, 53.410992 ], [ -2.265771, 53.406731 ], [ -2.255868, 53.407287 ], [ -2.252443, 53.404691 ], [ -2.256986, 53.393854 ], [ -2.266497, 53.396902 ], [ -2.268278, 53.394971 ], [ -2.263157, 53.392503 ], [ -2.266691, 53.387143 ], [ -2.262554, 53.381291 ], [ -2.264746, 53.381076 ], [ -2.262554, 53.381291 ], [ -2.259981, 53.382036 ], [ -2.256118, 53.382303 ], [ -2.250011, 53.38373 ], [ -2.247618, 53.375988 ], [ -2.252325, 53.369214 ], [ -2.264448, 53.369991 ], [ -2.266414, 53.374477 ], [ -2.27136, 53.374447 ], [ -2.266414, 53.374477 ], [ -2.266661, 53.371202 ], [ -2.272227, 53.37172 ], [ -2.266661, 53.371202 ], [ -2.266414, 53.374477 ], [ -2.27136, 53.374447 ], [ -2.275677, 53.367717 ], [ -2.273143, 53.366054 ] ] } },
{ "type": "Feature", "properties": { "fid": 196, "route_id": "18442", "route_short_name": "719", "route_type": 3, "route_type_name": "Bus", "geometry_method": "mixed", "n_stops_covered": 36, "n_trips_observed": 1 }, "bbox": [ -2.295782, 53.388104, -2.217956, 53.415315 ], "geometry": { "type": "LineString", "coordinates": [ [ -2.25711, 53.397413 ], [ -2.253843, 53.402225 ], [ -2.280488, 53.412257 ], [ -2.295782, 53.407202 ], [ -2.292289, 53.402845 ], [ -2.294104, 53.402781 ], [ -2.292317, 53.401864 ], [ -2.294527, 53.401053 ], [ -2.277596, 53.399605 ], [ -2.27943, 53.392707 ], [ -2.267547, 53.388104 ], [ -2.263414, 53.39414 ], [ -2.266497, 53.396902 ], [ -2.256986, 53.393854 ], [ -2.257452, 53.396862 ], [ -2.225576, 53.400759 ], [ -2.220657, 53.408762 ], [ -2.219218, 53.406656 ], [ -2.220712, 53.410238 ], [ -2.222769, 53.410456 ], [ -2.223575, 53.41232 ], [ -2.223368, 53.412765 ], [ -2.217956, 53.415315 ] ] } },
{ "type": "Feature", "properties": { "fid": 197, "route_id": "18447", "route_short_name": "753", "route_type": 3, "route_type_name": "Bus", "geometry_method": "mixed", "n_stops_covered": 46, "n_trips_observed": 1 }, "bbox": [ -2.361927, 53.381489, -2.166069, 53.426794 ], "geometry": { "type": "LineString", "coordinates": [ [ -2.358322, 53.388712 ], [ -2.361927, 53.386746 ], [ -2.361419, 53.381489 ], [ -2.34647, 53.384178 ], [ -2.344056, 53.390791 ], [ -2.329337, 53.391604 ], [ -2.302899, 53.401766 ], [ -2.273245, 53.400404 ], [ -2.256852, 53.396895 ], [ -2.256992, 53.394331 ], [ -2.251919, 53.392813 ], [ -2.241931, 53.394608 ], [ -2.226629, 53.391978 ], [ -2.226652, 53.396102 ], [ -2.217997, 53.400253 ], [ -2.166069, 53.411622 ], [ -2.176804, 53.426794 ], [ -2.189741, 53.417003 ], [ -2.203539, 53.412556 ] ] } },
{ "type": "Feature", "properties": { "fid": 198, "route_id": "18449", "route_short_name": "765", "route_type": 3, "route_type_name": "Bus", "geometry_method": "mixed", "n_stops_covered": 25, "n_trips_observed": 1 }, "bbox": [ -2.370097, 53.37069, -2.316148, 53.406315 ], "geometry": { "type": "LineString", "coordinates": [ [ -2.370097, 53.392585 ], [ -2.352334, 53.392785 ], [ -2.35248, 53.400915 ], [ -2.363588, 53.404913 ], [ -2.360284, 53.406315 ], [ -2.347494, 53.40615 ], [ -2.318862, 53.398741 ], [ -2.316568, 53.389776 ], [ -2.325632, 53.37617 ], [ -2.316148, 53.370749 ], [ -2.319397, 53.37069 ] ] } },
{ "type": "Feature", "properties": { "fid": 199, "route_id": "18452", "route_short_name": "772", "route_type": 3, "route_type_name": "Bus", "geometry_method": "osm_routed", "n_stops_covered": 29, "n_trips_observed": 1 }, "bbox": [ -2.323187, 53.382692, -2.280488, 53.419532 ], "geometry": { "type": "LineString", "coordinates": [ [ -2.323187, 53.382692 ], [ -2.309482, 53.400017 ], [ -2.30289, 53.400897 ], [ -2.303142, 53.402875 ], [ -2.300354, 53.405731 ], [ -2.297945, 53.406661 ], [ -2.297569, 53.407404 ], [ -2.280488, 53.412257 ], [ -2.293774, 53.419532 ], [ -2.310318, 53.417485 ], [ -2.308033, 53.414017 ], [ -2.29535, 53.415131 ] ] } },
{ "type": "Feature", "properties": { "fid": 200, "route_id": "18453", "route_short_name": "776", "route_type": 3, "route_type_name": "Bus", "geometry_method": "osm_routed", "n_stops_covered": 22, "n_trips_observed": 1 }, "bbox": [ -2.366605, 53.382692, -2.321121, 53.430138 ], "geometry": { "type": "LineString", "coordinates": [ [ -2.345689, 53.429311 ], [ -2.353124, 53.430138 ], [ -2.353549, 53.422702 ], [ -2.359069, 53.420614 ], [ -2.361569, 53.418489 ], [ -2.362164, 53.41338 ], [ -2.34117, 53.41149 ], [ -2.349279, 53.404604 ], [ -2.360284, 53.406315 ], [ -2.366605, 53.401647 ], [ -2.352288, 53.399383 ], [ -2.352262, 53.395172 ], [ -2.347676, 53.39108 ], [ -2.329758, 53.391569 ], [ -2.321121, 53.388334 ], [ -2.323187, 53.382692 ] ] } },
{ "type": "Feature", "properties": { "fid": 201, "route_id": "18454", "route_short_name": "780", "route_type": 3, "route_type_name": "Bus", "geometry_method": "osm_routed", "n_stops_covered": 32, "n_trips_observed": 1 }, "bbox": [ -2.347135, 53.36753, -2.308033, 53.417645 ], "geometry": { "type": "LineString", "coordinates": [ [ -2.314974, 53.417596 ], [ -2.310467, 53.417645 ], [ -2.308033, 53.414017 ], [ -2.32058, 53.412344 ], [ -2.308994, 53.399848 ], [ -2.318208, 53.397445 ], [ -2.316568, 53.389776 ], [ -2.325122, 53.376526 ], [ -2.345305, 53.381135 ], [ -2.347135, 53.379069 ], [ -2.342129, 53.375083 ], [ -2.343215, 53.371539 ], [ -2.323169, 53.36753 ], [ -2.32017, 53.36938 ] ] } },
{ "type": "Feature", "properties": { "fid": 202, "route_id": "18534", "route_short_name": "763", "route_type": 3, "route_type_name": "Bus", "geometry_method": "mixed", "n_stops_covered": 42, "n_trips_observed": 1 }, "bbox": [ -2.319397, 53.363323, -2.193633, 53.444025 ], "geometry": { "type": "LineString", "coordinates": [ [ -2.319397, 53.37069 ], [ -2.295921, 53.363323 ], [ -2.275742, 53.385792 ], [ -2.268882, 53.396647 ], [ -2.268041, 53.406885 ], [ -2.257632, 53.408047 ], [ -2.224919, 53.436182 ], [ -2.231535, 53.438214 ], [ -2.231758, 53.443748 ], [ -2.214132, 53.442051 ], [ -2.209329, 53.442007 ], [ -2.205305, 53.442047 ], [ -2.205135, 53.442077 ], [ -2.205926, 53.44189 ], [ -2.209331, 53.441938 ], [ -2.209329, 53.442007 ], [ -2.205153, 53.442082 ], [ -2.20464, 53.44205 ], [ -2.193633, 53.444025 ], [ -2.19662, 53.429133 ], [ -2.202443, 53.427916 ] ] } },
{ "type": "Feature", "properties": { "fid": 203, "route_id": "18542", "route_short_name": "716", "route_type": 3, "route_type_name": "Bus", "geometry_method": "osm_routed", "n_stops_covered": 30, "n_trips_observed": 1 }, "bbox": [ -2.26896, 53.373559, -2.219926, 53.415848 ], "geometry": { "type": "LineString", "coordinates": [ [ -2.220629, 53.415848 ], [ -2.223575, 53.41232 ], [ -2.219926, 53.409583 ], [ -2.225674, 53.400268 ], [ -2.256705, 53.396173 ], [ -2.256986, 53.393854 ], [ -2.266497, 53.396902 ], [ -2.268278, 53.394971 ], [ -2.263157, 53.392503 ], [ -2.266691, 53.387143 ], [ -2.262554, 53.381291 ], [ -2.250011, 53.38373 ], [ -2.247618, 53.375988 ], [ -2.249871, 53.373559 ], [ -2.258485, 53.376477 ], [ -2.260448, 53.373821 ], [ -2.26896, 53.374478 ] ] } },
{ "type": "Feature", "properties": { "fid": 204, "route_id": "18549", "route_short_name": "748", "route_type": 3, "route_type_name": "Bus", "geometry_method": "osm_routed", "n_stops_covered": 24, "n_trips_observed": 1 }, "bbox": [ -2.202443, 53.427916, -2.172863, 53.462877 ], "geometry": { "type": "LineString", "coordinates": [ [ -2.202443, 53.427916 ], [ -2.199103, 53.443283 ], [ -2.191638, 53.444261 ], [ -2.192191, 53.448963 ], [ -2.179823, 53.450293 ], [ -2.181046, 53.453724 ], [ -2.17332, 53.453982 ], [ -2.176803, 53.461297 ], [ -2.172863, 53.462877 ] ] } },
{ "type": "Feature", "properties": { "fid": 205, "route_id": "18552", "route_short_name": "821", "route_type": 3, "route_type_name": "Bus", "geometry_method": "osm_routed", "n_stops_covered": 26, "n_trips_observed": 1 }, "bbox": [ -2.145045, 53.367682, -2.100707, 53.407554 ], "geometry": { "type": "LineString", "coordinates": [ [ -2.145045, 53.407554 ], [ -2.122627, 53.398024 ], [ -2.102561, 53.395365 ], [ -2.106208, 53.394388 ], [ -2.102405, 53.394564 ], [ -2.107202, 53.390194 ], [ -2.100707, 53.388213 ], [ -2.102817, 53.38294 ], [ -2.115954, 53.37702 ], [ -2.113518, 53.367682 ], [ -2.133339, 53.368793 ] ] } },
{ "type": "Feature", "properties": { "fid": 206, "route_id": "1870681", "route_short_name": "309", "route_type": 3, "route_type_name": "Bus", "geometry_method": "osm_routed", "n_stops_covered": 47, "n_trips_observed": 7 }, "bbox": [ -2.217596, 53.382347, -2.164023, 53.408251 ], "geometry": { "type": "LineString", "coordinates": [ [ -2.164023, 53.408196 ], [ -2.166647, 53.408251 ], [ -2.166102, 53.406439 ], [ -2.165817, 53.405604 ], [ -2.164967, 53.404417 ], [ -2.165094, 53.402213 ], [ -2.166358, 53.401558 ], [ -2.168057, 53.401571 ], [ -2.169646, 53.401041 ], [ -2.170973, 53.400954 ], [ -2.17061, 53.400172 ], [ -2.170879, 53.397864 ], [ -2.170782, 53.397332 ], [ -2.170677, 53.396804 ], [ -2.16548, 53.394509 ], [ -2.173887, 53.387 ], [ -2.200394, 53.392037 ], [ -2.201714, 53.382347 ], [ -2.213882, 53.386645 ], [ -2.217596, 53.393784 ], [ -2.204849, 53.395214 ], [ -2.184824, 53.404091 ], [ -2.171377, 53.404358 ], [ -2.169485, 53.40126 ], [ -2.170973, 53.400954 ], [ -2.17061, 53.400172 ], [ -2.170879, 53.397864 ], [ -2.170782, 53.397332 ], [ -2.170677, 53.396804 ], [ -2.168169, 53.39718 ], [ -2.170677, 53.396804 ], [ -2.17061, 53.400172 ], [ -2.170973, 53.400954 ], [ -2.169646, 53.401041 ], [ -2.168057, 53.401571 ], [ -2.166358, 53.401558 ], [ -2.165094, 53.402213 ], [ -2.164967, 53.404417 ], [ -2.166336, 53.407304 ], [ -2.164023, 53.408196 ] ] } },
{ "type": "Feature", "properties": { "fid": 207, "route_id": "1870697", "route_short_name": "364", "route_type": 3, "route_type_name": "Bus", "geometry_method": "mixed", "n_stops_covered": 59, "n_trips_observed": 4 }, "bbox": [ -2.162987, 53.377261, -2.102817, 53.410542 ], "geometry": { "type": "LineString", "coordinates": [ [ -2.16186, 53.409585 ], [ -2.159184, 53.409378 ], [ -2.158775, 53.408801 ], [ -2.158751, 53.408394 ], [ -2.158285, 53.40828 ], [ -2.158131, 53.407832 ], [ -2.157163, 53.406787 ], [ -2.156453, 53.406239 ], [ -2.151186, 53.408918 ], [ -2.150591, 53.408713 ], [ -2.148787, 53.408465 ], [ -2.147568, 53.408128 ], [ -2.141023, 53.410542 ], [ -2.137858, 53.404462 ], [ -2.128134, 53.406077 ], [ -2.126844, 53.403529 ], [ -2.129634, 53.400988 ], [ -2.122794, 53.398073 ], [ -2.131143, 53.392212 ], [ -2.129771, 53.388358 ], [ -2.13033, 53.386179 ], [ -2.125354, 53.384348 ], [ -2.124119, 53.381794 ], [ -2.117797, 53.384312 ], [ -2.102817, 53.38294 ], [ -2.116284, 53.377261 ], [ -2.12233, 53.380339 ], [ -2.130537, 53.386143 ], [ -2.131143, 53.392212 ], [ -2.122794, 53.398073 ], [ -2.12761, 53.400323 ], [ -2.125461, 53.402807 ], [ -2.128134, 53.406077 ], [ -2.137858, 53.404462 ], [ -2.141023, 53.410542 ], [ -2.155427, 53.409139 ], [ -2.157163, 53.406787 ], [ -2.162987, 53.409022 ] ] } },
{ "type": "Feature", "properties": { "fid": 208, "route_id": "1871103", "route_short_name": "906", "route_type": 3, "route_type_name": "Bus", "geometry_method": "mixed", "n_stops_covered": 104, "n_trips_observed": 2 }, "bbox": [ -2.537898, 53.532691, -2.407535, 53.601901 ], "geometry": { "type": "LineString", "coordinates": [ [ -2.535606, 53.54374 ], [ -2.537898, 53.533589 ], [ -2.526595, 53.532691 ], [ -2.518219, 53.535129 ], [ -2.516114, 53.541884 ], [ -2.529044, 53.543597 ], [ -2.525943, 53.548833 ], [ -2.515667, 53.546717 ], [ -2.498243, 53.551775 ], [ -2.487161, 53.54993 ], [ -2.490037, 53.556441 ], [ -2.477149, 53.54818 ], [ -2.469124, 53.547905 ], [ -2.468871, 53.555538 ], [ -2.43379, 53.573794 ], [ -2.424379, 53.574891 ], [ -2.426157, 53.581386 ], [ -2.412617, 53.588235 ], [ -2.407535, 53.601901 ] ] } },
{ "type": "Feature", "properties": { "fid": 209, "route_id": "1871104", "route_short_name": "904", "route_type": 3, "route_type_name": "Bus", "geometry_method": "osm_routed", "n_stops_covered": 83, "n_trips_observed": 2 }, "bbox": [ -2.563361, 53.56205, -2.407535, 53.602128 ], "geometry": { "type": "LineString", "coordinates": [ [ -2.407535, 53.601901 ], [ -2.412437, 53.588465 ], [ -2.426067, 53.581318 ], [ -2.425877, 53.577015 ], [ -2.467437, 53.567894 ], [ -2.474764, 53.56205 ], [ -2.488334, 53.579109 ], [ -2.522852, 53.583857 ], [ -2.542381, 53.594974 ], [ -2.541653, 53.598811 ], [ -2.554266, 53.602128 ], [ -2.563361, 53.593738 ] ] } },
{ "type": "Feature", "properties": { "fid": 210, "route_id": "1871358", "route_short_name": "360", "route_type": 3, "route_type_name": "Bus", "geometry_method": "osm_routed", "n_stops_covered": 0, "n_trips_observed": 0 }, "bbox": [ -2.16186, 53.356882, -1.946814, 53.409585 ], "geometry": { "type": "LineString", "coordinates": [ [ -2.16186, 53.409585 ], [ -2.145486, 53.392275 ], [ -2.125354, 53.384348 ], [ -2.102871, 53.368898 ], [ -2.106043, 53.372399 ], [ -2.094112, 53.36767 ], [ -2.061975, 53.362719 ], [ -2.053978, 53.357954 ], [ -2.039181, 53.358503 ], [ -2.042022, 53.356882 ], [ -2.030354, 53.360844 ], [ -2.010294, 53.35806 ], [ -1.988464, 53.367112 ], [ -1.989533, 53.373392 ], [ -1.98739, 53.372431 ], [ -1.985917, 53.372686 ], [ -1.989762, 53.373952 ], [ -1.987428, 53.379035 ], [ -1.946814, 53.379477 ] ] } },
{ "type": "Feature", "properties": { "fid": 211, "route_id": "1871588", "route_short_name": "99", "route_type": 3, "route_type_name": "Bus", "geometry_method": "osm_routed", "n_stops_covered": 51, "n_trips_observed": 17 }, "bbox": [ -2.287521, 53.485078, -2.238234, 53.535758 ], "geometry": { "type": "LineString", "coordinates": [ [ -2.238234, 53.485078 ], [ -2.257134, 53.486889 ], [ -2.259571, 53.499232 ], [ -2.265718, 53.503892 ], [ -2.261054, 53.50685 ], [ -2.263867, 53.512182 ], [ -2.285354, 53.532912 ], [ -2.287164, 53.531671 ], [ -2.287521, 53.535758 ] ] } },
{ "type": "Feature", "properties": { "fid": 212, "route_id": "1871663", "route_short_name": "102", "route_type": 3, "route_type_name": "Bus", "geometry_method": "osm_routed", "n_stops_covered": 0, "n_trips_observed": 0 }, "bbox": [ -2.254754, 53.425256, -2.236185, 53.479586 ], "geometry": { "type": "LineString", "coordinates": [ [ -2.238145, 53.479586 ], [ -2.240173, 53.477536 ], [ -2.238011, 53.475666 ], [ -2.243963, 53.473941 ], [ -2.236185, 53.464457 ], [ -2.244818, 53.462184 ], [ -2.244355, 53.446284 ], [ -2.241651, 53.44321 ], [ -2.254754, 53.425256 ] ] } },
{ "type": "Feature", "properties": { "fid": 213, "route_id": "1871938", "route_short_name": "50", "route_type": 3, "route_type_name": "Bus", "geometry_method": "mixed", "n_stops_covered": 98, "n_trips_observed": 91 }, "bbox": [ -2.297318, 53.410577, -2.202281, 53.491539 ], "geometry": { "type": "LineString", "coordinates": [ [ -2.295211, 53.471476 ], [ -2.286862, 53.475092 ], [ -2.287174, 53.475968 ], [ -2.290566, 53.476397 ], [ -2.28983, 53.474443 ], [ -2.288836, 53.47625 ], [ -2.286707, 53.476506 ], [ -2.285658, 53.479354 ], [ -2.294971, 53.480331 ], [ -2.295502, 53.475364 ], [ -2.29506, 53.480583 ], [ -2.297318, 53.480884 ], [ -2.297304, 53.480928 ], [ -2.29718, 53.48131 ], [ -2.291037, 53.483622 ], [ -2.285258, 53.491539 ], [ -2.277213, 53.486026 ], [ -2.280312, 53.488476 ], [ -2.276988, 53.486091 ], [ -2.275474, 53.485387 ], [ -2.272315, 53.48444 ], [ -2.274325, 53.484812 ], [ -2.276041, 53.485522 ], [ -2.274657, 53.485034 ], [ -2.264825, 53.483315 ], [ -2.25507, 53.483505 ], [ -2.244474, 53.479851 ], [ -2.216293, 53.455227 ], [ -2.210148, 53.455326 ], [ -2.205374, 53.442307 ], [ -2.203068, 53.442615 ], [ -2.202632, 53.442523 ], [ -2.202281, 53.441957 ], [ -2.21022, 53.427306 ], [ -2.213403, 53.429991 ], [ -2.214439, 53.427183 ], [ -2.21022, 53.427306 ], [ -2.219521, 53.410577 ] ] } },
{ "type": "Feature", "properties": { "fid": 214, "route_id": "1871942", "route_short_name": "51", "route_type": 3, "route_type_name": "Bus", "geometry_method": "mixed", "n_stops_covered": 40, "n_trips_observed": 1 }, "bbox": [ -2.295211, 53.40978, -2.204039, 53.485597 ], "geometry": { "type": "LineString", "coordinates": [ [ -2.219441, 53.40978 ], [ -2.204039, 53.441988 ], [ -2.211451, 53.453854 ], [ -2.233967, 53.470961 ], [ -2.237168, 53.470188 ], [ -2.242607, 53.4762 ], [ -2.240173, 53.477536 ], [ -2.261831, 53.483277 ], [ -2.259747, 53.484626 ], [ -2.264578, 53.482283 ], [ -2.274192, 53.483807 ], [ -2.275945, 53.485597 ], [ -2.264421, 53.482875 ], [ -2.264578, 53.482283 ], [ -2.265048, 53.48144 ], [ -2.26691, 53.4796 ], [ -2.278628, 53.481392 ], [ -2.295211, 53.471476 ] ] } },
{ "type": "Feature", "properties": { "fid": 215, "route_id": "18905", "route_short_name": "922", "route_type": 3, "route_type_name": "Bus", "geometry_method": "osm_routed", "n_stops_covered": 29, "n_trips_observed": 1 }, "bbox": [ -2.451778, 53.56879, -2.394095, 53.601985 ], "geometry": { "type": "LineString", "coordinates": [ [ -2.439637, 53.601985 ], [ -2.451778, 53.596575 ], [ -2.435824, 53.59172 ], [ -2.438518, 53.585909 ], [ -2.423507, 53.582234 ], [ -2.411764, 53.571884 ], [ -2.400892, 53.56879 ], [ -2.395686, 53.57063 ], [ -2.394095, 53.574965 ] ] } },
{ "type": "Feature", "properties": { "fid": 216, "route_id": "19306", "route_short_name": "464", "route_type": 3, "route_type_name": "Bus", "geometry_method": "osm_routed", "n_stops_covered": 194, "n_trips_observed": 54 }, "bbox": [ -2.36799, 53.616568, -2.150556, 53.755771 ], "geometry": { "type": "LineString", "coordinates": [ [ -2.155045, 53.616568 ], [ -2.150556, 53.617092 ], [ -2.158826, 53.620471 ], [ -2.15555, 53.623125 ], [ -2.157511, 53.628859 ], [ -2.178222, 53.639834 ], [ -2.181227, 53.645239 ], [ -2.176682, 53.652597 ], [ -2.177557, 53.657671 ], [ -2.170769, 53.66563 ], [ -2.170384, 53.674329 ], [ -2.16502, 53.679737 ], [ -2.167716, 53.68642 ], [ -2.197774, 53.696327 ], [ -2.201117, 53.702975 ], [ -2.201299, 53.69734 ], [ -2.207969, 53.693681 ], [ -2.224587, 53.69098 ], [ -2.25911, 53.693013 ], [ -2.277982, 53.700928 ], [ -2.305254, 53.700191 ], [ -2.315923, 53.695056 ], [ -2.328, 53.706803 ], [ -2.324246, 53.7158 ], [ -2.325835, 53.722614 ], [ -2.350278, 53.737611 ], [ -2.364771, 53.755771 ], [ -2.36799, 53.754416 ] ] } },
{ "type": "Feature", "properties": { "fid": 217, "route_id": "19332", "route_short_name": "481", "route_type": 3, "route_type_name": "Bus", "geometry_method": "mixed", "n_stops_covered": 170, "n_trips_observed": 15 }, "bbox": [ -2.483366, 53.5915, -2.283127, 53.748636 ], "geometry": { "type": "LineString", "coordinates": [ [ -2.29673, 53.5915 ], [ -2.289472, 53.593758 ], [ -2.28974, 53.597773 ], [ -2.292938, 53.59841 ], [ -2.290072, 53.599436 ], [ -2.293113, 53.599348 ], [ -2.290643, 53.602061 ], [ -2.293411, 53.613669 ], [ -2.30336, 53.63857 ], [ -2.30591, 53.675006 ], [ -2.305179, 53.679672 ], [ -2.298445, 53.683187 ], [ -2.305179, 53.679672 ], [ -2.29965, 53.69173 ], [ -2.290634, 53.69661 ], [ -2.289518, 53.699357 ], [ -2.290268, 53.69994 ], [ -2.287723, 53.700678 ], [ -2.287186, 53.700702 ], [ -2.285569, 53.700771 ], [ -2.284398, 53.700829 ], [ -2.283127, 53.700898 ], [ -2.28328, 53.701154 ], [ -2.305254, 53.700191 ], [ -2.315402, 53.695221 ], [ -2.313279, 53.693364 ], [ -2.329035, 53.689684 ], [ -2.324439, 53.70396 ], [ -2.334601, 53.698668 ], [ -2.34266, 53.698851 ], [ -2.371532, 53.702772 ], [ -2.415096, 53.715039 ], [ -2.425859, 53.714958 ], [ -2.438976, 53.724203 ], [ -2.446985, 53.72535 ], [ -2.458445, 53.733496 ], [ -2.455398, 53.732759 ], [ -2.453922, 53.736514 ], [ -2.460305, 53.734078 ], [ -2.472027, 53.735628 ], [ -2.469034, 53.733198 ], [ -2.467015, 53.733641 ], [ -2.467064, 53.734616 ], [ -2.472027, 53.735628 ], [ -2.467879, 53.735796 ], [ -2.471109, 53.741587 ], [ -2.473837, 53.738683 ], [ -2.482847, 53.74128 ], [ -2.483366, 53.745965 ], [ -2.479717, 53.748636 ] ] } },
{ "type": "Feature", "properties": { "fid": 218, "route_id": "19333", "route_short_name": "483", "route_type": 3, "route_type_name": "Bus", "geometry_method": "mixed", "n_stops_covered": 182, "n_trips_observed": 17 }, "bbox": [ -2.305679, 53.591701, -2.212627, 53.788868 ], "geometry": { "type": "LineString", "coordinates": [ [ -2.239686, 53.78756 ], [ -2.23379, 53.788868 ], [ -2.230949, 53.78331 ], [ -2.232666, 53.776461 ], [ -2.212627, 53.755539 ], [ -2.241319, 53.728383 ], [ -2.240524, 53.728267 ], [ -2.232612, 53.728449 ], [ -2.231702, 53.733365 ], [ -2.232612, 53.728449 ], [ -2.241319, 53.728383 ], [ -2.249263, 53.718397 ], [ -2.251541, 53.713768 ], [ -2.248672, 53.71486 ], [ -2.25145, 53.713405 ], [ -2.248712, 53.70616 ], [ -2.25114, 53.702802 ], [ -2.248021, 53.69913 ], [ -2.248405, 53.696975 ], [ -2.253192, 53.692583 ], [ -2.249876, 53.697864 ], [ -2.25855, 53.696818 ], [ -2.266765, 53.701605 ], [ -2.283162, 53.704178 ], [ -2.29965, 53.69173 ], [ -2.305179, 53.679672 ], [ -2.298445, 53.683187 ], [ -2.305181, 53.679647 ], [ -2.305679, 53.680505 ], [ -2.302192, 53.63601 ], [ -2.290449, 53.608659 ], [ -2.289508, 53.593649 ], [ -2.297795, 53.591701 ] ] } },
{ "type": "Feature", "properties": { "fid": 219, "route_id": "19407", "route_short_name": "396", "route_type": 3, "route_type_name": "Bus", "geometry_method": "mixed", "n_stops_covered": 156, "n_trips_observed": 13 }, "bbox": [ -2.201013, 53.49072, -2.07982, 53.555445 ], "geometry": { "type": "LineString", "coordinates": [ [ -2.096325, 53.49072 ], [ -2.07982, 53.500216 ], [ -2.082834, 53.502383 ], [ -2.096807, 53.496742 ], [ -2.098247, 53.501716 ], [ -2.105432, 53.503308 ], [ -2.102161, 53.505584 ], [ -2.105593, 53.503865 ], [ -2.109837, 53.521241 ], [ -2.106047, 53.521164 ], [ -2.10518, 53.51751 ], [ -2.099636, 53.519567 ], [ -2.102817, 53.521821 ], [ -2.101187, 53.526731 ], [ -2.105131, 53.529322 ], [ -2.111437, 53.526799 ], [ -2.110723, 53.524339 ], [ -2.119334, 53.525343 ], [ -2.139019, 53.538911 ], [ -2.13753, 53.543253 ], [ -2.146, 53.546171 ], [ -2.141808, 53.552899 ], [ -2.146449, 53.555445 ], [ -2.161826, 53.550063 ], [ -2.164198, 53.545507 ], [ -2.169562, 53.547044 ], [ -2.170848, 53.543872 ], [ -2.176255, 53.544577 ], [ -2.173793, 53.546923 ], [ -2.182599, 53.550923 ], [ -2.201013, 53.547507 ] ] } },
{ "type": "Feature", "properties": { "fid": 220, "route_id": "19409", "route_short_name": "W3", "route_type": 3, "route_type_name": "Bus", "geometry_method": "osm_routed", "n_stops_covered": 0, "n_trips_observed": 0 }, "bbox": [ -2.139944, 53.411147, -2.101123, 53.434165 ], "geometry": { "type": "LineString", "coordinates": [ [ -2.135639, 53.42369 ], [ -2.132355, 53.4245 ], [ -2.131132, 53.425918 ], [ -2.134001, 53.424887 ], [ -2.132439, 53.426847 ], [ -2.139944, 53.434165 ], [ -2.132972, 53.433852 ], [ -2.134034, 53.432727 ], [ -2.134464, 53.432875 ], [ -2.135704, 53.43177 ], [ -2.134464, 53.432875 ], [ -2.13308, 53.432387 ], [ -2.13146, 53.43229 ], [ -2.135443, 53.431955 ], [ -2.129615, 53.428361 ], [ -2.120778, 53.429122 ], [ -2.12158, 53.421888 ], [ -2.114248, 53.422587 ], [ -2.101869, 53.415811 ], [ -2.101123, 53.411999 ], [ -2.105918, 53.411147 ] ] } },
{ "type": "Feature", "properties": { "fid": 221, "route_id": "19413", "route_short_name": "W1", "route_type": 3, "route_type_name": "Bus", "geometry_method": "osm_routed", "n_stops_covered": 23, "n_trips_observed": 1 }, "bbox": [ -2.139944, 53.411147, -2.105918, 53.434481 ], "geometry": { "type": "LineString", "coordinates": [ [ -2.105918, 53.411147 ], [ -2.1078, 53.419259 ], [ -2.114248, 53.422587 ], [ -2.12144, 53.421249 ], [ -2.120778, 53.429122 ], [ -2.128557, 53.428361 ], [ -2.130561, 53.428248 ], [ -2.132439, 53.426847 ], [ -2.139944, 53.434165 ], [ -2.134166, 53.434481 ], [ -2.135704, 53.43177 ], [ -2.134464, 53.432875 ], [ -2.13146, 53.43229 ], [ -2.135443, 53.431955 ], [ -2.128557, 53.428361 ], [ -2.135052, 53.424084 ] ] } },
{ "type": "Feature", "properties": { "fid": 222, "route_id": "19429", "route_short_name": "764", "route_type": 3, "route_type_name": "Bus", "geometry_method": "mixed", "n_stops_covered": 50, "n_trips_observed": 1 }, "bbox": [ -2.362119, 53.37069, -2.308033, 53.431934 ], "geometry": { "type": "LineString", "coordinates": [ [ -2.334835, 53.417045 ], [ -2.342352, 53.411182 ], [ -2.353238, 53.413721 ], [ -2.36003, 53.411846 ], [ -2.362119, 53.417015 ], [ -2.343575, 53.427804 ], [ -2.337824, 53.426586 ], [ -2.328344, 53.431934 ], [ -2.318981, 53.431152 ], [ -2.331873, 53.419642 ], [ -2.310467, 53.417645 ], [ -2.308033, 53.414017 ], [ -2.32058, 53.412344 ], [ -2.308994, 53.399848 ], [ -2.317333, 53.392367 ], [ -2.325632, 53.37617 ], [ -2.316148, 53.370749 ], [ -2.319397, 53.37069 ] ] } },
{ "type": "Feature", "properties": { "fid": 223, "route_id": "2041671", "route_short_name": "Red Line", "route_type": 0, "route_type_name": "Tram", "geometry_method": "mixed", "n_stops_covered": 0, "n_trips_observed": 0 }, "bbox": [ -2.348168, 53.465032, -2.24974, 53.474715 ], "geometry": { "type": "LineString", "coordinates": [ [ -2.24974, 53.474715 ], [ -2.263677, 53.47314 ], [ -2.26806, 53.469576 ], [ -2.278618, 53.465032 ], [ -2.265604, 53.471905 ], [ -2.278618, 53.465032 ], [ -2.296828, 53.468623 ], [ -2.348168, 53.468141 ] ] } },
{ "type": "Feature", "properties": { "fid": 224, "route_id": "2041672", "route_short_name": "Red Line", "route_type": 0, "route_type_name": "Tram", "geometry_method": "mixed", "n_stops_covered": 0, "n_trips_observed": 0 }, "bbox": [ -2.348168, 53.465032, -2.24974, 53.474715 ], "geometry": { "type": "LineString", "coordinates": [ [ -2.24974, 53.474715 ], [ -2.263677, 53.47314 ], [ -2.26806, 53.469576 ], [ -2.278618, 53.465032 ], [ -2.265604, 53.471905 ], [ -2.278618, 53.465032 ], [ -2.296828, 53.468623 ], [ -2.348168, 53.468141 ] ] } },
{ "type": "Feature", "properties": { "fid": 225, "route_id": "2041675", "route_short_name": "Red Line", "route_type": 0, "route_type_name": "Tram", "geometry_method": "mixed", "n_stops_covered": 0, "n_trips_observed": 0 }, "bbox": [ -2.348168, 53.465022, -2.24974, 53.474715 ], "geometry": { "type": "LineString", "coordinates": [ [ -2.348168, 53.468141 ], [ -2.303351, 53.469585 ], [ -2.323865, 53.468265 ], [ -2.296798, 53.46865 ], [ -2.279007, 53.465022 ], [ -2.265604, 53.471905 ], [ -2.26806, 53.469576 ], [ -2.278618, 53.465032 ], [ -2.270005, 53.468269 ], [ -2.265893, 53.471647 ], [ -2.265604, 53.471905 ], [ -2.263293, 53.473357 ], [ -2.24974, 53.474715 ] ] } },
{ "type": "Feature", "properties": { "fid": 226, "route_id": "2041677", "route_short_name": "Navy Line", "route_type": 0, "route_type_name": "Tram", "geometry_method": "mixed", "n_stops_covered": 0, "n_trips_observed": 0 }, "bbox": [ -2.295606, 53.36532, -2.238464, 53.488224 ], "geometry": { "type": "LineString", "coordinates": [ [ -2.241049, 53.488224 ], [ -2.238464, 53.481209 ], [ -2.24974, 53.474715 ], [ -2.24924, 53.4747 ], [ -2.245182, 53.476682 ], [ -2.243519, 53.477964 ], [ -2.242674, 53.478531 ], [ -2.243765, 53.477569 ], [ -2.249435, 53.47467 ], [ -2.263677, 53.47314 ], [ -2.26806, 53.469576 ], [ -2.279405, 53.460582 ], [ -2.280804, 53.459653 ], [ -2.281323, 53.459152 ], [ -2.281422, 53.458962 ], [ -2.280281, 53.458977 ], [ -2.279835, 53.458243 ], [ -2.279883, 53.460515 ], [ -2.265604, 53.471905 ], [ -2.26806, 53.469576 ], [ -2.279405, 53.460582 ], [ -2.280804, 53.459653 ], [ -2.281323, 53.459152 ], [ -2.281422, 53.458962 ], [ -2.280012, 53.457922 ], [ -2.28157, 53.456533 ], [ -2.280012, 53.457922 ], [ -2.280281, 53.458977 ], [ -2.279653, 53.457804 ], [ -2.263841, 53.43817 ], [ -2.273433, 53.442864 ], [ -2.269245, 53.432824 ], [ -2.292371, 53.426299 ], [ -2.295606, 53.407728 ], [ -2.292598, 53.396878 ], [ -2.259872, 53.376765 ], [ -2.272832, 53.36532 ] ] } },
{ "type": "Feature", "properties": { "fid": 227, "route_id": "2041683", "route_short_name": "Navy Line", "route_type": 0, "route_type_name": "Tram", "geometry_method": "mixed", "n_stops_covered": 0, "n_trips_observed": 0 }, "bbox": [ -2.29523, 53.36532, -2.238359, 53.488224 ], "geometry": { "type": "LineString", "coordinates": [ [ -2.272832, 53.36532 ], [ -2.269642, 53.365647 ], [ -2.262991, 53.377653 ], [ -2.250414, 53.373675 ], [ -2.262991, 53.377653 ], [ -2.287779, 53.392009 ], [ -2.292734, 53.396859 ], [ -2.287204, 53.39217 ], [ -2.29523, 53.403325 ], [ -2.292486, 53.426517 ], [ -2.263707, 53.438088 ], [ -2.265715, 53.438827 ], [ -2.279759, 53.457983 ], [ -2.280281, 53.458977 ], [ -2.28157, 53.456533 ], [ -2.279883, 53.460515 ], [ -2.278086, 53.461365 ], [ -2.270005, 53.468269 ], [ -2.265893, 53.471647 ], [ -2.265604, 53.471905 ], [ -2.279007, 53.465022 ], [ -2.263293, 53.473357 ], [ -2.245182, 53.476682 ], [ -2.243519, 53.477964 ], [ -2.238945, 53.480956 ], [ -2.238359, 53.481354 ], [ -2.241049, 53.488224 ] ] } },
{ "type": "Feature", "properties": { "fid": 228, "route_id": "2041686", "route_short_name": "Navy Line", "route_type": 0, "route_type_name": "Tram", "geometry_method": "mixed", "n_stops_covered": 0, "n_trips_observed": 0 }, "bbox": [ -2.29523, 53.36532, -2.238359, 53.488224 ], "geometry": { "type": "LineString", "coordinates": [ [ -2.272832, 53.36532 ], [ -2.269642, 53.365647 ], [ -2.262991, 53.377653 ], [ -2.250414, 53.373675 ], [ -2.262991, 53.377653 ], [ -2.287779, 53.392009 ], [ -2.292734, 53.396859 ], [ -2.287204, 53.39217 ], [ -2.29523, 53.403325 ], [ -2.292486, 53.426517 ], [ -2.263707, 53.438088 ], [ -2.265715, 53.438827 ], [ -2.279759, 53.457983 ], [ -2.280281, 53.458977 ], [ -2.28157, 53.456533 ], [ -2.279883, 53.460515 ], [ -2.278086, 53.461365 ], [ -2.270005, 53.468269 ], [ -2.265893, 53.471647 ], [ -2.265604, 53.471905 ], [ -2.279007, 53.465022 ], [ -2.263293, 53.473357 ], [ -2.245182, 53.476682 ], [ -2.243519, 53.477964 ], [ -2.238945, 53.480956 ], [ -2.238359, 53.481354 ], [ -2.241049, 53.488224 ] ] } },
{ "type": "Feature", "properties": { "fid": 229, "route_id": "2041688", "route_short_name": "Blue Line", "route_type": 0, "route_type_name": "Tram", "geometry_method": "mixed", "n_stops_covered": 0, "n_trips_observed": 0 }, "bbox": [ -2.335198, 53.465022, -2.238359, 53.488224 ], "geometry": { "type": "LineString", "coordinates": [ [ -2.335198, 53.482977 ], [ -2.306486, 53.482269 ], [ -2.294233, 53.473933 ], [ -2.297734, 53.472 ], [ -2.291563, 53.474065 ], [ -2.279007, 53.465022 ], [ -2.265604, 53.471905 ], [ -2.26806, 53.469576 ], [ -2.278618, 53.465032 ], [ -2.270005, 53.468269 ], [ -2.265893, 53.471647 ], [ -2.265604, 53.471905 ], [ -2.263293, 53.473357 ], [ -2.245182, 53.476682 ], [ -2.243519, 53.477964 ], [ -2.238945, 53.480956 ], [ -2.238359, 53.481354 ], [ -2.241049, 53.488224 ] ] } },
{ "type": "Feature", "properties": { "fid": 230, "route_id": "2041690", "route_short_name": "Blue Line", "route_type": 0, "route_type_name": "Tram", "geometry_method": "mixed", "n_stops_covered": 0, "n_trips_observed": 0 }, "bbox": [ -2.335198, 53.465022, -2.238359, 53.488224 ], "geometry": { "type": "LineString", "coordinates": [ [ -2.335198, 53.482977 ], [ -2.306486, 53.482269 ], [ -2.294233, 53.473933 ], [ -2.297734, 53.472 ], [ -2.291563, 53.474065 ], [ -2.279007, 53.465022 ], [ -2.265604, 53.471905 ], [ -2.26806, 53.469576 ], [ -2.278618, 53.465032 ], [ -2.270005, 53.468269 ], [ -2.265893, 53.471647 ], [ -2.265604, 53.471905 ], [ -2.263293, 53.473357 ], [ -2.245182, 53.476682 ], [ -2.243519, 53.477964 ], [ -2.238945, 53.480956 ], [ -2.238359, 53.481354 ], [ -2.241049, 53.488224 ] ] } },
{ "type": "Feature", "properties": { "fid": 231, "route_id": "2041692", "route_short_name": "Green Line", "route_type": 0, "route_type_name": "Tram", "geometry_method": "mixed", "n_stops_covered": 0, "n_trips_observed": 0 }, "bbox": [ -2.347651, 53.386941, -2.200645, 53.590942 ], "geometry": { "type": "LineString", "coordinates": [ [ -2.296987, 53.590942 ], [ -2.311552, 53.580226 ], [ -2.297424, 53.551976 ], [ -2.286054, 53.542058 ], [ -2.283176, 53.534321 ], [ -2.249873, 53.524953 ], [ -2.240899, 53.517187 ], [ -2.227611, 53.503158 ], [ -2.24037, 53.515918 ], [ -2.227611, 53.503158 ], [ -2.227298, 53.498912 ], [ -2.223993, 53.500332 ], [ -2.221026, 53.500905 ], [ -2.217453, 53.50105 ], [ -2.200645, 53.501383 ], [ -2.222123, 53.500686 ], [ -2.242031, 53.487285 ], [ -2.238464, 53.481209 ], [ -2.24974, 53.474715 ], [ -2.24924, 53.4747 ], [ -2.245182, 53.476682 ], [ -2.243519, 53.477964 ], [ -2.242674, 53.478531 ], [ -2.243765, 53.477569 ], [ -2.249435, 53.47467 ], [ -2.263677, 53.47314 ], [ -2.26806, 53.469576 ], [ -2.279405, 53.460582 ], [ -2.280804, 53.459653 ], [ -2.281323, 53.459152 ], [ -2.281422, 53.458962 ], [ -2.279835, 53.458243 ], [ -2.279883, 53.460515 ], [ -2.265604, 53.471905 ], [ -2.26806, 53.469576 ], [ -2.279405, 53.460582 ], [ -2.280804, 53.459653 ], [ -2.283757, 53.456812 ], [ -2.284484, 53.456419 ], [ -2.283556, 53.457288 ], [ -2.32066, 53.42272 ], [ -2.311564, 53.430015 ], [ -2.339783, 53.40275 ], [ -2.347651, 53.386941 ] ] } },
{ "type": "Feature", "properties": { "fid": 232, "route_id": "2041694", "route_short_name": "Green Line", "route_type": 0, "route_type_name": "Tram", "geometry_method": "mixed", "n_stops_covered": 0, "n_trips_observed": 0 }, "bbox": [ -2.347651, 53.386941, -2.226211, 53.590792 ], "geometry": { "type": "LineString", "coordinates": [ [ -2.347651, 53.386941 ], [ -2.343599, 53.394934 ], [ -2.33842, 53.404343 ], [ -2.340078, 53.402446 ], [ -2.33983, 53.402764 ], [ -2.32066, 53.42272 ], [ -2.320837, 53.422474 ], [ -2.319196, 53.424243 ], [ -2.283806, 53.457109 ], [ -2.278086, 53.461365 ], [ -2.270005, 53.468269 ], [ -2.265893, 53.471647 ], [ -2.265604, 53.471905 ], [ -2.26806, 53.469576 ], [ -2.279405, 53.460582 ], [ -2.280804, 53.459653 ], [ -2.281837, 53.458635 ], [ -2.282442, 53.458095 ], [ -2.282532, 53.458013 ], [ -2.283757, 53.456812 ], [ -2.283875, 53.456709 ], [ -2.303852, 53.44608 ], [ -2.283757, 53.456812 ], [ -2.282067, 53.45832 ], [ -2.282038, 53.458347 ], [ -2.281448, 53.45891 ], [ -2.281318, 53.459084 ], [ -2.280281, 53.458977 ], [ -2.279835, 53.458243 ], [ -2.279883, 53.460515 ], [ -2.278086, 53.461365 ], [ -2.270005, 53.468269 ], [ -2.265893, 53.471647 ], [ -2.265604, 53.471905 ], [ -2.279007, 53.465022 ], [ -2.264109, 53.472973 ], [ -2.245182, 53.476682 ], [ -2.243519, 53.477964 ], [ -2.238945, 53.480956 ], [ -2.238359, 53.481354 ], [ -2.241644, 53.48692 ], [ -2.242031, 53.487285 ], [ -2.241721, 53.487074 ], [ -2.238214, 53.481798 ], [ -2.238464, 53.481209 ], [ -2.238359, 53.481354 ], [ -2.241644, 53.48692 ], [ -2.242031, 53.487285 ], [ -2.226211, 53.497691 ], [ -2.227652, 53.503145 ], [ -2.240281, 53.515612 ], [ -2.24052, 53.516232 ], [ -2.24037, 53.515918 ], [ -2.227611, 53.503158 ], [ -2.227512, 53.502948 ], [ -2.227652, 53.503145 ], [ -2.240281, 53.515612 ], [ -2.255482, 53.527313 ], [ -2.283176, 53.534321 ], [ -2.286129, 53.541994 ], [ -2.297445, 53.551947 ], [ -2.321035, 53.562264 ], [ -2.297276, 53.590792 ] ] } },
{ "type": "Feature", "properties": { "fid": 233, "route_id": "2041696", "route_short_name": "Pink Line", "route_type": 0, "route_type_name": "Tram", "geometry_method": "mixed", "n_stops_covered": 0, "n_trips_observed": 0 }, "bbox": [ -2.28157, 53.411873, -2.089389, 53.617412 ], "geometry": { "type": "LineString", "coordinates": [ [ -2.216707, 53.411873 ], [ -2.236769, 53.425565 ], [ -2.265715, 53.438827 ], [ -2.279759, 53.457983 ], [ -2.280281, 53.458977 ], [ -2.28157, 53.456533 ], [ -2.279883, 53.460515 ], [ -2.278086, 53.461365 ], [ -2.270005, 53.468269 ], [ -2.265893, 53.471647 ], [ -2.265604, 53.471905 ], [ -2.279007, 53.465022 ], [ -2.263293, 53.473357 ], [ -2.245182, 53.476682 ], [ -2.243519, 53.477964 ], [ -2.238945, 53.480956 ], [ -2.238359, 53.481354 ], [ -2.241644, 53.48692 ], [ -2.242031, 53.487285 ], [ -2.241721, 53.487074 ], [ -2.238214, 53.481798 ], [ -2.238464, 53.481209 ], [ -2.238359, 53.481354 ], [ -2.241644, 53.48692 ], [ -2.242031, 53.487285 ], [ -2.222778, 53.500581 ], [ -2.174005, 53.505975 ], [ -2.136249, 53.5385 ], [ -2.147435, 53.519991 ], [ -2.136101, 53.538552 ], [ -2.102594, 53.542639 ], [ -2.089389, 53.574496 ], [ -2.112196, 53.608142 ], [ -2.123025, 53.610935 ], [ -2.152809, 53.610871 ], [ -2.154991, 53.617412 ] ] } },
{ "type": "Feature", "properties": { "fid": 234, "route_id": "2041698", "route_short_name": "Green Line", "route_type": 0, "route_type_name": "Tram", "geometry_method": "mixed", "n_stops_covered": 0, "n_trips_observed": 0 }, "bbox": [ -2.347651, 53.386941, -2.200645, 53.590942 ], "geometry": { "type": "LineString", "coordinates": [ [ -2.296987, 53.590942 ], [ -2.311552, 53.580226 ], [ -2.297424, 53.551976 ], [ -2.286054, 53.542058 ], [ -2.283176, 53.534321 ], [ -2.249873, 53.524953 ], [ -2.240899, 53.517187 ], [ -2.227611, 53.503158 ], [ -2.24037, 53.515918 ], [ -2.227611, 53.503158 ], [ -2.227298, 53.498912 ], [ -2.223993, 53.500332 ], [ -2.221026, 53.500905 ], [ -2.217453, 53.50105 ], [ -2.200645, 53.501383 ], [ -2.222123, 53.500686 ], [ -2.242031, 53.487285 ], [ -2.238464, 53.481209 ], [ -2.24974, 53.474715 ], [ -2.24924, 53.4747 ], [ -2.245182, 53.476682 ], [ -2.243519, 53.477964 ], [ -2.242674, 53.478531 ], [ -2.243765, 53.477569 ], [ -2.249435, 53.47467 ], [ -2.263677, 53.47314 ], [ -2.26806, 53.469576 ], [ -2.279405, 53.460582 ], [ -2.280804, 53.459653 ], [ -2.281323, 53.459152 ], [ -2.281422, 53.458962 ], [ -2.279835, 53.458243 ], [ -2.279883, 53.460515 ], [ -2.265604, 53.471905 ], [ -2.26806, 53.469576 ], [ -2.279405, 53.460582 ], [ -2.280804, 53.459653 ], [ -2.283757, 53.456812 ], [ -2.284484, 53.456419 ], [ -2.283556, 53.457288 ], [ -2.32066, 53.42272 ], [ -2.311564, 53.430015 ], [ -2.339783, 53.40275 ], [ -2.347651, 53.386941 ] ] } },
{ "type": "Feature", "properties": { "fid": 235, "route_id": "2041699", "route_short_name": "Pink Line", "route_type": 0, "route_type_name": "Tram", "geometry_method": "mixed", "n_stops_covered": 0, "n_trips_observed": 0 }, "bbox": [ -2.28157, 53.411935, -2.089375, 53.617412 ], "geometry": { "type": "LineString", "coordinates": [ [ -2.154991, 53.617412 ], [ -2.152809, 53.610871 ], [ -2.138796, 53.614032 ], [ -2.124326, 53.611276 ], [ -2.089409, 53.575188 ], [ -2.094663, 53.600885 ], [ -2.089409, 53.575188 ], [ -2.089375, 53.574816 ], [ -2.102594, 53.542639 ], [ -2.117461, 53.539538 ], [ -2.128681, 53.5412 ], [ -2.137434, 53.537899 ], [ -2.145091, 53.526717 ], [ -2.136101, 53.538552 ], [ -2.128681, 53.5412 ], [ -2.12865, 53.541078 ], [ -2.174005, 53.505975 ], [ -2.201198, 53.501288 ], [ -2.200645, 53.501383 ], [ -2.217464, 53.501013 ], [ -2.221012, 53.50087 ], [ -2.222592, 53.500619 ], [ -2.221026, 53.500905 ], [ -2.217453, 53.50105 ], [ -2.200645, 53.501383 ], [ -2.222123, 53.500686 ], [ -2.242031, 53.487285 ], [ -2.238464, 53.481209 ], [ -2.24974, 53.474715 ], [ -2.24924, 53.4747 ], [ -2.245182, 53.476682 ], [ -2.243519, 53.477964 ], [ -2.243765, 53.477569 ], [ -2.249435, 53.47467 ], [ -2.263677, 53.47314 ], [ -2.26806, 53.469576 ], [ -2.279405, 53.460582 ], [ -2.280804, 53.459653 ], [ -2.281323, 53.459152 ], [ -2.281422, 53.458962 ], [ -2.280281, 53.458977 ], [ -2.279835, 53.458243 ], [ -2.279883, 53.460515 ], [ -2.265604, 53.471905 ], [ -2.26806, 53.469576 ], [ -2.279405, 53.460582 ], [ -2.280804, 53.459653 ], [ -2.281323, 53.459152 ], [ -2.281422, 53.458962 ], [ -2.28157, 53.456533 ], [ -2.280281, 53.458977 ], [ -2.279653, 53.457804 ], [ -2.263841, 53.43817 ], [ -2.273433, 53.442864 ], [ -2.279759, 53.457983 ], [ -2.279653, 53.457804 ], [ -2.263841, 53.43817 ], [ -2.240582, 53.429209 ], [ -2.216655, 53.411935 ] ] } },
{ "type": "Feature", "properties": { "fid": 236, "route_id": "2041700", "route_short_name": "Blue Line", "route_type": 0, "route_type_name": "Tram", "geometry_method": "mixed", "n_stops_covered": 0, "n_trips_observed": 0 }, "bbox": [ -2.335198, 53.465022, -2.238359, 53.488224 ], "geometry": { "type": "LineString", "coordinates": [ [ -2.335198, 53.482977 ], [ -2.306486, 53.482269 ], [ -2.294233, 53.473933 ], [ -2.297734, 53.472 ], [ -2.291563, 53.474065 ], [ -2.279007, 53.465022 ], [ -2.265604, 53.471905 ], [ -2.26806, 53.469576 ], [ -2.278618, 53.465032 ], [ -2.270005, 53.468269 ], [ -2.265893, 53.471647 ], [ -2.265604, 53.471905 ], [ -2.263293, 53.473357 ], [ -2.245182, 53.476682 ], [ -2.243519, 53.477964 ], [ -2.238945, 53.480956 ], [ -2.238359, 53.481354 ], [ -2.241049, 53.488224 ] ] } },
{ "type": "Feature", "properties": { "fid": 237, "route_id": "2041701", "route_short_name": "Pink Line", "route_type": 0, "route_type_name": "Tram", "geometry_method": "mixed", "n_stops_covered": 0, "n_trips_observed": 0 }, "bbox": [ -2.28157, 53.411935, -2.089375, 53.617412 ], "geometry": { "type": "LineString", "coordinates": [ [ -2.154991, 53.617412 ], [ -2.152809, 53.610871 ], [ -2.138796, 53.614032 ], [ -2.124326, 53.611276 ], [ -2.089409, 53.575188 ], [ -2.094663, 53.600885 ], [ -2.089409, 53.575188 ], [ -2.089375, 53.574816 ], [ -2.102594, 53.542639 ], [ -2.117461, 53.539538 ], [ -2.128681, 53.5412 ], [ -2.137434, 53.537899 ], [ -2.145091, 53.526717 ], [ -2.136101, 53.538552 ], [ -2.128681, 53.5412 ], [ -2.12865, 53.541078 ], [ -2.174005, 53.505975 ], [ -2.201198, 53.501288 ], [ -2.200645, 53.501383 ], [ -2.217464, 53.501013 ], [ -2.221012, 53.50087 ], [ -2.222592, 53.500619 ], [ -2.221026, 53.500905 ], [ -2.217453, 53.50105 ], [ -2.200645, 53.501383 ], [ -2.222123, 53.500686 ], [ -2.242031, 53.487285 ], [ -2.243765, 53.477569 ], [ -2.263677, 53.47314 ], [ -2.26806, 53.469576 ], [ -2.279405, 53.460582 ], [ -2.280804, 53.459653 ], [ -2.281323, 53.459152 ], [ -2.281422, 53.458962 ], [ -2.280281, 53.458977 ], [ -2.279835, 53.458243 ], [ -2.279883, 53.460515 ], [ -2.265604, 53.471905 ], [ -2.26806, 53.469576 ], [ -2.279405, 53.460582 ], [ -2.280804, 53.459653 ], [ -2.281323, 53.459152 ], [ -2.281422, 53.458962 ], [ -2.28157, 53.456533 ], [ -2.280281, 53.458977 ], [ -2.279653, 53.457804 ], [ -2.263841, 53.43817 ], [ -2.273433, 53.442864 ], [ -2.279759, 53.457983 ], [ -2.279653, 53.457804 ], [ -2.263841, 53.43817 ], [ -2.240582, 53.429209 ], [ -2.216655, 53.411935 ] ] } },
{ "type": "Feature", "properties": { "fid": 238, "route_id": "20463", "route_short_name": "766", "route_type": 3, "route_type_name": "Bus", "geometry_method": "osm_routed", "n_stops_covered": 32, "n_trips_observed": 1 }, "bbox": [ -2.393556, 53.368027, -2.289525, 53.457147 ], "geometry": { "type": "LineString", "coordinates": [ [ -2.358935, 53.457147 ], [ -2.393556, 53.456156 ], [ -2.391223, 53.448092 ], [ -2.38187, 53.448164 ], [ -2.384601, 53.442757 ], [ -2.379552, 53.441863 ], [ -2.360307, 53.446435 ], [ -2.31535, 53.445475 ], [ -2.314879, 53.450452 ], [ -2.315825, 53.449517 ], [ -2.318833, 53.450774 ], [ -2.310358, 53.452058 ], [ -2.302009, 53.45075 ], [ -2.306439, 53.445954 ], [ -2.30289, 53.446197 ], [ -2.293277, 53.444436 ], [ -2.289525, 53.442779 ], [ -2.307076, 53.445791 ], [ -2.322315, 53.428185 ], [ -2.317897, 53.42433 ], [ -2.325088, 53.417368 ], [ -2.308994, 53.399848 ], [ -2.317333, 53.392367 ], [ -2.314306, 53.381152 ], [ -2.316305, 53.375135 ], [ -2.313768, 53.373263 ], [ -2.317919, 53.368027 ], [ -2.32017, 53.36938 ] ] } },
{ "type": "Feature", "properties": { "fid": 239, "route_id": "20550", "route_short_name": "863", "route_type": 3, "route_type_name": "Bus", "geometry_method": "osm_routed", "n_stops_covered": 41, "n_trips_observed": 1 }, "bbox": [ -2.231657, 53.358663, -2.156707, 53.408196 ], "geometry": { "type": "LineString", "coordinates": [ [ -2.18686, 53.363314 ], [ -2.189487, 53.366106 ], [ -2.195724, 53.358799 ], [ -2.219499, 53.358663 ], [ -2.217567, 53.362093 ], [ -2.228064, 53.364238 ], [ -2.231657, 53.369823 ], [ -2.19585, 53.375759 ], [ -2.182111, 53.382286 ], [ -2.180454, 53.388214 ], [ -2.184256, 53.389454 ], [ -2.187864, 53.399771 ], [ -2.156707, 53.402104 ], [ -2.164023, 53.408196 ] ] } },
{ "type": "Feature", "properties": { "fid": 240, "route_id": "21070", "route_short_name": "247", "route_type": 3, "route_type_name": "Bus", "geometry_method": "osm_routed", "n_stops_covered": 101, "n_trips_observed": 23 }, "bbox": [ -2.440657, 53.387529, -2.346653, 53.468066 ], "geometry": { "type": "LineString", "coordinates": [ [ -2.348269, 53.387529 ], [ -2.346653, 53.389599 ], [ -2.352262, 53.395172 ], [ -2.35248, 53.400915 ], [ -2.358945, 53.403281 ], [ -2.359612, 53.400428 ], [ -2.366109, 53.401159 ], [ -2.363795, 53.404976 ], [ -2.374064, 53.407482 ], [ -2.4036, 53.406395 ], [ -2.426362, 53.414429 ], [ -2.430864, 53.414189 ], [ -2.433379, 53.410474 ], [ -2.42997, 53.417632 ], [ -2.430566, 53.417626 ], [ -2.434779, 53.416505 ], [ -2.438006, 53.417331 ], [ -2.440657, 53.415564 ], [ -2.437316, 53.413812 ], [ -2.432238, 53.415297 ], [ -2.432611, 53.416898 ], [ -2.42997, 53.417632 ], [ -2.427688, 53.419018 ], [ -2.41975, 53.421295 ], [ -2.405845, 53.432997 ], [ -2.385212, 53.433372 ], [ -2.389562, 53.440236 ], [ -2.381299, 53.447471 ], [ -2.391464, 53.448102 ], [ -2.393172, 53.452692 ], [ -2.362768, 53.452288 ], [ -2.356941, 53.457443 ], [ -2.357624, 53.463981 ], [ -2.353232, 53.468066 ] ] } },
{ "type": "Feature", "properties": { "fid": 241, "route_id": "21486", "route_short_name": "744", "route_type": 3, "route_type_name": "Bus", "geometry_method": "osm_routed", "n_stops_covered": 47, "n_trips_observed": 1 }, "bbox": [ -2.370982, 53.450223, -2.252068, 53.492384 ], "geometry": { "type": "LineString", "coordinates": [ [ -2.252068, 53.461253 ], [ -2.252352, 53.458765 ], [ -2.257481, 53.458805 ], [ -2.257206, 53.455219 ], [ -2.258197, 53.458813 ], [ -2.286328, 53.451986 ], [ -2.291338, 53.456239 ], [ -2.302009, 53.45075 ], [ -2.310311, 53.450223 ], [ -2.337397, 53.457866 ], [ -2.357469, 53.457357 ], [ -2.358175, 53.460448 ], [ -2.357624, 53.463981 ], [ -2.357218, 53.464877 ], [ -2.356834, 53.465079 ], [ -2.356216, 53.466522 ], [ -2.353464, 53.468562 ], [ -2.356419, 53.464758 ], [ -2.357146, 53.464895 ], [ -2.356834, 53.465079 ], [ -2.356216, 53.466522 ], [ -2.354209, 53.468451 ], [ -2.352354, 53.468965 ], [ -2.349865, 53.470219 ], [ -2.349428, 53.470406 ], [ -2.349058, 53.470209 ], [ -2.352418, 53.468743 ], [ -2.349877, 53.470168 ], [ -2.349865, 53.470219 ], [ -2.349791, 53.47065 ], [ -2.354421, 53.475474 ], [ -2.355682, 53.474922 ], [ -2.354919, 53.4772 ], [ -2.370982, 53.490342 ], [ -2.353887, 53.492384 ], [ -2.338068, 53.484528 ] ] } },
{ "type": "Feature", "properties": { "fid": 242, "route_id": "25415", "route_short_name": "387", "route_type": 3, "route_type_name": "Bus", "geometry_method": "mixed", "n_stops_covered": 117, "n_trips_observed": 7 }, "bbox": [ -2.101534, 53.443776, -2.011652, 53.49454 ], "geometry": { "type": "LineString", "coordinates": [ [ -2.097137, 53.489616 ], [ -2.101534, 53.490071 ], [ -2.077265, 53.493343 ], [ -2.070081, 53.490511 ], [ -2.069555, 53.49033 ], [ -2.074064, 53.49454 ], [ -2.077265, 53.493343 ], [ -2.070081, 53.490511 ], [ -2.065136, 53.488604 ], [ -2.065482, 53.485354 ], [ -2.056611, 53.484013 ], [ -2.056173, 53.481416 ], [ -2.043336, 53.481923 ], [ -2.042789, 53.476531 ], [ -2.030072, 53.472824 ], [ -2.027469, 53.468573 ], [ -2.030429, 53.468756 ], [ -2.011652, 53.457039 ], [ -2.017458, 53.45175 ], [ -2.024012, 53.451364 ], [ -2.023585, 53.445611 ], [ -2.026936, 53.443776 ], [ -2.03134, 53.445913 ], [ -2.033263, 53.445417 ], [ -2.036391, 53.44593 ], [ -2.036775, 53.445985 ], [ -2.040538, 53.446507 ], [ -2.028885, 53.450143 ], [ -2.040738, 53.451708 ], [ -2.040574, 53.453786 ], [ -2.078867, 53.452618 ] ] } },
{ "type": "Feature", "properties": { "fid": 243, "route_id": "27922", "route_short_name": "770", "route_type": 3, "route_type_name": "Bus", "geometry_method": "osm_routed", "n_stops_covered": 21, "n_trips_observed": 1 }, "bbox": [ -2.331873, 53.382692, -2.309482, 53.431978 ], "geometry": { "type": "LineString", "coordinates": [ [ -2.323187, 53.382692 ], [ -2.309482, 53.400017 ], [ -2.325088, 53.417368 ], [ -2.331873, 53.419642 ], [ -2.318681, 53.430015 ], [ -2.326376, 53.431978 ] ] } },
{ "type": "Feature", "properties": { "fid": 244, "route_id": "29681", "route_short_name": "341", "route_type": 3, "route_type_name": "Bus", "geometry_method": "mixed", "n_stops_covered": 0, "n_trips_observed": 0 }, "bbox": [ -2.078867, 53.432817, -1.948664, 53.455658 ], "geometry": { "type": "LineString", "coordinates": [ [ -1.948664, 53.44381 ], [ -1.96735, 53.444276 ], [ -1.970627, 53.440179 ], [ -1.967873, 53.437945 ], [ -1.970627, 53.440179 ], [ -1.96735, 53.444276 ], [ -1.97469, 53.447471 ], [ -1.980164, 53.445927 ], [ -1.985885, 53.4514 ], [ -1.991148, 53.44679 ], [ -1.988717, 53.444252 ], [ -1.990228, 53.445267 ], [ -1.988717, 53.444252 ], [ -1.986295, 53.444831 ], [ -1.985146, 53.445073 ], [ -1.983676, 53.444687 ], [ -1.985146, 53.445073 ], [ -1.986295, 53.444831 ], [ -1.988717, 53.444252 ], [ -1.983676, 53.444687 ], [ -1.993422, 53.432817 ], [ -2.000774, 53.439168 ], [ -2.010966, 53.440939 ], [ -2.019761, 53.441446 ], [ -2.020073, 53.441735 ], [ -2.011427, 53.455649 ], [ -2.010887, 53.453466 ], [ -2.010728, 53.455254 ], [ -2.011427, 53.455649 ], [ -2.012132, 53.455658 ], [ -2.018371, 53.451472 ], [ -2.040738, 53.451708 ], [ -2.040121, 53.446352 ], [ -2.02811, 53.448608 ], [ -2.023585, 53.445611 ], [ -2.048434, 53.43978 ], [ -2.060747, 53.443618 ], [ -2.062578, 53.441213 ], [ -2.067565, 53.441857 ], [ -2.061332, 53.443492 ], [ -2.071289, 53.446243 ], [ -2.067743, 53.44706 ], [ -2.066287, 53.44852 ], [ -2.071666, 53.451876 ], [ -2.078867, 53.452618 ] ] } },
{ "type": "Feature", "properties": { "fid": 245, "route_id": "30286", "route_short_name": "245", "route_type": 3, "route_type_name": "Bus", "geometry_method": "mixed", "n_stops_covered": 108, "n_trips_observed": 25 }, "bbox": [ -2.393272, 53.387287, -2.308101, 53.468066 ], "geometry": { "type": "LineString", "coordinates": [ [ -2.348529, 53.387287 ], [ -2.346646, 53.389572 ], [ -2.352262, 53.395172 ], [ -2.352058, 53.401773 ], [ -2.331873, 53.419642 ], [ -2.335345, 53.421405 ], [ -2.333363, 53.418818 ], [ -2.335345, 53.421405 ], [ -2.331873, 53.419642 ], [ -2.3212, 53.427606 ], [ -2.312314, 53.442372 ], [ -2.308101, 53.443554 ], [ -2.312222, 53.446843 ], [ -2.351808, 53.445669 ], [ -2.354936, 53.452205 ], [ -2.393272, 53.452416 ], [ -2.392312, 53.457452 ], [ -2.380933, 53.460012 ], [ -2.358175, 53.459761 ], [ -2.353232, 53.468066 ] ] } },
{ "type": "Feature", "properties": { "fid": 246, "route_id": "30592", "route_short_name": "WVR1", "route_type": 3, "route_type_name": "Bus", "geometry_method": "mixed", "n_stops_covered": 47, "n_trips_observed": 1 }, "bbox": [ -2.594547, 53.405039, -2.41274, 53.45751 ], "geometry": { "type": "LineString", "coordinates": [ [ -2.41274, 53.451142 ], [ -2.420886, 53.446944 ], [ -2.440153, 53.422794 ], [ -2.446999, 53.418522 ], [ -2.448493, 53.419345 ], [ -2.448728, 53.420445 ], [ -2.448493, 53.419345 ], [ -2.446744, 53.417795 ], [ -2.45291, 53.417779 ], [ -2.453355, 53.426011 ], [ -2.461318, 53.429043 ], [ -2.464104, 53.435302 ], [ -2.506742, 53.455543 ], [ -2.501066, 53.45751 ], [ -2.498466, 53.455873 ], [ -2.501066, 53.45751 ], [ -2.52125, 53.450735 ], [ -2.527224, 53.429499 ], [ -2.540411, 53.4232 ], [ -2.536522, 53.420662 ], [ -2.532468, 53.423209 ], [ -2.536299, 53.419293 ], [ -2.536068, 53.418729 ], [ -2.534954, 53.418299 ], [ -2.535019, 53.418128 ], [ -2.530147, 53.413488 ], [ -2.534815, 53.414352 ], [ -2.532894, 53.415323 ], [ -2.53163, 53.414408 ], [ -2.525489, 53.413166 ], [ -2.521737, 53.416463 ], [ -2.529847, 53.420294 ], [ -2.542388, 53.413519 ], [ -2.542842, 53.413123 ], [ -2.562986, 53.410954 ], [ -2.573124, 53.405039 ], [ -2.594547, 53.407078 ] ] } },
{ "type": "Feature", "properties": { "fid": 247, "route_id": "30594", "route_short_name": "WVR3", "route_type": 3, "route_type_name": "Bus", "geometry_method": "mixed", "n_stops_covered": 69, "n_trips_observed": 1 }, "bbox": [ -2.647391, 53.407078, -2.462732, 53.495213 ], "geometry": { "type": "LineString", "coordinates": [ [ -2.462732, 53.494945 ], [ -2.476809, 53.49259 ], [ -2.494626, 53.495213 ], [ -2.498793, 53.492097 ], [ -2.519666, 53.494976 ], [ -2.523023, 53.486684 ], [ -2.542197, 53.477566 ], [ -2.551537, 53.476651 ], [ -2.556786, 53.484035 ], [ -2.566043, 53.485361 ], [ -2.567916, 53.481267 ], [ -2.581313, 53.475084 ], [ -2.594747, 53.483762 ], [ -2.608448, 53.486145 ], [ -2.622693, 53.493538 ], [ -2.631854, 53.490893 ], [ -2.631501, 53.492932 ], [ -2.641829, 53.492821 ], [ -2.638407, 53.488731 ], [ -2.636355, 53.475475 ], [ -2.647391, 53.469015 ], [ -2.643384, 53.461029 ], [ -2.645846, 53.456603 ], [ -2.623001, 53.458454 ], [ -2.615146, 53.456165 ], [ -2.610277, 53.442279 ], [ -2.601608, 53.433448 ], [ -2.59773, 53.433487 ], [ -2.595851, 53.427623 ], [ -2.596916, 53.422076 ], [ -2.598875, 53.423059 ], [ -2.597978, 53.424893 ], [ -2.596916, 53.422076 ], [ -2.597841, 53.420231 ], [ -2.597644, 53.414503 ], [ -2.597482, 53.414009 ], [ -2.598352, 53.414316 ], [ -2.598727, 53.418347 ], [ -2.598239, 53.419864 ], [ -2.59845, 53.416742 ], [ -2.59722, 53.416904 ], [ -2.595674, 53.414767 ], [ -2.597492, 53.414003 ], [ -2.597405, 53.412441 ], [ -2.597227, 53.410998 ], [ -2.598352, 53.414316 ], [ -2.597644, 53.414503 ], [ -2.597519, 53.414456 ], [ -2.597482, 53.414009 ], [ -2.597492, 53.414003 ], [ -2.597405, 53.412441 ], [ -2.594547, 53.407078 ] ] } },
{ "type": "Feature", "properties": { "fid": 248, "route_id": "31256", "route_short_name": "335", "route_type": 3, "route_type_name": "Bus", "geometry_method": "osm_routed", "n_stops_covered": 0, "n_trips_observed": 0 }, "bbox": [ -2.152541, 53.446364, -2.076814, 53.489616 ], "geometry": { "type": "LineString", "coordinates": [ [ -2.142689, 53.450504 ], [ -2.148287, 53.446914 ], [ -2.152541, 53.45023 ], [ -2.143062, 53.451874 ], [ -2.145759, 53.453607 ], [ -2.142904, 53.457438 ], [ -2.123088, 53.456745 ], [ -2.123596, 53.454664 ], [ -2.116119, 53.453551 ], [ -2.121094, 53.451157 ], [ -2.121287, 53.449341 ], [ -2.12252, 53.449103 ], [ -2.123156, 53.447099 ], [ -2.121479, 53.446364 ], [ -2.12252, 53.449103 ], [ -2.121287, 53.449341 ], [ -2.119423, 53.449723 ], [ -2.111701, 53.451943 ], [ -2.111822, 53.452335 ], [ -2.105707, 53.452722 ], [ -2.102868, 53.455534 ], [ -2.113215, 53.455094 ], [ -2.115657, 53.459735 ], [ -2.105706, 53.46147 ], [ -2.110886, 53.467643 ], [ -2.101601, 53.472532 ], [ -2.094223, 53.469462 ], [ -2.076814, 53.470506 ], [ -2.078536, 53.474284 ], [ -2.084646, 53.473995 ], [ -2.078536, 53.474284 ], [ -2.081271, 53.476787 ], [ -2.096124, 53.480278 ], [ -2.094834, 53.482365 ], [ -2.099827, 53.487978 ], [ -2.097137, 53.489616 ] ] } },
{ "type": "Feature", "properties": { "fid": 249, "route_id": "32045", "route_short_name": "387", "route_type": 3, "route_type_name": "Bus", "geometry_method": "mixed", "n_stops_covered": 0, "n_trips_observed": 0 }, "bbox": [ -2.098527, 53.443846, -2.011337, 53.49454 ], "geometry": { "type": "LineString", "coordinates": [ [ -2.080641, 53.452534 ], [ -2.068144, 53.451831 ], [ -2.063255, 53.454546 ], [ -2.055759, 53.451665 ], [ -2.049849, 53.453381 ], [ -2.043963, 53.453226 ], [ -2.040574, 53.453786 ], [ -2.040738, 53.451708 ], [ -2.028013, 53.45055 ], [ -2.040538, 53.446507 ], [ -2.026242, 53.443846 ], [ -2.023585, 53.445611 ], [ -2.024135, 53.451365 ], [ -2.017458, 53.45175 ], [ -2.011444, 53.455974 ], [ -2.015535, 53.456742 ], [ -2.014039, 53.45608 ], [ -2.014088, 53.455207 ], [ -2.015535, 53.456742 ], [ -2.011337, 53.45998 ], [ -2.030429, 53.468756 ], [ -2.027469, 53.468573 ], [ -2.030072, 53.472824 ], [ -2.041277, 53.47547 ], [ -2.045548, 53.482351 ], [ -2.054696, 53.481222 ], [ -2.065683, 53.485386 ], [ -2.063405, 53.487957 ], [ -2.074064, 53.49454 ], [ -2.085752, 53.490239 ], [ -2.098527, 53.490037 ] ] } },
{ "type": "Feature", "properties": { "fid": 250, "route_id": "32046", "route_short_name": "396", "route_type": 3, "route_type_name": "Bus", "geometry_method": "mixed", "n_stops_covered": 0, "n_trips_observed": 0 }, "bbox": [ -2.201013, 53.49072, -2.07982, 53.555445 ], "geometry": { "type": "LineString", "coordinates": [ [ -2.096325, 53.49072 ], [ -2.07982, 53.500216 ], [ -2.082834, 53.502383 ], [ -2.096807, 53.496742 ], [ -2.098247, 53.501716 ], [ -2.105432, 53.503308 ], [ -2.102161, 53.505584 ], [ -2.105593, 53.503865 ], [ -2.109837, 53.521241 ], [ -2.106047, 53.521164 ], [ -2.10518, 53.51751 ], [ -2.099636, 53.519567 ], [ -2.102817, 53.521821 ], [ -2.101187, 53.526731 ], [ -2.105131, 53.529322 ], [ -2.111437, 53.526799 ], [ -2.110723, 53.524339 ], [ -2.119334, 53.525343 ], [ -2.139019, 53.538911 ], [ -2.13753, 53.543253 ], [ -2.146, 53.546171 ], [ -2.141808, 53.552899 ], [ -2.146449, 53.555445 ], [ -2.161826, 53.550063 ], [ -2.164198, 53.545507 ], [ -2.169562, 53.547044 ], [ -2.170848, 53.543872 ], [ -2.176255, 53.544577 ], [ -2.173793, 53.546923 ], [ -2.182599, 53.550923 ], [ -2.201013, 53.547507 ] ] } },
{ "type": "Feature", "properties": { "fid": 251, "route_id": "35973", "route_short_name": "702", "route_type": 3, "route_type_name": "Bus", "geometry_method": "osm_routed", "n_stops_covered": 21, "n_trips_observed": 1 }, "bbox": [ -2.218508, 53.4576, -2.192355, 53.511262 ], "geometry": { "type": "LineString", "coordinates": [ [ -2.209401, 53.511262 ], [ -2.215129, 53.510041 ], [ -2.218508, 53.502439 ], [ -2.210408, 53.49586 ], [ -2.215804, 53.494042 ], [ -2.209971, 53.487509 ], [ -2.21677, 53.482158 ], [ -2.207523, 53.480751 ], [ -2.205819, 53.47481 ], [ -2.19434, 53.474219 ], [ -2.19826, 53.460277 ], [ -2.194101, 53.4576 ], [ -2.195464, 53.459699 ], [ -2.192355, 53.460499 ] ] } },
{ "type": "Feature", "properties": { "fid": 252, "route_id": "35974", "route_short_name": "710", "route_type": 3, "route_type_name": "Bus", "geometry_method": "osm_routed", "n_stops_covered": 27, "n_trips_observed": 2 }, "bbox": [ -2.19826, 53.4576, -2.180138, 53.48715 ], "geometry": { "type": "LineString", "coordinates": [ [ -2.196654, 53.479081 ], [ -2.197684, 53.481466 ], [ -2.187862, 53.483254 ], [ -2.189491, 53.486639 ], [ -2.18708, 53.48715 ], [ -2.182555, 53.484353 ], [ -2.185528, 53.479015 ], [ -2.180138, 53.478207 ], [ -2.181306, 53.473459 ], [ -2.194351, 53.473783 ], [ -2.19826, 53.460277 ], [ -2.194101, 53.4576 ], [ -2.195464, 53.459699 ], [ -2.192355, 53.460499 ] ] } },
{ "type": "Feature", "properties": { "fid": 253, "route_id": "37392", "route_short_name": "457", "route_type": 3, "route_type_name": "Bus", "geometry_method": "osm_routed", "n_stops_covered": 70, "n_trips_observed": 19 }, "bbox": [ -2.155045, 53.616568, -2.085962, 53.659695 ], "geometry": { "type": "LineString", "coordinates": [ [ -2.155045, 53.616568 ], [ -2.144014, 53.619834 ], [ -2.141483, 53.628552 ], [ -2.134053, 53.633577 ], [ -2.110867, 53.641453 ], [ -2.095446, 53.643074 ], [ -2.108431, 53.649787 ], [ -2.1137, 53.648665 ], [ -2.108933, 53.649852 ], [ -2.108431, 53.649787 ], [ -2.106798, 53.649112 ], [ -2.105646, 53.648437 ], [ -2.101624, 53.64752 ], [ -2.096734, 53.655986 ], [ -2.085962, 53.659695 ] ] } },
{ "type": "Feature", "properties": { "fid": 254, "route_id": "37831", "route_short_name": "587", "route_type": 3, "route_type_name": "Bus", "geometry_method": "osm_routed", "n_stops_covered": 145, "n_trips_observed": 9 }, "bbox": [ -2.155045, 53.616568, -1.858579, 53.725491 ], "geometry": { "type": "LineString", "coordinates": [ [ -2.155045, 53.616568 ], [ -2.144014, 53.619834 ], [ -2.141483, 53.628552 ], [ -2.13317, 53.633916 ], [ -2.110867, 53.641453 ], [ -2.091538, 53.644041 ], [ -2.076875, 53.650629 ], [ -2.064354, 53.648595 ], [ -2.039222, 53.659197 ], [ -2.049502, 53.6573 ], [ -1.983039, 53.669573 ], [ -1.957192, 53.666943 ], [ -1.951092, 53.669334 ], [ -1.949551, 53.66607 ], [ -1.935126, 53.681471 ], [ -1.935878, 53.695858 ], [ -1.933576, 53.698362 ], [ -1.899301, 53.71157 ], [ -1.899233, 53.715677 ], [ -1.884286, 53.71395 ], [ -1.887409, 53.714849 ], [ -1.866932, 53.720651 ], [ -1.871576, 53.718798 ], [ -1.869373, 53.718052 ], [ -1.858579, 53.725491 ] ] } },
{ "type": "Feature", "properties": { "fid": 255, "route_id": "37923", "route_short_name": "970", "route_type": 3, "route_type_name": "Bus", "geometry_method": "mixed", "n_stops_covered": 29, "n_trips_observed": 1 }, "bbox": [ -2.645214, 53.487721, -2.591986, 53.524202 ], "geometry": { "type": "LineString", "coordinates": [ [ -2.591986, 53.50265 ], [ -2.592636, 53.509481 ], [ -2.59494, 53.510944 ], [ -2.597759, 53.516925 ], [ -2.598946, 53.520919 ], [ -2.60259, 53.52413 ], [ -2.597617, 53.524202 ], [ -2.597759, 53.516925 ], [ -2.616467, 53.500273 ], [ -2.636529, 53.487721 ], [ -2.645214, 53.49287 ] ] } },
{ "type": "Feature", "properties": { "fid": 256, "route_id": "3806", "route_short_name": "1", "route_type": 3, "route_type_name": "Bus", "geometry_method": "osm_routed", "n_stops_covered": 127, "n_trips_observed": 57 }, "bbox": [ -2.492737, 53.575656, -2.428801, 53.748636 ], "geometry": { "type": "LineString", "coordinates": [ [ -2.479717, 53.748636 ], [ -2.482264, 53.746096 ], [ -2.480897, 53.741724 ], [ -2.489623, 53.736329 ], [ -2.492737, 53.730055 ], [ -2.486352, 53.724116 ], [ -2.479458, 53.707348 ], [ -2.465968, 53.695435 ], [ -2.466045, 53.690332 ], [ -2.45863, 53.67903 ], [ -2.447316, 53.667334 ], [ -2.456381, 53.65066 ], [ -2.435347, 53.623077 ], [ -2.4381, 53.616734 ], [ -2.432093, 53.611699 ], [ -2.437731, 53.613573 ], [ -2.430828, 53.608694 ], [ -2.435073, 53.607454 ], [ -2.431674, 53.605895 ], [ -2.434277, 53.605053 ], [ -2.432018, 53.604351 ], [ -2.428801, 53.582224 ], [ -2.433462, 53.578884 ], [ -2.42926, 53.575656 ] ] } },
{ "type": "Feature", "properties": { "fid": 257, "route_id": "39017", "route_short_name": "944", "route_type": 3, "route_type_name": "Bus", "geometry_method": "osm_routed", "n_stops_covered": 37, "n_trips_observed": 1 }, "bbox": [ -2.52146, 53.522538, -2.452717, 53.561743 ], "geometry": { "type": "LineString", "coordinates": [ [ -2.519838, 53.54839 ], [ -2.515667, 53.546717 ], [ -2.517997, 53.546298 ], [ -2.515554, 53.543816 ], [ -2.51683, 53.536846 ], [ -2.516969, 53.536822 ], [ -2.518126, 53.537073 ], [ -2.518245, 53.53757 ], [ -2.518235, 53.538563 ], [ -2.52146, 53.535365 ], [ -2.518607, 53.534812 ], [ -2.519267, 53.531994 ], [ -2.520149, 53.532361 ], [ -2.518607, 53.534812 ], [ -2.516841, 53.536572 ], [ -2.516969, 53.536822 ], [ -2.516988, 53.536833 ], [ -2.516828, 53.536881 ], [ -2.51683, 53.536846 ], [ -2.516744, 53.536256 ], [ -2.51649, 53.534565 ], [ -2.515822, 53.529188 ], [ -2.515829, 53.522538 ], [ -2.497474, 53.526283 ], [ -2.502001, 53.528312 ], [ -2.499981, 53.531099 ], [ -2.478006, 53.528563 ], [ -2.472263, 53.53145 ], [ -2.468871, 53.555538 ], [ -2.452717, 53.561743 ] ] } },
{ "type": "Feature", "properties": { "fid": 258, "route_id": "39037", "route_short_name": "761", "route_type": 3, "route_type_name": "Bus", "geometry_method": "osm_routed", "n_stops_covered": 28, "n_trips_observed": 1 }, "bbox": [ -2.32017, 53.361528, -2.165583, 53.42711 ], "geometry": { "type": "LineString", "coordinates": [ [ -2.203539, 53.412556 ], [ -2.189741, 53.417003 ], [ -2.176884, 53.42711 ], [ -2.165583, 53.411469 ], [ -2.200565, 53.397427 ], [ -2.213403, 53.401176 ], [ -2.270309, 53.393765 ], [ -2.281525, 53.378307 ], [ -2.290672, 53.37173 ], [ -2.294325, 53.361528 ], [ -2.32017, 53.36938 ] ] } },
{ "type": "Feature", "properties": { "fid": 259, "route_id": "39057", "route_short_name": "937", "route_type": 3, "route_type_name": "Bus", "geometry_method": "osm_routed", "n_stops_covered": 26, "n_trips_observed": 1 }, "bbox": [ -2.472376, 53.553977, -2.421161, 53.568097 ], "geometry": { "type": "LineString", "coordinates": [ [ -2.472376, 53.563696 ], [ -2.464595, 53.565694 ], [ -2.464713, 53.568097 ], [ -2.448977, 53.567176 ], [ -2.446452, 53.565594 ], [ -2.458759, 53.558784 ], [ -2.456217, 53.556138 ], [ -2.428526, 53.560825 ], [ -2.421161, 53.559341 ], [ -2.421176, 53.554927 ], [ -2.426043, 53.553977 ] ] } },
{ "type": "Feature", "properties": { "fid": 260, "route_id": "39063", "route_short_name": "927", "route_type": 3, "route_type_name": "Bus", "geometry_method": "mixed", "n_stops_covered": 25, "n_trips_observed": 1 }, "bbox": [ -2.444417, 53.602331, -2.410851, 53.635478 ], "geometry": { "type": "LineString", "coordinates": [ [ -2.4327, 53.602331 ], [ -2.434042, 53.606159 ], [ -2.431674, 53.605895 ], [ -2.435073, 53.607454 ], [ -2.430777, 53.608508 ], [ -2.430947, 53.609056 ], [ -2.431496, 53.610272 ], [ -2.432093, 53.611699 ], [ -2.432393, 53.612375 ], [ -2.437731, 53.613573 ], [ -2.432093, 53.611699 ], [ -2.432393, 53.612375 ], [ -2.4381, 53.616734 ], [ -2.435347, 53.623077 ], [ -2.437346, 53.625025 ], [ -2.436362, 53.625738 ], [ -2.437346, 53.625025 ], [ -2.439386, 53.626946 ], [ -2.442352, 53.631282 ], [ -2.439288, 53.632685 ], [ -2.443142, 53.635478 ], [ -2.444417, 53.63338 ], [ -2.439386, 53.626946 ], [ -2.436362, 53.625738 ], [ -2.428656, 53.618974 ], [ -2.430966, 53.619575 ], [ -2.417239, 53.61421 ], [ -2.410851, 53.615199 ] ] } },
{ "type": "Feature", "properties": { "fid": 261, "route_id": "3942", "route_short_name": "42A", "route_type": 3, "route_type_name": "Bus", "geometry_method": "mixed", "n_stops_covered": 126, "n_trips_observed": 24 }, "bbox": [ -2.241221, 53.410322, -2.157827, 53.480973 ], "geometry": { "type": "LineString", "coordinates": [ [ -2.239202, 53.480973 ], [ -2.238011, 53.475666 ], [ -2.241221, 53.474675 ], [ -2.234167, 53.471194 ], [ -2.238816, 53.471436 ], [ -2.236351, 53.469434 ], [ -2.239615, 53.467911 ], [ -2.232239, 53.469508 ], [ -2.228454, 53.466288 ], [ -2.232471, 53.464974 ], [ -2.22953, 53.462318 ], [ -2.226072, 53.464344 ], [ -2.220179, 53.459211 ], [ -2.226909, 53.457995 ], [ -2.218249, 53.4467 ], [ -2.219251, 53.440853 ], [ -2.228966, 53.433183 ], [ -2.227879, 53.429012 ], [ -2.232157, 53.423415 ], [ -2.229464, 53.410322 ], [ -2.207334, 53.411496 ], [ -2.189741, 53.417003 ], [ -2.16701, 53.434574 ], [ -2.159087, 53.43629 ], [ -2.157827, 53.45403 ] ] } },
{ "type": "Feature", "properties": { "fid": 262, "route_id": "39691", "route_short_name": "895", "route_type": 3, "route_type_name": "Bus", "geometry_method": "osm_routed", "n_stops_covered": 37, "n_trips_observed": 1 }, "bbox": [ -2.366158, 53.524714, -2.264537, 53.588559 ], "geometry": { "type": "LineString", "coordinates": [ [ -2.366158, 53.588559 ], [ -2.357952, 53.587996 ], [ -2.360252, 53.577759 ], [ -2.341918, 53.579519 ], [ -2.342889, 53.5813 ], [ -2.332965, 53.563645 ], [ -2.308031, 53.547119 ], [ -2.300918, 53.549451 ], [ -2.274627, 53.537001 ], [ -2.274809, 53.524714 ], [ -2.264537, 53.525083 ] ] } },
{ "type": "Feature", "properties": { "fid": 263, "route_id": "39694", "route_short_name": "911", "route_type": 3, "route_type_name": "Bus", "geometry_method": "osm_routed", "n_stops_covered": 31, "n_trips_observed": 1 }, "bbox": [ -2.411859, 53.570909, -2.367845, 53.601901 ], "geometry": { "type": "LineString", "coordinates": [ [ -2.367845, 53.570909 ], [ -2.3679, 53.577627 ], [ -2.373818, 53.578857 ], [ -2.377242, 53.572239 ], [ -2.387007, 53.574773 ], [ -2.388326, 53.576724 ], [ -2.384155, 53.580579 ], [ -2.387772, 53.583568 ], [ -2.381869, 53.589595 ], [ -2.38938, 53.590148 ], [ -2.390939, 53.586269 ], [ -2.409559, 53.59224 ], [ -2.409341, 53.595019 ], [ -2.411859, 53.594266 ], [ -2.407535, 53.601901 ] ] } },
{ "type": "Feature", "properties": { "fid": 264, "route_id": "39696", "route_short_name": "924", "route_type": 3, "route_type_name": "Bus", "geometry_method": "osm_routed", "n_stops_covered": 14, "n_trips_observed": 1 }, "bbox": [ -2.439637, 53.589709, -2.376958, 53.60506 ], "geometry": { "type": "LineString", "coordinates": [ [ -2.439637, 53.601985 ], [ -2.410949, 53.59707 ], [ -2.405776, 53.589709 ], [ -2.3961, 53.589771 ], [ -2.388507, 53.600002 ], [ -2.376958, 53.597725 ], [ -2.395029, 53.60506 ] ] } },
{ "type": "Feature", "properties": { "fid": 265, "route_id": "39703", "route_short_name": "946", "route_type": 3, "route_type_name": "Bus", "geometry_method": "osm_routed", "n_stops_covered": 24, "n_trips_observed": 1 }, "bbox": [ -2.597617, 53.512246, -2.543358, 53.533402 ], "geometry": { "type": "LineString", "coordinates": [ [ -2.597617, 53.524202 ], [ -2.597455, 53.516302 ], [ -2.561071, 53.512246 ], [ -2.546288, 53.513866 ], [ -2.543358, 53.52292 ], [ -2.557054, 53.526501 ], [ -2.554456, 53.533402 ], [ -2.564344, 53.533044 ] ] } },
{ "type": "Feature", "properties": { "fid": 266, "route_id": "39706", "route_short_name": "979", "route_type": 3, "route_type_name": "Bus", "geometry_method": "osm_routed", "n_stops_covered": 34, "n_trips_observed": 1 }, "bbox": [ -2.672727, 53.533284, -2.573769, 53.592524 ], "geometry": { "type": "LineString", "coordinates": [ [ -2.672727, 53.591019 ], [ -2.671047, 53.592524 ], [ -2.664579, 53.586907 ], [ -2.645267, 53.588676 ], [ -2.636838, 53.586004 ], [ -2.637373, 53.583763 ], [ -2.598276, 53.58153 ], [ -2.592023, 53.573934 ], [ -2.584579, 53.573398 ], [ -2.588047, 53.571952 ], [ -2.583818, 53.572449 ], [ -2.584951, 53.56788 ], [ -2.573769, 53.563389 ], [ -2.575598, 53.553339 ], [ -2.57624, 53.553571 ], [ -2.577761, 53.554207 ], [ -2.575291, 53.55268 ], [ -2.576393, 53.536945 ], [ -2.580426, 53.533284 ] ] } },
{ "type": "Feature", "properties": { "fid": 267, "route_id": "399699", "route_short_name": "147", "route_type": 3, "route_type_name": "Bus", "geometry_method": "mixed", "n_stops_covered": 50, "n_trips_observed": 21 }, "bbox": [ -2.239615, 53.42644, -2.218249, 53.476873 ], "geometry": { "type": "LineString", "coordinates": [ [ -2.225727, 53.476873 ], [ -2.235828, 53.476225 ], [ -2.238431, 53.473833 ], [ -2.234167, 53.471194 ], [ -2.238816, 53.471436 ], [ -2.236351, 53.469434 ], [ -2.239615, 53.467911 ], [ -2.232239, 53.469508 ], [ -2.228454, 53.466288 ], [ -2.232471, 53.464974 ], [ -2.22876, 53.461467 ], [ -2.235612, 53.460412 ], [ -2.235757, 53.458042 ], [ -2.226909, 53.457995 ], [ -2.218249, 53.4467 ], [ -2.218532, 53.442555 ], [ -2.235505, 53.42644 ] ] } },
{ "type": "Feature", "properties": { "fid": 268, "route_id": "399705", "route_short_name": "15", "route_type": 3, "route_type_name": "Bus", "geometry_method": "osm_routed", "n_stops_covered": 117, "n_trips_observed": 35 }, "bbox": [ -2.405517, 53.44496, -2.220703, 53.479774 ], "geometry": { "type": "LineString", "coordinates": [ [ -2.401243, 53.448576 ], [ -2.405517, 53.447118 ], [ -2.391464, 53.448102 ], [ -2.392312, 53.457452 ], [ -2.379237, 53.460282 ], [ -2.358175, 53.459761 ], [ -2.351808, 53.445669 ], [ -2.320609, 53.44496 ], [ -2.314133, 53.447142 ], [ -2.302473, 53.445361 ], [ -2.287022, 53.452949 ], [ -2.250625, 53.460405 ], [ -2.239885, 53.457559 ], [ -2.220703, 53.459134 ], [ -2.226113, 53.464237 ], [ -2.22953, 53.462318 ], [ -2.232471, 53.464974 ], [ -2.228454, 53.466288 ], [ -2.232239, 53.469508 ], [ -2.235547, 53.4684 ], [ -2.23244, 53.469675 ], [ -2.237168, 53.470188 ], [ -2.242607, 53.4762 ], [ -2.237431, 53.479288 ], [ -2.233877, 53.47773 ], [ -2.235527, 53.479774 ] ] } },
{ "type": "Feature", "properties": { "fid": 269, "route_id": "399716", "route_short_name": "202", "route_type": 3, "route_type_name": "Bus", "geometry_method": "osm_routed", "n_stops_covered": 115, "n_trips_observed": 30 }, "bbox": [ -2.235107, 53.436601, -2.067756, 53.480661 ], "geometry": { "type": "LineString", "coordinates": [ [ -2.078906, 53.436601 ], [ -2.071633, 53.436722 ], [ -2.067756, 53.440662 ], [ -2.070831, 53.44606 ], [ -2.079797, 53.451287 ], [ -2.07703, 53.452651 ], [ -2.079145, 53.454054 ], [ -2.089746, 53.4533 ], [ -2.098437, 53.440931 ], [ -2.104144, 53.439446 ], [ -2.113766, 53.456207 ], [ -2.16031, 53.457969 ], [ -2.216566, 53.467652 ], [ -2.228398, 53.472332 ], [ -2.235107, 53.480661 ] ] } },
{ "type": "Feature", "properties": { "fid": 270, "route_id": "399729", "route_short_name": "205", "route_type": 3, "route_type_name": "Bus", "geometry_method": "mixed", "n_stops_covered": 64, "n_trips_observed": 28 }, "bbox": [ -2.235107, 53.446914, -2.142689, 53.480661 ], "geometry": { "type": "LineString", "coordinates": [ [ -2.142689, 53.450504 ], [ -2.148287, 53.446914 ], [ -2.149952, 53.448785 ], [ -2.143062, 53.451874 ], [ -2.149125, 53.456295 ], [ -2.172512, 53.460988 ], [ -2.171993, 53.464437 ], [ -2.176625, 53.466516 ], [ -2.202384, 53.469776 ], [ -2.209756, 53.46779 ], [ -2.206771, 53.467276 ], [ -2.207342, 53.466227 ], [ -2.216566, 53.467652 ], [ -2.228398, 53.472332 ], [ -2.235107, 53.480661 ] ] } },
{ "type": "Feature", "properties": { "fid": 271, "route_id": "399740", "route_short_name": "219", "route_type": 3, "route_type_name": "Bus", "geometry_method": "osm_routed", "n_stops_covered": 88, "n_trips_observed": 88 }, "bbox": [ -2.233395, 53.44381, -1.948664, 53.490311 ], "geometry": { "type": "LineString", "coordinates": [ [ -2.233395, 53.479733 ], [ -2.231343, 53.476466 ], [ -2.220103, 53.475483 ], [ -2.142447, 53.474195 ], [ -2.126494, 53.472474 ], [ -2.128196, 53.471227 ], [ -2.108091, 53.480573 ], [ -2.107643, 53.480201 ], [ -2.106269, 53.479554 ], [ -2.104107, 53.480976 ], [ -2.107643, 53.480201 ], [ -2.108098, 53.483335 ], [ -2.099827, 53.487978 ], [ -2.101306, 53.490311 ], [ -2.086057, 53.490211 ], [ -2.087029, 53.48733 ], [ -2.058637, 53.484422 ], [ -2.056173, 53.481416 ], [ -2.050104, 53.482859 ], [ -2.039969, 53.47179 ], [ -2.028231, 53.46932 ], [ -2.030429, 53.468756 ], [ -2.011864, 53.457538 ], [ -1.995643, 53.461044 ], [ -1.989611, 53.463886 ], [ -1.990343, 53.465756 ], [ -1.993284, 53.466288 ], [ -1.988885, 53.467912 ], [ -1.993284, 53.466288 ], [ -1.990343, 53.465756 ], [ -1.987996, 53.464366 ], [ -1.982066, 53.470059 ], [ -1.972133, 53.472302 ], [ -1.970872, 53.466851 ], [ -1.969255, 53.468101 ], [ -1.971486, 53.464746 ], [ -1.966028, 53.461513 ], [ -1.98036, 53.451256 ], [ -1.97469, 53.447471 ], [ -1.980638, 53.446427 ], [ -1.981004, 53.448991 ], [ -1.980638, 53.446427 ], [ -1.980164, 53.445927 ], [ -1.948664, 53.44381 ] ] } },
{ "type": "Feature", "properties": { "fid": 272, "route_id": "399755", "route_short_name": "237", "route_type": 3, "route_type_name": "Bus", "geometry_method": "osm_routed", "n_stops_covered": 123, "n_trips_observed": 36 }, "bbox": [ -2.09782, 53.440364, -1.929226, 53.49061 ], "geometry": { "type": "LineString", "coordinates": [ [ -1.948664, 53.44381 ], [ -1.939656, 53.444741 ], [ -1.929226, 53.444469 ], [ -1.930686, 53.440364 ], [ -1.942173, 53.444415 ], [ -1.945348, 53.44338 ], [ -1.95801, 53.443446 ], [ -1.97469, 53.447471 ], [ -1.980638, 53.446427 ], [ -1.981004, 53.448991 ], [ -1.980638, 53.446427 ], [ -1.980164, 53.445927 ], [ -1.97469, 53.447471 ], [ -1.98036, 53.451256 ], [ -1.966028, 53.461513 ], [ -1.971486, 53.464746 ], [ -1.968041, 53.468327 ], [ -1.972133, 53.472302 ], [ -1.982066, 53.470059 ], [ -1.988406, 53.464254 ], [ -1.985968, 53.464193 ], [ -1.995982, 53.460925 ], [ -2.008146, 53.458864 ], [ -2.030429, 53.468756 ], [ -2.028231, 53.46932 ], [ -2.039969, 53.47179 ], [ -2.050104, 53.482859 ], [ -2.054696, 53.481222 ], [ -2.056611, 53.484013 ], [ -2.073516, 53.48477 ], [ -2.08372, 53.490434 ], [ -2.09782, 53.49061 ] ] } },
{ "type": "Feature", "properties": { "fid": 273, "route_id": "399765", "route_short_name": "250", "route_type": 3, "route_type_name": "Bus", "geometry_method": "mixed", "n_stops_covered": 69, "n_trips_observed": 79 }, "bbox": [ -2.353232, 53.456064, -2.236433, 53.479954 ], "geometry": { "type": "LineString", "coordinates": [ [ -2.23889, 53.479954 ], [ -2.238011, 53.475666 ], [ -2.241221, 53.474675 ], [ -2.236433, 53.46802 ], [ -2.275656, 53.4623 ], [ -2.304937, 53.46689 ], [ -2.30629, 53.462319 ], [ -2.317464, 53.462663 ], [ -2.317458, 53.462784 ], [ -2.314306, 53.462721 ], [ -2.317464, 53.462663 ], [ -2.31804, 53.456064 ], [ -2.349169, 53.469503 ], [ -2.353232, 53.468066 ] ] } },
{ "type": "Feature", "properties": { "fid": 274, "route_id": "399768", "route_short_name": "253", "route_type": 3, "route_type_name": "Bus", "geometry_method": "osm_routed", "n_stops_covered": 0, "n_trips_observed": 0 }, "bbox": [ -2.440652, 53.412172, -2.233877, 53.479774 ], "geometry": { "type": "LineString", "coordinates": [ [ -2.436444, 53.412172 ], [ -2.434588, 53.415214 ], [ -2.438995, 53.4145 ], [ -2.440652, 53.412839 ], [ -2.438995, 53.4145 ], [ -2.41975, 53.421295 ], [ -2.405845, 53.432997 ], [ -2.385212, 53.433372 ], [ -2.389562, 53.440236 ], [ -2.384601, 53.442757 ], [ -2.373918, 53.441319 ], [ -2.360307, 53.446435 ], [ -2.30705, 53.4461 ], [ -2.29851, 53.454381 ], [ -2.259692, 53.46535 ], [ -2.260873, 53.467463 ], [ -2.242368, 53.4691 ], [ -2.240649, 53.466559 ], [ -2.239996, 53.466668 ], [ -2.237029, 53.468757 ], [ -2.242704, 53.470745 ], [ -2.238001, 53.471115 ], [ -2.242607, 53.4762 ], [ -2.237431, 53.479288 ], [ -2.233877, 53.47773 ], [ -2.235527, 53.479774 ] ] } },
{ "type": "Feature", "properties": { "fid": 275, "route_id": "399784", "route_short_name": "255", "route_type": 3, "route_type_name": "Bus", "geometry_method": "osm_routed", "n_stops_covered": 105, "n_trips_observed": 28 }, "bbox": [ -2.440652, 53.412172, -2.233877, 53.479774 ], "geometry": { "type": "LineString", "coordinates": [ [ -2.436444, 53.412172 ], [ -2.434588, 53.415214 ], [ -2.438995, 53.4145 ], [ -2.440652, 53.412839 ], [ -2.438995, 53.4145 ], [ -2.41975, 53.421295 ], [ -2.405845, 53.432997 ], [ -2.385212, 53.433372 ], [ -2.389562, 53.440236 ], [ -2.381858, 53.44731 ], [ -2.30705, 53.4461 ], [ -2.28954, 53.460956 ], [ -2.27437, 53.462539 ], [ -2.266995, 53.465921 ], [ -2.266515, 53.469416 ], [ -2.253988, 53.473206 ], [ -2.250167, 53.471584 ], [ -2.248115, 53.474238 ], [ -2.250325, 53.474396 ], [ -2.237431, 53.479288 ], [ -2.233877, 53.47773 ], [ -2.235527, 53.479774 ] ] } },
{ "type": "Feature", "properties": { "fid": 276, "route_id": "399804", "route_short_name": "282", "route_type": 3, "route_type_name": "Bus", "geometry_method": "osm_routed", "n_stops_covered": 19, "n_trips_observed": 7 }, "bbox": [ -2.373864, 53.387529, -2.346646, 53.393167 ], "geometry": { "type": "LineString", "coordinates": [ [ -2.348269, 53.387529 ], [ -2.346653, 53.389599 ], [ -2.349171, 53.390678 ], [ -2.349922, 53.392995 ], [ -2.355551, 53.393167 ], [ -2.35963, 53.391857 ], [ -2.373541, 53.389949 ], [ -2.373864, 53.391834 ], [ -2.371764, 53.393149 ], [ -2.363838, 53.391374 ], [ -2.355551, 53.393167 ], [ -2.352334, 53.392785 ], [ -2.350449, 53.390613 ], [ -2.349957, 53.390473 ], [ -2.349171, 53.390678 ], [ -2.348781, 53.390815 ], [ -2.347676, 53.39108 ], [ -2.347615, 53.391006 ], [ -2.347426, 53.390753 ], [ -2.346653, 53.389599 ], [ -2.346646, 53.389572 ], [ -2.348269, 53.387529 ] ] } },
{ "type": "Feature", "properties": { "fid": 277, "route_id": "399809", "route_short_name": "283", "route_type": 3, "route_type_name": "Bus", "geometry_method": "osm_routed", "n_stops_covered": 35, "n_trips_observed": 5 }, "bbox": [ -2.352365, 53.361844, -2.303916, 53.387529 ], "geometry": { "type": "LineString", "coordinates": [ [ -2.348269, 53.387529 ], [ -2.351278, 53.385428 ], [ -2.352073, 53.38447 ], [ -2.352365, 53.38363 ], [ -2.342129, 53.375083 ], [ -2.343215, 53.371539 ], [ -2.313926, 53.367039 ], [ -2.313418, 53.363803 ], [ -2.305642, 53.361844 ], [ -2.306919, 53.363988 ], [ -2.303916, 53.365829 ], [ -2.316148, 53.370749 ], [ -2.313768, 53.373263 ], [ -2.316113, 53.380611 ], [ -2.312616, 53.380877 ], [ -2.352073, 53.38447 ], [ -2.348269, 53.387529 ] ] } },
{ "type": "Feature", "properties": { "fid": 278, "route_id": "399813", "route_short_name": "284", "route_type": 3, "route_type_name": "Bus", "geometry_method": "osm_routed", "n_stops_covered": 34, "n_trips_observed": 4 }, "bbox": [ -2.35249, 53.361844, -2.303916, 53.387529 ], "geometry": { "type": "LineString", "coordinates": [ [ -2.348269, 53.387529 ], [ -2.351278, 53.385428 ], [ -2.352073, 53.38447 ], [ -2.312616, 53.380877 ], [ -2.316148, 53.370749 ], [ -2.303916, 53.365829 ], [ -2.306919, 53.363988 ], [ -2.305642, 53.361844 ], [ -2.313418, 53.363803 ], [ -2.313926, 53.367039 ], [ -2.343215, 53.371539 ], [ -2.342129, 53.375083 ], [ -2.35249, 53.382433 ], [ -2.352073, 53.38447 ], [ -2.348269, 53.387529 ] ] } },
{ "type": "Feature", "properties": { "fid": 279, "route_id": "399814", "route_short_name": "285", "route_type": 3, "route_type_name": "Bus", "geometry_method": "osm_routed", "n_stops_covered": 27, "n_trips_observed": 7 }, "bbox": [ -2.348269, 53.387529, -2.315791, 53.408357 ], "geometry": { "type": "LineString", "coordinates": [ [ -2.348269, 53.387529 ], [ -2.347676, 53.39108 ], [ -2.333232, 53.391915 ], [ -2.317053, 53.388883 ], [ -2.318208, 53.397445 ], [ -2.315791, 53.396845 ], [ -2.322128, 53.399982 ], [ -2.318911, 53.402628 ], [ -2.325913, 53.408357 ], [ -2.334602, 53.398148 ], [ -2.348117, 53.3944 ], [ -2.348269, 53.387529 ] ] } },
{ "type": "Feature", "properties": { "fid": 280, "route_id": "399821", "route_short_name": "286", "route_type": 3, "route_type_name": "Bus", "geometry_method": "osm_routed", "n_stops_covered": 26, "n_trips_observed": 6 }, "bbox": [ -2.348269, 53.387529, -2.316951, 53.408357 ], "geometry": { "type": "LineString", "coordinates": [ [ -2.348269, 53.387529 ], [ -2.348117, 53.3944 ], [ -2.334602, 53.398148 ], [ -2.325913, 53.408357 ], [ -2.318768, 53.402577 ], [ -2.322128, 53.399982 ], [ -2.318279, 53.397695 ], [ -2.316951, 53.388748 ], [ -2.333232, 53.391915 ], [ -2.347088, 53.391089 ], [ -2.348269, 53.387529 ] ] } },
{ "type": "Feature", "properties": { "fid": 281, "route_id": "399857", "route_short_name": "371", "route_type": 3, "route_type_name": "Bus", "geometry_method": "mixed", "n_stops_covered": 99, "n_trips_observed": 7 }, "bbox": [ -2.348269, 53.387529, -2.164023, 53.412002 ], "geometry": { "type": "LineString", "coordinates": [ [ -2.348269, 53.387529 ], [ -2.347676, 53.39108 ], [ -2.329337, 53.391604 ], [ -2.320347, 53.397122 ], [ -2.311444, 53.399714 ], [ -2.294498, 53.401242 ], [ -2.295782, 53.407202 ], [ -2.290458, 53.408146 ], [ -2.261572, 53.406484 ], [ -2.253165, 53.401566 ], [ -2.256992, 53.394331 ], [ -2.229153, 53.391827 ], [ -2.214632, 53.39489 ], [ -2.219379, 53.410857 ], [ -2.190938, 53.408128 ], [ -2.184855, 53.412002 ], [ -2.164023, 53.408196 ] ] } },
{ "type": "Feature", "properties": { "fid": 282, "route_id": "399858", "route_short_name": "370", "route_type": 3, "route_type_name": "Bus", "geometry_method": "osm_routed", "n_stops_covered": 95, "n_trips_observed": 16 }, "bbox": [ -2.348269, 53.387529, -2.164023, 53.408196 ], "geometry": { "type": "LineString", "coordinates": [ [ -2.348269, 53.387529 ], [ -2.347676, 53.39108 ], [ -2.329337, 53.391604 ], [ -2.320347, 53.397122 ], [ -2.311444, 53.399714 ], [ -2.294498, 53.401242 ], [ -2.295782, 53.407202 ], [ -2.290458, 53.408146 ], [ -2.261572, 53.406484 ], [ -2.253165, 53.401566 ], [ -2.256992, 53.394331 ], [ -2.229153, 53.391827 ], [ -2.204849, 53.395214 ], [ -2.181148, 53.406147 ], [ -2.164023, 53.408196 ] ] } },
{ "type": "Feature", "properties": { "fid": 283, "route_id": "399883", "route_short_name": "42B", "route_type": 3, "route_type_name": "Bus", "geometry_method": "mixed", "n_stops_covered": 147, "n_trips_observed": 14 }, "bbox": [ -2.242607, 53.338138, -2.157811, 53.479774 ], "geometry": { "type": "LineString", "coordinates": [ [ -2.173035, 53.338138 ], [ -2.157811, 53.344472 ], [ -2.165164, 53.356365 ], [ -2.195724, 53.358799 ], [ -2.194358, 53.36426 ], [ -2.184079, 53.367335 ], [ -2.182313, 53.372157 ], [ -2.190099, 53.378095 ], [ -2.194048, 53.376408 ], [ -2.213882, 53.386645 ], [ -2.217596, 53.393784 ], [ -2.214632, 53.39489 ], [ -2.214893, 53.398431 ], [ -2.220712, 53.410238 ], [ -2.2306, 53.410708 ], [ -2.232428, 53.422496 ], [ -2.22916, 53.42651 ], [ -2.226189, 53.426847 ], [ -2.22916, 53.42651 ], [ -2.229155, 53.433126 ], [ -2.220056, 53.439913 ], [ -2.218107, 53.445005 ], [ -2.222074, 53.451432 ], [ -2.239533, 53.448397 ], [ -2.235757, 53.458042 ], [ -2.220436, 53.459436 ], [ -2.226113, 53.464237 ], [ -2.22953, 53.462318 ], [ -2.232471, 53.464974 ], [ -2.228454, 53.466288 ], [ -2.232239, 53.469508 ], [ -2.235547, 53.4684 ], [ -2.23244, 53.469675 ], [ -2.237168, 53.470188 ], [ -2.242607, 53.4762 ], [ -2.237431, 53.479288 ], [ -2.233877, 53.47773 ], [ -2.235527, 53.479774 ] ] } },
{ "type": "Feature", "properties": { "fid": 284, "route_id": "399891", "route_short_name": "42C", "route_type": 3, "route_type_name": "Bus", "geometry_method": "mixed", "n_stops_covered": 112, "n_trips_observed": 12 }, "bbox": [ -2.242607, 53.348131, -2.200729, 53.479774 ], "geometry": { "type": "LineString", "coordinates": [ [ -2.203614, 53.348131 ], [ -2.200729, 53.355531 ], [ -2.206181, 53.35728 ], [ -2.210497, 53.357539 ], [ -2.218335, 53.356168 ], [ -2.209908, 53.354342 ], [ -2.202588, 53.35802 ], [ -2.219848, 53.36002 ], [ -2.21458, 53.364537 ], [ -2.219182, 53.379691 ], [ -2.212773, 53.386142 ], [ -2.217596, 53.393784 ], [ -2.214632, 53.39489 ], [ -2.214893, 53.398431 ], [ -2.220712, 53.410238 ], [ -2.2306, 53.410708 ], [ -2.232428, 53.422496 ], [ -2.22916, 53.42651 ], [ -2.226189, 53.426847 ], [ -2.22916, 53.42651 ], [ -2.229155, 53.433126 ], [ -2.219251, 53.440853 ], [ -2.218249, 53.4467 ], [ -2.222074, 53.451432 ], [ -2.239533, 53.448397 ], [ -2.235757, 53.458042 ], [ -2.220436, 53.459436 ], [ -2.226113, 53.464237 ], [ -2.22953, 53.462318 ], [ -2.232471, 53.464974 ], [ -2.228454, 53.466288 ], [ -2.232239, 53.469508 ], [ -2.235547, 53.4684 ], [ -2.23244, 53.469675 ], [ -2.237168, 53.470188 ], [ -2.242607, 53.4762 ], [ -2.237431, 53.479288 ], [ -2.233877, 53.47773 ], [ -2.235527, 53.479774 ] ] } },
{ "type": "Feature", "properties": { "fid": 285, "route_id": "399936", "route_short_name": "701", "route_type": 3, "route_type_name": "Bus", "geometry_method": "osm_routed", "n_stops_covered": 0, "n_trips_observed": 0 }, "bbox": [ -2.160172, 53.446914, -2.123176, 53.459036 ], "geometry": { "type": "LineString", "coordinates": [ [ -2.123544, 53.459036 ], [ -2.123176, 53.456163 ], [ -2.160172, 53.457231 ], [ -2.148287, 53.446914 ], [ -2.141044, 53.450423 ], [ -2.144166, 53.453464 ] ] } },
{ "type": "Feature", "properties": { "fid": 286, "route_id": "399937", "route_short_name": "703", "route_type": 3, "route_type_name": "Bus", "geometry_method": "osm_routed", "n_stops_covered": 45, "n_trips_observed": 1 }, "bbox": [ -2.218586, 53.466769, -2.153915, 53.500545 ], "geometry": { "type": "LineString", "coordinates": [ [ -2.153915, 53.466769 ], [ -2.159514, 53.472795 ], [ -2.176965, 53.473234 ], [ -2.172764, 53.470501 ], [ -2.173799, 53.473086 ], [ -2.176001, 53.473196 ], [ -2.176965, 53.473234 ], [ -2.178061, 53.473287 ], [ -2.181306, 53.473459 ], [ -2.180138, 53.478207 ], [ -2.185528, 53.479015 ], [ -2.183, 53.483104 ], [ -2.167257, 53.482129 ], [ -2.168974, 53.486136 ], [ -2.182795, 53.484783 ], [ -2.184518, 53.487698 ], [ -2.189491, 53.486639 ], [ -2.187862, 53.483254 ], [ -2.195965, 53.481427 ], [ -2.21677, 53.482158 ], [ -2.218586, 53.483531 ], [ -2.203502, 53.490654 ], [ -2.208703, 53.493881 ], [ -2.212034, 53.491727 ], [ -2.210654, 53.494799 ], [ -2.214845, 53.493043 ], [ -2.211383, 53.49555 ], [ -2.216031, 53.500545 ] ] } },
{ "type": "Feature", "properties": { "fid": 287, "route_id": "399941", "route_short_name": "721", "route_type": 3, "route_type_name": "Bus", "geometry_method": "osm_routed", "n_stops_covered": 30, "n_trips_observed": 1 }, "bbox": [ -2.119356, 53.468217, -2.054618, 53.479235 ], "geometry": { "type": "LineString", "coordinates": [ [ -2.119356, 53.468612 ], [ -2.10558, 53.468217 ], [ -2.10054, 53.476187 ], [ -2.093537, 53.479235 ], [ -2.091577, 53.473618 ], [ -2.078536, 53.474284 ], [ -2.078828, 53.476567 ], [ -2.070956, 53.47407 ], [ -2.074883, 53.469663 ], [ -2.054618, 53.470897 ] ] } },
{ "type": "Feature", "properties": { "fid": 288, "route_id": "399946", "route_short_name": "720", "route_type": 3, "route_type_name": "Bus", "geometry_method": "osm_routed", "n_stops_covered": 0, "n_trips_observed": 0 }, "bbox": [ -2.266789, 53.433285, -2.241651, 53.470679 ], "geometry": { "type": "LineString", "coordinates": [ [ -2.262222, 53.470679 ], [ -2.266789, 53.466218 ], [ -2.24878, 53.465801 ], [ -2.241651, 53.44321 ], [ -2.243994, 53.439832 ], [ -2.251457, 53.440771 ], [ -2.264957, 53.434592 ], [ -2.262558, 53.433285 ] ] } },
{ "type": "Feature", "properties": { "fid": 289, "route_id": "399948", "route_short_name": "704", "route_type": 3, "route_type_name": "Bus", "geometry_method": "osm_routed", "n_stops_covered": 52, "n_trips_observed": 1 }, "bbox": [ -2.210816, 53.466769, -2.132564, 53.51393 ], "geometry": { "type": "LineString", "coordinates": [ [ -2.153915, 53.466769 ], [ -2.163317, 53.473353 ], [ -2.1448, 53.47603 ], [ -2.14706, 53.477062 ], [ -2.147223, 53.477151 ], [ -2.1448, 53.47603 ], [ -2.14476, 53.48076 ], [ -2.132564, 53.488354 ], [ -2.134731, 53.49038 ], [ -2.132564, 53.488354 ], [ -2.141976, 53.483366 ], [ -2.148944, 53.488302 ], [ -2.157066, 53.489251 ], [ -2.150792, 53.484286 ], [ -2.166092, 53.479959 ], [ -2.169191, 53.48679 ], [ -2.165689, 53.491746 ], [ -2.184109, 53.502629 ], [ -2.183276, 53.508355 ], [ -2.195275, 53.510423 ], [ -2.196406, 53.51393 ], [ -2.210816, 53.513626 ] ] } },
{ "type": "Feature", "properties": { "fid": 290, "route_id": "399949", "route_short_name": "719", "route_type": 3, "route_type_name": "Bus", "geometry_method": "osm_routed", "n_stops_covered": 45, "n_trips_observed": 1 }, "bbox": [ -2.235107, 53.449341, -2.111554, 53.480661 ], "geometry": { "type": "LineString", "coordinates": [ [ -2.115836, 53.45081 ], [ -2.121287, 53.449341 ], [ -2.120185, 53.456237 ], [ -2.1255, 53.457773 ], [ -2.12298, 53.457661 ], [ -2.124809, 53.460934 ], [ -2.120179, 53.468746 ], [ -2.11558, 53.467399 ], [ -2.111554, 53.470837 ], [ -2.115266, 53.47549 ], [ -2.128196, 53.471227 ], [ -2.142697, 53.474133 ], [ -2.176965, 53.473234 ], [ -2.172764, 53.470501 ], [ -2.173799, 53.473086 ], [ -2.176001, 53.473196 ], [ -2.176965, 53.473234 ], [ -2.178061, 53.473287 ], [ -2.183295, 53.473565 ], [ -2.19262, 53.474097 ], [ -2.193522, 53.474084 ], [ -2.195049, 53.474127 ], [ -2.197266, 53.474229 ], [ -2.194461, 53.474221 ], [ -2.197298, 53.475474 ], [ -2.230221, 53.476036 ], [ -2.235107, 53.480661 ] ] } },
{ "type": "Feature", "properties": { "fid": 291, "route_id": "399950", "route_short_name": "747", "route_type": 3, "route_type_name": "Bus", "geometry_method": "osm_routed", "n_stops_covered": 37, "n_trips_observed": 1 }, "bbox": [ -2.155006, 53.439136, -2.096839, 53.47549 ], "geometry": { "type": "LineString", "coordinates": [ [ -2.10222, 53.445101 ], [ -2.096839, 53.444223 ], [ -2.097364, 53.442133 ], [ -2.101555, 53.439136 ], [ -2.106118, 53.440303 ], [ -2.106613, 53.447217 ], [ -2.117204, 53.462759 ], [ -2.111554, 53.470837 ], [ -2.115266, 53.47549 ], [ -2.128196, 53.471227 ], [ -2.142697, 53.474133 ], [ -2.155006, 53.472755 ], [ -2.151921, 53.472605 ] ] } },
{ "type": "Feature", "properties": { "fid": 292, "route_id": "399952", "route_short_name": "725", "route_type": 3, "route_type_name": "Bus", "geometry_method": "osm_routed", "n_stops_covered": 30, "n_trips_observed": 1 }, "bbox": [ -2.241215, 53.453803, -2.157675, 53.475474 ], "geometry": { "type": "LineString", "coordinates": [ [ -2.179199, 53.453803 ], [ -2.172357, 53.454726 ], [ -2.176412, 53.462539 ], [ -2.157675, 53.466883 ], [ -2.161305, 53.472822 ], [ -2.176965, 53.473234 ], [ -2.172764, 53.470501 ], [ -2.173799, 53.473086 ], [ -2.176001, 53.473196 ], [ -2.176965, 53.473234 ], [ -2.178061, 53.473287 ], [ -2.183295, 53.473565 ], [ -2.19262, 53.474097 ], [ -2.193522, 53.474084 ], [ -2.195049, 53.474127 ], [ -2.197266, 53.474229 ], [ -2.194461, 53.474221 ], [ -2.197298, 53.475474 ], [ -2.218674, 53.475317 ], [ -2.241215, 53.470546 ], [ -2.239996, 53.466668 ] ] } },
{ "type": "Feature", "properties": { "fid": 293, "route_id": "399971", "route_short_name": "758B", "route_type": 3, "route_type_name": "Bus", "geometry_method": "osm_routed", "n_stops_covered": 13, "n_trips_observed": 1 }, "bbox": [ -2.241837, 53.358663, -2.198594, 53.391873 ], "geometry": { "type": "LineString", "coordinates": [ [ -2.21656, 53.37167 ], [ -2.21668, 53.370034 ], [ -2.215877, 53.366746 ], [ -2.215745, 53.365024 ], [ -2.21458, 53.364537 ], [ -2.216409, 53.362726 ], [ -2.228064, 53.364238 ], [ -2.231657, 53.369823 ], [ -2.225937, 53.371116 ], [ -2.225379, 53.383537 ], [ -2.231645, 53.38766 ], [ -2.230661, 53.391873 ], [ -2.241044, 53.390344 ], [ -2.241837, 53.384921 ], [ -2.238409, 53.380171 ], [ -2.240099, 53.37128 ], [ -2.235642, 53.370116 ], [ -2.231657, 53.369823 ], [ -2.230139, 53.369853 ], [ -2.216476, 53.372729 ], [ -2.21668, 53.370034 ], [ -2.215745, 53.365024 ], [ -2.21458, 53.364537 ], [ -2.219499, 53.358663 ], [ -2.198594, 53.359812 ] ] } },
{ "type": "Feature", "properties": { "fid": 294, "route_id": "399986", "route_short_name": "76A", "route_type": 3, "route_type_name": "Bus", "geometry_method": "osm_routed", "n_stops_covered": 107, "n_trips_observed": 6 }, "bbox": [ -2.235793, 53.481113, -2.114073, 53.541761 ], "geometry": { "type": "LineString", "coordinates": [ [ -2.235793, 53.481113 ], [ -2.231675, 53.484102 ], [ -2.234193, 53.486067 ], [ -2.223884, 53.488362 ], [ -2.215615, 53.48495 ], [ -2.184281, 53.497483 ], [ -2.179008, 53.49401 ], [ -2.173558, 53.49814 ], [ -2.158867, 53.496782 ], [ -2.156308, 53.498869 ], [ -2.156853, 53.508582 ], [ -2.151197, 53.510722 ], [ -2.13922, 53.509014 ], [ -2.143149, 53.514054 ], [ -2.135425, 53.517802 ], [ -2.124502, 53.51629 ], [ -2.123537, 53.522976 ], [ -2.117515, 53.525415 ], [ -2.114073, 53.531857 ], [ -2.11703, 53.533815 ], [ -2.115058, 53.532925 ], [ -2.118081, 53.541761 ] ] } },
{ "type": "Feature", "properties": { "fid": 295, "route_id": "399987", "route_short_name": "768", "route_type": 3, "route_type_name": "Bus", "geometry_method": "osm_routed", "n_stops_covered": 0, "n_trips_observed": 0 }, "bbox": [ -2.32017, 53.356302, -2.118623, 53.384383 ], "geometry": { "type": "LineString", "coordinates": [ [ -2.126649, 53.384383 ], [ -2.118623, 53.378881 ], [ -2.123903, 53.371931 ], [ -2.125179, 53.372379 ], [ -2.121491, 53.371044 ], [ -2.123097, 53.368311 ], [ -2.133339, 53.368793 ], [ -2.140609, 53.373398 ], [ -2.158479, 53.373864 ], [ -2.165956, 53.35733 ], [ -2.170683, 53.362274 ], [ -2.184079, 53.367335 ], [ -2.189487, 53.366106 ], [ -2.195724, 53.358799 ], [ -2.225069, 53.356302 ], [ -2.24327, 53.362096 ], [ -2.240099, 53.37128 ], [ -2.258485, 53.376477 ], [ -2.260448, 53.373821 ], [ -2.265281, 53.374412 ], [ -2.266414, 53.374477 ], [ -2.267389, 53.374491 ], [ -2.26896, 53.374478 ], [ -2.27136, 53.374447 ], [ -2.266414, 53.374477 ], [ -2.266661, 53.371202 ], [ -2.272227, 53.37172 ], [ -2.266661, 53.371202 ], [ -2.266414, 53.374477 ], [ -2.27136, 53.374447 ], [ -2.273903, 53.370905 ], [ -2.271899, 53.37 ], [ -2.288265, 53.371434 ], [ -2.293441, 53.361377 ], [ -2.32017, 53.36938 ] ] } },
{ "type": "Feature", "properties": { "fid": 296, "route_id": "399990", "route_short_name": "76", "route_type": 3, "route_type_name": "Bus", "geometry_method": "osm_routed", "n_stops_covered": 113, "n_trips_observed": 50 }, "bbox": [ -2.235793, 53.481113, -2.108402, 53.547605 ], "geometry": { "type": "LineString", "coordinates": [ [ -2.235793, 53.481113 ], [ -2.231675, 53.484102 ], [ -2.234193, 53.486067 ], [ -2.223884, 53.488362 ], [ -2.215615, 53.48495 ], [ -2.178128, 53.499945 ], [ -2.158867, 53.496782 ], [ -2.156308, 53.498869 ], [ -2.156853, 53.508582 ], [ -2.151197, 53.510722 ], [ -2.13922, 53.509014 ], [ -2.143149, 53.514054 ], [ -2.135425, 53.517802 ], [ -2.125904, 53.514947 ], [ -2.123537, 53.522976 ], [ -2.117515, 53.525415 ], [ -2.114073, 53.531857 ], [ -2.11703, 53.533815 ], [ -2.115058, 53.532925 ], [ -2.11703, 53.533815 ], [ -2.115853, 53.53662 ], [ -2.116539, 53.539504 ], [ -2.118707, 53.541662 ], [ -2.118081, 53.541761 ], [ -2.118707, 53.541662 ], [ -2.119045, 53.543286 ], [ -2.119004, 53.543357 ], [ -2.113344, 53.547605 ], [ -2.108402, 53.544533 ] ] } },
{ "type": "Feature", "properties": { "fid": 297, "route_id": "40132", "route_short_name": "868", "route_type": 3, "route_type_name": "Bus", "geometry_method": "mixed", "n_stops_covered": 0, "n_trips_observed": 0 }, "bbox": [ -2.059422, 53.43978, -2.015529, 53.455426 ], "geometry": { "type": "LineString", "coordinates": [ [ -2.015529, 53.455426 ], [ -2.01963, 53.451395 ], [ -2.040738, 53.451708 ], [ -2.040538, 53.446507 ], [ -2.028135, 53.448018 ], [ -2.024239, 53.444298 ], [ -2.048434, 53.43978 ], [ -2.059422, 53.442318 ] ] } },
{ "type": "Feature", "properties": { "fid": 298, "route_id": "40447", "route_short_name": "903", "route_type": 3, "route_type_name": "Bus", "geometry_method": "osm_routed", "n_stops_covered": 62, "n_trips_observed": 3 }, "bbox": [ -2.483523, 53.576558, -2.407535, 53.601901 ], "geometry": { "type": "LineString", "coordinates": [ [ -2.449073, 53.576558 ], [ -2.455658, 53.577337 ], [ -2.461005, 53.583812 ], [ -2.469006, 53.586677 ], [ -2.483523, 53.586445 ], [ -2.476986, 53.592276 ], [ -2.472048, 53.590947 ], [ -2.472343, 53.591499 ], [ -2.472305, 53.592748 ], [ -2.472588, 53.593372 ], [ -2.473163, 53.593547 ], [ -2.472305, 53.592748 ], [ -2.472048, 53.590947 ], [ -2.464319, 53.592059 ], [ -2.459099, 53.596239 ], [ -2.438701, 53.600878 ], [ -2.410949, 53.59707 ], [ -2.407535, 53.601901 ] ] } },
{ "type": "Feature", "properties": { "fid": 299, "route_id": "41458", "route_short_name": "985", "route_type": 3, "route_type_name": "Bus", "geometry_method": "osm_routed", "n_stops_covered": 34, "n_trips_observed": 1 }, "bbox": [ -2.509102, 53.495615, -2.459526, 53.524567 ], "geometry": { "type": "LineString", "coordinates": [ [ -2.505466, 53.524175 ], [ -2.509102, 53.523198 ], [ -2.489695, 53.524478 ], [ -2.473979, 53.515818 ], [ -2.467387, 53.52033 ], [ -2.466844, 53.521458 ], [ -2.468293, 53.523639 ], [ -2.469997, 53.524567 ], [ -2.471039, 53.523818 ], [ -2.470095, 53.523863 ], [ -2.469226, 53.522243 ], [ -2.467456, 53.522357 ], [ -2.466844, 53.521458 ], [ -2.466104, 53.521075 ], [ -2.473979, 53.515818 ], [ -2.462906, 53.514523 ], [ -2.467257, 53.513995 ], [ -2.461112, 53.502352 ], [ -2.462972, 53.50159 ], [ -2.459526, 53.499654 ], [ -2.462251, 53.495615 ] ] } },
{ "type": "Feature", "properties": { "fid": 300, "route_id": "41459", "route_short_name": "986", "route_type": 3, "route_type_name": "Bus", "geometry_method": "osm_routed", "n_stops_covered": 26, "n_trips_observed": 1 }, "bbox": [ -2.501872, 53.495615, -2.446169, 53.534672 ], "geometry": { "type": "LineString", "coordinates": [ [ -2.462251, 53.495615 ], [ -2.446169, 53.508761 ], [ -2.446879, 53.513406 ], [ -2.470943, 53.513927 ], [ -2.490378, 53.523593 ], [ -2.490473, 53.529429 ], [ -2.494142, 53.530081 ], [ -2.491723, 53.530298 ], [ -2.501872, 53.532664 ], [ -2.493166, 53.534672 ], [ -2.482127, 53.530924 ] ] } },
{ "type": "Feature", "properties": { "fid": 301, "route_id": "41460", "route_short_name": "987", "route_type": 3, "route_type_name": "Bus", "geometry_method": "osm_routed", "n_stops_covered": 0, "n_trips_observed": 0 }, "bbox": [ -2.462251, 53.495615, -2.40926, 53.513711 ], "geometry": { "type": "LineString", "coordinates": [ [ -2.445904, 53.513487 ], [ -2.435666, 53.513711 ], [ -2.431364, 53.508341 ], [ -2.412713, 53.511257 ], [ -2.40926, 53.508144 ], [ -2.411097, 53.502512 ], [ -2.438967, 53.504998 ], [ -2.45653, 53.50112 ], [ -2.462251, 53.495615 ] ] } },
{ "type": "Feature", "properties": { "fid": 302, "route_id": "41462", "route_short_name": "992", "route_type": 3, "route_type_name": "Bus", "geometry_method": "osm_routed", "n_stops_covered": 36, "n_trips_observed": 1 }, "bbox": [ -2.519113, 53.494264, -2.482127, 53.53397 ], "geometry": { "type": "LineString", "coordinates": [ [ -2.491395, 53.494264 ], [ -2.50801, 53.499753 ], [ -2.519113, 53.498881 ], [ -2.518522, 53.507915 ], [ -2.498582, 53.524023 ], [ -2.489232, 53.52462 ], [ -2.490473, 53.529429 ], [ -2.50141, 53.53397 ], [ -2.48627, 53.533671 ], [ -2.482127, 53.530924 ] ] } },
{ "type": "Feature", "properties": { "fid": 303, "route_id": "41463", "route_short_name": "996", "route_type": 3, "route_type_name": "Bus", "geometry_method": "osm_routed", "n_stops_covered": 23, "n_trips_observed": 1 }, "bbox": [ -2.424267, 53.441422, -2.359708, 53.484763 ], "geometry": { "type": "LineString", "coordinates": [ [ -2.365967, 53.48376 ], [ -2.363377, 53.484763 ], [ -2.359708, 53.480691 ], [ -2.393425, 53.466581 ], [ -2.406175, 53.452559 ], [ -2.418561, 53.448693 ], [ -2.412599, 53.446561 ], [ -2.421481, 53.445541 ], [ -2.424267, 53.441422 ] ] } },
{ "type": "Feature", "properties": { "fid": 304, "route_id": "41464", "route_short_name": "999", "route_type": 3, "route_type_name": "Bus", "geometry_method": "mixed", "n_stops_covered": 32, "n_trips_observed": 1 }, "bbox": [ -2.370458, 53.478266, -2.297331, 53.507573 ], "geometry": { "type": "LineString", "coordinates": [ [ -2.297331, 53.494293 ], [ -2.319171, 53.506506 ], [ -2.327439, 53.507573 ], [ -2.326986, 53.502542 ], [ -2.321929, 53.50102 ], [ -2.321115, 53.494805 ], [ -2.315726, 53.490135 ], [ -2.342815, 53.487183 ], [ -2.353873, 53.492105 ], [ -2.370458, 53.490801 ], [ -2.359708, 53.480691 ], [ -2.366028, 53.478266 ], [ -2.365859, 53.484234 ] ] } },
{ "type": "Feature", "properties": { "fid": 305, "route_id": "41499", "route_short_name": "888", "route_type": 3, "route_type_name": "Bus", "geometry_method": "osm_routed", "n_stops_covered": 52, "n_trips_observed": 2 }, "bbox": [ -2.365646, 53.563268, -2.298849, 53.586969 ], "geometry": { "type": "LineString", "coordinates": [ [ -2.300807, 53.586969 ], [ -2.298849, 53.583179 ], [ -2.299435, 53.582683 ], [ -2.304577, 53.580206 ], [ -2.305072, 53.579974 ], [ -2.305911, 53.579568 ], [ -2.306203, 53.579431 ], [ -2.307113, 53.57887 ], [ -2.302735, 53.577927 ], [ -2.307113, 53.57887 ], [ -2.320252, 53.563268 ], [ -2.332865, 53.563381 ], [ -2.335357, 53.56711 ], [ -2.343527, 53.565699 ], [ -2.348855, 53.570948 ], [ -2.353572, 53.569216 ], [ -2.363408, 53.569903 ], [ -2.365646, 53.573421 ] ] } },
{ "type": "Feature", "properties": { "fid": 306, "route_id": "41500", "route_short_name": "901", "route_type": 3, "route_type_name": "Bus", "geometry_method": "osm_routed", "n_stops_covered": 36, "n_trips_observed": 2 }, "bbox": [ -2.442856, 53.596976, -2.408666, 53.610759 ], "geometry": { "type": "LineString", "coordinates": [ [ -2.408666, 53.601324 ], [ -2.411008, 53.596976 ], [ -2.425133, 53.598677 ], [ -2.432895, 53.600851 ], [ -2.432681, 53.602429 ], [ -2.432116, 53.604047 ], [ -2.420437, 53.605629 ], [ -2.419601, 53.608543 ], [ -2.428432, 53.610025 ], [ -2.435073, 53.607454 ], [ -2.431674, 53.605895 ], [ -2.434042, 53.606159 ], [ -2.432018, 53.604351 ], [ -2.432116, 53.604047 ], [ -2.432313, 53.603472 ], [ -2.432507, 53.602843 ], [ -2.432895, 53.600851 ], [ -2.440497, 53.610759 ], [ -2.442856, 53.610232 ] ] } },
{ "type": "Feature", "properties": { "fid": 307, "route_id": "41501", "route_short_name": "983", "route_type": 3, "route_type_name": "Bus", "geometry_method": "osm_routed", "n_stops_covered": 46, "n_trips_observed": 1 }, "bbox": [ -2.58195, 53.49259, -2.462251, 53.534172 ], "geometry": { "type": "LineString", "coordinates": [ [ -2.462251, 53.495615 ], [ -2.476809, 53.49259 ], [ -2.494626, 53.495213 ], [ -2.49377, 53.49703 ], [ -2.493656, 53.497254 ], [ -2.493305, 53.497847 ], [ -2.492068, 53.498791 ], [ -2.492481, 53.499068 ], [ -2.487835, 53.502755 ], [ -2.483404, 53.503381 ], [ -2.484611, 53.506566 ], [ -2.478464, 53.50738 ], [ -2.478205, 53.50522 ], [ -2.483404, 53.503381 ], [ -2.487835, 53.502755 ], [ -2.486195, 53.502184 ], [ -2.487835, 53.502755 ], [ -2.492068, 53.498791 ], [ -2.493305, 53.497847 ], [ -2.492591, 53.497079 ], [ -2.492572, 53.498222 ], [ -2.492591, 53.497079 ], [ -2.493656, 53.497254 ], [ -2.494913, 53.495105 ], [ -2.50801, 53.499753 ], [ -2.519113, 53.498881 ], [ -2.518457, 53.508138 ], [ -2.508992, 53.516343 ], [ -2.515505, 53.522451 ], [ -2.53044, 53.522558 ], [ -2.529912, 53.520467 ], [ -2.58195, 53.534172 ] ] } },
{ "type": "Feature", "properties": { "fid": 308, "route_id": "41506", "route_short_name": "902", "route_type": 3, "route_type_name": "Bus", "geometry_method": "osm_routed", "n_stops_covered": 65, "n_trips_observed": 2 }, "bbox": [ -2.474551, 53.590097, -2.407535, 53.601901 ], "geometry": { "type": "LineString", "coordinates": [ [ -2.474551, 53.590493 ], [ -2.459488, 53.592808 ], [ -2.445443, 53.591211 ], [ -2.445588, 53.590757 ], [ -2.445084, 53.590697 ], [ -2.444683, 53.590843 ], [ -2.443932, 53.590133 ], [ -2.443206, 53.590097 ], [ -2.442493, 53.590098 ], [ -2.437825, 53.592401 ], [ -2.452141, 53.596608 ], [ -2.455217, 53.598536 ], [ -2.455665, 53.598459 ], [ -2.458751, 53.60112 ], [ -2.452141, 53.596608 ], [ -2.431951, 53.601123 ], [ -2.410949, 53.59707 ], [ -2.407535, 53.601901 ] ] } },
{ "type": "Feature", "properties": { "fid": 309, "route_id": "41507", "route_short_name": "889", "route_type": 3, "route_type_name": "Bus", "geometry_method": "osm_routed", "n_stops_covered": 28, "n_trips_observed": 1 }, "bbox": [ -2.39759, 53.542242, -2.273416, 53.560827 ], "geometry": { "type": "LineString", "coordinates": [ [ -2.39759, 53.543905 ], [ -2.381602, 53.542242 ], [ -2.351664, 53.548314 ], [ -2.322473, 53.54819 ], [ -2.313912, 53.54463 ], [ -2.296531, 53.551455 ], [ -2.285407, 53.552129 ], [ -2.273416, 53.560827 ] ] } },
{ "type": "Feature", "properties": { "fid": 310, "route_id": "41509", "route_short_name": "997", "route_type": 3, "route_type_name": "Bus", "geometry_method": "osm_routed", "n_stops_covered": 23, "n_trips_observed": 1 }, "bbox": [ -2.421947, 53.450711, -2.359708, 53.484763 ], "geometry": { "type": "LineString", "coordinates": [ [ -2.365967, 53.48376 ], [ -2.363377, 53.484763 ], [ -2.359708, 53.480691 ], [ -2.393425, 53.466581 ], [ -2.406175, 53.452559 ], [ -2.412673, 53.451611 ], [ -2.414903, 53.452196 ], [ -2.414507, 53.456342 ], [ -2.419477, 53.456779 ], [ -2.421947, 53.455077 ], [ -2.41463, 53.450711 ] ] } },
{ "type": "Feature", "properties": { "fid": 311, "route_id": "41515", "route_short_name": "982", "route_type": 3, "route_type_name": "Bus", "geometry_method": "osm_routed", "n_stops_covered": 26, "n_trips_observed": 1 }, "bbox": [ -2.542175, 53.49259, -2.463525, 53.517159 ], "geometry": { "type": "LineString", "coordinates": [ [ -2.463525, 53.494738 ], [ -2.476809, 53.49259 ], [ -2.50801, 53.499753 ], [ -2.519113, 53.498881 ], [ -2.518135, 53.504143 ], [ -2.523221, 53.504523 ], [ -2.525984, 53.511151 ], [ -2.528914, 53.512613 ], [ -2.527999, 53.514605 ], [ -2.530436, 53.517159 ], [ -2.53251, 53.51702 ], [ -2.527999, 53.514605 ], [ -2.528914, 53.512613 ], [ -2.528343, 53.512169 ], [ -2.529008, 53.511522 ], [ -2.542175, 53.512169 ] ] } },
{ "type": "Feature", "properties": { "fid": 312, "route_id": "41519", "route_short_name": "905", "route_type": 3, "route_type_name": "Bus", "geometry_method": "osm_routed", "n_stops_covered": 51, "n_trips_observed": 1 }, "bbox": [ -2.587588, 53.55124, -2.407535, 53.601901 ], "geometry": { "type": "LineString", "coordinates": [ [ -2.587588, 53.595334 ], [ -2.578023, 53.59127 ], [ -2.57895, 53.589116 ], [ -2.568472, 53.580318 ], [ -2.52415, 53.560116 ], [ -2.523678, 53.552903 ], [ -2.51705, 53.55124 ], [ -2.508617, 53.555054 ], [ -2.51065, 53.556554 ], [ -2.508154, 53.56022 ], [ -2.49412, 53.571153 ], [ -2.482553, 53.571476 ], [ -2.474695, 53.562167 ], [ -2.464595, 53.565694 ], [ -2.464713, 53.568097 ], [ -2.434997, 53.574807 ], [ -2.435609, 53.581401 ], [ -2.412617, 53.588235 ], [ -2.407535, 53.601901 ] ] } },
{ "type": "Feature", "properties": { "fid": 313, "route_id": "41530", "route_short_name": "995", "route_type": 3, "route_type_name": "Bus", "geometry_method": "osm_routed", "n_stops_covered": 26, "n_trips_observed": 1 }, "bbox": [ -2.452641, 53.422761, -2.359708, 53.484763 ], "geometry": { "type": "LineString", "coordinates": [ [ -2.365967, 53.48376 ], [ -2.363377, 53.484763 ], [ -2.359708, 53.480691 ], [ -2.393425, 53.466581 ], [ -2.413365, 53.440148 ], [ -2.427231, 53.438943 ], [ -2.440153, 53.422794 ], [ -2.446104, 53.422761 ], [ -2.445803, 53.426014 ], [ -2.452641, 53.428928 ] ] } },
{ "type": "Feature", "properties": { "fid": 314, "route_id": "41690", "route_short_name": "894", "route_type": 3, "route_type_name": "Bus", "geometry_method": "osm_routed", "n_stops_covered": 45, "n_trips_observed": 1 }, "bbox": [ -2.364884, 53.524714, -2.264537, 53.573512 ], "geometry": { "type": "LineString", "coordinates": [ [ -2.364884, 53.572721 ], [ -2.345811, 53.562619 ], [ -2.317392, 53.563044 ], [ -2.295389, 53.573512 ], [ -2.291972, 53.56608 ], [ -2.285899, 53.571392 ], [ -2.288208, 53.569 ], [ -2.275994, 53.56784 ], [ -2.274668, 53.56499 ], [ -2.272129, 53.564373 ], [ -2.274668, 53.56499 ], [ -2.272156, 53.562554 ], [ -2.276318, 53.558576 ], [ -2.274023, 53.556309 ], [ -2.276127, 53.551799 ], [ -2.272931, 53.549222 ], [ -2.287793, 53.54215 ], [ -2.274627, 53.537001 ], [ -2.274809, 53.524714 ], [ -2.264537, 53.525083 ] ] } },
{ "type": "Feature", "properties": { "fid": 315, "route_id": "42222", "route_short_name": "926", "route_type": 3, "route_type_name": "Bus", "geometry_method": "osm_routed", "n_stops_covered": 16, "n_trips_observed": 2 }, "bbox": [ -2.411929, 53.591337, -2.376958, 53.615199 ], "geometry": { "type": "LineString", "coordinates": [ [ -2.394923, 53.591337 ], [ -2.388507, 53.600002 ], [ -2.376958, 53.597725 ], [ -2.393132, 53.604764 ], [ -2.400861, 53.606125 ], [ -2.405563, 53.603555 ], [ -2.411929, 53.612174 ], [ -2.410851, 53.615199 ] ] } },
{ "type": "Feature", "properties": { "fid": 316, "route_id": "42223", "route_short_name": "938", "route_type": 3, "route_type_name": "Bus", "geometry_method": "osm_routed", "n_stops_covered": 31, "n_trips_observed": 1 }, "bbox": [ -2.423357, 53.546535, -2.351274, 53.574168 ], "geometry": { "type": "LineString", "coordinates": [ [ -2.423357, 53.554179 ], [ -2.420378, 53.546535 ], [ -2.397257, 53.547993 ], [ -2.394147, 53.549248 ], [ -2.398887, 53.552646 ], [ -2.401578, 53.557298 ], [ -2.401509, 53.557357 ], [ -2.401391, 53.557434 ], [ -2.351274, 53.564392 ], [ -2.354856, 53.569252 ], [ -2.363408, 53.569903 ], [ -2.366695, 53.574168 ] ] } },
{ "type": "Feature", "properties": { "fid": 317, "route_id": "42225", "route_short_name": "957", "route_type": 3, "route_type_name": "Bus", "geometry_method": "osm_routed", "n_stops_covered": 0, "n_trips_observed": 0 }, "bbox": [ -2.716112, 53.5133, -2.68523, 53.57996 ], "geometry": { "type": "LineString", "coordinates": [ [ -2.68523, 53.57996 ], [ -2.695174, 53.569981 ], [ -2.69425, 53.562084 ], [ -2.704452, 53.54853 ], [ -2.703093, 53.539822 ], [ -2.712275, 53.533337 ], [ -2.708751, 53.527792 ], [ -2.716112, 53.52592 ], [ -2.70842, 53.5133 ] ] } },
{ "type": "Feature", "properties": { "fid": 318, "route_id": "42230", "route_short_name": "976", "route_type": 3, "route_type_name": "Bus", "geometry_method": "osm_routed", "n_stops_covered": 29, "n_trips_observed": 1 }, "bbox": [ -2.672727, 53.547694, -2.634445, 53.592524 ], "geometry": { "type": "LineString", "coordinates": [ [ -2.672727, 53.591019 ], [ -2.671047, 53.592524 ], [ -2.656044, 53.583936 ], [ -2.655311, 53.579893 ], [ -2.644518, 53.577028 ], [ -2.645191, 53.574641 ], [ -2.637682, 53.570755 ], [ -2.639443, 53.566441 ], [ -2.634445, 53.560728 ], [ -2.651314, 53.563329 ], [ -2.658651, 53.556036 ], [ -2.640421, 53.547694 ] ] } },
{ "type": "Feature", "properties": { "fid": 319, "route_id": "42231", "route_short_name": "977", "route_type": 3, "route_type_name": "Bus", "geometry_method": "osm_routed", "n_stops_covered": 32, "n_trips_observed": 1 }, "bbox": [ -2.672727, 53.55194, -2.630116, 53.592524 ], "geometry": { "type": "LineString", "coordinates": [ [ -2.672727, 53.591019 ], [ -2.671047, 53.592524 ], [ -2.656044, 53.583936 ], [ -2.655311, 53.579893 ], [ -2.644518, 53.577028 ], [ -2.645191, 53.574641 ], [ -2.630116, 53.562217 ], [ -2.634887, 53.555472 ], [ -2.644139, 53.556382 ], [ -2.646129, 53.560428 ], [ -2.653494, 53.559659 ], [ -2.648112, 53.55551 ], [ -2.648275, 53.55194 ], [ -2.642379, 53.552186 ] ] } },
{ "type": "Feature", "properties": { "fid": 320, "route_id": "42232", "route_short_name": "743", "route_type": 3, "route_type_name": "Bus", "geometry_method": "osm_routed", "n_stops_covered": 50, "n_trips_observed": 1 }, "bbox": [ -2.259158, 53.371116, -2.225379, 53.461253 ], "geometry": { "type": "LineString", "coordinates": [ [ -2.252068, 53.461253 ], [ -2.251639, 53.443344 ], [ -2.233143, 53.443341 ], [ -2.23142, 53.434385 ], [ -2.229529, 53.435817 ], [ -2.226157, 53.433718 ], [ -2.228966, 53.433183 ], [ -2.231555, 53.417609 ], [ -2.242152, 53.421003 ], [ -2.259158, 53.407229 ], [ -2.252867, 53.405291 ], [ -2.253843, 53.402225 ], [ -2.244699, 53.394223 ], [ -2.234934, 53.392887 ], [ -2.242577, 53.387781 ], [ -2.238409, 53.380171 ], [ -2.240099, 53.37128 ], [ -2.225937, 53.371116 ], [ -2.225379, 53.383537 ], [ -2.231645, 53.38766 ], [ -2.231595, 53.392079 ] ] } },
{ "type": "Feature", "properties": { "fid": 321, "route_id": "42252", "route_short_name": "907", "route_type": 3, "route_type_name": "Bus", "geometry_method": "osm_routed", "n_stops_covered": 0, "n_trips_observed": 0 }, "bbox": [ -2.51884, 53.497372, -2.407441, 53.60028 ], "geometry": { "type": "LineString", "coordinates": [ [ -2.51884, 53.497372 ], [ -2.518457, 53.508138 ], [ -2.505477, 53.519697 ], [ -2.498582, 53.524023 ], [ -2.473181, 53.529841 ], [ -2.468933, 53.549932 ], [ -2.411577, 53.547941 ], [ -2.420671, 53.549058 ], [ -2.419852, 53.565494 ], [ -2.427589, 53.573765 ], [ -2.407441, 53.580356 ], [ -2.407494, 53.585468 ], [ -2.412549, 53.588474 ], [ -2.4091, 53.60028 ] ] } },
{ "type": "Feature", "properties": { "fid": 322, "route_id": "42254", "route_short_name": "940", "route_type": 3, "route_type_name": "Bus", "geometry_method": "osm_routed", "n_stops_covered": 27, "n_trips_observed": 2 }, "bbox": [ -2.41928, 53.519354, -2.333518, 53.547298 ], "geometry": { "type": "LineString", "coordinates": [ [ -2.333518, 53.519354 ], [ -2.339038, 53.527273 ], [ -2.374946, 53.539585 ], [ -2.383733, 53.538201 ], [ -2.380553, 53.541523 ], [ -2.389212, 53.544373 ], [ -2.409231, 53.539516 ], [ -2.413334, 53.540893 ], [ -2.411114, 53.547298 ], [ -2.41928, 53.546536 ] ] } },
{ "type": "Feature", "properties": { "fid": 323, "route_id": "42256", "route_short_name": "921", "route_type": 3, "route_type_name": "Bus", "geometry_method": "osm_routed", "n_stops_covered": 26, "n_trips_observed": 1 }, "bbox": [ -2.444372, 53.59707, -2.405563, 53.634282 ], "geometry": { "type": "LineString", "coordinates": [ [ -2.439637, 53.601985 ], [ -2.410949, 53.59707 ], [ -2.405563, 53.603555 ], [ -2.410925, 53.614173 ], [ -2.431297, 53.620255 ], [ -2.440941, 53.628918 ], [ -2.442352, 53.631282 ], [ -2.439288, 53.632685 ], [ -2.444372, 53.634282 ] ] } },
{ "type": "Feature", "properties": { "fid": 324, "route_id": "42262", "route_short_name": "941", "route_type": 3, "route_type_name": "Bus", "geometry_method": "osm_routed", "n_stops_covered": 37, "n_trips_observed": 1 }, "bbox": [ -2.481719, 53.528034, -2.411114, 53.561026 ], "geometry": { "type": "LineString", "coordinates": [ [ -2.41928, 53.546536 ], [ -2.414721, 53.542659 ], [ -2.411114, 53.547298 ], [ -2.454969, 53.549819 ], [ -2.456294, 53.556215 ], [ -2.450523, 53.558486 ], [ -2.454291, 53.561026 ], [ -2.468871, 53.555538 ], [ -2.472263, 53.53145 ], [ -2.481719, 53.528034 ] ] } },
{ "type": "Feature", "properties": { "fid": 325, "route_id": "4227", "route_short_name": "22", "route_type": 3, "route_type_name": "Bus", "geometry_method": "mixed", "n_stops_covered": 152, "n_trips_observed": 7 }, "bbox": [ -2.6754, 53.391731, -2.592061, 53.502407 ], "geometry": { "type": "LineString", "coordinates": [ [ -2.594867, 53.391731 ], [ -2.59444, 53.399943 ], [ -2.592061, 53.399655 ], [ -2.593034, 53.398347 ], [ -2.59402, 53.398288 ], [ -2.592061, 53.399655 ], [ -2.594429, 53.399858 ], [ -2.59444, 53.399943 ], [ -2.594461, 53.400476 ], [ -2.594502, 53.402033 ], [ -2.594466, 53.404994 ], [ -2.594976, 53.407545 ], [ -2.595246, 53.4082 ], [ -2.594547, 53.407078 ], [ -2.598352, 53.414316 ], [ -2.597057, 53.428547 ], [ -2.610277, 53.442279 ], [ -2.614132, 53.454975 ], [ -2.623001, 53.458454 ], [ -2.638388, 53.456234 ], [ -2.639022, 53.452836 ], [ -2.632611, 53.452422 ], [ -2.627633, 53.448531 ], [ -2.62948, 53.44678 ], [ -2.624852, 53.439291 ], [ -2.628372, 53.443348 ], [ -2.633495, 53.443602 ], [ -2.635614, 53.445272 ], [ -2.62948, 53.44678 ], [ -2.632611, 53.452422 ], [ -2.6448, 53.452225 ], [ -2.64739, 53.455199 ], [ -2.643384, 53.461029 ], [ -2.648182, 53.471196 ], [ -2.660867, 53.46781 ], [ -2.664299, 53.471024 ], [ -2.656658, 53.474959 ], [ -2.66425, 53.483039 ], [ -2.675175, 53.484855 ], [ -2.6754, 53.488147 ], [ -2.666961, 53.492169 ], [ -2.665607, 53.495926 ], [ -2.669824, 53.499071 ], [ -2.654066, 53.502407 ], [ -2.645971, 53.499773 ], [ -2.638407, 53.488731 ], [ -2.628741, 53.486212 ], [ -2.638179, 53.482264 ], [ -2.637687, 53.486443 ] ] } },
{ "type": "Feature", "properties": { "fid": 326, "route_id": "42285", "route_short_name": "815", "route_type": 3, "route_type_name": "Bus", "geometry_method": "osm_routed", "n_stops_covered": 46, "n_trips_observed": 2 }, "bbox": [ -2.197898, 53.356913, -2.113017, 53.392113 ], "geometry": { "type": "LineString", "coordinates": [ [ -2.14525, 53.392113 ], [ -2.125354, 53.384348 ], [ -2.113877, 53.375582 ], [ -2.113017, 53.371607 ], [ -2.115356, 53.368635 ], [ -2.133939, 53.373142 ], [ -2.135312, 53.376373 ], [ -2.145109, 53.373178 ], [ -2.144832, 53.378954 ], [ -2.156593, 53.381401 ], [ -2.16178, 53.376471 ], [ -2.154932, 53.366923 ], [ -2.165956, 53.35733 ], [ -2.17892, 53.359175 ], [ -2.187069, 53.356913 ], [ -2.197898, 53.36009 ] ] } },
{ "type": "Feature", "properties": { "fid": 327, "route_id": "42380", "route_short_name": "890", "route_type": 3, "route_type_name": "Bus", "geometry_method": "osm_routed", "n_stops_covered": 47, "n_trips_observed": 1 }, "bbox": [ -2.373556, 53.540649, -2.273416, 53.57364 ], "geometry": { "type": "LineString", "coordinates": [ [ -2.365949, 53.57364 ], [ -2.373556, 53.566111 ], [ -2.371565, 53.562278 ], [ -2.351274, 53.564392 ], [ -2.353572, 53.569216 ], [ -2.351509, 53.569512 ], [ -2.345073, 53.569809 ], [ -2.343527, 53.565699 ], [ -2.335357, 53.56711 ], [ -2.324265, 53.557307 ], [ -2.32664, 53.55415 ], [ -2.323927, 53.550867 ], [ -2.325994, 53.550635 ], [ -2.325472, 53.548235 ], [ -2.312317, 53.545124 ], [ -2.30861, 53.540649 ], [ -2.297962, 53.546889 ], [ -2.300918, 53.549451 ], [ -2.285407, 53.552129 ], [ -2.273416, 53.560827 ] ] } },
{ "type": "Feature", "properties": { "fid": 328, "route_id": "42381", "route_short_name": "896", "route_type": 3, "route_type_name": "Bus", "geometry_method": "mixed", "n_stops_covered": 37, "n_trips_observed": 1 }, "bbox": [ -2.387772, 53.558703, -2.315543, 53.59965 ], "geometry": { "type": "LineString", "coordinates": [ [ -2.327994, 53.558703 ], [ -2.328453, 53.56264 ], [ -2.332865, 53.563381 ], [ -2.337598, 53.570267 ], [ -2.345073, 53.569809 ], [ -2.345511, 53.56267 ], [ -2.347596, 53.562878 ], [ -2.354856, 53.569252 ], [ -2.358131, 53.568994 ], [ -2.363408, 53.569903 ], [ -2.364497, 53.570381 ], [ -2.362509, 53.569964 ], [ -2.3679, 53.577627 ], [ -2.384155, 53.580579 ], [ -2.385969, 53.58031 ], [ -2.387772, 53.583568 ], [ -2.371362, 53.58891 ], [ -2.33802, 53.589162 ], [ -2.317744, 53.592574 ], [ -2.315543, 53.598305 ], [ -2.326945, 53.59965 ] ] } },
{ "type": "Feature", "properties": { "fid": 329, "route_id": "42382", "route_short_name": "994", "route_type": 3, "route_type_name": "Bus", "geometry_method": "osm_routed", "n_stops_covered": 20, "n_trips_observed": 1 }, "bbox": [ -2.426121, 53.502512, -2.38274, 53.601901 ], "geometry": { "type": "LineString", "coordinates": [ [ -2.407535, 53.601901 ], [ -2.412437, 53.588465 ], [ -2.420191, 53.58525 ], [ -2.422364, 53.581157 ], [ -2.398887, 53.552646 ], [ -2.403207, 53.550222 ], [ -2.399568, 53.546769 ], [ -2.400556, 53.530598 ], [ -2.398721, 53.524206 ], [ -2.395113, 53.522659 ], [ -2.396713, 53.519376 ], [ -2.38274, 53.517053 ], [ -2.40366, 53.51784 ], [ -2.412389, 53.512601 ], [ -2.409195, 53.509133 ], [ -2.411097, 53.502512 ], [ -2.420597, 53.502606 ], [ -2.426121, 53.507689 ], [ -2.414842, 53.51031 ] ] } },
{ "type": "Feature", "properties": { "fid": 330, "route_id": "42771", "route_short_name": "935", "route_type": 3, "route_type_name": "Bus", "geometry_method": "osm_routed", "n_stops_covered": 26, "n_trips_observed": 1 }, "bbox": [ -2.483523, 53.575389, -2.440167, 53.598536 ], "geometry": { "type": "LineString", "coordinates": [ [ -2.443293, 53.576577 ], [ -2.450562, 53.575389 ], [ -2.457046, 53.578288 ], [ -2.440167, 53.582384 ], [ -2.458519, 53.58868 ], [ -2.483523, 53.586445 ], [ -2.476986, 53.592276 ], [ -2.472048, 53.590947 ], [ -2.472343, 53.591499 ], [ -2.472305, 53.592748 ], [ -2.472588, 53.593372 ], [ -2.473163, 53.593547 ], [ -2.472305, 53.592748 ], [ -2.472048, 53.590947 ], [ -2.464319, 53.592059 ], [ -2.459099, 53.596239 ], [ -2.452141, 53.596608 ], [ -2.455217, 53.598536 ] ] } },
{ "type": "Feature", "properties": { "fid": 331, "route_id": "42772", "route_short_name": "936", "route_type": 3, "route_type_name": "Bus", "geometry_method": "osm_routed", "n_stops_covered": 41, "n_trips_observed": 1 }, "bbox": [ -2.455217, 53.561285, -2.351274, 53.601458 ], "geometry": { "type": "LineString", "coordinates": [ [ -2.369247, 53.561285 ], [ -2.351274, 53.564392 ], [ -2.354856, 53.569252 ], [ -2.358131, 53.568994 ], [ -2.363408, 53.569903 ], [ -2.364497, 53.570381 ], [ -2.362509, 53.569964 ], [ -2.3679, 53.577627 ], [ -2.374998, 53.579091 ], [ -2.375701, 53.5731 ], [ -2.378417, 53.572257 ], [ -2.387007, 53.574773 ], [ -2.388326, 53.576724 ], [ -2.384155, 53.580579 ], [ -2.399449, 53.580669 ], [ -2.409341, 53.595019 ], [ -2.411859, 53.594266 ], [ -2.410321, 53.596818 ], [ -2.434346, 53.601458 ], [ -2.451973, 53.596541 ], [ -2.455217, 53.598536 ] ] } },
{ "type": "Feature", "properties": { "fid": 332, "route_id": "42773", "route_short_name": "993", "route_type": 3, "route_type_name": "Bus", "geometry_method": "osm_routed", "n_stops_covered": 16, "n_trips_observed": 1 }, "bbox": [ -2.423379, 53.497854, -2.38274, 53.51784 ], "geometry": { "type": "LineString", "coordinates": [ [ -2.390762, 53.517646 ], [ -2.38274, 53.517053 ], [ -2.40366, 53.51784 ], [ -2.412389, 53.512601 ], [ -2.409195, 53.509133 ], [ -2.411097, 53.502512 ], [ -2.41625, 53.502453 ], [ -2.416944, 53.502199 ], [ -2.418708, 53.501793 ], [ -2.419692, 53.501657 ], [ -2.420066, 53.501648 ], [ -2.423379, 53.497854 ], [ -2.41625, 53.502453 ], [ -2.420066, 53.502631 ] ] } },
{ "type": "Feature", "properties": { "fid": 333, "route_id": "42776", "route_short_name": "919", "route_type": 3, "route_type_name": "Bus", "geometry_method": "osm_routed", "n_stops_covered": 65, "n_trips_observed": 2 }, "bbox": [ -2.587588, 53.546717, -2.438701, 53.60222 ], "geometry": { "type": "LineString", "coordinates": [ [ -2.587588, 53.595334 ], [ -2.578023, 53.59127 ], [ -2.57895, 53.589116 ], [ -2.568472, 53.580318 ], [ -2.52415, 53.560116 ], [ -2.525966, 53.548712 ], [ -2.515667, 53.546717 ], [ -2.502448, 53.549228 ], [ -2.503335, 53.550281 ], [ -2.499222, 53.550405 ], [ -2.498568, 53.55166 ], [ -2.49014, 53.556433 ], [ -2.489015, 53.556068 ], [ -2.497055, 53.55073 ], [ -2.49014, 53.556433 ], [ -2.464595, 53.565694 ], [ -2.464713, 53.568097 ], [ -2.440089, 53.573658 ], [ -2.443293, 53.576577 ], [ -2.455658, 53.577337 ], [ -2.461005, 53.583812 ], [ -2.469006, 53.586677 ], [ -2.483523, 53.586445 ], [ -2.476986, 53.592276 ], [ -2.472048, 53.590947 ], [ -2.472343, 53.591499 ], [ -2.472305, 53.592748 ], [ -2.472588, 53.593372 ], [ -2.473163, 53.593547 ], [ -2.472305, 53.592748 ], [ -2.472048, 53.590947 ], [ -2.464319, 53.592059 ], [ -2.459099, 53.596239 ], [ -2.438701, 53.600878 ], [ -2.442629, 53.60222 ] ] } },
{ "type": "Feature", "properties": { "fid": 334, "route_id": "42777", "route_short_name": "920", "route_type": 3, "route_type_name": "Bus", "geometry_method": "osm_routed", "n_stops_covered": 36, "n_trips_observed": 1 }, "bbox": [ -2.554359, 53.578968, -2.431871, 53.60222 ], "geometry": { "type": "LineString", "coordinates": [ [ -2.442629, 53.60222 ], [ -2.43479, 53.600922 ], [ -2.431871, 53.595906 ], [ -2.437457, 53.590195 ], [ -2.437363, 53.58165 ], [ -2.458519, 53.58868 ], [ -2.478589, 53.59079 ], [ -2.48745, 53.579446 ], [ -2.493831, 53.578968 ], [ -2.522852, 53.583857 ], [ -2.554359, 53.601927 ] ] } },
{ "type": "Feature", "properties": { "fid": 335, "route_id": "42780", "route_short_name": "839", "route_type": 3, "route_type_name": "Bus", "geometry_method": "osm_routed", "n_stops_covered": 23, "n_trips_observed": 1 }, "bbox": [ -2.089473, 53.547377, -2.065045, 53.568482 ], "geometry": { "type": "LineString", "coordinates": [ [ -2.072557, 53.550184 ], [ -2.089473, 53.547377 ], [ -2.082875, 53.555662 ], [ -2.075481, 53.557732 ], [ -2.078376, 53.559193 ], [ -2.074655, 53.562991 ], [ -2.065045, 53.565829 ], [ -2.071515, 53.566512 ], [ -2.070921, 53.568482 ], [ -2.077701, 53.566788 ], [ -2.076354, 53.564869 ], [ -2.081612, 53.565974 ] ] } },
{ "type": "Feature", "properties": { "fid": 336, "route_id": "43012", "route_short_name": "786", "route_type": 3, "route_type_name": "Bus", "geometry_method": "osm_routed", "n_stops_covered": 38, "n_trips_observed": 1 }, "bbox": [ -2.17492, 53.428975, -2.115836, 53.457231 ], "geometry": { "type": "LineString", "coordinates": [ [ -2.115836, 53.45081 ], [ -2.121287, 53.449341 ], [ -2.120185, 53.456237 ], [ -2.160172, 53.457231 ], [ -2.157195, 53.445105 ], [ -2.168861, 53.445413 ], [ -2.157195, 53.445105 ], [ -2.159707, 53.437446 ], [ -2.17492, 53.428975 ] ] } },
{ "type": "Feature", "properties": { "fid": 337, "route_id": "43015", "route_short_name": "898", "route_type": 3, "route_type_name": "Bus", "geometry_method": "osm_routed", "n_stops_covered": 71, "n_trips_observed": 2 }, "bbox": [ -2.338831, 53.58325, -2.289508, 53.622697 ], "geometry": { "type": "LineString", "coordinates": [ [ -2.297487, 53.622697 ], [ -2.290449, 53.608659 ], [ -2.289508, 53.593649 ], [ -2.299096, 53.590476 ], [ -2.308982, 53.594782 ], [ -2.333147, 53.58325 ], [ -2.338831, 53.590185 ], [ -2.317744, 53.592574 ], [ -2.315543, 53.598305 ], [ -2.326945, 53.59965 ] ] } },
{ "type": "Feature", "properties": { "fid": 338, "route_id": "43021", "route_short_name": "846", "route_type": 3, "route_type_name": "Bus", "geometry_method": "mixed", "n_stops_covered": 27, "n_trips_observed": 1 }, "bbox": [ -2.076618, 53.446352, -1.995209, 53.463225 ], "geometry": { "type": "LineString", "coordinates": [ [ -1.995209, 53.463225 ], [ -2.015535, 53.456742 ], [ -2.013004, 53.456992 ], [ -2.01963, 53.451395 ], [ -2.040121, 53.446352 ], [ -2.040574, 53.453786 ], [ -2.076618, 53.451655 ] ] } },
{ "type": "Feature", "properties": { "fid": 339, "route_id": "43022", "route_short_name": "871", "route_type": 3, "route_type_name": "Bus", "geometry_method": "mixed", "n_stops_covered": 32, "n_trips_observed": 1 }, "bbox": [ -2.081563, 53.436524, -2.028013, 53.453786 ], "geometry": { "type": "LineString", "coordinates": [ [ -2.059502, 53.4418 ], [ -2.061332, 53.443492 ], [ -2.071633, 53.436722 ], [ -2.079024, 53.436524 ], [ -2.075023, 53.446855 ], [ -2.081563, 53.452548 ], [ -2.059473, 53.451379 ], [ -2.049849, 53.453381 ], [ -2.043963, 53.453226 ], [ -2.040574, 53.453786 ], [ -2.040738, 53.451708 ], [ -2.028013, 53.45055 ], [ -2.038804, 53.447352 ] ] } },
{ "type": "Feature", "properties": { "fid": 340, "route_id": "43024", "route_short_name": "713", "route_type": 3, "route_type_name": "Bus", "geometry_method": "osm_routed", "n_stops_covered": 40, "n_trips_observed": 1 }, "bbox": [ -2.192355, 53.458432, -2.157675, 53.502171 ], "geometry": { "type": "LineString", "coordinates": [ [ -2.18359, 53.502171 ], [ -2.178128, 53.499945 ], [ -2.184281, 53.497483 ], [ -2.179008, 53.49401 ], [ -2.174755, 53.495319 ], [ -2.175831, 53.497635 ], [ -2.167889, 53.496892 ], [ -2.165895, 53.486357 ], [ -2.178101, 53.485281 ], [ -2.16503, 53.480708 ], [ -2.166149, 53.480072 ], [ -2.164772, 53.476225 ], [ -2.16829, 53.476885 ], [ -2.165878, 53.477274 ], [ -2.16829, 53.476885 ], [ -2.167222, 53.475616 ], [ -2.162153, 53.476312 ], [ -2.163317, 53.473353 ], [ -2.159514, 53.472795 ], [ -2.157675, 53.466883 ], [ -2.191032, 53.458432 ], [ -2.192355, 53.460499 ] ] } },
{ "type": "Feature", "properties": { "fid": 341, "route_id": "43026", "route_short_name": "897", "route_type": 3, "route_type_name": "Bus", "geometry_method": "osm_routed", "n_stops_covered": 28, "n_trips_observed": 1 }, "bbox": [ -2.339142, 53.596521, -2.302086, 53.632414 ], "geometry": { "type": "LineString", "coordinates": [ [ -2.326945, 53.59965 ], [ -2.325443, 53.600775 ], [ -2.331203, 53.599788 ], [ -2.337393, 53.601194 ], [ -2.339142, 53.601243 ], [ -2.331203, 53.599788 ], [ -2.325776, 53.600836 ], [ -2.325443, 53.600775 ], [ -2.322564, 53.600102 ], [ -2.320404, 53.598928 ], [ -2.309159, 53.596521 ], [ -2.302086, 53.606302 ], [ -2.31133, 53.604837 ], [ -2.324391, 53.619152 ], [ -2.335005, 53.623815 ], [ -2.328241, 53.62446 ], [ -2.333955, 53.632414 ] ] } },
{ "type": "Feature", "properties": { "fid": 342, "route_id": "43028", "route_short_name": "981", "route_type": 3, "route_type_name": "Bus", "geometry_method": "mixed", "n_stops_covered": 29, "n_trips_observed": 1 }, "bbox": [ -2.672727, 53.568605, -2.581424, 53.592524 ], "geometry": { "type": "LineString", "coordinates": [ [ -2.672727, 53.591019 ], [ -2.671047, 53.592524 ], [ -2.656044, 53.583936 ], [ -2.655311, 53.579893 ], [ -2.644518, 53.577028 ], [ -2.645191, 53.574641 ], [ -2.641019, 53.572701 ], [ -2.645191, 53.574641 ], [ -2.640735, 53.572767 ], [ -2.637646, 53.57668 ], [ -2.63727, 53.577711 ], [ -2.637813, 53.582362 ], [ -2.637894, 53.583492 ], [ -2.637885, 53.584614 ], [ -2.637406, 53.586073 ], [ -2.637373, 53.583763 ], [ -2.598276, 53.58153 ], [ -2.593916, 53.578497 ], [ -2.594566, 53.575445 ], [ -2.584078, 53.572996 ], [ -2.583818, 53.572449 ], [ -2.586868, 53.572278 ], [ -2.588047, 53.571952 ], [ -2.583818, 53.572449 ], [ -2.582748, 53.570747 ], [ -2.584559, 53.569628 ], [ -2.585165, 53.568854 ], [ -2.585378, 53.56862 ], [ -2.585615, 53.568605 ], [ -2.586206, 53.569265 ], [ -2.585165, 53.568854 ], [ -2.581424, 53.571297 ] ] } },
{ "type": "Feature", "properties": { "fid": 343, "route_id": "43029", "route_short_name": "951", "route_type": 3, "route_type_name": "Bus", "geometry_method": "osm_routed", "n_stops_covered": 41, "n_trips_observed": 1 }, "bbox": [ -2.638868, 53.48146, -2.53124, 53.540308 ], "geometry": { "type": "LineString", "coordinates": [ [ -2.53124, 53.521625 ], [ -2.544863, 53.529264 ], [ -2.548233, 53.527671 ], [ -2.555351, 53.530673 ], [ -2.554456, 53.533402 ], [ -2.559768, 53.533647 ], [ -2.556137, 53.536315 ], [ -2.56544, 53.540308 ], [ -2.576393, 53.536945 ], [ -2.584246, 53.532018 ], [ -2.584571, 53.528889 ], [ -2.597617, 53.524202 ], [ -2.597759, 53.516925 ], [ -2.616467, 53.500273 ], [ -2.638868, 53.486251 ], [ -2.637946, 53.48146 ] ] } },
{ "type": "Feature", "properties": { "fid": 344, "route_id": "43034", "route_short_name": "980", "route_type": 3, "route_type_name": "Bus", "geometry_method": "mixed", "n_stops_covered": 40, "n_trips_observed": 1 }, "bbox": [ -2.672727, 53.56156, -2.551604, 53.592524 ], "geometry": { "type": "LineString", "coordinates": [ [ -2.672727, 53.591019 ], [ -2.671047, 53.592524 ], [ -2.656044, 53.583936 ], [ -2.655311, 53.579893 ], [ -2.644518, 53.577028 ], [ -2.645191, 53.574641 ], [ -2.641019, 53.572701 ], [ -2.645191, 53.574641 ], [ -2.640735, 53.572767 ], [ -2.637646, 53.57668 ], [ -2.63727, 53.577711 ], [ -2.637813, 53.582362 ], [ -2.637894, 53.583492 ], [ -2.637885, 53.584614 ], [ -2.637406, 53.586073 ], [ -2.637373, 53.583763 ], [ -2.598276, 53.58153 ], [ -2.593916, 53.578497 ], [ -2.591538, 53.566692 ], [ -2.585323, 53.568248 ], [ -2.561056, 53.56156 ], [ -2.563245, 53.56285 ], [ -2.551604, 53.565784 ], [ -2.556156, 53.564918 ] ] } },
{ "type": "Feature", "properties": { "fid": 345, "route_id": "43341", "route_short_name": "801", "route_type": 3, "route_type_name": "Bus", "geometry_method": "osm_routed", "n_stops_covered": 34, "n_trips_observed": 1 }, "bbox": [ -2.1394, 53.395731, -2.066153, 53.432726 ], "geometry": { "type": "LineString", "coordinates": [ [ -2.086531, 53.398137 ], [ -2.084546, 53.397302 ], [ -2.094858, 53.395731 ], [ -2.101109, 53.412207 ], [ -2.099266, 53.413603 ], [ -2.096731, 53.413352 ], [ -2.0814, 53.414202 ], [ -2.078953, 53.414759 ], [ -2.07651, 53.414918 ], [ -2.074057, 53.415316 ], [ -2.066153, 53.414525 ], [ -2.071074, 53.412053 ], [ -2.074057, 53.415316 ], [ -2.085235, 53.414282 ], [ -2.082177, 53.423232 ], [ -2.087727, 53.428548 ], [ -2.086667, 53.432726 ], [ -2.101927, 53.424079 ], [ -2.114248, 53.422587 ], [ -2.111166, 53.420587 ], [ -2.117287, 53.417704 ], [ -2.1394, 53.41527 ] ] } },
{ "type": "Feature", "properties": { "fid": 346, "route_id": "43497", "route_short_name": "724", "route_type": 3, "route_type_name": "Bus", "geometry_method": "osm_routed", "n_stops_covered": 41, "n_trips_observed": 1 }, "bbox": [ -2.241215, 53.466668, -2.166179, 53.524913 ], "geometry": { "type": "LineString", "coordinates": [ [ -2.174125, 53.524913 ], [ -2.166179, 53.521135 ], [ -2.168846, 53.516826 ], [ -2.182247, 53.519564 ], [ -2.196611, 53.512255 ], [ -2.183276, 53.508355 ], [ -2.184109, 53.502629 ], [ -2.178128, 53.499945 ], [ -2.214711, 53.486137 ], [ -2.218313, 53.478315 ], [ -2.241215, 53.470546 ], [ -2.239996, 53.466668 ] ] } },
{ "type": "Feature", "properties": { "fid": 347, "route_id": "43663", "route_short_name": "843", "route_type": 3, "route_type_name": "Bus", "geometry_method": "osm_routed", "n_stops_covered": 0, "n_trips_observed": 0 }, "bbox": [ -2.16178, 53.368311, -2.094858, 53.414596 ], "geometry": { "type": "LineString", "coordinates": [ [ -2.124098, 53.373187 ], [ -2.121491, 53.371044 ], [ -2.123097, 53.368311 ], [ -2.130639, 53.368536 ], [ -2.140609, 53.373398 ], [ -2.159996, 53.373571 ], [ -2.16178, 53.376471 ], [ -2.153352, 53.384383 ], [ -2.152806, 53.398575 ], [ -2.124119, 53.381794 ], [ -2.117797, 53.384312 ], [ -2.102817, 53.38294 ], [ -2.100707, 53.388213 ], [ -2.101239, 53.389477 ], [ -2.094858, 53.395731 ], [ -2.098707, 53.40986 ], [ -2.105918, 53.411147 ], [ -2.105358, 53.414596 ] ] } },
{ "type": "Feature", "properties": { "fid": 348, "route_id": "43669", "route_short_name": "810", "route_type": 3, "route_type_name": "Bus", "geometry_method": "osm_routed", "n_stops_covered": 87, "n_trips_observed": 2 }, "bbox": [ -2.295782, 53.364231, -2.216476, 53.412257 ], "geometry": { "type": "LineString", "coordinates": [ [ -2.224497, 53.387413 ], [ -2.217566, 53.380067 ], [ -2.216476, 53.372729 ], [ -2.240401, 53.37097 ], [ -2.24205, 53.364231 ], [ -2.242454, 53.36638 ], [ -2.253149, 53.365451 ], [ -2.247618, 53.375988 ], [ -2.250011, 53.38373 ], [ -2.256118, 53.382303 ], [ -2.257609, 53.382224 ], [ -2.258677, 53.3822 ], [ -2.256118, 53.382303 ], [ -2.25679, 53.38529 ], [ -2.254972, 53.385659 ], [ -2.255046, 53.386703 ], [ -2.258058, 53.388554 ], [ -2.256129, 53.388373 ], [ -2.262889, 53.389086 ], [ -2.265881, 53.389122 ], [ -2.269564, 53.388344 ], [ -2.27943, 53.392707 ], [ -2.278389, 53.396424 ], [ -2.292169, 53.395589 ], [ -2.294637, 53.400039 ], [ -2.295782, 53.407202 ], [ -2.291322, 53.409986 ], [ -2.280488, 53.412257 ], [ -2.27264, 53.408785 ] ] } },
{ "type": "Feature", "properties": { "fid": 349, "route_id": "43672", "route_short_name": "887", "route_type": 3, "route_type_name": "Bus", "geometry_method": "osm_routed", "n_stops_covered": 56, "n_trips_observed": 1 }, "bbox": [ -2.16178, 53.366923, -2.113518, 53.407732 ], "geometry": { "type": "LineString", "coordinates": [ [ -2.154932, 53.366923 ], [ -2.16178, 53.376471 ], [ -2.156593, 53.381401 ], [ -2.144832, 53.378954 ], [ -2.144969, 53.373218 ], [ -2.135312, 53.376373 ], [ -2.133939, 53.373142 ], [ -2.121491, 53.371044 ], [ -2.12431, 53.36855 ], [ -2.113518, 53.367682 ], [ -2.113877, 53.375582 ], [ -2.130537, 53.386143 ], [ -2.131143, 53.392212 ], [ -2.12687, 53.393123 ], [ -2.119133, 53.388631 ], [ -2.119163, 53.394148 ], [ -2.123774, 53.396692 ], [ -2.126527, 53.393283 ], [ -2.12687, 53.393123 ], [ -2.129675, 53.392507 ], [ -2.131143, 53.392212 ], [ -2.13252, 53.394647 ], [ -2.136846, 53.39493 ], [ -2.14525, 53.392113 ], [ -2.149812, 53.395995 ], [ -2.134574, 53.397287 ], [ -2.138073, 53.404617 ], [ -2.146218, 53.407732 ] ] } },
{ "type": "Feature", "properties": { "fid": 350, "route_id": "4406", "route_short_name": "43", "route_type": 3, "route_type_name": "Bus", "geometry_method": "osm_routed", "n_stops_covered": 105, "n_trips_observed": 85 }, "bbox": [ -2.276295, 53.365923, -2.218249, 53.479774 ], "geometry": { "type": "LineString", "coordinates": [ [ -2.273216, 53.365923 ], [ -2.276295, 53.36769 ], [ -2.27136, 53.374447 ], [ -2.260448, 53.373821 ], [ -2.258485, 53.376477 ], [ -2.268205, 53.380109 ], [ -2.256118, 53.382303 ], [ -2.254972, 53.385659 ], [ -2.257662, 53.396785 ], [ -2.251806, 53.403052 ], [ -2.259158, 53.407229 ], [ -2.218832, 53.441418 ], [ -2.218249, 53.4467 ], [ -2.222074, 53.451432 ], [ -2.239533, 53.448397 ], [ -2.235757, 53.458042 ], [ -2.220436, 53.459436 ], [ -2.226113, 53.464237 ], [ -2.22953, 53.462318 ], [ -2.232471, 53.464974 ], [ -2.228454, 53.466288 ], [ -2.232239, 53.469508 ], [ -2.235547, 53.4684 ], [ -2.23244, 53.469675 ], [ -2.237168, 53.470188 ], [ -2.242607, 53.4762 ], [ -2.237431, 53.479288 ], [ -2.233877, 53.47773 ], [ -2.235527, 53.479774 ] ] } },
{ "type": "Feature", "properties": { "fid": 351, "route_id": "44223", "route_short_name": "BWFC 5", "route_type": 3, "route_type_name": "Bus", "geometry_method": "osm_routed", "n_stops_covered": 0, "n_trips_observed": 0 }, "bbox": [ -2.546876, 53.547099, -2.395392, 53.582105 ], "geometry": { "type": "LineString", "coordinates": [ [ -2.398887, 53.552646 ], [ -2.395392, 53.548516 ], [ -2.434231, 53.547099 ], [ -2.436139, 53.547642 ], [ -2.437981, 53.548373 ], [ -2.420671, 53.549058 ], [ -2.421161, 53.559341 ], [ -2.440713, 53.558147 ], [ -2.441847, 53.565056 ], [ -2.438491, 53.566609 ], [ -2.442744, 53.567444 ], [ -2.455673, 53.559233 ], [ -2.464917, 53.557528 ], [ -2.464713, 53.568097 ], [ -2.490196, 53.554954 ], [ -2.546876, 53.574155 ], [ -2.536636, 53.579221 ], [ -2.541157, 53.582105 ] ] } },
{ "type": "Feature", "properties": { "fid": 352, "route_id": "44225", "route_short_name": "BWFC 6", "route_type": 3, "route_type_name": "Bus", "geometry_method": "mixed", "n_stops_covered": 0, "n_trips_observed": 0 }, "bbox": [ -2.549519, 53.502512, -2.411097, 53.582105 ], "geometry": { "type": "LineString", "coordinates": [ [ -2.541157, 53.582105 ], [ -2.53541, 53.578482 ], [ -2.549519, 53.570927 ], [ -2.52415, 53.560116 ], [ -2.525966, 53.548712 ], [ -2.515667, 53.546717 ], [ -2.498243, 53.551775 ], [ -2.487161, 53.54993 ], [ -2.490037, 53.556441 ], [ -2.477149, 53.54818 ], [ -2.469211, 53.547379 ], [ -2.473181, 53.529841 ], [ -2.493, 53.525235 ], [ -2.494793, 53.524333 ], [ -2.494442, 53.523049 ], [ -2.498053, 53.523379 ], [ -2.498582, 53.524023 ], [ -2.496501, 53.524214 ], [ -2.496334, 53.524218 ], [ -2.495717, 53.524268 ], [ -2.494793, 53.524333 ], [ -2.49387, 53.524398 ], [ -2.492958, 53.52446 ], [ -2.489695, 53.524478 ], [ -2.471911, 53.51505 ], [ -2.436307, 53.513899 ], [ -2.421545, 53.502971 ], [ -2.411097, 53.502512 ] ] } },
{ "type": "Feature", "properties": { "fid": 353, "route_id": "44228", "route_short_name": "BWFC 2", "route_type": 3, "route_type_name": "Bus", "geometry_method": "osm_routed", "n_stops_covered": 0, "n_trips_observed": 0 }, "bbox": [ -2.541157, 53.576687, -2.374692, 53.606125 ], "geometry": { "type": "LineString", "coordinates": [ [ -2.374692, 53.576687 ], [ -2.374998, 53.579091 ], [ -2.384155, 53.580579 ], [ -2.388326, 53.576724 ], [ -2.400586, 53.581773 ], [ -2.40592, 53.589664 ], [ -2.39526, 53.590945 ], [ -2.383995, 53.587614 ], [ -2.382984, 53.594227 ], [ -2.379109, 53.596473 ], [ -2.386462, 53.600173 ], [ -2.385086, 53.601727 ], [ -2.400861, 53.606125 ], [ -2.409376, 53.599731 ], [ -2.412617, 53.588235 ], [ -2.420395, 53.584938 ], [ -2.427165, 53.58413 ], [ -2.434868, 53.591352 ], [ -2.452141, 53.596608 ], [ -2.475914, 53.593054 ], [ -2.48745, 53.579446 ], [ -2.52168, 53.583895 ], [ -2.541157, 53.582105 ] ] } },
{ "type": "Feature", "properties": { "fid": 354, "route_id": "44646", "route_short_name": "347", "route_type": 3, "route_type_name": "Bus", "geometry_method": "osm_routed", "n_stops_covered": 56, "n_trips_observed": 32 }, "bbox": [ -2.117536, 53.439098, -2.096839, 53.489616 ], "geometry": { "type": "LineString", "coordinates": [ [ -2.097137, 53.489616 ], [ -2.098736, 53.489283 ], [ -2.098427, 53.488346 ], [ -2.099827, 53.487978 ], [ -2.102565, 53.487222 ], [ -2.10387, 53.486886 ], [ -2.105154, 53.486515 ], [ -2.103851, 53.484916 ], [ -2.103811, 53.484573 ], [ -2.104191, 53.484059 ], [ -2.106125, 53.482262 ], [ -2.101336, 53.483568 ], [ -2.104191, 53.484059 ], [ -2.106345, 53.482128 ], [ -2.10701, 53.481274 ], [ -2.107103, 53.480039 ], [ -2.107643, 53.480201 ], [ -2.108164, 53.479498 ], [ -2.114768, 53.475524 ], [ -2.113466, 53.473081 ], [ -2.112991, 53.472023 ], [ -2.112973, 53.471972 ], [ -2.112613, 53.470777 ], [ -2.111406, 53.470406 ], [ -2.117536, 53.463537 ], [ -2.113766, 53.456207 ], [ -2.113375, 53.455382 ], [ -2.113215, 53.455094 ], [ -2.1127, 53.454042 ], [ -2.111822, 53.452335 ], [ -2.111701, 53.451943 ], [ -2.111073, 53.451219 ], [ -2.108475, 53.448441 ], [ -2.10841, 53.44818 ], [ -2.096839, 53.444223 ], [ -2.101741, 53.439098 ], [ -2.106118, 53.440303 ], [ -2.106613, 53.447217 ], [ -2.108495, 53.447942 ], [ -2.111701, 53.451943 ], [ -2.117536, 53.463537 ], [ -2.115483, 53.46791 ], [ -2.113537, 53.468216 ], [ -2.112613, 53.470777 ], [ -2.111554, 53.470837 ], [ -2.114768, 53.475524 ], [ -2.108091, 53.480573 ], [ -2.107643, 53.480201 ], [ -2.106269, 53.479554 ], [ -2.104107, 53.480976 ], [ -2.105646, 53.481921 ], [ -2.104107, 53.480976 ], [ -2.106269, 53.479554 ], [ -2.107643, 53.480201 ], [ -2.108098, 53.483335 ], [ -2.103851, 53.484916 ], [ -2.105831, 53.486349 ], [ -2.105154, 53.486515 ], [ -2.10387, 53.486886 ], [ -2.102565, 53.487222 ], [ -2.100935, 53.487661 ], [ -2.099827, 53.487978 ], [ -2.098427, 53.488346 ], [ -2.097026, 53.488735 ], [ -2.097137, 53.489616 ] ] } },
{ "type": "Feature", "properties": { "fid": 355, "route_id": "45784", "route_short_name": "805", "route_type": 3, "route_type_name": "Bus", "geometry_method": "mixed", "n_stops_covered": 68, "n_trips_observed": 2 }, "bbox": [ -2.160435, 53.394106, -2.094858, 53.454011 ], "geometry": { "type": "LineString", "coordinates": [ [ -2.15798, 53.454011 ], [ -2.159735, 53.437503 ], [ -2.15472, 53.432143 ], [ -2.154378, 53.424817 ], [ -2.160435, 53.419225 ], [ -2.146463, 53.416131 ], [ -2.140574, 53.421809 ], [ -2.134001, 53.424887 ], [ -2.132355, 53.4245 ], [ -2.139944, 53.434165 ], [ -2.134166, 53.434481 ], [ -2.135704, 53.43177 ], [ -2.134464, 53.432875 ], [ -2.13146, 53.43229 ], [ -2.135443, 53.431955 ], [ -2.128557, 53.428361 ], [ -2.132355, 53.4245 ], [ -2.140574, 53.421809 ], [ -2.142207, 53.419053 ], [ -2.145798, 53.416098 ], [ -2.147706, 53.415856 ], [ -2.148787, 53.408465 ], [ -2.122627, 53.398024 ], [ -2.096735, 53.394106 ], [ -2.094858, 53.395731 ], [ -2.098707, 53.40986 ], [ -2.105918, 53.411147 ], [ -2.105358, 53.414596 ] ] } },
{ "type": "Feature", "properties": { "fid": 356, "route_id": "45785", "route_short_name": "807", "route_type": 3, "route_type_name": "Bus", "geometry_method": "osm_routed", "n_stops_covered": 37, "n_trips_observed": 1 }, "bbox": [ -2.164023, 53.388213, -2.094607, 53.414596 ], "geometry": { "type": "LineString", "coordinates": [ [ -2.105358, 53.414596 ], [ -2.105918, 53.411147 ], [ -2.098707, 53.40986 ], [ -2.094607, 53.395652 ], [ -2.100707, 53.388213 ], [ -2.107202, 53.390194 ], [ -2.102561, 53.395365 ], [ -2.122794, 53.398073 ], [ -2.12687, 53.393123 ], [ -2.122912, 53.388848 ], [ -2.119133, 53.388631 ], [ -2.119989, 53.392774 ], [ -2.12433, 53.395084 ], [ -2.12687, 53.393123 ], [ -2.131143, 53.392212 ], [ -2.13695, 53.401469 ], [ -2.156068, 53.401122 ], [ -2.164023, 53.408196 ] ] } },
{ "type": "Feature", "properties": { "fid": 357, "route_id": "45788", "route_short_name": "840", "route_type": 3, "route_type_name": "Bus", "geometry_method": "mixed", "n_stops_covered": 45, "n_trips_observed": 1 }, "bbox": [ -2.161317, 53.410925, -2.105084, 53.454011 ], "geometry": { "type": "LineString", "coordinates": [ [ -2.105358, 53.414596 ], [ -2.105084, 53.410925 ], [ -2.106606, 53.41827 ], [ -2.114248, 53.422587 ], [ -2.12144, 53.421249 ], [ -2.120778, 53.429122 ], [ -2.128557, 53.428361 ], [ -2.130561, 53.428248 ], [ -2.132439, 53.426847 ], [ -2.134603, 53.427672 ], [ -2.139944, 53.434165 ], [ -2.135227, 53.434643 ], [ -2.132972, 53.433852 ], [ -2.134034, 53.432727 ], [ -2.134464, 53.432875 ], [ -2.135704, 53.43177 ], [ -2.134464, 53.432875 ], [ -2.13308, 53.432387 ], [ -2.13146, 53.43229 ], [ -2.135443, 53.431955 ], [ -2.129854, 53.429408 ], [ -2.130561, 53.428248 ], [ -2.128634, 53.427687 ], [ -2.145798, 53.416098 ], [ -2.161317, 53.41877 ], [ -2.154378, 53.424817 ], [ -2.15472, 53.432143 ], [ -2.159735, 53.437503 ], [ -2.15798, 53.454011 ] ] } },
{ "type": "Feature", "properties": { "fid": 358, "route_id": "45789", "route_short_name": "728", "route_type": 3, "route_type_name": "Bus", "geometry_method": "osm_routed", "n_stops_covered": 29, "n_trips_observed": 1 }, "bbox": [ -2.244525, 53.41563, -2.215036, 53.459013 ], "geometry": { "type": "LineString", "coordinates": [ [ -2.219773, 53.41563 ], [ -2.215036, 53.43531 ], [ -2.244154, 53.439816 ], [ -2.244525, 53.44628 ], [ -2.244355, 53.446284 ], [ -2.241861, 53.446339 ], [ -2.241982, 53.44834 ], [ -2.244525, 53.44628 ], [ -2.243965, 53.459013 ], [ -2.235757, 53.458042 ], [ -2.238789, 53.448225 ] ] } },
{ "type": "Feature", "properties": { "fid": 359, "route_id": "45792", "route_short_name": "819", "route_type": 3, "route_type_name": "Bus", "geometry_method": "osm_routed", "n_stops_covered": 31, "n_trips_observed": 1 }, "bbox": [ -2.106014, 53.393072, -2.024821, 53.432726 ], "geometry": { "type": "LineString", "coordinates": [ [ -2.105358, 53.414596 ], [ -2.105918, 53.411147 ], [ -2.101123, 53.411999 ], [ -2.100552, 53.421602 ], [ -2.103149, 53.424015 ], [ -2.103528, 53.424616 ], [ -2.106014, 53.423086 ], [ -2.104011, 53.422167 ], [ -2.106014, 53.423086 ], [ -2.103528, 53.424616 ], [ -2.100287, 53.424794 ], [ -2.103528, 53.424616 ], [ -2.090617, 53.432444 ], [ -2.086667, 53.432726 ], [ -2.087727, 53.428548 ], [ -2.082177, 53.423232 ], [ -2.085235, 53.414282 ], [ -2.061534, 53.417825 ], [ -2.05469, 53.414746 ], [ -2.05335, 53.400085 ], [ -2.040644, 53.39344 ], [ -2.024821, 53.393072 ] ] } },
{ "type": "Feature", "properties": { "fid": 360, "route_id": "4669", "route_short_name": "130", "route_type": 3, "route_type_name": "Bus", "geometry_method": "osm_routed", "n_stops_covered": 154, "n_trips_observed": 8 }, "bbox": [ -2.279631, 53.255982, -2.122529, 53.381076 ], "geometry": { "type": "LineString", "coordinates": [ [ -2.273216, 53.365923 ], [ -2.276295, 53.36769 ], [ -2.27136, 53.374447 ], [ -2.279631, 53.376723 ], [ -2.274421, 53.380912 ], [ -2.268205, 53.380109 ], [ -2.264746, 53.381076 ], [ -2.268205, 53.380109 ], [ -2.231657, 53.369823 ], [ -2.228064, 53.364238 ], [ -2.217567, 53.362093 ], [ -2.219848, 53.36002 ], [ -2.215254, 53.347364 ], [ -2.200593, 53.335085 ], [ -2.210811, 53.335368 ], [ -2.211761, 53.333936 ], [ -2.208579, 53.334556 ], [ -2.211761, 53.333936 ], [ -2.209902, 53.33857 ], [ -2.212059, 53.340811 ], [ -2.218309, 53.336903 ], [ -2.2227, 53.339056 ], [ -2.229086, 53.327349 ], [ -2.236833, 53.321769 ], [ -2.237841, 53.304328 ], [ -2.234504, 53.294665 ], [ -2.239724, 53.273491 ], [ -2.234348, 53.263985 ], [ -2.176359, 53.259163 ], [ -2.161335, 53.259397 ], [ -2.155936, 53.263835 ], [ -2.137122, 53.263121 ], [ -2.136965, 53.259937 ], [ -2.128141, 53.260907 ], [ -2.129246, 53.257808 ], [ -2.122981, 53.255982 ], [ -2.122529, 53.257547 ], [ -2.12316, 53.259535 ], [ -2.125056, 53.257899 ] ] } },
{ "type": "Feature", "properties": { "fid": 361, "route_id": "47094", "route_short_name": "758", "route_type": 3, "route_type_name": "Bus", "geometry_method": "osm_routed", "n_stops_covered": 0, "n_trips_observed": 0 }, "bbox": [ -2.241837, 53.358663, -2.198594, 53.392884 ], "geometry": { "type": "LineString", "coordinates": [ [ -2.229059, 53.38745 ], [ -2.231645, 53.38766 ], [ -2.230661, 53.391873 ], [ -2.234645, 53.392884 ], [ -2.241044, 53.390344 ], [ -2.241837, 53.384921 ], [ -2.238409, 53.380171 ], [ -2.240099, 53.37128 ], [ -2.230139, 53.369853 ], [ -2.216476, 53.372729 ], [ -2.215745, 53.365024 ], [ -2.21458, 53.364537 ], [ -2.219499, 53.358663 ], [ -2.198594, 53.359812 ] ] } },
{ "type": "Feature", "properties": { "fid": 362, "route_id": "4761", "route_short_name": "19", "route_type": 3, "route_type_name": "Bus", "geometry_method": "mixed", "n_stops_covered": 98, "n_trips_observed": 19 }, "bbox": [ -2.598352, 53.391413, -2.49328, 53.49488 ], "geometry": { "type": "LineString", "coordinates": [ [ -2.593432, 53.391413 ], [ -2.59444, 53.399943 ], [ -2.592061, 53.399655 ], [ -2.593034, 53.398347 ], [ -2.59402, 53.398288 ], [ -2.592061, 53.399655 ], [ -2.594429, 53.399858 ], [ -2.59444, 53.399943 ], [ -2.594461, 53.400476 ], [ -2.594502, 53.402033 ], [ -2.594466, 53.404994 ], [ -2.594976, 53.407545 ], [ -2.595246, 53.4082 ], [ -2.594547, 53.407078 ], [ -2.598352, 53.414316 ], [ -2.597246, 53.431394 ], [ -2.555858, 53.437662 ], [ -2.553167, 53.438866 ], [ -2.551917, 53.439029 ], [ -2.551575, 53.439787 ], [ -2.553167, 53.438866 ], [ -2.553892, 53.445551 ], [ -2.5499, 53.445889 ], [ -2.553892, 53.445551 ], [ -2.550955, 53.44113 ], [ -2.525075, 53.452944 ], [ -2.512199, 53.452648 ], [ -2.49328, 53.460529 ], [ -2.495122, 53.472181 ], [ -2.500658, 53.48046 ], [ -2.499524, 53.492244 ], [ -2.518106, 53.49488 ] ] } },
{ "type": "Feature", "properties": { "fid": 363, "route_id": "4881", "route_short_name": "22A", "route_type": 3, "route_type_name": "Bus", "geometry_method": "mixed", "n_stops_covered": 138, "n_trips_observed": 10 }, "bbox": [ -2.647705, 53.391731, -2.591438, 53.546533 ], "geometry": { "type": "LineString", "coordinates": [ [ -2.594867, 53.391731 ], [ -2.59444, 53.399943 ], [ -2.592061, 53.399655 ], [ -2.593034, 53.398347 ], [ -2.59402, 53.398288 ], [ -2.592061, 53.399655 ], [ -2.594429, 53.399858 ], [ -2.59444, 53.399943 ], [ -2.594461, 53.400476 ], [ -2.594502, 53.402033 ], [ -2.594466, 53.404994 ], [ -2.594976, 53.407545 ], [ -2.595246, 53.4082 ], [ -2.594547, 53.407078 ], [ -2.598352, 53.414316 ], [ -2.597057, 53.428547 ], [ -2.610277, 53.442279 ], [ -2.614169, 53.452951 ], [ -2.613692, 53.45413 ], [ -2.614132, 53.454975 ], [ -2.623001, 53.458454 ], [ -2.624396, 53.45718 ], [ -2.628965, 53.456595 ], [ -2.629705, 53.45595 ], [ -2.628965, 53.456595 ], [ -2.640156, 53.456098 ], [ -2.64424, 53.456218 ], [ -2.64619, 53.456249 ], [ -2.643384, 53.461029 ], [ -2.641163, 53.456956 ], [ -2.641281, 53.456684 ], [ -2.64281, 53.45614 ], [ -2.643002, 53.455475 ], [ -2.640379, 53.455579 ], [ -2.640156, 53.456098 ], [ -2.64424, 53.456218 ], [ -2.645493, 53.456236 ], [ -2.646968, 53.456262 ], [ -2.647705, 53.456271 ], [ -2.645046, 53.452827 ], [ -2.636696, 53.451828 ], [ -2.630933, 53.452939 ], [ -2.631035, 53.454257 ], [ -2.632185, 53.45509 ], [ -2.629727, 53.454296 ], [ -2.628965, 53.456595 ], [ -2.623001, 53.458454 ], [ -2.615146, 53.456165 ], [ -2.614132, 53.454975 ], [ -2.613691, 53.454214 ], [ -2.613692, 53.45413 ], [ -2.61418, 53.453294 ], [ -2.614169, 53.452951 ], [ -2.599441, 53.457429 ], [ -2.599731, 53.468944 ], [ -2.593064, 53.482365 ], [ -2.591438, 53.505481 ], [ -2.598946, 53.520919 ], [ -2.611596, 53.527462 ], [ -2.624109, 53.542039 ], [ -2.634019, 53.546533 ] ] } },
{ "type": "Feature", "properties": { "fid": 364, "route_id": "4963", "route_short_name": "11", "route_type": 3, "route_type_name": "Bus", "geometry_method": "osm_routed", "n_stops_covered": 149, "n_trips_observed": 45 }, "bbox": [ -2.348269, 53.373821, -2.153866, 53.408196 ], "geometry": { "type": "LineString", "coordinates": [ [ -2.348269, 53.387529 ], [ -2.347676, 53.39108 ], [ -2.329337, 53.391604 ], [ -2.318208, 53.397445 ], [ -2.31725, 53.392173 ], [ -2.306632, 53.390679 ], [ -2.306497, 53.394612 ], [ -2.312009, 53.396703 ], [ -2.309482, 53.400017 ], [ -2.294565, 53.400959 ], [ -2.289924, 53.393216 ], [ -2.296299, 53.389965 ], [ -2.285331, 53.392311 ], [ -2.283744, 53.386783 ], [ -2.288793, 53.3825 ], [ -2.287663, 53.379719 ], [ -2.279637, 53.382113 ], [ -2.274421, 53.380912 ], [ -2.279631, 53.376723 ], [ -2.27777, 53.374785 ], [ -2.260448, 53.373821 ], [ -2.258485, 53.376477 ], [ -2.268205, 53.380109 ], [ -2.260855, 53.384363 ], [ -2.260566, 53.38882 ], [ -2.242653, 53.387635 ], [ -2.235194, 53.392877 ], [ -2.204849, 53.395214 ], [ -2.193511, 53.4007 ], [ -2.182349, 53.398596 ], [ -2.16296, 53.403026 ], [ -2.153866, 53.401486 ], [ -2.154287, 53.405851 ], [ -2.164023, 53.408196 ] ] } },
{ "type": "Feature", "properties": { "fid": 365, "route_id": "49834", "route_short_name": "P6", "route_type": 3, "route_type_name": "Bus", "geometry_method": "mixed", "n_stops_covered": 73, "n_trips_observed": 1 }, "bbox": [ -2.613691, 53.379004, -2.516884, 53.498237 ], "geometry": { "type": "LineString", "coordinates": [ [ -2.586813, 53.379004 ], [ -2.592307, 53.383209 ], [ -2.589564, 53.387413 ], [ -2.591791, 53.387536 ], [ -2.587053, 53.389791 ], [ -2.593715, 53.391148 ], [ -2.59444, 53.399943 ], [ -2.592061, 53.399655 ], [ -2.593034, 53.398347 ], [ -2.59402, 53.398288 ], [ -2.592061, 53.399655 ], [ -2.594429, 53.399858 ], [ -2.59444, 53.399943 ], [ -2.594461, 53.400476 ], [ -2.594502, 53.402033 ], [ -2.594466, 53.404994 ], [ -2.594976, 53.407545 ], [ -2.595246, 53.4082 ], [ -2.594547, 53.407078 ], [ -2.598727, 53.418347 ], [ -2.597057, 53.428547 ], [ -2.610277, 53.442279 ], [ -2.613691, 53.454214 ], [ -2.587225, 53.461829 ], [ -2.587613, 53.464879 ], [ -2.587225, 53.461829 ], [ -2.572325, 53.464242 ], [ -2.552594, 53.476254 ], [ -2.540912, 53.477984 ], [ -2.534492, 53.483295 ], [ -2.525176, 53.485389 ], [ -2.523023, 53.486684 ], [ -2.522889, 53.489865 ], [ -2.521933, 53.490965 ], [ -2.519933, 53.494634 ], [ -2.519803, 53.494979 ], [ -2.519757, 53.495079 ], [ -2.516884, 53.494971 ], [ -2.536599, 53.498237 ], [ -2.559141, 53.494191 ], [ -2.556483, 53.493566 ], [ -2.565978, 53.489315 ], [ -2.567916, 53.481267 ], [ -2.581313, 53.475084 ], [ -2.593064, 53.482365 ], [ -2.598718, 53.470096 ] ] } },
{ "type": "Feature", "properties": { "fid": 366, "route_id": "49837", "route_short_name": "P5", "route_type": 3, "route_type_name": "Bus", "geometry_method": "mixed", "n_stops_covered": 55, "n_trips_observed": 1 }, "bbox": [ -2.58264, 53.377591, -2.401705, 53.456755 ], "geometry": { "type": "LineString", "coordinates": [ [ -2.58264, 53.377641 ], [ -2.570879, 53.377591 ], [ -2.570902, 53.38174 ], [ -2.560352, 53.38159 ], [ -2.566556, 53.389698 ], [ -2.563981, 53.393425 ], [ -2.565934, 53.397268 ], [ -2.508127, 53.398432 ], [ -2.484211, 53.402497 ], [ -2.456879, 53.412949 ], [ -2.456243, 53.41615 ], [ -2.44726, 53.417964 ], [ -2.440153, 53.422794 ], [ -2.439284, 53.423631 ], [ -2.438295, 53.424775 ], [ -2.437909, 53.42524 ], [ -2.444289, 53.429 ], [ -2.449333, 53.42956 ], [ -2.45014, 53.429525 ], [ -2.450304, 53.429488 ], [ -2.451265, 53.429258 ], [ -2.438899, 53.42408 ], [ -2.438295, 53.424775 ], [ -2.437909, 53.42524 ], [ -2.437177, 53.426141 ], [ -2.433301, 53.431404 ], [ -2.431944, 53.433895 ], [ -2.422799, 53.443108 ], [ -2.420886, 53.446944 ], [ -2.41463, 53.450711 ], [ -2.421947, 53.455077 ], [ -2.414507, 53.456342 ], [ -2.411801, 53.452011 ], [ -2.401705, 53.456755 ] ] } },
{ "type": "Feature", "properties": { "fid": 367, "route_id": "5250", "route_short_name": "42", "route_type": 3, "route_type_name": "Bus", "geometry_method": "osm_routed", "n_stops_covered": 90, "n_trips_observed": 39 }, "bbox": [ -2.242607, 53.406739, -2.164605, 53.479774 ], "geometry": { "type": "LineString", "coordinates": [ [ -2.164605, 53.408662 ], [ -2.173234, 53.406739 ], [ -2.177224, 53.409722 ], [ -2.175612, 53.411 ], [ -2.173886, 53.411022 ], [ -2.174628, 53.408509 ], [ -2.175169, 53.409475 ], [ -2.177224, 53.409722 ], [ -2.178613, 53.409851 ], [ -2.179517, 53.410081 ], [ -2.184855, 53.412002 ], [ -2.191089, 53.412723 ], [ -2.191833, 53.416148 ], [ -2.193276, 53.413443 ], [ -2.19201, 53.416209 ], [ -2.195444, 53.416665 ], [ -2.206981, 53.411356 ], [ -2.2306, 53.410708 ], [ -2.232428, 53.422496 ], [ -2.22916, 53.42651 ], [ -2.226189, 53.426847 ], [ -2.22916, 53.42651 ], [ -2.229155, 53.433126 ], [ -2.220056, 53.439913 ], [ -2.218107, 53.445005 ], [ -2.222074, 53.451432 ], [ -2.239533, 53.448397 ], [ -2.235757, 53.458042 ], [ -2.220436, 53.459436 ], [ -2.226113, 53.464237 ], [ -2.22953, 53.462318 ], [ -2.232471, 53.464974 ], [ -2.228454, 53.466288 ], [ -2.232239, 53.469508 ], [ -2.235547, 53.4684 ], [ -2.23244, 53.469675 ], [ -2.237168, 53.470188 ], [ -2.242607, 53.4762 ], [ -2.237431, 53.479288 ], [ -2.233877, 53.47773 ], [ -2.235527, 53.479774 ] ] } },
{ "type": "Feature", "properties": { "fid": 368, "route_id": "52941", "route_short_name": "125", "route_type": 3, "route_type_name": "Bus", "geometry_method": "mixed", "n_stops_covered": 50, "n_trips_observed": 7 }, "bbox": [ -2.23569, 53.541093, -2.194472, 53.592997 ], "geometry": { "type": "LineString", "coordinates": [ [ -2.219327, 53.592997 ], [ -2.213874, 53.591727 ], [ -2.209366, 53.585407 ], [ -2.224984, 53.56753 ], [ -2.204679, 53.564529 ], [ -2.203006, 53.560783 ], [ -2.195186, 53.557853 ], [ -2.196848, 53.550868 ], [ -2.194472, 53.548265 ], [ -2.23569, 53.541093 ] ] } },
{ "type": "Feature", "properties": { "fid": 369, "route_id": "535104", "route_short_name": "279", "route_type": 3, "route_type_name": "Bus", "geometry_method": "osm_routed", "n_stops_covered": 55, "n_trips_observed": 3 }, "bbox": [ -2.482938, 53.368367, -2.321135, 53.387529 ], "geometry": { "type": "LineString", "coordinates": [ [ -2.321135, 53.372371 ], [ -2.324772, 53.377066 ], [ -2.352322, 53.381961 ], [ -2.348269, 53.387529 ], [ -2.351278, 53.385428 ], [ -2.352073, 53.38447 ], [ -2.352365, 53.38363 ], [ -2.352322, 53.381961 ], [ -2.352454, 53.381008 ], [ -2.351875, 53.378796 ], [ -2.353495, 53.376932 ], [ -2.359461, 53.374934 ], [ -2.360583, 53.375104 ], [ -2.362804, 53.375719 ], [ -2.366784, 53.377467 ], [ -2.369453, 53.378093 ], [ -2.374691, 53.380135 ], [ -2.375049, 53.380099 ], [ -2.385864, 53.368527 ], [ -2.386639, 53.368367 ], [ -2.402965, 53.3721 ], [ -2.405414, 53.372794 ], [ -2.410471, 53.374642 ], [ -2.411839, 53.375041 ], [ -2.425999, 53.37466 ], [ -2.437976, 53.369552 ], [ -2.439662, 53.369215 ], [ -2.454784, 53.370988 ], [ -2.470023, 53.376449 ], [ -2.475566, 53.376884 ], [ -2.482938, 53.378979 ], [ -2.477654, 53.381234 ], [ -2.478024, 53.377595 ], [ -2.470023, 53.376449 ], [ -2.454784, 53.370988 ], [ -2.439662, 53.369215 ], [ -2.425999, 53.37466 ], [ -2.410471, 53.374642 ], [ -2.418121, 53.374796 ], [ -2.409452, 53.374178 ], [ -2.405414, 53.372794 ], [ -2.402965, 53.3721 ], [ -2.388762, 53.369087 ], [ -2.374895, 53.380256 ], [ -2.374691, 53.380135 ], [ -2.373554, 53.379584 ], [ -2.37225, 53.379055 ], [ -2.369453, 53.378093 ], [ -2.367004, 53.377544 ], [ -2.366784, 53.377467 ], [ -2.365057, 53.376591 ], [ -2.362804, 53.375719 ], [ -2.360583, 53.375104 ], [ -2.353495, 53.376932 ], [ -2.351875, 53.378796 ], [ -2.352454, 53.381008 ], [ -2.352365, 53.38363 ], [ -2.352073, 53.38447 ], [ -2.348269, 53.387529 ] ] } },
{ "type": "Feature", "properties": { "fid": 370, "route_id": "535336", "route_short_name": "341", "route_type": 3, "route_type_name": "Bus", "geometry_method": "mixed", "n_stops_covered": 157, "n_trips_observed": 8 }, "bbox": [ -2.078867, 53.432817, -1.948664, 53.455658 ], "geometry": { "type": "LineString", "coordinates": [ [ -1.948664, 53.44381 ], [ -1.96735, 53.444276 ], [ -1.970627, 53.440179 ], [ -1.967873, 53.437945 ], [ -1.970627, 53.440179 ], [ -1.96735, 53.444276 ], [ -1.97469, 53.447471 ], [ -1.980164, 53.445927 ], [ -1.985885, 53.4514 ], [ -1.991148, 53.44679 ], [ -1.988717, 53.444252 ], [ -1.990228, 53.445267 ], [ -1.988717, 53.444252 ], [ -1.986295, 53.444831 ], [ -1.985146, 53.445073 ], [ -1.983676, 53.444687 ], [ -1.985146, 53.445073 ], [ -1.986295, 53.444831 ], [ -1.988717, 53.444252 ], [ -1.983676, 53.444687 ], [ -1.993422, 53.432817 ], [ -2.000774, 53.439168 ], [ -2.010966, 53.440939 ], [ -2.019761, 53.441446 ], [ -2.020073, 53.441735 ], [ -2.011427, 53.455649 ], [ -2.010887, 53.453466 ], [ -2.010728, 53.455254 ], [ -2.011427, 53.455649 ], [ -2.012132, 53.455658 ], [ -2.018371, 53.451472 ], [ -2.040738, 53.451708 ], [ -2.040121, 53.446352 ], [ -2.02811, 53.448608 ], [ -2.023585, 53.445611 ], [ -2.048434, 53.43978 ], [ -2.060747, 53.443618 ], [ -2.062578, 53.441213 ], [ -2.067565, 53.441857 ], [ -2.061332, 53.443492 ], [ -2.071289, 53.446243 ], [ -2.067743, 53.44706 ], [ -2.066287, 53.44852 ], [ -2.071666, 53.451876 ], [ -2.078867, 53.452618 ] ] } },
{ "type": "Feature", "properties": { "fid": 371, "route_id": "535448", "route_short_name": "633", "route_type": 3, "route_type_name": "Bus", "geometry_method": "osm_routed", "n_stops_covered": 25, "n_trips_observed": 1 }, "bbox": [ -2.712275, 53.5241, -2.632766, 53.55405 ], "geometry": { "type": "LineString", "coordinates": [ [ -2.698891, 53.55405 ], [ -2.704452, 53.54853 ], [ -2.703093, 53.539822 ], [ -2.704445, 53.539833 ], [ -2.710018, 53.534391 ], [ -2.712275, 53.533337 ], [ -2.701864, 53.52642 ], [ -2.701027, 53.52508 ], [ -2.70098, 53.5241 ], [ -2.712275, 53.533337 ], [ -2.710129, 53.534473 ], [ -2.707174, 53.537797 ], [ -2.704445, 53.539833 ], [ -2.704188, 53.540003 ], [ -2.703093, 53.539822 ], [ -2.701972, 53.539612 ], [ -2.699337, 53.539091 ], [ -2.696375, 53.538585 ], [ -2.692726, 53.537742 ], [ -2.686357, 53.536803 ], [ -2.684228, 53.536321 ], [ -2.684293, 53.536011 ], [ -2.683919, 53.536191 ], [ -2.68475, 53.535715 ], [ -2.67004, 53.535754 ], [ -2.643312, 53.543043 ], [ -2.635322, 53.540924 ], [ -2.632766, 53.544785 ], [ -2.635117, 53.547391 ] ] } },
{ "type": "Feature", "properties": { "fid": 372, "route_id": "536045", "route_short_name": "950", "route_type": 3, "route_type_name": "Bus", "geometry_method": "osm_routed", "n_stops_covered": 35, "n_trips_observed": 2 }, "bbox": [ -2.638868, 53.48146, -2.545127, 53.533535 ], "geometry": { "type": "LineString", "coordinates": [ [ -2.545127, 53.523305 ], [ -2.581804, 53.533535 ], [ -2.584571, 53.528889 ], [ -2.597617, 53.524202 ], [ -2.597759, 53.516925 ], [ -2.616467, 53.500273 ], [ -2.638868, 53.486251 ], [ -2.637946, 53.48146 ] ] } },
{ "type": "Feature", "properties": { "fid": 373, "route_id": "536054", "route_short_name": "989", "route_type": 3, "route_type_name": "Bus", "geometry_method": "osm_routed", "n_stops_covered": 32, "n_trips_observed": 1 }, "bbox": [ -2.519803, 53.492097, -2.463525, 53.529841 ], "geometry": { "type": "LineString", "coordinates": [ [ -2.463525, 53.494738 ], [ -2.476809, 53.49259 ], [ -2.494626, 53.495213 ], [ -2.498793, 53.492097 ], [ -2.519803, 53.494979 ], [ -2.518457, 53.508138 ], [ -2.505477, 53.519697 ], [ -2.498582, 53.524023 ], [ -2.473181, 53.529841 ] ] } },
{ "type": "Feature", "properties": { "fid": 374, "route_id": "5404", "route_short_name": "230", "route_type": 3, "route_type_name": "Bus", "geometry_method": "mixed", "n_stops_covered": 99, "n_trips_observed": 22 }, "bbox": [ -2.235793, 53.47804, -2.09782, 53.500535 ], "geometry": { "type": "LineString", "coordinates": [ [ -2.09782, 53.49061 ], [ -2.104898, 53.496112 ], [ -2.104325, 53.498607 ], [ -2.121505, 53.500535 ], [ -2.134731, 53.49038 ], [ -2.132564, 53.488354 ], [ -2.141976, 53.483366 ], [ -2.148944, 53.488302 ], [ -2.157066, 53.489251 ], [ -2.145661, 53.47948 ], [ -2.186127, 53.4835 ], [ -2.204813, 53.480498 ], [ -2.212356, 53.483304 ], [ -2.218805, 53.47804 ], [ -2.232743, 53.484676 ], [ -2.235793, 53.481113 ] ] } },
{ "type": "Feature", "properties": { "fid": 375, "route_id": "54242", "route_short_name": "254", "route_type": 3, "route_type_name": "Bus", "geometry_method": "osm_routed", "n_stops_covered": 0, "n_trips_observed": 0 }, "bbox": [ -2.358175, 53.446368, -2.302009, 53.462058 ], "geometry": { "type": "LineString", "coordinates": [ [ -2.310455, 53.446417 ], [ -2.314039, 53.446368 ], [ -2.314879, 53.450452 ], [ -2.310311, 53.450223 ], [ -2.310317, 53.450954 ], [ -2.310332, 53.45147 ], [ -2.315862, 53.452073 ], [ -2.314879, 53.450452 ], [ -2.318637, 53.45055 ], [ -2.327755, 53.451609 ], [ -2.332208, 53.448841 ], [ -2.335596, 53.449008 ], [ -2.340152, 53.449072 ], [ -2.352917, 53.448074 ], [ -2.35451, 53.452344 ], [ -2.345743, 53.449678 ], [ -2.339145, 53.452336 ], [ -2.336785, 53.456249 ], [ -2.342728, 53.457333 ], [ -2.344302, 53.459901 ], [ -2.358175, 53.460448 ], [ -2.357944, 53.462058 ], [ -2.347254, 53.461669 ], [ -2.336785, 53.456249 ], [ -2.339145, 53.452336 ], [ -2.35451, 53.452344 ], [ -2.352917, 53.448074 ], [ -2.332208, 53.448841 ], [ -2.327755, 53.451609 ], [ -2.317976, 53.450653 ], [ -2.315905, 53.450504 ], [ -2.314879, 53.450452 ], [ -2.310311, 53.450223 ], [ -2.310317, 53.450954 ], [ -2.310332, 53.45147 ], [ -2.310358, 53.452058 ], [ -2.302009, 53.45075 ], [ -2.310455, 53.446417 ] ] } },
{ "type": "Feature", "properties": { "fid": 376, "route_id": "54517", "route_short_name": "759", "route_type": 3, "route_type_name": "Bus", "geometry_method": "osm_routed", "n_stops_covered": 94, "n_trips_observed": 2 }, "bbox": [ -2.363548, 53.381489, -2.307285, 53.431259 ], "geometry": { "type": "LineString", "coordinates": [ [ -2.307285, 53.400209 ], [ -2.325088, 53.417368 ], [ -2.331873, 53.419642 ], [ -2.318981, 53.431152 ], [ -2.332926, 53.431259 ], [ -2.337076, 53.426306 ], [ -2.342843, 53.428043 ], [ -2.359069, 53.420614 ], [ -2.361569, 53.418489 ], [ -2.36003, 53.411846 ], [ -2.353238, 53.413721 ], [ -2.34117, 53.41149 ], [ -2.349279, 53.404604 ], [ -2.360284, 53.406315 ], [ -2.363548, 53.40501 ], [ -2.351258, 53.400816 ], [ -2.352262, 53.395172 ], [ -2.346646, 53.389572 ], [ -2.35223, 53.384084 ], [ -2.361419, 53.381489 ], [ -2.361927, 53.386746 ], [ -2.358322, 53.388712 ] ] } },
{ "type": "Feature", "properties": { "fid": 377, "route_id": "54829", "route_short_name": "851", "route_type": 3, "route_type_name": "Bus", "geometry_method": "osm_routed", "n_stops_covered": 0, "n_trips_observed": 0 }, "bbox": [ -2.115266, 53.47549, -2.081469, 53.503923 ], "geometry": { "type": "LineString", "coordinates": [ [ -2.081469, 53.503923 ], [ -2.104325, 53.498607 ], [ -2.103671, 53.494812 ], [ -2.11067, 53.492903 ], [ -2.103851, 53.484916 ], [ -2.106125, 53.482262 ], [ -2.101336, 53.483568 ], [ -2.115266, 53.47549 ] ] } },
{ "type": "Feature", "properties": { "fid": 378, "route_id": "54886", "route_short_name": "785", "route_type": 3, "route_type_name": "Bus", "geometry_method": "osm_routed", "n_stops_covered": 22, "n_trips_observed": 1 }, "bbox": [ -2.339958, 53.449035, -2.258977, 53.467714 ], "geometry": { "type": "LineString", "coordinates": [ [ -2.339083, 53.449035 ], [ -2.339958, 53.452346 ], [ -2.322912, 53.453734 ], [ -2.310311, 53.450223 ], [ -2.302009, 53.45075 ], [ -2.297794, 53.455126 ], [ -2.296113, 53.454074 ], [ -2.289488, 53.454774 ], [ -2.291338, 53.456239 ], [ -2.286276, 53.452685 ], [ -2.273984, 53.454918 ], [ -2.274856, 53.457324 ], [ -2.26564, 53.464193 ], [ -2.266995, 53.465921 ], [ -2.258977, 53.467714 ] ] } },
{ "type": "Feature", "properties": { "fid": 379, "route_id": "55036", "route_short_name": "850", "route_type": 3, "route_type_name": "Bus", "geometry_method": "osm_routed", "n_stops_covered": 37, "n_trips_observed": 1 }, "bbox": [ -2.140258, 53.608923, -2.104304, 53.650438 ], "geometry": { "type": "LineString", "coordinates": [ [ -2.104304, 53.608923 ], [ -2.113282, 53.615694 ], [ -2.11027, 53.61682 ], [ -2.106115, 53.631411 ], [ -2.114194, 53.633389 ], [ -2.118907, 53.638309 ], [ -2.122879, 53.637118 ], [ -2.132874, 53.646285 ], [ -2.13472, 53.650438 ], [ -2.132874, 53.646285 ], [ -2.136995, 53.638316 ], [ -2.133783, 53.633544 ], [ -2.140258, 53.62903 ], [ -2.133543, 53.622907 ], [ -2.137761, 53.622569 ], [ -2.129013, 53.619031 ] ] } },
{ "type": "Feature", "properties": { "fid": 380, "route_id": "55386", "route_short_name": "998", "route_type": 3, "route_type_name": "Bus", "geometry_method": "osm_routed", "n_stops_covered": 28, "n_trips_observed": 1 }, "bbox": [ -2.366028, 53.475214, -2.276083, 53.491943 ], "geometry": { "type": "LineString", "coordinates": [ [ -2.277101, 53.475214 ], [ -2.276083, 53.477563 ], [ -2.27872, 53.478225 ], [ -2.309062, 53.482471 ], [ -2.308216, 53.488363 ], [ -2.311894, 53.491943 ], [ -2.337668, 53.488073 ], [ -2.340567, 53.483434 ], [ -2.366028, 53.478266 ], [ -2.365859, 53.484234 ] ] } },
{ "type": "Feature", "properties": { "fid": 381, "route_id": "5552", "route_short_name": "101", "route_type": 3, "route_type_name": "Bus", "geometry_method": "mixed", "n_stops_covered": 95, "n_trips_observed": 59 }, "bbox": [ -2.296299, 53.373821, -2.233877, 53.479774 ], "geometry": { "type": "LineString", "coordinates": [ [ -2.264493, 53.378506 ], [ -2.258425, 53.376576 ], [ -2.260448, 53.373821 ], [ -2.277018, 53.374489 ], [ -2.278841, 53.37808 ], [ -2.274421, 53.380912 ], [ -2.272717, 53.381024 ], [ -2.288807, 53.380911 ], [ -2.283744, 53.386783 ], [ -2.285331, 53.392311 ], [ -2.28854, 53.390793 ], [ -2.296299, 53.389965 ], [ -2.286279, 53.392205 ], [ -2.288088, 53.396493 ], [ -2.278389, 53.396424 ], [ -2.277735, 53.400761 ], [ -2.269594, 53.399645 ], [ -2.267702, 53.404232 ], [ -2.268086, 53.406667 ], [ -2.267994, 53.407089 ], [ -2.26672, 53.41176 ], [ -2.273664, 53.411705 ], [ -2.267994, 53.407089 ], [ -2.266647, 53.410992 ], [ -2.257536, 53.423616 ], [ -2.256913, 53.425277 ], [ -2.265278, 53.42491 ], [ -2.25999, 53.420219 ], [ -2.257536, 53.423616 ], [ -2.256921, 53.424263 ], [ -2.255806, 53.423006 ], [ -2.255879, 53.425163 ], [ -2.250766, 53.430797 ], [ -2.245434, 53.435814 ], [ -2.250663, 53.430683 ], [ -2.245434, 53.435814 ], [ -2.247431, 53.433618 ], [ -2.241063, 53.433103 ], [ -2.245434, 53.435814 ], [ -2.244525, 53.44628 ], [ -2.244355, 53.446284 ], [ -2.241861, 53.446339 ], [ -2.241982, 53.44834 ], [ -2.244525, 53.44628 ], [ -2.245107, 53.461836 ], [ -2.239235, 53.463658 ], [ -2.243963, 53.473941 ], [ -2.237431, 53.479288 ], [ -2.233877, 53.47773 ], [ -2.235527, 53.479774 ] ] } },
{ "type": "Feature", "properties": { "fid": 382, "route_id": "55592", "route_short_name": "733", "route_type": 3, "route_type_name": "Bus", "geometry_method": "osm_routed", "n_stops_covered": 55, "n_trips_observed": 1 }, "bbox": [ -2.252438, 53.443128, -2.193576, 53.514641 ], "geometry": { "type": "LineString", "coordinates": [ [ -2.24548, 53.443128 ], [ -2.251639, 53.443344 ], [ -2.252438, 53.455159 ], [ -2.23191, 53.452698 ], [ -2.2302, 53.449389 ], [ -2.199931, 53.456509 ], [ -2.217253, 53.466731 ], [ -2.19432, 53.46929 ], [ -2.193576, 53.478083 ], [ -2.201423, 53.48973 ], [ -2.208703, 53.493881 ], [ -2.212034, 53.491727 ], [ -2.210654, 53.494799 ], [ -2.215804, 53.494042 ], [ -2.211383, 53.49555 ], [ -2.214095, 53.500512 ], [ -2.236233, 53.50007 ], [ -2.235928, 53.504751 ], [ -2.247358, 53.514641 ] ] } },
{ "type": "Feature", "properties": { "fid": 383, "route_id": "5602", "route_short_name": "84", "route_type": 3, "route_type_name": "Bus", "geometry_method": "osm_routed", "n_stops_covered": 135, "n_trips_observed": 78 }, "bbox": [ -2.236644, 53.481857, -2.004898, 53.550661 ], "geometry": { "type": "LineString", "coordinates": [ [ -2.236644, 53.481857 ], [ -2.231675, 53.484102 ], [ -2.234193, 53.486067 ], [ -2.228582, 53.486574 ], [ -2.212897, 53.493803 ], [ -2.215804, 53.494042 ], [ -2.166269, 53.50696 ], [ -2.145436, 53.518764 ], [ -2.117515, 53.525415 ], [ -2.114073, 53.531857 ], [ -2.119045, 53.543286 ], [ -2.116382, 53.544228 ], [ -2.097075, 53.542827 ], [ -2.078886, 53.537212 ], [ -2.018648, 53.537714 ], [ -2.0132, 53.539232 ], [ -2.004898, 53.550661 ] ] } },
{ "type": "Feature", "properties": { "fid": 384, "route_id": "563550", "route_short_name": "358", "route_type": 3, "route_type_name": "Bus", "geometry_method": "mixed", "n_stops_covered": 108, "n_trips_observed": 17 }, "bbox": [ -2.164023, 53.359601, -1.946814, 53.408196 ], "geometry": { "type": "LineString", "coordinates": [ [ -1.946814, 53.379477 ], [ -1.987428, 53.379035 ], [ -1.989762, 53.373952 ], [ -1.989533, 53.373392 ], [ -1.98739, 53.372431 ], [ -1.985917, 53.372686 ], [ -1.989533, 53.373392 ], [ -1.987502, 53.370908 ], [ -1.99057, 53.366159 ], [ -2.008585, 53.359601 ], [ -2.000318, 53.363167 ], [ -2.001917, 53.365611 ], [ -2.009979, 53.364158 ], [ -2.008031, 53.365444 ], [ -2.022113, 53.368282 ], [ -2.025962, 53.363113 ], [ -2.037167, 53.360506 ], [ -2.037414, 53.371137 ], [ -2.041852, 53.373707 ], [ -2.039819, 53.376818 ], [ -2.0529, 53.380946 ], [ -2.052524, 53.387 ], [ -2.059826, 53.394956 ], [ -2.103723, 53.394356 ], [ -2.130193, 53.401203 ], [ -2.156068, 53.401122 ], [ -2.164023, 53.408196 ] ] } },
{ "type": "Feature", "properties": { "fid": 385, "route_id": "563764", "route_short_name": "953", "route_type": 3, "route_type_name": "Bus", "geometry_method": "osm_routed", "n_stops_covered": 22, "n_trips_observed": 1 }, "bbox": [ -2.673926, 53.482264, -2.638179, 53.522875 ], "geometry": { "type": "LineString", "coordinates": [ [ -2.638179, 53.482264 ], [ -2.638407, 53.488731 ], [ -2.651571, 53.503803 ], [ -2.649457, 53.509512 ], [ -2.651587, 53.507904 ], [ -2.652802, 53.522404 ], [ -2.656216, 53.521893 ], [ -2.656957, 53.522875 ], [ -2.659678, 53.522464 ], [ -2.661271, 53.522735 ], [ -2.659492, 53.521498 ], [ -2.666157, 53.520588 ], [ -2.665448, 53.516593 ], [ -2.670285, 53.515841 ], [ -2.673926, 53.518062 ], [ -2.672255, 53.522819 ] ] } },
{ "type": "Feature", "properties": { "fid": 386, "route_id": "58386", "route_short_name": "SMT", "route_type": 3, "route_type_name": "Bus", "geometry_method": "osm_routed", "n_stops_covered": 0, "n_trips_observed": 0 }, "bbox": [ -2.302837, 53.464589, -2.234599, 53.48692 ], "geometry": { "type": "LineString", "coordinates": [ [ -2.245779, 53.476055 ], [ -2.239115, 53.48327 ], [ -2.234599, 53.481972 ], [ -2.244439, 53.48692 ], [ -2.25737, 53.483288 ], [ -2.275551, 53.485295 ], [ -2.283176, 53.47679 ], [ -2.295211, 53.471476 ], [ -2.282458, 53.471217 ], [ -2.282657, 53.47118 ], [ -2.282458, 53.471217 ], [ -2.283239, 53.46831 ], [ -2.283935, 53.464978 ], [ -2.284173, 53.464616 ], [ -2.284943, 53.464589 ], [ -2.28931, 53.465699 ], [ -2.289862, 53.465842 ], [ -2.302837, 53.469986 ], [ -2.284943, 53.464589 ], [ -2.283294, 53.468283 ], [ -2.283239, 53.46831 ], [ -2.283103, 53.46833 ], [ -2.279973, 53.468003 ], [ -2.277885, 53.468328 ], [ -2.265177, 53.476033 ], [ -2.245779, 53.476055 ] ] } },
{ "type": "Feature", "properties": { "fid": 387, "route_id": "58864", "route_short_name": "320", "route_type": 3, "route_type_name": "Bus", "geometry_method": "osm_routed", "n_stops_covered": 118, "n_trips_observed": 50 }, "bbox": [ -2.740404, 53.44792, -2.597759, 53.549527 ], "geometry": { "type": "LineString", "coordinates": [ [ -2.738476, 53.451343 ], [ -2.740404, 53.450734 ], [ -2.732782, 53.44792 ], [ -2.725662, 53.452922 ], [ -2.724751, 53.453061 ], [ -2.723253, 53.453036 ], [ -2.723104, 53.453039 ], [ -2.721862, 53.451369 ], [ -2.723153, 53.453227 ], [ -2.708761, 53.458384 ], [ -2.704202, 53.463008 ], [ -2.688073, 53.468184 ], [ -2.66525, 53.465559 ], [ -2.6368, 53.475352 ], [ -2.639503, 53.486265 ], [ -2.616467, 53.500273 ], [ -2.597759, 53.516925 ], [ -2.599444, 53.521382 ], [ -2.611596, 53.527462 ], [ -2.617366, 53.535885 ], [ -2.62192, 53.537323 ], [ -2.625752, 53.546138 ], [ -2.632149, 53.549527 ], [ -2.637152, 53.547503 ], [ -2.635117, 53.547391 ] ] } },
{ "type": "Feature", "properties": { "fid": 388, "route_id": "58936", "route_short_name": "199", "route_type": 3, "route_type_name": "Bus", "geometry_method": "mixed", "n_stops_covered": 185, "n_trips_observed": 28 }, "bbox": [ -2.275677, 53.256288, -1.884431, 53.41034 ], "geometry": { "type": "LineString", "coordinates": [ [ -1.914155, 53.256288 ], [ -1.913941, 53.260331 ], [ -1.906467, 53.259215 ], [ -1.903384, 53.262405 ], [ -1.898963, 53.257344 ], [ -1.895533, 53.257314 ], [ -1.896898, 53.262368 ], [ -1.903384, 53.262405 ], [ -1.899123, 53.264621 ], [ -1.890861, 53.278599 ], [ -1.884431, 53.306422 ], [ -1.898946, 53.323856 ], [ -1.911549, 53.327897 ], [ -1.913052, 53.324127 ], [ -1.939378, 53.316523 ], [ -1.978724, 53.319125 ], [ -1.968797, 53.31869 ], [ -1.985556, 53.322622 ], [ -1.982977, 53.322755 ], [ -1.981011, 53.338657 ], [ -1.9844, 53.340763 ], [ -1.985721, 53.343406 ], [ -1.989751, 53.348519 ], [ -1.991256, 53.347087 ], [ -1.990247, 53.346722 ], [ -1.988725, 53.346591 ], [ -1.991256, 53.347087 ], [ -1.990976, 53.349175 ], [ -1.98684, 53.350143 ], [ -1.989921, 53.350617 ], [ -1.994583, 53.351332 ], [ -1.98684, 53.350143 ], [ -1.989843, 53.34856 ], [ -1.990976, 53.349175 ], [ -2.00533, 53.35795 ], [ -2.005378, 53.358497 ], [ -2.044314, 53.357984 ], [ -2.04189, 53.359948 ], [ -2.039578, 53.358777 ], [ -2.053978, 53.357954 ], [ -2.054332, 53.357625 ], [ -2.065338, 53.363763 ], [ -2.073012, 53.364398 ], [ -2.071319, 53.362902 ], [ -2.075494, 53.36351 ], [ -2.071319, 53.362902 ], [ -2.071325, 53.364246 ], [ -2.073012, 53.364398 ], [ -2.087259, 53.367339 ], [ -2.094055, 53.367559 ], [ -2.106043, 53.372399 ], [ -2.105978, 53.372157 ], [ -2.103817, 53.370305 ], [ -2.149161, 53.39443 ], [ -2.165014, 53.409919 ], [ -2.172025, 53.41034 ], [ -2.174892, 53.406341 ], [ -2.204849, 53.395214 ], [ -2.234934, 53.392887 ], [ -2.256118, 53.382303 ], [ -2.260448, 53.373821 ], [ -2.27136, 53.374447 ], [ -2.275677, 53.367717 ], [ -2.273216, 53.365923 ] ] } },
{ "type": "Feature", "properties": { "fid": 389, "route_id": "59203", "route_short_name": "28", "route_type": 3, "route_type_name": "Bus", "geometry_method": "osm_routed", "n_stops_covered": 120, "n_trips_observed": 9 }, "bbox": [ -2.602302, 53.38613, -2.492677, 53.49488 ], "geometry": { "type": "LineString", "coordinates": [ [ -2.594867, 53.391731 ], [ -2.602302, 53.3921 ], [ -2.597953, 53.39147 ], [ -2.593798, 53.387821 ], [ -2.595479, 53.38613 ], [ -2.591364, 53.386198 ], [ -2.586896, 53.390075 ], [ -2.582978, 53.390512 ], [ -2.581816, 53.389635 ], [ -2.580214, 53.389929 ], [ -2.582978, 53.390512 ], [ -2.555903, 53.407797 ], [ -2.540273, 53.411323 ], [ -2.544065, 53.413807 ], [ -2.529705, 53.421304 ], [ -2.523124, 53.418514 ], [ -2.529568, 53.415034 ], [ -2.53163, 53.414408 ], [ -2.533396, 53.414967 ], [ -2.534815, 53.414352 ], [ -2.525489, 53.413166 ], [ -2.521737, 53.416463 ], [ -2.523345, 53.418883 ], [ -2.524954, 53.420091 ], [ -2.522617, 53.420578 ], [ -2.525575, 53.420197 ], [ -2.521802, 53.421394 ], [ -2.523797, 53.427114 ], [ -2.534638, 53.420796 ], [ -2.540411, 53.4232 ], [ -2.527366, 53.430197 ], [ -2.52125, 53.450735 ], [ -2.492677, 53.461655 ], [ -2.500658, 53.48046 ], [ -2.499524, 53.492244 ], [ -2.518106, 53.49488 ] ] } },
{ "type": "Feature", "properties": { "fid": 390, "route_id": "59250", "route_short_name": "602", "route_type": 3, "route_type_name": "Bus", "geometry_method": "osm_routed", "n_stops_covered": 61, "n_trips_observed": 10 }, "bbox": [ -2.66425, 53.443348, -2.627633, 53.487721 ], "geometry": { "type": "LineString", "coordinates": [ [ -2.636529, 53.487721 ], [ -2.66425, 53.483039 ], [ -2.656183, 53.474975 ], [ -2.663592, 53.470182 ], [ -2.648182, 53.471196 ], [ -2.643384, 53.461029 ], [ -2.647705, 53.456271 ], [ -2.646642, 53.454552 ], [ -2.632611, 53.452422 ], [ -2.627633, 53.448531 ], [ -2.628372, 53.443348 ], [ -2.635614, 53.445272 ] ] } },
{ "type": "Feature", "properties": { "fid": 391, "route_id": "59256", "route_short_name": "394", "route_type": 3, "route_type_name": "Bus", "geometry_method": "mixed", "n_stops_covered": 129, "n_trips_observed": 3 }, "bbox": [ -2.131252, 53.365841, -1.948664, 53.450412 ], "geometry": { "type": "LineString", "coordinates": [ [ -2.131252, 53.385207 ], [ -2.125354, 53.384348 ], [ -2.102871, 53.368898 ], [ -2.106043, 53.372399 ], [ -2.077819, 53.365841 ], [ -2.074632, 53.374327 ], [ -2.062412, 53.381166 ], [ -2.06889, 53.389568 ], [ -2.064748, 53.394725 ], [ -2.058567, 53.395531 ], [ -2.052517, 53.406427 ], [ -2.033584, 53.41162 ], [ -2.030311, 53.42105 ], [ -2.017389, 53.430134 ], [ -2.015645, 53.425914 ], [ -2.01975, 53.42563 ], [ -2.005319, 53.426315 ], [ -1.997218, 53.429288 ], [ -1.983676, 53.444687 ], [ -1.985146, 53.445073 ], [ -1.986295, 53.444831 ], [ -1.988717, 53.444252 ], [ -1.987903, 53.441702 ], [ -1.986295, 53.444831 ], [ -1.983676, 53.444687 ], [ -1.980632, 53.445754 ], [ -1.980932, 53.448544 ], [ -1.988452, 53.450412 ], [ -1.991148, 53.44679 ], [ -1.988717, 53.444252 ], [ -1.990228, 53.445267 ], [ -1.988717, 53.444252 ], [ -1.986295, 53.444831 ], [ -1.985146, 53.445073 ], [ -1.983676, 53.444687 ], [ -1.97469, 53.447471 ], [ -1.96735, 53.444276 ], [ -1.948664, 53.44381 ] ] } },
{ "type": "Feature", "properties": { "fid": 392, "route_id": "6005", "route_short_name": "23", "route_type": 3, "route_type_name": "Bus", "geometry_method": "mixed", "n_stops_covered": 108, "n_trips_observed": 42 }, "bbox": [ -2.358224, 53.406739, -2.164605, 53.46774 ], "geometry": { "type": "LineString", "coordinates": [ [ -2.164605, 53.408662 ], [ -2.173234, 53.406739 ], [ -2.177224, 53.409722 ], [ -2.175612, 53.411 ], [ -2.173886, 53.411022 ], [ -2.174628, 53.408509 ], [ -2.175169, 53.409475 ], [ -2.177224, 53.409722 ], [ -2.178613, 53.409851 ], [ -2.179517, 53.410081 ], [ -2.184855, 53.412002 ], [ -2.191089, 53.412723 ], [ -2.191833, 53.416148 ], [ -2.193276, 53.413443 ], [ -2.19201, 53.416209 ], [ -2.195444, 53.416665 ], [ -2.206981, 53.411356 ], [ -2.229464, 53.410322 ], [ -2.231555, 53.417609 ], [ -2.261911, 53.427813 ], [ -2.266254, 53.42655 ], [ -2.263721, 53.428359 ], [ -2.269654, 53.430366 ], [ -2.276245, 53.441439 ], [ -2.302473, 53.445361 ], [ -2.300378, 53.446893 ], [ -2.351808, 53.445669 ], [ -2.358224, 53.460092 ], [ -2.356216, 53.466522 ], [ -2.35179, 53.46774 ] ] } },
{ "type": "Feature", "properties": { "fid": 393, "route_id": "60463", "route_short_name": "741", "route_type": 3, "route_type_name": "Bus", "geometry_method": "osm_routed", "n_stops_covered": 20, "n_trips_observed": 1 }, "bbox": [ -2.367546, 53.361528, -2.239429, 53.539122 ], "geometry": { "type": "LineString", "coordinates": [ [ -2.245909, 53.514039 ], [ -2.241081, 53.516032 ], [ -2.248722, 53.518346 ], [ -2.249014, 53.524001 ], [ -2.244197, 53.528509 ], [ -2.246627, 53.528785 ], [ -2.246645, 53.528905 ], [ -2.246551, 53.529129 ], [ -2.246399, 53.529478 ], [ -2.246167, 53.529969 ], [ -2.244739, 53.532869 ], [ -2.246551, 53.529129 ], [ -2.244448, 53.533097 ], [ -2.240694, 53.533217 ], [ -2.239732, 53.536099 ], [ -2.240694, 53.533217 ], [ -2.243861, 53.532934 ], [ -2.244448, 53.533097 ], [ -2.244543, 53.533345 ], [ -2.239429, 53.539122 ], [ -2.24424, 53.533598 ], [ -2.244448, 53.533097 ], [ -2.244602, 53.532763 ], [ -2.246472, 53.528935 ], [ -2.246627, 53.528785 ], [ -2.249014, 53.524001 ], [ -2.253185, 53.503425 ], [ -2.259571, 53.499232 ], [ -2.257573, 53.482535 ], [ -2.247469, 53.475139 ], [ -2.245997, 53.470477 ], [ -2.243972, 53.438539 ], [ -2.261659, 53.418058 ], [ -2.26656, 53.410379 ], [ -2.268832, 53.39594 ], [ -2.281525, 53.378307 ], [ -2.290672, 53.37173 ], [ -2.294325, 53.361528 ], [ -2.325632, 53.37617 ], [ -2.339132, 53.370506 ], [ -2.367546, 53.377656 ] ] } },
{ "type": "Feature", "properties": { "fid": 394, "route_id": "6054", "route_short_name": "25", "route_type": 3, "route_type_name": "Bus", "geometry_method": "mixed", "n_stops_covered": 120, "n_trips_observed": 28 }, "bbox": [ -2.357476, 53.408196, -2.164023, 53.46857 ], "geometry": { "type": "LineString", "coordinates": [ [ -2.352077, 53.468516 ], [ -2.352657, 53.46857 ], [ -2.353232, 53.468066 ], [ -2.354438, 53.467793 ], [ -2.356419, 53.464758 ], [ -2.357146, 53.464895 ], [ -2.355497, 53.46731 ], [ -2.353464, 53.468562 ], [ -2.353232, 53.468066 ], [ -2.354438, 53.467793 ], [ -2.356124, 53.466288 ], [ -2.356419, 53.464758 ], [ -2.356333, 53.464677 ], [ -2.357476, 53.462935 ], [ -2.357198, 53.457888 ], [ -2.338806, 53.458567 ], [ -2.310455, 53.446417 ], [ -2.313845, 53.445711 ], [ -2.277215, 53.442507 ], [ -2.270453, 53.43261 ], [ -2.264957, 53.434592 ], [ -2.270281, 53.432488 ], [ -2.262115, 53.434904 ], [ -2.251457, 53.440771 ], [ -2.255025, 53.43969 ], [ -2.251457, 53.440771 ], [ -2.238009, 53.43997 ], [ -2.199307, 53.432453 ], [ -2.202862, 53.427279 ], [ -2.198062, 53.421371 ], [ -2.187774, 53.419559 ], [ -2.185423, 53.422077 ], [ -2.170717, 53.418152 ], [ -2.165583, 53.411469 ], [ -2.168095, 53.410511 ], [ -2.164023, 53.408196 ] ] } },
{ "type": "Feature", "properties": { "fid": 395, "route_id": "60909", "route_short_name": "954", "route_type": 3, "route_type_name": "Bus", "geometry_method": "mixed", "n_stops_covered": 33, "n_trips_observed": 2 }, "bbox": [ -2.637946, 53.469819, -2.545714, 53.516302 ], "geometry": { "type": "LineString", "coordinates": [ [ -2.637946, 53.48146 ], [ -2.632374, 53.471485 ], [ -2.5992, 53.469819 ], [ -2.593064, 53.482365 ], [ -2.591438, 53.505481 ], [ -2.597455, 53.516302 ], [ -2.561071, 53.512246 ], [ -2.545714, 53.513591 ] ] } },
{ "type": "Feature", "properties": { "fid": 396, "route_id": "62379", "route_short_name": "837", "route_type": 3, "route_type_name": "Bus", "geometry_method": "osm_routed", "n_stops_covered": 26, "n_trips_observed": 1 }, "bbox": [ -2.15452, 53.544051, -2.090609, 53.583352 ], "geometry": { "type": "LineString", "coordinates": [ [ -2.090609, 53.583352 ], [ -2.093519, 53.57546 ], [ -2.097053, 53.574684 ], [ -2.097954, 53.572832 ], [ -2.10085, 53.572399 ], [ -2.118039, 53.562366 ], [ -2.118943, 53.561698 ], [ -2.120233, 53.560941 ], [ -2.120189, 53.561086 ], [ -2.118657, 53.561928 ], [ -2.118943, 53.561698 ], [ -2.120039, 53.561044 ], [ -2.120511, 53.559952 ], [ -2.120368, 53.553201 ], [ -2.117765, 53.550347 ], [ -2.127523, 53.547079 ], [ -2.128636, 53.544051 ], [ -2.146, 53.546171 ], [ -2.141604, 53.554968 ], [ -2.15452, 53.555132 ] ] } },
{ "type": "Feature", "properties": { "fid": 397, "route_id": "62691", "route_short_name": "955", "route_type": 3, "route_type_name": "Bus", "geometry_method": "osm_routed", "n_stops_covered": 26, "n_trips_observed": 1 }, "bbox": [ -2.713009, 53.570523, -2.641019, 53.590143 ], "geometry": { "type": "LineString", "coordinates": [ [ -2.686091, 53.578778 ], [ -2.694888, 53.570523 ], [ -2.708433, 53.573428 ], [ -2.713009, 53.581415 ], [ -2.696355, 53.590143 ], [ -2.682025, 53.588853 ], [ -2.656044, 53.583936 ], [ -2.655311, 53.579893 ], [ -2.644518, 53.577028 ], [ -2.645191, 53.574641 ], [ -2.641019, 53.572701 ] ] } },
{ "type": "Feature", "properties": { "fid": 398, "route_id": "63212", "route_short_name": "706", "route_type": 3, "route_type_name": "Bus", "geometry_method": "osm_routed", "n_stops_covered": 35, "n_trips_observed": 1 }, "bbox": [ -2.193633, 53.443427, -2.153915, 53.466769 ], "geometry": { "type": "LineString", "coordinates": [ [ -2.153915, 53.466769 ], [ -2.176284, 53.46253 ], [ -2.176287, 53.461773 ], [ -2.162933, 53.459247 ], [ -2.162324, 53.45905 ], [ -2.160191, 53.458197 ], [ -2.157827, 53.45403 ], [ -2.162324, 53.45905 ], [ -2.175035, 53.461443 ], [ -2.168784, 53.452773 ], [ -2.181046, 53.453724 ], [ -2.179458, 53.449152 ], [ -2.178657, 53.449261 ], [ -2.18307, 53.443427 ], [ -2.193633, 53.444025 ] ] } },
{ "type": "Feature", "properties": { "fid": 399, "route_id": "63214", "route_short_name": "845", "route_type": 3, "route_type_name": "Bus", "geometry_method": "osm_routed", "n_stops_covered": 21, "n_trips_observed": 1 }, "bbox": [ -2.154939, 53.394106, -2.094607, 53.414596 ], "geometry": { "type": "LineString", "coordinates": [ [ -2.105358, 53.414596 ], [ -2.105918, 53.411147 ], [ -2.098707, 53.40986 ], [ -2.094607, 53.395652 ], [ -2.096735, 53.394106 ], [ -2.122794, 53.398073 ], [ -2.138672, 53.404947 ], [ -2.141023, 53.410542 ], [ -2.154939, 53.40923 ] ] } },
{ "type": "Feature", "properties": { "fid": 400, "route_id": "63217", "route_short_name": "771", "route_type": 3, "route_type_name": "Bus", "geometry_method": "mixed", "n_stops_covered": 35, "n_trips_observed": 1 }, "bbox": [ -2.18571, 53.478795, -2.07774, 53.509604 ], "geometry": { "type": "LineString", "coordinates": [ [ -2.18571, 53.483462 ], [ -2.164752, 53.486538 ], [ -2.161633, 53.48117 ], [ -2.156816, 53.479696 ], [ -2.126743, 53.478795 ], [ -2.097026, 53.488735 ], [ -2.09243, 53.493193 ], [ -2.092341, 53.507079 ], [ -2.07774, 53.509604 ] ] } },
{ "type": "Feature", "properties": { "fid": 401, "route_id": "63357", "route_short_name": "778", "route_type": 3, "route_type_name": "Bus", "geometry_method": "osm_routed", "n_stops_covered": 28, "n_trips_observed": 1 }, "bbox": [ -2.323475, 53.414017, -2.259246, 53.458239 ], "geometry": { "type": "LineString", "coordinates": [ [ -2.303084, 53.414592 ], [ -2.308033, 53.414017 ], [ -2.312227, 53.422548 ], [ -2.323475, 53.427248 ], [ -2.318681, 53.430015 ], [ -2.312538, 53.441185 ], [ -2.314879, 53.450452 ], [ -2.302009, 53.45075 ], [ -2.297794, 53.455126 ], [ -2.296113, 53.454074 ], [ -2.289488, 53.454774 ], [ -2.291338, 53.456239 ], [ -2.286276, 53.452685 ], [ -2.259246, 53.458239 ] ] } },
{ "type": "Feature", "properties": { "fid": 402, "route_id": "63361", "route_short_name": "766", "route_type": 3, "route_type_name": "Bus", "geometry_method": "osm_routed", "n_stops_covered": 0, "n_trips_observed": 0 }, "bbox": [ -2.393556, 53.361528, -2.256846, 53.457147 ], "geometry": { "type": "LineString", "coordinates": [ [ -2.358935, 53.457147 ], [ -2.393556, 53.456156 ], [ -2.391223, 53.448092 ], [ -2.381299, 53.447471 ], [ -2.384601, 53.442757 ], [ -2.374268, 53.44133 ], [ -2.360307, 53.446435 ], [ -2.31535, 53.445475 ], [ -2.314879, 53.450452 ], [ -2.315825, 53.449517 ], [ -2.318827, 53.450781 ], [ -2.302009, 53.45075 ], [ -2.306439, 53.445954 ], [ -2.274847, 53.438931 ], [ -2.270281, 53.432488 ], [ -2.272132, 53.431048 ], [ -2.263721, 53.428359 ], [ -2.266254, 53.42655 ], [ -2.25992, 53.426972 ], [ -2.258665, 53.426392 ], [ -2.258332, 53.4263 ], [ -2.256846, 53.425669 ], [ -2.26656, 53.410379 ], [ -2.268832, 53.39594 ], [ -2.281525, 53.378307 ], [ -2.290672, 53.37173 ], [ -2.294325, 53.361528 ], [ -2.32017, 53.36938 ] ] } },
{ "type": "Feature", "properties": { "fid": 403, "route_id": "64094", "route_short_name": "345", "route_type": 3, "route_type_name": "Bus", "geometry_method": "osm_routed", "n_stops_covered": 0, "n_trips_observed": 0 }, "bbox": [ -2.124809, 53.446701, -2.093537, 53.49072 ], "geometry": { "type": "LineString", "coordinates": [ [ -2.096325, 53.49072 ], [ -2.09892, 53.489902 ], [ -2.097589, 53.485453 ], [ -2.096621, 53.484115 ], [ -2.094814, 53.482309 ], [ -2.096418, 53.48254 ], [ -2.094814, 53.482309 ], [ -2.093537, 53.479235 ], [ -2.094427, 53.479031 ], [ -2.09696, 53.478474 ], [ -2.097551, 53.478314 ], [ -2.097165, 53.477655 ], [ -2.098634, 53.476478 ], [ -2.10054, 53.476187 ], [ -2.10558, 53.468217 ], [ -2.120179, 53.468746 ], [ -2.120582, 53.466016 ], [ -2.124809, 53.460934 ], [ -2.122848, 53.458488 ], [ -2.123088, 53.456745 ], [ -2.123119, 53.456244 ], [ -2.123037, 53.456175 ], [ -2.123356, 53.454825 ], [ -2.113766, 53.456207 ], [ -2.109613, 53.449677 ], [ -2.116857, 53.446701 ], [ -2.116378, 53.450637 ], [ -2.11212, 53.452936 ], [ -2.113766, 53.456207 ], [ -2.122617, 53.456296 ], [ -2.123037, 53.456175 ], [ -2.123176, 53.456163 ], [ -2.124809, 53.460934 ], [ -2.120179, 53.468746 ], [ -2.108371, 53.467672 ], [ -2.10558, 53.468217 ], [ -2.101623, 53.471321 ], [ -2.10054, 53.476187 ], [ -2.097551, 53.478314 ], [ -2.094427, 53.479031 ], [ -2.101534, 53.490071 ], [ -2.096325, 53.49072 ] ] } },
{ "type": "Feature", "properties": { "fid": 404, "route_id": "64723", "route_short_name": "752", "route_type": 3, "route_type_name": "Bus", "geometry_method": "mixed", "n_stops_covered": 49, "n_trips_observed": 1 }, "bbox": [ -2.361927, 53.369853, -2.190254, 53.400959 ], "geometry": { "type": "LineString", "coordinates": [ [ -2.193225, 53.400865 ], [ -2.204849, 53.395214 ], [ -2.217596, 53.393784 ], [ -2.213882, 53.386645 ], [ -2.190254, 53.378411 ], [ -2.230139, 53.369853 ], [ -2.249871, 53.373559 ], [ -2.247541, 53.379369 ], [ -2.250011, 53.38373 ], [ -2.256118, 53.382303 ], [ -2.257609, 53.382224 ], [ -2.258677, 53.3822 ], [ -2.259509, 53.383115 ], [ -2.256118, 53.382303 ], [ -2.25679, 53.38529 ], [ -2.254972, 53.385659 ], [ -2.255046, 53.386703 ], [ -2.258058, 53.388554 ], [ -2.256129, 53.388373 ], [ -2.285215, 53.391374 ], [ -2.292169, 53.395589 ], [ -2.295904, 53.40083 ], [ -2.294565, 53.400959 ], [ -2.311444, 53.399714 ], [ -2.328596, 53.391658 ], [ -2.344056, 53.390791 ], [ -2.34647, 53.384178 ], [ -2.361419, 53.381489 ], [ -2.361927, 53.386746 ], [ -2.358322, 53.388712 ] ] } },
{ "type": "Feature", "properties": { "fid": 405, "route_id": "64728", "route_short_name": "814", "route_type": 3, "route_type_name": "Bus", "geometry_method": "mixed", "n_stops_covered": 22, "n_trips_observed": 1 }, "bbox": [ -2.161317, 53.416098, -2.128634, 53.436194 ], "geometry": { "type": "LineString", "coordinates": [ [ -2.134901, 53.427894 ], [ -2.139944, 53.434165 ], [ -2.132972, 53.433852 ], [ -2.134034, 53.432727 ], [ -2.134464, 53.432875 ], [ -2.135704, 53.43177 ], [ -2.134464, 53.432875 ], [ -2.13308, 53.432387 ], [ -2.13146, 53.43229 ], [ -2.135443, 53.431955 ], [ -2.128634, 53.427687 ], [ -2.145798, 53.416098 ], [ -2.161317, 53.41877 ], [ -2.154378, 53.424817 ], [ -2.155997, 53.432418 ], [ -2.152862, 53.436194 ] ] } },
{ "type": "Feature", "properties": { "fid": 406, "route_id": "64752", "route_short_name": "742", "route_type": 3, "route_type_name": "Bus", "geometry_method": "osm_routed", "n_stops_covered": 35, "n_trips_observed": 1 }, "bbox": [ -2.252068, 53.419559, -2.176884, 53.461253 ], "geometry": { "type": "LineString", "coordinates": [ [ -2.252068, 53.461253 ], [ -2.239885, 53.457559 ], [ -2.218965, 53.457712 ], [ -2.211496, 53.461009 ], [ -2.196585, 53.457548 ], [ -2.191562, 53.443693 ], [ -2.176884, 53.42711 ], [ -2.187774, 53.419559 ], [ -2.194086, 53.419706 ], [ -2.200589, 53.424322 ] ] } },
{ "type": "Feature", "properties": { "fid": 407, "route_id": "64753", "route_short_name": "817", "route_type": 3, "route_type_name": "Bus", "geometry_method": "osm_routed", "n_stops_covered": 6, "n_trips_observed": 1 }, "bbox": [ -2.061011, 53.459894, -1.995209, 53.485764 ], "geometry": { "type": "LineString", "coordinates": [ [ -2.061011, 53.485764 ], [ -2.043336, 53.481923 ], [ -2.03582, 53.474055 ], [ -2.030072, 53.472824 ], [ -2.028231, 53.46932 ], [ -2.030429, 53.468756 ], [ -2.013536, 53.460139 ], [ -2.001038, 53.459894 ], [ -1.995209, 53.463225 ] ] } },
{ "type": "Feature", "properties": { "fid": 408, "route_id": "6547", "route_short_name": "85", "route_type": 3, "route_type_name": "Bus", "geometry_method": "osm_routed", "n_stops_covered": 58, "n_trips_observed": 49 }, "bbox": [ -2.277215, 53.437976, -2.233877, 53.479774 ], "geometry": { "type": "LineString", "coordinates": [ [ -2.274419, 53.437976 ], [ -2.277215, 53.442507 ], [ -2.251639, 53.443344 ], [ -2.25197, 53.461845 ], [ -2.239387, 53.463249 ], [ -2.241124, 53.467439 ], [ -2.239615, 53.467911 ], [ -2.237029, 53.468757 ], [ -2.242704, 53.470745 ], [ -2.238001, 53.471115 ], [ -2.242607, 53.4762 ], [ -2.237431, 53.479288 ], [ -2.233877, 53.47773 ], [ -2.235527, 53.479774 ] ] } },
{ "type": "Feature", "properties": { "fid": 409, "route_id": "65940", "route_short_name": "X50", "route_type": 3, "route_type_name": "Bus", "geometry_method": "osm_routed", "n_stops_covered": 61, "n_trips_observed": 30 }, "bbox": [ -2.352077, 53.462444, -2.233877, 53.479774 ], "geometry": { "type": "LineString", "coordinates": [ [ -2.352077, 53.468516 ], [ -2.344315, 53.474099 ], [ -2.337227, 53.472796 ], [ -2.327261, 53.476272 ], [ -2.309881, 53.468445 ], [ -2.304918, 53.467379 ], [ -2.302837, 53.469986 ], [ -2.302582, 53.470034 ], [ -2.274876, 53.462444 ], [ -2.266995, 53.465921 ], [ -2.266515, 53.469416 ], [ -2.253988, 53.473206 ], [ -2.250167, 53.471584 ], [ -2.248115, 53.474238 ], [ -2.250325, 53.474396 ], [ -2.237431, 53.479288 ], [ -2.233877, 53.47773 ], [ -2.235527, 53.479774 ] ] } },
{ "type": "Feature", "properties": { "fid": 410, "route_id": "66606", "route_short_name": "345", "route_type": 3, "route_type_name": "Bus", "geometry_method": "mixed", "n_stops_covered": 56, "n_trips_observed": 7 }, "bbox": [ -2.124809, 53.446701, -2.093537, 53.49072 ], "geometry": { "type": "LineString", "coordinates": [ [ -2.096325, 53.49072 ], [ -2.09892, 53.489902 ], [ -2.098458, 53.488593 ], [ -2.098304, 53.488379 ], [ -2.09785, 53.487803 ], [ -2.097671, 53.487555 ], [ -2.097371, 53.48722 ], [ -2.097231, 53.48697 ], [ -2.097589, 53.485453 ], [ -2.096621, 53.484115 ], [ -2.094814, 53.482309 ], [ -2.096418, 53.48254 ], [ -2.094814, 53.482309 ], [ -2.093537, 53.479235 ], [ -2.094427, 53.479031 ], [ -2.09696, 53.478474 ], [ -2.097551, 53.478314 ], [ -2.097165, 53.477655 ], [ -2.098634, 53.476478 ], [ -2.10054, 53.476187 ], [ -2.10558, 53.468217 ], [ -2.120179, 53.468746 ], [ -2.120582, 53.466016 ], [ -2.124809, 53.460934 ], [ -2.122848, 53.458488 ], [ -2.123088, 53.456745 ], [ -2.123119, 53.456244 ], [ -2.123037, 53.456175 ], [ -2.123356, 53.454825 ], [ -2.113766, 53.456207 ], [ -2.109613, 53.449677 ], [ -2.116857, 53.446701 ], [ -2.116378, 53.450637 ], [ -2.11212, 53.452936 ], [ -2.113766, 53.456207 ], [ -2.122617, 53.456296 ], [ -2.123037, 53.456175 ], [ -2.123176, 53.456163 ], [ -2.124809, 53.460934 ], [ -2.120179, 53.468746 ], [ -2.108371, 53.467672 ], [ -2.10558, 53.468217 ], [ -2.101623, 53.471321 ], [ -2.10054, 53.476187 ], [ -2.097551, 53.478314 ], [ -2.094427, 53.479031 ], [ -2.099827, 53.487978 ], [ -2.098427, 53.488346 ], [ -2.098304, 53.488379 ], [ -2.097026, 53.488735 ], [ -2.096616, 53.49032 ] ] } },
{ "type": "Feature", "properties": { "fid": 411, "route_id": "67035", "route_short_name": "811", "route_type": 3, "route_type_name": "Bus", "geometry_method": "osm_routed", "n_stops_covered": 35, "n_trips_observed": 1 }, "bbox": [ -2.20381, 53.358799, -2.173528, 53.426782 ], "geometry": { "type": "LineString", "coordinates": [ [ -2.177264, 53.426782 ], [ -2.186827, 53.421039 ], [ -2.189904, 53.41284 ], [ -2.173678, 53.409681 ], [ -2.173528, 53.406974 ], [ -2.20381, 53.395715 ], [ -2.200394, 53.392037 ], [ -2.180294, 53.386897 ], [ -2.181031, 53.383251 ], [ -2.190047, 53.37815 ], [ -2.182113, 53.372184 ], [ -2.184079, 53.367335 ], [ -2.189487, 53.366106 ], [ -2.193332, 53.360783 ], [ -2.195724, 53.358799 ], [ -2.193954, 53.360286 ], [ -2.197898, 53.36009 ] ] } },
{ "type": "Feature", "properties": { "fid": 412, "route_id": "67037", "route_short_name": "852", "route_type": 3, "route_type_name": "Bus", "geometry_method": "osm_routed", "n_stops_covered": 20, "n_trips_observed": 1 }, "bbox": [ -2.193036, 53.366923, -2.152806, 53.403026 ], "geometry": { "type": "LineString", "coordinates": [ [ -2.193036, 53.400527 ], [ -2.182349, 53.398596 ], [ -2.16296, 53.403026 ], [ -2.152806, 53.398575 ], [ -2.153284, 53.38406 ], [ -2.16178, 53.376471 ], [ -2.154932, 53.366923 ] ] } },
{ "type": "Feature", "properties": { "fid": 413, "route_id": "67038", "route_short_name": "866", "route_type": 3, "route_type_name": "Bus", "geometry_method": "osm_routed", "n_stops_covered": 56, "n_trips_observed": 1 }, "bbox": [ -2.231645, 53.362093, -2.156707, 53.408196 ], "geometry": { "type": "LineString", "coordinates": [ [ -2.202072, 53.380986 ], [ -2.194048, 53.376408 ], [ -2.216488, 53.372901 ], [ -2.215745, 53.365024 ], [ -2.21458, 53.364537 ], [ -2.217567, 53.362093 ], [ -2.228064, 53.364238 ], [ -2.231496, 53.368888 ], [ -2.225937, 53.371116 ], [ -2.225379, 53.383537 ], [ -2.231645, 53.38766 ], [ -2.230661, 53.391873 ], [ -2.20381, 53.395715 ], [ -2.188487, 53.388153 ], [ -2.173887, 53.387 ], [ -2.169255, 53.388463 ], [ -2.168285, 53.39304 ], [ -2.185057, 53.394344 ], [ -2.187864, 53.399771 ], [ -2.156707, 53.402104 ], [ -2.164023, 53.408196 ] ] } },
{ "type": "Feature", "properties": { "fid": 414, "route_id": "70659", "route_short_name": "142", "route_type": 3, "route_type_name": "Bus", "geometry_method": "osm_routed", "n_stops_covered": 70, "n_trips_observed": 117 }, "bbox": [ -2.242607, 53.409583, -2.218249, 53.479774 ], "geometry": { "type": "LineString", "coordinates": [ [ -2.219926, 53.409583 ], [ -2.2306, 53.410708 ], [ -2.232428, 53.422496 ], [ -2.22916, 53.42651 ], [ -2.226189, 53.426847 ], [ -2.22916, 53.42651 ], [ -2.229155, 53.433126 ], [ -2.219251, 53.440853 ], [ -2.218249, 53.4467 ], [ -2.222074, 53.451432 ], [ -2.239533, 53.448397 ], [ -2.235757, 53.458042 ], [ -2.220436, 53.459436 ], [ -2.226113, 53.464237 ], [ -2.22953, 53.462318 ], [ -2.232471, 53.464974 ], [ -2.228454, 53.466288 ], [ -2.232239, 53.469508 ], [ -2.235547, 53.4684 ], [ -2.23244, 53.469675 ], [ -2.237168, 53.470188 ], [ -2.242607, 53.4762 ], [ -2.237431, 53.479288 ], [ -2.233877, 53.47773 ], [ -2.235527, 53.479774 ] ] } },
{ "type": "Feature", "properties": { "fid": 415, "route_id": "70660", "route_short_name": "143", "route_type": 3, "route_type_name": "Bus", "geometry_method": "osm_routed", "n_stops_covered": 50, "n_trips_observed": 107 }, "bbox": [ -2.242607, 53.426817, -2.218107, 53.479774 ], "geometry": { "type": "LineString", "coordinates": [ [ -2.235156, 53.426817 ], [ -2.220056, 53.439913 ], [ -2.218107, 53.445005 ], [ -2.222074, 53.451432 ], [ -2.239533, 53.448397 ], [ -2.235757, 53.458042 ], [ -2.220436, 53.459436 ], [ -2.226113, 53.464237 ], [ -2.22953, 53.462318 ], [ -2.232471, 53.464974 ], [ -2.228454, 53.466288 ], [ -2.232239, 53.469508 ], [ -2.235547, 53.4684 ], [ -2.23244, 53.469675 ], [ -2.237168, 53.470188 ], [ -2.242607, 53.4762 ], [ -2.237431, 53.479288 ], [ -2.233877, 53.47773 ], [ -2.235527, 53.479774 ] ] } },
{ "type": "Feature", "properties": { "fid": 416, "route_id": "71019", "route_short_name": "216", "route_type": 3, "route_type_name": "Bus", "geometry_method": "osm_routed", "n_stops_covered": 82, "n_trips_observed": 82 }, "bbox": [ -2.235793, 53.477504, -2.056212, 53.490863 ], "geometry": { "type": "LineString", "coordinates": [ [ -2.056212, 53.482706 ], [ -2.093905, 53.490863 ], [ -2.105154, 53.486515 ], [ -2.103811, 53.484573 ], [ -2.104191, 53.484059 ], [ -2.106125, 53.482262 ], [ -2.104846, 53.48146 ], [ -2.102015, 53.484429 ], [ -2.104191, 53.484059 ], [ -2.106421, 53.482486 ], [ -2.131505, 53.477504 ], [ -2.131777, 53.478414 ], [ -2.124455, 53.479328 ], [ -2.131505, 53.477504 ], [ -2.186127, 53.4835 ], [ -2.204813, 53.480498 ], [ -2.212356, 53.483304 ], [ -2.222609, 53.479462 ], [ -2.232743, 53.484676 ], [ -2.235793, 53.481113 ] ] } },
{ "type": "Feature", "properties": { "fid": 417, "route_id": "71680", "route_short_name": "786", "route_type": 3, "route_type_name": "Bus", "geometry_method": "osm_routed", "n_stops_covered": 0, "n_trips_observed": 0 }, "bbox": [ -2.405517, 53.447118, -2.339083, 53.452679 ], "geometry": { "type": "LineString", "coordinates": [ [ -2.339083, 53.449035 ], [ -2.339958, 53.452346 ], [ -2.389572, 53.452679 ], [ -2.405517, 53.447118 ], [ -2.400862, 53.44756 ] ] } },
{ "type": "Feature", "properties": { "fid": 418, "route_id": "71681", "route_short_name": "798", "route_type": 3, "route_type_name": "Bus", "geometry_method": "osm_routed", "n_stops_covered": 19, "n_trips_observed": 1 }, "bbox": [ -2.396923, 53.446417, -2.310455, 53.447863 ], "geometry": { "type": "LineString", "coordinates": [ [ -2.310455, 53.446417 ], [ -2.396923, 53.447863 ] ] } },
{ "type": "Feature", "properties": { "fid": 419, "route_id": "71796", "route_short_name": "727", "route_type": 3, "route_type_name": "Bus", "geometry_method": "osm_routed", "n_stops_covered": 45, "n_trips_observed": 1 }, "bbox": [ -2.219773, 53.41563, -2.171262, 53.469272 ], "geometry": { "type": "LineString", "coordinates": [ [ -2.219773, 53.41563 ], [ -2.218654, 53.421634 ], [ -2.211568, 53.42063 ], [ -2.19662, 53.429133 ], [ -2.193633, 53.444025 ], [ -2.191638, 53.444261 ], [ -2.185643, 53.43765 ], [ -2.181707, 53.436262 ], [ -2.186136, 53.43833 ], [ -2.178933, 53.445883 ], [ -2.181046, 53.453724 ], [ -2.172357, 53.454726 ], [ -2.176803, 53.461297 ], [ -2.171262, 53.462905 ], [ -2.176625, 53.466516 ], [ -2.193718, 53.469272 ], [ -2.207342, 53.466227 ], [ -2.21505, 53.468722 ] ] } },
{ "type": "Feature", "properties": { "fid": 420, "route_id": "72348", "route_short_name": "310", "route_type": 3, "route_type_name": "Bus", "geometry_method": "osm_routed", "n_stops_covered": 47, "n_trips_observed": 6 }, "bbox": [ -2.216782, 53.382347, -2.164023, 53.408251 ], "geometry": { "type": "LineString", "coordinates": [ [ -2.164023, 53.408196 ], [ -2.166647, 53.408251 ], [ -2.166102, 53.406439 ], [ -2.165817, 53.405604 ], [ -2.164967, 53.404417 ], [ -2.165094, 53.402213 ], [ -2.166358, 53.401558 ], [ -2.168057, 53.401571 ], [ -2.169646, 53.401041 ], [ -2.170973, 53.400954 ], [ -2.17061, 53.400172 ], [ -2.170879, 53.397864 ], [ -2.170782, 53.397332 ], [ -2.170677, 53.396804 ], [ -2.16842, 53.397133 ], [ -2.168169, 53.39718 ], [ -2.168633, 53.397648 ], [ -2.170782, 53.397332 ], [ -2.170677, 53.396804 ], [ -2.170782, 53.397332 ], [ -2.170879, 53.397864 ], [ -2.17061, 53.400172 ], [ -2.170973, 53.400954 ], [ -2.169485, 53.40126 ], [ -2.171377, 53.404358 ], [ -2.184824, 53.404091 ], [ -2.204849, 53.395214 ], [ -2.216782, 53.394185 ], [ -2.216496, 53.388928 ], [ -2.201714, 53.382347 ], [ -2.20056, 53.392108 ], [ -2.180472, 53.386913 ], [ -2.169992, 53.388177 ], [ -2.16548, 53.394509 ], [ -2.168013, 53.398207 ], [ -2.168633, 53.397648 ], [ -2.16842, 53.397133 ], [ -2.170677, 53.396804 ], [ -2.170782, 53.397332 ], [ -2.170879, 53.397864 ], [ -2.17061, 53.400172 ], [ -2.170973, 53.400954 ], [ -2.169646, 53.401041 ], [ -2.168057, 53.401571 ], [ -2.166358, 53.401558 ], [ -2.165094, 53.402213 ], [ -2.164967, 53.404417 ], [ -2.166336, 53.407304 ], [ -2.164023, 53.408196 ] ] } },
{ "type": "Feature", "properties": { "fid": 421, "route_id": "72952", "route_short_name": "156", "route_type": 3, "route_type_name": "Bus", "geometry_method": "mixed", "n_stops_covered": 141, "n_trips_observed": 10 }, "bbox": [ -2.746214, 53.424874, -2.656183, 53.500383 ], "geometry": { "type": "LineString", "coordinates": [ [ -2.672298, 53.488786 ], [ -2.67513, 53.489576 ], [ -2.677019, 53.490011 ], [ -2.680675, 53.496506 ], [ -2.673808, 53.494772 ], [ -2.667494, 53.49516 ], [ -2.667418, 53.496127 ], [ -2.666018, 53.495344 ], [ -2.669824, 53.499071 ], [ -2.666669, 53.500383 ], [ -2.670384, 53.498945 ], [ -2.667494, 53.49516 ], [ -2.680675, 53.496506 ], [ -2.677019, 53.490011 ], [ -2.67513, 53.489576 ], [ -2.673498, 53.489077 ], [ -2.6754, 53.488147 ], [ -2.675175, 53.484855 ], [ -2.66425, 53.483039 ], [ -2.66702, 53.48133 ], [ -2.678921, 53.477388 ], [ -2.683963, 53.474508 ], [ -2.688274, 53.472685 ], [ -2.688086, 53.472504 ], [ -2.682522, 53.472516 ], [ -2.673462, 53.472619 ], [ -2.671558, 53.472661 ], [ -2.67136, 53.472663 ], [ -2.670829, 53.47267 ], [ -2.660793, 53.478401 ], [ -2.656183, 53.474975 ], [ -2.662549, 53.471134 ], [ -2.663102, 53.471031 ], [ -2.663865, 53.470923 ], [ -2.663915, 53.47088 ], [ -2.660867, 53.46781 ], [ -2.667248, 53.465454 ], [ -2.673956, 53.466376 ], [ -2.67835, 53.466618 ], [ -2.679983, 53.466888 ], [ -2.681649, 53.467258 ], [ -2.687613, 53.462296 ], [ -2.694589, 53.4658 ], [ -2.696924, 53.465253 ], [ -2.698806, 53.464201 ], [ -2.704202, 53.463008 ], [ -2.708761, 53.458384 ], [ -2.711262, 53.45728 ], [ -2.718147, 53.455245 ], [ -2.71824, 53.455345 ], [ -2.718694, 53.456257 ], [ -2.716833, 53.456662 ], [ -2.724375, 53.455964 ], [ -2.724891, 53.455701 ], [ -2.72458, 53.454629 ], [ -2.723074, 53.454597 ], [ -2.724557, 53.453746 ], [ -2.724081, 53.45358 ], [ -2.723459, 53.453365 ], [ -2.723153, 53.453227 ], [ -2.723096, 53.453199 ], [ -2.723104, 53.453039 ], [ -2.723118, 53.452931 ], [ -2.72491, 53.452914 ], [ -2.727158, 53.451962 ], [ -2.727349, 53.451492 ], [ -2.733943, 53.450285 ], [ -2.73859, 53.45128 ], [ -2.73381, 53.45034 ], [ -2.732233, 53.451358 ], [ -2.731259, 53.451327 ], [ -2.729057, 53.451404 ], [ -2.728305, 53.451573 ], [ -2.727778, 53.451945 ], [ -2.727508, 53.452052 ], [ -2.727349, 53.451492 ], [ -2.727778, 53.451945 ], [ -2.725662, 53.452922 ], [ -2.723104, 53.453039 ], [ -2.72152, 53.449259 ], [ -2.724019, 53.448706 ], [ -2.718212, 53.444116 ], [ -2.723214, 53.446334 ], [ -2.721651, 53.442077 ], [ -2.721377, 53.439779 ], [ -2.721683, 53.437681 ], [ -2.721744, 53.437534 ], [ -2.7227, 53.43656 ], [ -2.724792, 53.430247 ], [ -2.724722, 53.427947 ], [ -2.746214, 53.428494 ], [ -2.745076, 53.424874 ], [ -2.719993, 53.42629 ], [ -2.72016, 53.429434 ], [ -2.72072, 53.42952 ], [ -2.723198, 53.429957 ], [ -2.724792, 53.430247 ], [ -2.717656, 53.437435 ], [ -2.721744, 53.437534 ], [ -2.721826, 53.437617 ], [ -2.725427, 53.450205 ], [ -2.727313, 53.451506 ], [ -2.727349, 53.451492 ], [ -2.727823, 53.451527 ], [ -2.727879, 53.451565 ], [ -2.733943, 53.450285 ], [ -2.73828, 53.4513 ], [ -2.73381, 53.45034 ], [ -2.730528, 53.453375 ], [ -2.723253, 53.453036 ], [ -2.724557, 53.453746 ], [ -2.723074, 53.454597 ], [ -2.724842, 53.455584 ], [ -2.719419, 53.454793 ], [ -2.711262, 53.45728 ], [ -2.704202, 53.463008 ], [ -2.688073, 53.468184 ], [ -2.681649, 53.467258 ], [ -2.687613, 53.462296 ], [ -2.694589, 53.4658 ], [ -2.688073, 53.468184 ], [ -2.681649, 53.467258 ], [ -2.67835, 53.466618 ], [ -2.667248, 53.465454 ], [ -2.660867, 53.46781 ], [ -2.664299, 53.471024 ], [ -2.656644, 53.474914 ], [ -2.660793, 53.478401 ], [ -2.671293, 53.473238 ], [ -2.67136, 53.472663 ], [ -2.671254, 53.4725 ], [ -2.688588, 53.47245 ], [ -2.688053, 53.473035 ], [ -2.688454, 53.473517 ], [ -2.683963, 53.474508 ], [ -2.678921, 53.477388 ], [ -2.66425, 53.483039 ], [ -2.675175, 53.484855 ], [ -2.672298, 53.488786 ] ] } },
{ "type": "Feature", "properties": { "fid": 422, "route_id": "72957", "route_short_name": "742", "route_type": 3, "route_type_name": "Bus", "geometry_method": "mixed", "n_stops_covered": 0, "n_trips_observed": 0 }, "bbox": [ -2.771558, 53.441002, -2.58353, 53.50222 ], "geometry": { "type": "LineString", "coordinates": [ [ -2.58353, 53.475632 ], [ -2.587684, 53.474989 ], [ -2.589034, 53.480013 ], [ -2.593575, 53.480676 ], [ -2.597103, 53.476301 ], [ -2.601765, 53.477088 ], [ -2.60175, 53.481054 ], [ -2.60984, 53.482996 ], [ -2.609841, 53.486868 ], [ -2.625094, 53.494118 ], [ -2.636529, 53.487721 ], [ -2.648054, 53.50147 ], [ -2.657138, 53.50222 ], [ -2.661917, 53.501182 ], [ -2.669562, 53.48932 ], [ -2.674981, 53.487286 ], [ -2.675175, 53.484855 ], [ -2.66425, 53.483039 ], [ -2.656194, 53.475007 ], [ -2.663915, 53.47088 ], [ -2.660867, 53.46781 ], [ -2.667248, 53.465454 ], [ -2.688073, 53.468184 ], [ -2.705338, 53.462266 ], [ -2.712813, 53.468272 ], [ -2.721456, 53.462189 ], [ -2.7185, 53.452479 ], [ -2.733943, 53.450285 ], [ -2.746337, 53.452332 ], [ -2.745217, 53.452106 ], [ -2.74774, 53.451431 ], [ -2.746574, 53.450937 ], [ -2.748371, 53.449085 ], [ -2.748162, 53.448771 ], [ -2.748026, 53.448486 ], [ -2.748255, 53.448301 ], [ -2.755406, 53.448221 ], [ -2.763705, 53.441868 ], [ -2.771558, 53.441002 ] ] } },
{ "type": "Feature", "properties": { "fid": 423, "route_id": "73563", "route_short_name": "455", "route_type": 3, "route_type_name": "Bus", "geometry_method": "osm_routed", "n_stops_covered": 96, "n_trips_observed": 7 }, "bbox": [ -2.155045, 53.609252, -2.085962, 53.659695 ], "geometry": { "type": "LineString", "coordinates": [ [ -2.155045, 53.616568 ], [ -2.14406, 53.6119 ], [ -2.134669, 53.615836 ], [ -2.120898, 53.616083 ], [ -2.106143, 53.609252 ], [ -2.113282, 53.615694 ], [ -2.11027, 53.61682 ], [ -2.106115, 53.631411 ], [ -2.114194, 53.633389 ], [ -2.118907, 53.638309 ], [ -2.095446, 53.643074 ], [ -2.108431, 53.649787 ], [ -2.1137, 53.648665 ], [ -2.108933, 53.649852 ], [ -2.108431, 53.649787 ], [ -2.106798, 53.649112 ], [ -2.105646, 53.648437 ], [ -2.101624, 53.64752 ], [ -2.096734, 53.655986 ], [ -2.085962, 53.659695 ] ] } },
{ "type": "Feature", "properties": { "fid": 424, "route_id": "73565", "route_short_name": "456", "route_type": 3, "route_type_name": "Bus", "geometry_method": "mixed", "n_stops_covered": 69, "n_trips_observed": 11 }, "bbox": [ -2.158177, 53.616568, -2.086217, 53.65976 ], "geometry": { "type": "LineString", "coordinates": [ [ -2.086276, 53.65976 ], [ -2.086217, 53.655263 ], [ -2.093579, 53.643931 ], [ -2.095677, 53.643197 ], [ -2.092748, 53.643791 ], [ -2.10229, 53.641616 ], [ -2.095766, 53.634008 ], [ -2.103479, 53.630841 ], [ -2.114194, 53.633389 ], [ -2.118907, 53.638309 ], [ -2.122879, 53.637118 ], [ -2.132874, 53.646285 ], [ -2.13472, 53.650438 ], [ -2.132874, 53.646285 ], [ -2.137001, 53.63506 ], [ -2.133783, 53.633544 ], [ -2.144469, 53.623505 ], [ -2.158177, 53.619566 ], [ -2.154168, 53.620565 ], [ -2.150468, 53.61712 ], [ -2.155045, 53.616568 ] ] } },
{ "type": "Feature", "properties": { "fid": 425, "route_id": "7364", "route_short_name": "28A", "route_type": 3, "route_type_name": "Bus", "geometry_method": "osm_routed", "n_stops_covered": 103, "n_trips_observed": 9 }, "bbox": [ -2.602302, 53.38613, -2.49328, 53.49488 ], "geometry": { "type": "LineString", "coordinates": [ [ -2.594867, 53.391731 ], [ -2.602302, 53.3921 ], [ -2.597953, 53.39147 ], [ -2.593798, 53.387821 ], [ -2.595479, 53.38613 ], [ -2.591364, 53.386198 ], [ -2.586896, 53.390075 ], [ -2.582978, 53.390512 ], [ -2.581816, 53.389635 ], [ -2.580214, 53.389929 ], [ -2.582978, 53.390512 ], [ -2.555903, 53.407797 ], [ -2.540273, 53.411323 ], [ -2.545759, 53.416605 ], [ -2.54372, 53.422422 ], [ -2.540411, 53.4232 ], [ -2.536522, 53.420662 ], [ -2.535929, 53.419944 ], [ -2.536068, 53.418729 ], [ -2.534954, 53.418299 ], [ -2.531173, 53.420957 ], [ -2.534954, 53.418299 ], [ -2.536068, 53.418729 ], [ -2.536522, 53.420662 ], [ -2.532468, 53.423209 ], [ -2.530925, 53.42384 ], [ -2.530002, 53.423899 ], [ -2.527251, 53.423973 ], [ -2.527639, 53.423267 ], [ -2.534638, 53.420796 ], [ -2.536522, 53.420662 ], [ -2.540506, 53.42216 ], [ -2.539767, 53.421717 ], [ -2.540506, 53.42216 ], [ -2.540411, 53.4232 ], [ -2.539137, 53.424138 ], [ -2.533747, 53.426502 ], [ -2.531947, 53.429339 ], [ -2.527366, 53.430197 ], [ -2.52125, 53.450735 ], [ -2.49328, 53.460529 ], [ -2.495122, 53.472181 ], [ -2.500658, 53.48046 ], [ -2.499524, 53.492244 ], [ -2.518106, 53.49488 ] ] } },
{ "type": "Feature", "properties": { "fid": 426, "route_id": "73797", "route_short_name": "312", "route_type": 3, "route_type_name": "Bus", "geometry_method": "osm_routed", "n_stops_covered": 70, "n_trips_observed": 14 }, "bbox": [ -2.217596, 53.376408, -2.154333, 53.409585 ], "geometry": { "type": "LineString", "coordinates": [ [ -2.16186, 53.409585 ], [ -2.159184, 53.409378 ], [ -2.156453, 53.406239 ], [ -2.158166, 53.404327 ], [ -2.154333, 53.401372 ], [ -2.159191, 53.400451 ], [ -2.156475, 53.396932 ], [ -2.166192, 53.393091 ], [ -2.16995, 53.393653 ], [ -2.174545, 53.392252 ], [ -2.175137, 53.393417 ], [ -2.176148, 53.393361 ], [ -2.176159, 53.394129 ], [ -2.177611, 53.395332 ], [ -2.180033, 53.394943 ], [ -2.185057, 53.394344 ], [ -2.183702, 53.390592 ], [ -2.180454, 53.388214 ], [ -2.180296, 53.386816 ], [ -2.188487, 53.388153 ], [ -2.200394, 53.392037 ], [ -2.20056, 53.392108 ], [ -2.20166, 53.393585 ], [ -2.202358, 53.394732 ], [ -2.204095, 53.395528 ], [ -2.205463, 53.395109 ], [ -2.211395, 53.395064 ], [ -2.213199, 53.39526 ], [ -2.217596, 53.393784 ], [ -2.216496, 53.388928 ], [ -2.215249, 53.389303 ], [ -2.215175, 53.389192 ], [ -2.214699, 53.387502 ], [ -2.213318, 53.386362 ], [ -2.209697, 53.385907 ], [ -2.208558, 53.385514 ], [ -2.205159, 53.383365 ], [ -2.201714, 53.382347 ], [ -2.196168, 53.377884 ], [ -2.190254, 53.378411 ], [ -2.194048, 53.376408 ], [ -2.213882, 53.386645 ], [ -2.214699, 53.387502 ], [ -2.215175, 53.389192 ], [ -2.216109, 53.391238 ], [ -2.217596, 53.393784 ], [ -2.213199, 53.39526 ], [ -2.20381, 53.395715 ], [ -2.202358, 53.394732 ], [ -2.200394, 53.392037 ], [ -2.180472, 53.386913 ], [ -2.184256, 53.389454 ], [ -2.185099, 53.394433 ], [ -2.177611, 53.395332 ], [ -2.176159, 53.394129 ], [ -2.176007, 53.394681 ], [ -2.17052, 53.393796 ], [ -2.16995, 53.393653 ], [ -2.169605, 53.393601 ], [ -2.168093, 53.392882 ], [ -2.166192, 53.393091 ], [ -2.159021, 53.398411 ], [ -2.156905, 53.397407 ], [ -2.159123, 53.399861 ], [ -2.159251, 53.400645 ], [ -2.156122, 53.401188 ], [ -2.155279, 53.401221 ], [ -2.156068, 53.401122 ], [ -2.156122, 53.401188 ], [ -2.156397, 53.401678 ], [ -2.157374, 53.403076 ], [ -2.158166, 53.404327 ], [ -2.158327, 53.404615 ], [ -2.158805, 53.405237 ], [ -2.156453, 53.406239 ], [ -2.164023, 53.408196 ] ] } },
{ "type": "Feature", "properties": { "fid": 427, "route_id": "75147", "route_short_name": "789", "route_type": 3, "route_type_name": "Bus", "geometry_method": "osm_routed", "n_stops_covered": 65, "n_trips_observed": 1 }, "bbox": [ -2.393556, 53.386223, -2.311669, 53.460282 ], "geometry": { "type": "LineString", "coordinates": [ [ -2.342728, 53.457333 ], [ -2.379237, 53.460282 ], [ -2.393556, 53.456156 ], [ -2.391223, 53.448092 ], [ -2.353008, 53.448579 ], [ -2.350671, 53.445463 ], [ -2.336724, 53.446672 ], [ -2.311669, 53.442006 ], [ -2.318981, 53.431152 ], [ -2.332926, 53.431259 ], [ -2.337824, 53.426586 ], [ -2.353124, 53.430138 ], [ -2.353549, 53.422702 ], [ -2.359069, 53.420614 ], [ -2.361569, 53.418489 ], [ -2.36003, 53.411846 ], [ -2.353238, 53.413721 ], [ -2.34117, 53.41149 ], [ -2.352508, 53.400051 ], [ -2.352262, 53.395172 ], [ -2.347676, 53.39108 ], [ -2.341648, 53.391273 ], [ -2.345147, 53.390412 ], [ -2.345789, 53.386223 ], [ -2.341446, 53.386268 ] ] } },
{ "type": "Feature", "properties": { "fid": 428, "route_id": "75163", "route_short_name": "755", "route_type": 3, "route_type_name": "Bus", "geometry_method": "osm_routed", "n_stops_covered": 37, "n_trips_observed": 1 }, "bbox": [ -2.361927, 53.381008, -2.27522, 53.419748 ], "geometry": { "type": "LineString", "coordinates": [ [ -2.27522, 53.407178 ], [ -2.283235, 53.407705 ], [ -2.280488, 53.412257 ], [ -2.290167, 53.418527 ], [ -2.303707, 53.419748 ], [ -2.302619, 53.414624 ], [ -2.32058, 53.412344 ], [ -2.308994, 53.399848 ], [ -2.318208, 53.397445 ], [ -2.324396, 53.400952 ], [ -2.321548, 53.406455 ], [ -2.325913, 53.408357 ], [ -2.334602, 53.398148 ], [ -2.341354, 53.396041 ], [ -2.3409, 53.391177 ], [ -2.345147, 53.390412 ], [ -2.34647, 53.384178 ], [ -2.352073, 53.38447 ], [ -2.352454, 53.381008 ], [ -2.361419, 53.381489 ], [ -2.361927, 53.386746 ], [ -2.358322, 53.388712 ] ] } },
{ "type": "Feature", "properties": { "fid": 429, "route_id": "753", "route_short_name": "220", "route_type": 3, "route_type_name": "Bus", "geometry_method": "osm_routed", "n_stops_covered": 0, "n_trips_observed": 0 }, "bbox": [ -2.233395, 53.467288, -2.054791, 53.484422 ], "geometry": { "type": "LineString", "coordinates": [ [ -2.233395, 53.479733 ], [ -2.231343, 53.476466 ], [ -2.220103, 53.475483 ], [ -2.13777, 53.473753 ], [ -2.120966, 53.471753 ], [ -2.12233, 53.469724 ], [ -2.113681, 53.467288 ], [ -2.10558, 53.468217 ], [ -2.10054, 53.476187 ], [ -2.093537, 53.479235 ], [ -2.091577, 53.473618 ], [ -2.078536, 53.474284 ], [ -2.078828, 53.476567 ], [ -2.070956, 53.47407 ], [ -2.066986, 53.479622 ], [ -2.054791, 53.48033 ], [ -2.058637, 53.484422 ] ] } },
{ "type": "Feature", "properties": { "fid": 430, "route_id": "7532", "route_short_name": "X41", "route_type": 3, "route_type_name": "Bus", "geometry_method": "mixed", "n_stops_covered": 138, "n_trips_observed": 14 }, "bbox": [ -2.36799, 53.485605, -2.23724, 53.755771 ], "geometry": { "type": "LineString", "coordinates": [ [ -2.239198, 53.486265 ], [ -2.23724, 53.485605 ], [ -2.244777, 53.486938 ], [ -2.263933, 53.505426 ], [ -2.261054, 53.50685 ], [ -2.263867, 53.512182 ], [ -2.285354, 53.532912 ], [ -2.287164, 53.531671 ], [ -2.284773, 53.533865 ], [ -2.297259, 53.553306 ], [ -2.291208, 53.563259 ], [ -2.301399, 53.588205 ], [ -2.289508, 53.593649 ], [ -2.289936, 53.60076 ], [ -2.304086, 53.644886 ], [ -2.31848, 53.648771 ], [ -2.316713, 53.657277 ], [ -2.304755, 53.66679 ], [ -2.308335, 53.682717 ], [ -2.312297, 53.684905 ], [ -2.311283, 53.692651 ], [ -2.329035, 53.689684 ], [ -2.325582, 53.701986 ], [ -2.322879, 53.702836 ], [ -2.328, 53.706803 ], [ -2.324246, 53.7158 ], [ -2.325835, 53.722614 ], [ -2.350278, 53.737611 ], [ -2.364771, 53.755771 ], [ -2.36799, 53.754416 ] ] } },
{ "type": "Feature", "properties": { "fid": 431, "route_id": "754", "route_short_name": "221", "route_type": 3, "route_type_name": "Bus", "geometry_method": "mixed", "n_stops_covered": 56, "n_trips_observed": 3 }, "bbox": [ -2.235107, 53.467307, -2.054618, 53.480661 ], "geometry": { "type": "LineString", "coordinates": [ [ -2.054618, 53.470897 ], [ -2.056413, 53.469763 ], [ -2.061112, 53.470862 ], [ -2.066469, 53.470774 ], [ -2.070953, 53.469979 ], [ -2.074883, 53.469663 ], [ -2.070956, 53.47407 ], [ -2.078828, 53.476567 ], [ -2.079546, 53.473835 ], [ -2.091577, 53.473618 ], [ -2.094427, 53.479031 ], [ -2.10054, 53.476187 ], [ -2.10558, 53.468217 ], [ -2.114454, 53.467307 ], [ -2.124429, 53.471953 ], [ -2.142697, 53.474133 ], [ -2.176965, 53.473234 ], [ -2.172764, 53.470501 ], [ -2.173799, 53.473086 ], [ -2.176001, 53.473196 ], [ -2.176965, 53.473234 ], [ -2.178061, 53.473287 ], [ -2.183295, 53.473565 ], [ -2.19262, 53.474097 ], [ -2.193522, 53.474084 ], [ -2.195049, 53.474127 ], [ -2.197266, 53.474229 ], [ -2.194461, 53.474221 ], [ -2.197298, 53.475474 ], [ -2.230221, 53.476036 ], [ -2.235107, 53.480661 ] ] } },
{ "type": "Feature", "properties": { "fid": 432, "route_id": "7543", "route_short_name": "38", "route_type": 3, "route_type_name": "Bus", "geometry_method": "mixed", "n_stops_covered": 115, "n_trips_observed": 69 }, "bbox": [ -2.457049, 53.477536, -2.233877, 53.543354 ], "geometry": { "type": "LineString", "coordinates": [ [ -2.44254, 53.533139 ], [ -2.457049, 53.537502 ], [ -2.453854, 53.541665 ], [ -2.453623, 53.541821 ], [ -2.450248, 53.540041 ], [ -2.453854, 53.541593 ], [ -2.453623, 53.541821 ], [ -2.451406, 53.543018 ], [ -2.451053, 53.543346 ], [ -2.450878, 53.543354 ], [ -2.418324, 53.527917 ], [ -2.351303, 53.517604 ], [ -2.351126, 53.515035 ], [ -2.343408, 53.514244 ], [ -2.332755, 53.508044 ], [ -2.30981, 53.502742 ], [ -2.305858, 53.49805 ], [ -2.295976, 53.494703 ], [ -2.292598, 53.490148 ], [ -2.295003, 53.489888 ], [ -2.294796, 53.486488 ], [ -2.291803, 53.488401 ], [ -2.290988, 53.484836 ], [ -2.285258, 53.491539 ], [ -2.277213, 53.486026 ], [ -2.280312, 53.488476 ], [ -2.276988, 53.486091 ], [ -2.275474, 53.485387 ], [ -2.272315, 53.48444 ], [ -2.274325, 53.484812 ], [ -2.276041, 53.485522 ], [ -2.274657, 53.485034 ], [ -2.264825, 53.483315 ], [ -2.25507, 53.483505 ], [ -2.240173, 53.477536 ], [ -2.233877, 53.47773 ], [ -2.235527, 53.479774 ] ] } },
{ "type": "Feature", "properties": { "fid": 433, "route_id": "76537", "route_short_name": "870", "route_type": 3, "route_type_name": "Bus", "geometry_method": "mixed", "n_stops_covered": 38, "n_trips_observed": 1 }, "bbox": [ -2.078365, 53.484476, -2.024371, 53.519883 ], "geometry": { "type": "LineString", "coordinates": [ [ -2.074474, 53.492272 ], [ -2.06326, 53.487181 ], [ -2.063287, 53.488121 ], [ -2.06375, 53.491703 ], [ -2.063359, 53.492801 ], [ -2.055476, 53.492411 ], [ -2.058279, 53.487749 ], [ -2.065704, 53.485564 ], [ -2.061681, 53.484476 ], [ -2.042735, 53.486297 ], [ -2.030485, 53.495605 ], [ -2.032017, 53.500976 ], [ -2.028003, 53.503372 ], [ -2.026941, 53.502689 ], [ -2.027375, 53.500777 ], [ -2.028274, 53.500957 ], [ -2.026941, 53.502689 ], [ -2.028451, 53.509718 ], [ -2.024371, 53.514634 ], [ -2.02655, 53.519163 ], [ -2.034577, 53.518071 ], [ -2.040466, 53.510238 ], [ -2.04332, 53.519856 ], [ -2.043176, 53.51764 ], [ -2.043116, 53.516047 ], [ -2.046284, 53.51941 ], [ -2.043834, 53.519883 ], [ -2.046284, 53.51941 ], [ -2.049404, 53.517145 ], [ -2.058158, 53.503405 ], [ -2.068765, 53.496823 ], [ -2.067746, 53.502906 ], [ -2.078365, 53.500458 ], [ -2.07774, 53.509604 ] ] } },
{ "type": "Feature", "properties": { "fid": 434, "route_id": "7666", "route_short_name": "201", "route_type": 3, "route_type_name": "Bus", "geometry_method": "mixed", "n_stops_covered": 118, "n_trips_observed": 74 }, "bbox": [ -2.235107, 53.445417, -2.015529, 53.480661 ], "geometry": { "type": "LineString", "coordinates": [ [ -2.015529, 53.455426 ], [ -2.01963, 53.451395 ], [ -2.029291, 53.450004 ], [ -2.028317, 53.44731 ], [ -2.033263, 53.445417 ], [ -2.040538, 53.446507 ], [ -2.040574, 53.453786 ], [ -2.074939, 53.451281 ], [ -2.080506, 53.454304 ], [ -2.087842, 53.45284 ], [ -2.104192, 53.456459 ], [ -2.106595, 53.454596 ], [ -2.102187, 53.454213 ], [ -2.16031, 53.457969 ], [ -2.216566, 53.467652 ], [ -2.228398, 53.472332 ], [ -2.235107, 53.480661 ] ] } },
{ "type": "Feature", "properties": { "fid": 435, "route_id": "7680", "route_short_name": "203", "route_type": 3, "route_type_name": "Bus", "geometry_method": "osm_routed", "n_stops_covered": 84, "n_trips_observed": 89 }, "bbox": [ -2.235107, 53.408662, -2.154378, 53.480661 ], "geometry": { "type": "LineString", "coordinates": [ [ -2.164605, 53.408662 ], [ -2.167539, 53.409928 ], [ -2.155248, 53.413077 ], [ -2.159112, 53.413587 ], [ -2.161473, 53.419008 ], [ -2.154378, 53.424817 ], [ -2.15472, 53.432143 ], [ -2.159735, 53.437503 ], [ -2.157195, 53.445105 ], [ -2.160229, 53.457705 ], [ -2.216566, 53.467652 ], [ -2.228398, 53.472332 ], [ -2.235107, 53.480661 ] ] } },
{ "type": "Feature", "properties": { "fid": 436, "route_id": "77984", "route_short_name": "708", "route_type": 3, "route_type_name": "Bus", "geometry_method": "osm_routed", "n_stops_covered": 38, "n_trips_observed": 1 }, "bbox": [ -2.222609, 53.494684, -2.171748, 53.534144 ], "geometry": { "type": "LineString", "coordinates": [ [ -2.222609, 53.528099 ], [ -2.219146, 53.530713 ], [ -2.221306, 53.534144 ], [ -2.208132, 53.532448 ], [ -2.21547, 53.524153 ], [ -2.213117, 53.514136 ], [ -2.208486, 53.513452 ], [ -2.210014, 53.509863 ], [ -2.195245, 53.504608 ], [ -2.195675, 53.504021 ], [ -2.19333, 53.502146 ], [ -2.192988, 53.501535 ], [ -2.192992, 53.50142 ], [ -2.196307, 53.500609 ], [ -2.192988, 53.501535 ], [ -2.192992, 53.50142 ], [ -2.196186, 53.500501 ], [ -2.190838, 53.494684 ], [ -2.178128, 53.499945 ], [ -2.184786, 53.504655 ], [ -2.180368, 53.514923 ], [ -2.171748, 53.517587 ] ] } },
{ "type": "Feature", "properties": { "fid": 437, "route_id": "77986", "route_short_name": "385", "route_type": 3, "route_type_name": "Bus", "geometry_method": "mixed", "n_stops_covered": 111, "n_trips_observed": 11 }, "bbox": [ -2.162987, 53.382719, -2.003268, 53.409022 ], "geometry": { "type": "LineString", "coordinates": [ [ -2.003268, 53.395163 ], [ -2.031787, 53.391846 ], [ -2.043398, 53.394174 ], [ -2.053943, 53.401739 ], [ -2.058567, 53.395531 ], [ -2.065777, 53.39491 ], [ -2.06889, 53.389568 ], [ -2.062415, 53.382719 ], [ -2.058438, 53.383759 ], [ -2.064748, 53.394725 ], [ -2.065777, 53.39491 ], [ -2.066406, 53.394359 ], [ -2.075256, 53.396478 ], [ -2.094607, 53.395652 ], [ -2.100707, 53.388213 ], [ -2.107202, 53.390194 ], [ -2.102561, 53.395365 ], [ -2.122794, 53.398073 ], [ -2.131143, 53.392212 ], [ -2.134574, 53.397287 ], [ -2.149812, 53.395995 ], [ -2.162987, 53.409022 ] ] } },
{ "type": "Feature", "properties": { "fid": 438, "route_id": "78183", "route_short_name": "87", "route_type": 3, "route_type_name": "Bus", "geometry_method": "mixed", "n_stops_covered": 101, "n_trips_observed": 8 }, "bbox": [ -2.286992, 53.4205, -2.228454, 53.480973 ], "geometry": { "type": "LineString", "coordinates": [ [ -2.239202, 53.480973 ], [ -2.238011, 53.475666 ], [ -2.241221, 53.474675 ], [ -2.234167, 53.471194 ], [ -2.238816, 53.471436 ], [ -2.236351, 53.469434 ], [ -2.239615, 53.467911 ], [ -2.232239, 53.469508 ], [ -2.228454, 53.466288 ], [ -2.232471, 53.464974 ], [ -2.22876, 53.461467 ], [ -2.235612, 53.460412 ], [ -2.23953, 53.448524 ], [ -2.23924, 53.443397 ], [ -2.231717, 53.442542 ], [ -2.231663, 53.433192 ], [ -2.238002, 53.43414 ], [ -2.2439, 53.43291 ], [ -2.238526, 53.430134 ], [ -2.247337, 53.422575 ], [ -2.261911, 53.427813 ], [ -2.264126, 53.425674 ], [ -2.265278, 53.42491 ], [ -2.26555, 53.422566 ], [ -2.265147, 53.421982 ], [ -2.264354, 53.421368 ], [ -2.263421, 53.4205 ], [ -2.264126, 53.425674 ], [ -2.271663, 53.429442 ], [ -2.270726, 53.432792 ], [ -2.276245, 53.441439 ], [ -2.281341, 53.442623 ], [ -2.286992, 53.438526 ], [ -2.282977, 53.438857 ] ] } },
{ "type": "Feature", "properties": { "fid": 439, "route_id": "782652", "route_short_name": "88", "route_type": 3, "route_type_name": "Bus", "geometry_method": "osm_routed", "n_stops_covered": 125, "n_trips_observed": 10 }, "bbox": [ -2.375328, 53.301421, -2.228718, 53.387529 ], "geometry": { "type": "LineString", "coordinates": [ [ -2.375328, 53.302891 ], [ -2.368002, 53.301421 ], [ -2.359558, 53.303866 ], [ -2.360091, 53.305075 ], [ -2.361439, 53.30613 ], [ -2.361444, 53.306312 ], [ -2.352186, 53.304228 ], [ -2.348204, 53.307691 ], [ -2.350228, 53.311457 ], [ -2.338331, 53.315992 ], [ -2.299084, 53.311907 ], [ -2.277312, 53.304433 ], [ -2.254892, 53.310289 ], [ -2.253764, 53.315231 ], [ -2.260647, 53.317985 ], [ -2.23626, 53.322635 ], [ -2.228718, 53.32716 ], [ -2.245028, 53.326906 ], [ -2.261404, 53.335892 ], [ -2.267144, 53.334683 ], [ -2.266158, 53.342309 ], [ -2.279588, 53.342755 ], [ -2.290941, 53.350217 ], [ -2.290192, 53.357716 ], [ -2.293441, 53.361377 ], [ -2.322392, 53.372655 ], [ -2.324772, 53.377066 ], [ -2.352322, 53.381961 ], [ -2.348269, 53.387529 ] ] } },
{ "type": "Feature", "properties": { "fid": 440, "route_id": "78290", "route_short_name": "157", "route_type": 3, "route_type_name": "Bus", "geometry_method": "mixed", "n_stops_covered": 98, "n_trips_observed": 4 }, "bbox": [ -2.788436, 53.470209, -2.636529, 53.517403 ], "geometry": { "type": "LineString", "coordinates": [ [ -2.788436, 53.517403 ], [ -2.782643, 53.509869 ], [ -2.783687, 53.502696 ], [ -2.787916, 53.50108 ], [ -2.781651, 53.496724 ], [ -2.76975, 53.49603 ], [ -2.774057, 53.493655 ], [ -2.767185, 53.490372 ], [ -2.76211, 53.493929 ], [ -2.774568, 53.483048 ], [ -2.768166, 53.477242 ], [ -2.767449, 53.470209 ], [ -2.75577, 53.47616 ], [ -2.749825, 53.492937 ], [ -2.74257, 53.503344 ], [ -2.746194, 53.505051 ], [ -2.74257, 53.503344 ], [ -2.74439, 53.499829 ], [ -2.738747, 53.496403 ], [ -2.71096, 53.493853 ], [ -2.705856, 53.500783 ], [ -2.680675, 53.496506 ], [ -2.68648, 53.49704 ], [ -2.672298, 53.488786 ], [ -2.666961, 53.492169 ], [ -2.670384, 53.498945 ], [ -2.648151, 53.501651 ], [ -2.636529, 53.487721 ] ] } },
{ "type": "Feature", "properties": { "fid": 441, "route_id": "78299", "route_short_name": "654", "route_type": 3, "route_type_name": "Bus", "geometry_method": "mixed", "n_stops_covered": 0, "n_trips_observed": 0 }, "bbox": [ -2.647391, 53.445272, -2.61636, 53.482264 ], "geometry": { "type": "LineString", "coordinates": [ [ -2.635614, 53.445272 ], [ -2.621336, 53.449214 ], [ -2.61636, 53.455343 ], [ -2.623001, 53.458454 ], [ -2.624396, 53.45718 ], [ -2.628965, 53.456595 ], [ -2.629705, 53.45595 ], [ -2.628965, 53.456595 ], [ -2.640156, 53.456098 ], [ -2.64424, 53.456218 ], [ -2.64619, 53.456249 ], [ -2.643384, 53.461029 ], [ -2.641163, 53.456956 ], [ -2.641281, 53.456684 ], [ -2.64281, 53.45614 ], [ -2.643002, 53.455475 ], [ -2.640156, 53.456098 ], [ -2.64424, 53.456218 ], [ -2.64619, 53.456249 ], [ -2.643384, 53.461029 ], [ -2.647391, 53.469015 ], [ -2.636492, 53.475717 ], [ -2.638179, 53.482264 ] ] } },
{ "type": "Feature", "properties": { "fid": 442, "route_id": "78777", "route_short_name": "280", "route_type": 3, "route_type_name": "Bus", "geometry_method": "mixed", "n_stops_covered": 0, "n_trips_observed": 0 }, "bbox": [ -2.415794, 53.374934, -2.348269, 53.391998 ], "geometry": { "type": "LineString", "coordinates": [ [ -2.41319, 53.391998 ], [ -2.415794, 53.387502 ], [ -2.359461, 53.374934 ], [ -2.352515, 53.377503 ], [ -2.352073, 53.38447 ], [ -2.348269, 53.387529 ] ] } },
{ "type": "Feature", "properties": { "fid": 443, "route_id": "78783", "route_short_name": "336", "route_type": 3, "route_type_name": "Bus", "geometry_method": "osm_routed", "n_stops_covered": 27, "n_trips_observed": 10 }, "bbox": [ -2.098527, 53.490037, -2.062481, 53.504219 ], "geometry": { "type": "LineString", "coordinates": [ [ -2.096325, 53.49072 ], [ -2.09243, 53.493193 ], [ -2.093124, 53.500568 ], [ -2.090033, 53.502416 ], [ -2.078481, 53.504219 ], [ -2.078365, 53.500458 ], [ -2.064964, 53.504111 ], [ -2.062481, 53.503831 ], [ -2.067746, 53.502906 ], [ -2.068765, 53.496823 ], [ -2.074064, 53.49454 ], [ -2.085752, 53.490239 ], [ -2.098527, 53.490037 ] ] } },
{ "type": "Feature", "properties": { "fid": 444, "route_id": "78784", "route_short_name": "337", "route_type": 3, "route_type_name": "Bus", "geometry_method": "osm_routed", "n_stops_covered": 27, "n_trips_observed": 9 }, "bbox": [ -2.098559, 53.489292, -2.062481, 53.504219 ], "geometry": { "type": "LineString", "coordinates": [ [ -2.096325, 53.49072 ], [ -2.085752, 53.490239 ], [ -2.073589, 53.494723 ], [ -2.068765, 53.496823 ], [ -2.067746, 53.502906 ], [ -2.064964, 53.504111 ], [ -2.062481, 53.503831 ], [ -2.062503, 53.502487 ], [ -2.064964, 53.504111 ], [ -2.078365, 53.500458 ], [ -2.078481, 53.504219 ], [ -2.090033, 53.502416 ], [ -2.092878, 53.50063 ], [ -2.091979, 53.490772 ], [ -2.094849, 53.490829 ], [ -2.09782, 53.49061 ], [ -2.098559, 53.490519 ], [ -2.098104, 53.489292 ], [ -2.098527, 53.490037 ] ] } },
{ "type": "Feature", "properties": { "fid": 445, "route_id": "78785", "route_short_name": "389", "route_type": 3, "route_type_name": "Bus", "geometry_method": "osm_routed", "n_stops_covered": 63, "n_trips_observed": 10 }, "bbox": [ -2.101534, 53.469663, -2.053974, 53.493343 ], "geometry": { "type": "LineString", "coordinates": [ [ -2.097137, 53.489616 ], [ -2.100222, 53.488512 ], [ -2.101534, 53.490071 ], [ -2.098562, 53.490623 ], [ -2.09782, 53.49061 ], [ -2.093905, 53.490863 ], [ -2.091922, 53.490408 ], [ -2.085752, 53.490239 ], [ -2.082982, 53.491198 ], [ -2.080411, 53.492145 ], [ -2.077265, 53.493343 ], [ -2.074474, 53.492272 ], [ -2.070081, 53.490511 ], [ -2.065136, 53.488604 ], [ -2.065519, 53.487437 ], [ -2.06326, 53.487181 ], [ -2.063287, 53.488121 ], [ -2.063668, 53.491417 ], [ -2.06375, 53.491703 ], [ -2.063359, 53.492801 ], [ -2.056488, 53.493094 ], [ -2.055476, 53.492411 ], [ -2.058279, 53.487749 ], [ -2.063287, 53.488121 ], [ -2.06326, 53.487181 ], [ -2.06386, 53.485674 ], [ -2.065704, 53.485564 ], [ -2.056611, 53.484013 ], [ -2.055056, 53.4828 ], [ -2.056212, 53.482706 ], [ -2.056173, 53.481416 ], [ -2.054791, 53.48033 ], [ -2.056682, 53.480242 ], [ -2.05763, 53.480193 ], [ -2.058243, 53.480567 ], [ -2.058813, 53.480159 ], [ -2.062087, 53.481214 ], [ -2.065425, 53.480125 ], [ -2.069688, 53.474154 ], [ -2.053974, 53.471043 ], [ -2.056413, 53.469763 ], [ -2.061112, 53.470862 ], [ -2.066469, 53.470774 ], [ -2.070953, 53.469979 ], [ -2.074883, 53.469663 ], [ -2.066986, 53.479622 ], [ -2.062087, 53.481214 ], [ -2.054791, 53.48033 ], [ -2.056212, 53.482706 ], [ -2.05737, 53.482623 ], [ -2.056611, 53.484013 ], [ -2.065846, 53.485553 ], [ -2.06326, 53.487181 ], [ -2.063287, 53.488121 ], [ -2.06375, 53.491703 ], [ -2.063359, 53.492801 ], [ -2.056488, 53.493094 ], [ -2.058279, 53.487749 ], [ -2.06293, 53.488129 ], [ -2.063287, 53.488121 ], [ -2.063405, 53.487957 ], [ -2.074474, 53.492272 ], [ -2.074667, 53.491057 ], [ -2.077265, 53.493343 ], [ -2.085752, 53.490239 ], [ -2.098527, 53.490037 ] ] } },
{ "type": "Feature", "properties": { "fid": 446, "route_id": "78983", "route_short_name": "793", "route_type": 3, "route_type_name": "Bus", "geometry_method": "osm_routed", "n_stops_covered": 35, "n_trips_observed": 1 }, "bbox": [ -2.164058, 53.468401, -2.118678, 53.49038 ], "geometry": { "type": "LineString", "coordinates": [ [ -2.118678, 53.468401 ], [ -2.13777, 53.473753 ], [ -2.163317, 53.473353 ], [ -2.146098, 53.477754 ], [ -2.144592, 53.47644 ], [ -2.146366, 53.479444 ], [ -2.164058, 53.480705 ], [ -2.150792, 53.484286 ], [ -2.157066, 53.489251 ], [ -2.148944, 53.488302 ], [ -2.141976, 53.483366 ], [ -2.132564, 53.488354 ], [ -2.134731, 53.49038 ] ] } },
{ "type": "Feature", "properties": { "fid": 447, "route_id": "78990", "route_short_name": "391", "route_type": 3, "route_type_name": "Bus", "geometry_method": "osm_routed", "n_stops_covered": 177, "n_trips_observed": 8 }, "bbox": [ -2.161423, 53.255982, -2.082918, 53.408961 ], "geometry": { "type": "LineString", "coordinates": [ [ -2.161423, 53.408961 ], [ -2.145486, 53.392275 ], [ -2.125354, 53.384348 ], [ -2.121171, 53.37974 ], [ -2.125179, 53.372379 ], [ -2.121491, 53.371044 ], [ -2.123097, 53.368311 ], [ -2.146067, 53.350911 ], [ -2.122226, 53.349235 ], [ -2.122952, 53.341064 ], [ -2.116713, 53.339502 ], [ -2.113475, 53.341777 ], [ -2.118698, 53.344447 ], [ -2.117586, 53.348553 ], [ -2.105689, 53.347663 ], [ -2.090141, 53.352787 ], [ -2.085974, 53.350125 ], [ -2.08737, 53.344158 ], [ -2.101108, 53.345433 ], [ -2.096901, 53.344308 ], [ -2.105149, 53.342829 ], [ -2.105819, 53.344302 ], [ -2.108407, 53.334838 ], [ -2.096428, 53.332211 ], [ -2.112822, 53.326546 ], [ -2.082918, 53.307564 ], [ -2.089324, 53.299837 ], [ -2.109934, 53.294689 ], [ -2.098766, 53.293654 ], [ -2.098076, 53.288519 ], [ -2.123174, 53.28602 ], [ -2.126786, 53.280485 ], [ -2.13299, 53.281055 ], [ -2.137486, 53.276772 ], [ -2.127394, 53.272937 ], [ -2.128941, 53.268174 ], [ -2.125555, 53.261421 ], [ -2.129246, 53.257808 ], [ -2.122981, 53.255982 ], [ -2.122529, 53.257547 ], [ -2.12316, 53.259535 ], [ -2.125056, 53.257899 ] ] } },
{ "type": "Feature", "properties": { "fid": 448, "route_id": "78991", "route_short_name": "374", "route_type": 3, "route_type_name": "Bus", "geometry_method": "osm_routed", "n_stops_covered": 22, "n_trips_observed": 1 }, "bbox": [ -2.164023, 53.371111, -2.137349, 53.408681 ], "geometry": { "type": "LineString", "coordinates": [ [ -2.164023, 53.408196 ], [ -2.158835, 53.408681 ], [ -2.161176, 53.408164 ], [ -2.155912, 53.401137 ], [ -2.159123, 53.399861 ], [ -2.153453, 53.397532 ], [ -2.153284, 53.38406 ], [ -2.156593, 53.381401 ], [ -2.144832, 53.378954 ], [ -2.146111, 53.372526 ], [ -2.137349, 53.371111 ] ] } },
{ "type": "Feature", "properties": { "fid": 449, "route_id": "78992", "route_short_name": "781", "route_type": 3, "route_type_name": "Bus", "geometry_method": "osm_routed", "n_stops_covered": 55, "n_trips_observed": 1 }, "bbox": [ -2.314974, 53.391978, -2.219218, 53.452698 ], "geometry": { "type": "LineString", "coordinates": [ [ -2.314974, 53.417596 ], [ -2.300957, 53.420672 ], [ -2.291709, 53.419077 ], [ -2.286466, 53.414365 ], [ -2.253843, 53.402225 ], [ -2.256992, 53.394331 ], [ -2.226629, 53.391978 ], [ -2.225576, 53.400759 ], [ -2.220657, 53.408762 ], [ -2.219218, 53.406656 ], [ -2.220984, 53.410406 ], [ -2.2306, 53.410708 ], [ -2.23197, 53.414487 ], [ -2.232157, 53.423415 ], [ -2.22916, 53.42651 ], [ -2.226189, 53.426847 ], [ -2.22916, 53.42651 ], [ -2.229155, 53.433126 ], [ -2.224919, 53.436182 ], [ -2.232409, 53.439975 ], [ -2.229851, 53.447869 ], [ -2.23191, 53.452698 ] ] } },
{ "type": "Feature", "properties": { "fid": 450, "route_id": "80274", "route_short_name": "745", "route_type": 3, "route_type_name": "Bus", "geometry_method": "mixed", "n_stops_covered": 52, "n_trips_observed": 1 }, "bbox": [ -2.381187, 53.45328, -2.251563, 53.51912 ], "geometry": { "type": "LineString", "coordinates": [ [ -2.381187, 53.513384 ], [ -2.363947, 53.511829 ], [ -2.354415, 53.50612 ], [ -2.356614, 53.50814 ], [ -2.344093, 53.505443 ], [ -2.333106, 53.51912 ], [ -2.314643, 53.509229 ], [ -2.311278, 53.501462 ], [ -2.295976, 53.494703 ], [ -2.292598, 53.490148 ], [ -2.295003, 53.489888 ], [ -2.294796, 53.486488 ], [ -2.291803, 53.488401 ], [ -2.290255, 53.484863 ], [ -2.294692, 53.483807 ], [ -2.296113, 53.476275 ], [ -2.28407, 53.476558 ], [ -2.283278, 53.464315 ], [ -2.274876, 53.462444 ], [ -2.257691, 53.467711 ], [ -2.257447, 53.45328 ], [ -2.251563, 53.45516 ], [ -2.25197, 53.461845 ] ] } },
{ "type": "Feature", "properties": { "fid": 451, "route_id": "80295", "route_short_name": "666", "route_type": 3, "route_type_name": "Bus", "geometry_method": "mixed", "n_stops_covered": 102, "n_trips_observed": 2 }, "bbox": [ -2.712275, 53.476301, -2.591438, 53.55405 ], "geometry": { "type": "LineString", "coordinates": [ [ -2.698891, 53.55405 ], [ -2.704452, 53.54853 ], [ -2.703093, 53.539822 ], [ -2.712275, 53.533337 ], [ -2.685798, 53.510303 ], [ -2.680675, 53.496506 ], [ -2.666726, 53.495167 ], [ -2.661917, 53.501182 ], [ -2.648151, 53.501651 ], [ -2.638407, 53.488731 ], [ -2.622693, 53.493538 ], [ -2.597103, 53.476301 ], [ -2.593064, 53.482365 ], [ -2.591438, 53.505481 ], [ -2.597078, 53.515468 ] ] } },
{ "type": "Feature", "properties": { "fid": 452, "route_id": "80296", "route_short_name": "934", "route_type": 3, "route_type_name": "Bus", "geometry_method": "osm_routed", "n_stops_covered": 0, "n_trips_observed": 0 }, "bbox": [ -2.41827, 53.568794, -2.374998, 53.59053 ], "geometry": { "type": "LineString", "coordinates": [ [ -2.387411, 53.59053 ], [ -2.381869, 53.589595 ], [ -2.387772, 53.583568 ], [ -2.386101, 53.581009 ], [ -2.374998, 53.579091 ], [ -2.375701, 53.5731 ], [ -2.387007, 53.574773 ], [ -2.392905, 53.578996 ], [ -2.395872, 53.569554 ], [ -2.402762, 53.568794 ], [ -2.41827, 53.576531 ] ] } },
{ "type": "Feature", "properties": { "fid": 453, "route_id": "80300", "route_short_name": "962", "route_type": 3, "route_type_name": "Bus", "geometry_method": "osm_routed", "n_stops_covered": 64, "n_trips_observed": 1 }, "bbox": [ -2.712275, 53.5241, -2.583818, 53.586073 ], "geometry": { "type": "LineString", "coordinates": [ [ -2.70098, 53.5241 ], [ -2.712275, 53.533337 ], [ -2.704188, 53.540003 ], [ -2.704452, 53.54853 ], [ -2.704093, 53.549312 ], [ -2.698463, 53.555389 ], [ -2.703919, 53.546587 ], [ -2.694629, 53.549982 ], [ -2.685841, 53.550622 ], [ -2.671805, 53.548537 ], [ -2.664981, 53.551642 ], [ -2.661381, 53.557693 ], [ -2.645536, 53.56109 ], [ -2.634445, 53.560728 ], [ -2.633419, 53.558398 ], [ -2.636644, 53.559987 ], [ -2.633419, 53.558398 ], [ -2.630483, 53.562594 ], [ -2.645191, 53.574641 ], [ -2.640735, 53.572767 ], [ -2.637646, 53.57668 ], [ -2.63727, 53.577711 ], [ -2.637813, 53.582362 ], [ -2.637894, 53.583492 ], [ -2.637885, 53.584614 ], [ -2.637406, 53.586073 ], [ -2.637373, 53.583763 ], [ -2.598276, 53.58153 ], [ -2.593916, 53.578497 ], [ -2.594566, 53.575445 ], [ -2.584078, 53.572996 ], [ -2.583818, 53.572449 ], [ -2.586868, 53.572278 ], [ -2.588047, 53.571952 ], [ -2.583818, 53.572449 ], [ -2.585099, 53.567714 ], [ -2.592637, 53.566681 ], [ -2.603428, 53.558046 ], [ -2.614523, 53.554589 ], [ -2.617051, 53.551597 ], [ -2.613978, 53.550246 ], [ -2.6199, 53.548959 ] ] } },
{ "type": "Feature", "properties": { "fid": 454, "route_id": "80301", "route_short_name": "899", "route_type": 3, "route_type_name": "Bus", "geometry_method": "osm_routed", "n_stops_covered": 65, "n_trips_observed": 2 }, "bbox": [ -2.353572, 53.56264, -2.295389, 53.590351 ], "geometry": { "type": "LineString", "coordinates": [ [ -2.302287, 53.581316 ], [ -2.298797, 53.583073 ], [ -2.295389, 53.573512 ], [ -2.308591, 53.565164 ], [ -2.328453, 53.56264 ], [ -2.335357, 53.56711 ], [ -2.351797, 53.565264 ], [ -2.353572, 53.569216 ], [ -2.336901, 53.570383 ], [ -2.342953, 53.581294 ], [ -2.33993, 53.590351 ] ] } },
{ "type": "Feature", "properties": { "fid": 455, "route_id": "80302", "route_short_name": "943", "route_type": 3, "route_type_name": "Bus", "geometry_method": "osm_routed", "n_stops_covered": 46, "n_trips_observed": 1 }, "bbox": [ -2.5088, 53.542659, -2.411114, 53.571445 ], "geometry": { "type": "LineString", "coordinates": [ [ -2.41928, 53.546536 ], [ -2.414721, 53.542659 ], [ -2.411114, 53.547298 ], [ -2.420378, 53.546535 ], [ -2.421161, 53.559341 ], [ -2.440713, 53.558147 ], [ -2.444701, 53.566444 ], [ -2.455673, 53.559233 ], [ -2.464917, 53.557528 ], [ -2.464713, 53.568097 ], [ -2.476333, 53.569646 ], [ -2.479841, 53.565809 ], [ -2.482695, 53.571445 ], [ -2.49412, 53.571153 ], [ -2.508154, 53.56022 ], [ -2.5088, 53.555634 ] ] } },
{ "type": "Feature", "properties": { "fid": 456, "route_id": "80307", "route_short_name": "928", "route_type": 3, "route_type_name": "Bus", "geometry_method": "osm_routed", "n_stops_covered": 49, "n_trips_observed": 1 }, "bbox": [ -2.432701, 53.572257, -2.375019, 53.606471 ], "geometry": { "type": "LineString", "coordinates": [ [ -2.425718, 53.606041 ], [ -2.432701, 53.601234 ], [ -2.410949, 53.59707 ], [ -2.405563, 53.603555 ], [ -2.407561, 53.606471 ], [ -2.405563, 53.603555 ], [ -2.400861, 53.606125 ], [ -2.39175, 53.604312 ], [ -2.393553, 53.60238 ], [ -2.388507, 53.600002 ], [ -2.381712, 53.597804 ], [ -2.379573, 53.596764 ], [ -2.379109, 53.596473 ], [ -2.392506, 53.594271 ], [ -2.39735, 53.588978 ], [ -2.410292, 53.589093 ], [ -2.40737, 53.580584 ], [ -2.384105, 53.580684 ], [ -2.389141, 53.576332 ], [ -2.378417, 53.572257 ], [ -2.375019, 53.577396 ] ] } },
{ "type": "Feature", "properties": { "fid": 457, "route_id": "80308", "route_short_name": "974", "route_type": 3, "route_type_name": "Bus", "geometry_method": "osm_routed", "n_stops_covered": 36, "n_trips_observed": 1 }, "bbox": [ -2.713009, 53.540003, -2.661381, 53.584111 ], "geometry": { "type": "LineString", "coordinates": [ [ -2.701483, 53.540605 ], [ -2.704188, 53.540003 ], [ -2.703919, 53.546587 ], [ -2.700826, 53.548156 ], [ -2.694629, 53.549982 ], [ -2.685841, 53.550622 ], [ -2.671805, 53.548537 ], [ -2.664981, 53.551642 ], [ -2.661381, 53.557693 ], [ -2.666145, 53.558923 ], [ -2.663145, 53.558147 ], [ -2.666145, 53.558923 ], [ -2.66548, 53.561258 ], [ -2.674543, 53.561742 ], [ -2.675408, 53.562504 ], [ -2.674699, 53.562348 ], [ -2.675103, 53.563589 ], [ -2.675036, 53.563816 ], [ -2.674797, 53.564606 ], [ -2.674699, 53.562348 ], [ -2.68542, 53.571991 ], [ -2.685675, 53.572857 ], [ -2.684617, 53.573459 ], [ -2.682863, 53.572987 ], [ -2.688776, 53.574824 ], [ -2.694888, 53.570523 ], [ -2.708433, 53.573428 ], [ -2.713009, 53.581415 ], [ -2.705204, 53.584111 ] ] } },
{ "type": "Feature", "properties": { "fid": 458, "route_id": "80309", "route_short_name": "961", "route_type": 3, "route_type_name": "Bus", "geometry_method": "osm_routed", "n_stops_covered": 47, "n_trips_observed": 1 }, "bbox": [ -2.713009, 53.5241, -2.637885, 53.596234 ], "geometry": { "type": "LineString", "coordinates": [ [ -2.70098, 53.5241 ], [ -2.712275, 53.533337 ], [ -2.704188, 53.540003 ], [ -2.704452, 53.54853 ], [ -2.69425, 53.562084 ], [ -2.694888, 53.570523 ], [ -2.708433, 53.573428 ], [ -2.713009, 53.581415 ], [ -2.696355, 53.590143 ], [ -2.686307, 53.589721 ], [ -2.68571, 53.594805 ], [ -2.679409, 53.596234 ], [ -2.672906, 53.595868 ], [ -2.664579, 53.586907 ], [ -2.645267, 53.588676 ], [ -2.637885, 53.584614 ] ] } },
{ "type": "Feature", "properties": { "fid": 459, "route_id": "80310", "route_short_name": "991", "route_type": 3, "route_type_name": "Bus", "geometry_method": "osm_routed", "n_stops_covered": 39, "n_trips_observed": 1 }, "bbox": [ -2.578119, 53.493566, -2.491395, 53.512169 ], "geometry": { "type": "LineString", "coordinates": [ [ -2.491395, 53.494264 ], [ -2.50801, 53.499753 ], [ -2.519113, 53.498881 ], [ -2.518135, 53.504143 ], [ -2.523221, 53.504523 ], [ -2.528343, 53.512169 ], [ -2.542175, 53.512169 ], [ -2.532116, 53.500757 ], [ -2.532241, 53.49766 ], [ -2.556483, 53.493566 ], [ -2.578119, 53.496681 ], [ -2.574661, 53.49575 ] ] } },
{ "type": "Feature", "properties": { "fid": 460, "route_id": "80312", "route_short_name": "956", "route_type": 3, "route_type_name": "Bus", "geometry_method": "osm_routed", "n_stops_covered": 21, "n_trips_observed": 2 }, "bbox": [ -2.676754, 53.516549, -2.636396, 53.533925 ], "geometry": { "type": "LineString", "coordinates": [ [ -2.662135, 53.533925 ], [ -2.676337, 53.527639 ], [ -2.676754, 53.52313 ], [ -2.670468, 53.52254 ], [ -2.673926, 53.518062 ], [ -2.672651, 53.516549 ], [ -2.647502, 53.525699 ], [ -2.636396, 53.524028 ] ] } },
{ "type": "Feature", "properties": { "fid": 461, "route_id": "80313", "route_short_name": "988", "route_type": 3, "route_type_name": "Bus", "geometry_method": "osm_routed", "n_stops_covered": 49, "n_trips_observed": 2 }, "bbox": [ -2.628607, 53.45413, -2.51962, 53.498509 ], "geometry": { "type": "LineString", "coordinates": [ [ -2.599144, 53.476651 ], [ -2.601765, 53.477088 ], [ -2.60175, 53.481054 ], [ -2.60984, 53.482996 ], [ -2.609884, 53.486528 ], [ -2.594747, 53.483762 ], [ -2.585612, 53.477745 ], [ -2.587684, 53.474989 ], [ -2.582393, 53.474153 ], [ -2.567916, 53.481267 ], [ -2.565978, 53.489315 ], [ -2.556483, 53.493566 ], [ -2.559141, 53.494191 ], [ -2.533858, 53.498509 ], [ -2.51962, 53.495073 ], [ -2.525176, 53.485389 ], [ -2.566518, 53.471086 ], [ -2.573517, 53.463873 ], [ -2.613692, 53.45413 ], [ -2.628607, 53.46254 ] ] } },
{ "type": "Feature", "properties": { "fid": 462, "route_id": "80628", "route_short_name": "BWFC 3", "route_type": 3, "route_type_name": "Bus", "geometry_method": "osm_routed", "n_stops_covered": 0, "n_trips_observed": 0 }, "bbox": [ -2.541157, 53.557357, -2.325668, 53.590464 ], "geometry": { "type": "LineString", "coordinates": [ [ -2.325668, 53.558388 ], [ -2.329782, 53.563372 ], [ -2.352339, 53.564383 ], [ -2.401509, 53.557357 ], [ -2.425629, 53.576649 ], [ -2.431723, 53.576012 ], [ -2.440057, 53.582357 ], [ -2.459278, 53.588841 ], [ -2.478588, 53.590464 ], [ -2.48745, 53.579446 ], [ -2.52168, 53.583895 ], [ -2.541157, 53.582105 ] ] } },
{ "type": "Feature", "properties": { "fid": 463, "route_id": "80668", "route_short_name": "535", "route_type": 3, "route_type_name": "Bus", "geometry_method": "mixed", "n_stops_covered": 63, "n_trips_observed": 2 }, "bbox": [ -2.496872, 53.575656, -2.428801, 53.641889 ], "geometry": { "type": "LineString", "coordinates": [ [ -2.496872, 53.641889 ], [ -2.493087, 53.636746 ], [ -2.474925, 53.628437 ], [ -2.467404, 53.629565 ], [ -2.459004, 53.619556 ], [ -2.432586, 53.602324 ], [ -2.428801, 53.582224 ], [ -2.433462, 53.578884 ], [ -2.42926, 53.575656 ] ] } },
{ "type": "Feature", "properties": { "fid": 464, "route_id": "80923", "route_short_name": "909", "route_type": 3, "route_type_name": "Bus", "geometry_method": "osm_routed", "n_stops_covered": 32, "n_trips_observed": 1 }, "bbox": [ -2.419883, 53.502426, -2.333106, 53.600675 ], "geometry": { "type": "LineString", "coordinates": [ [ -2.388882, 53.51128 ], [ -2.377458, 53.511102 ], [ -2.36775, 53.502426 ], [ -2.348362, 53.503481 ], [ -2.342289, 53.505368 ], [ -2.341207, 53.511404 ], [ -2.333106, 53.51912 ], [ -2.339038, 53.527273 ], [ -2.390336, 53.544679 ], [ -2.410995, 53.564655 ], [ -2.419883, 53.575735 ], [ -2.416314, 53.57755 ], [ -2.419742, 53.585433 ], [ -2.412617, 53.588235 ], [ -2.408705, 53.600675 ] ] } },
{ "type": "Feature", "properties": { "fid": 465, "route_id": "80937", "route_short_name": "910", "route_type": 3, "route_type_name": "Bus", "geometry_method": "osm_routed", "n_stops_covered": 56, "n_trips_observed": 1 }, "bbox": [ -2.410949, 53.538201, -2.361058, 53.601901 ], "geometry": { "type": "LineString", "coordinates": [ [ -2.407535, 53.601901 ], [ -2.410949, 53.59707 ], [ -2.400586, 53.581773 ], [ -2.392804, 53.57916 ], [ -2.397676, 53.57 ], [ -2.390052, 53.570576 ], [ -2.377621, 53.565764 ], [ -2.378252, 53.565283 ], [ -2.38171, 53.565911 ], [ -2.382618, 53.565918 ], [ -2.378252, 53.565283 ], [ -2.373556, 53.566111 ], [ -2.369247, 53.561285 ], [ -2.363014, 53.561398 ], [ -2.366712, 53.557448 ], [ -2.363891, 53.557965 ], [ -2.366712, 53.557448 ], [ -2.367881, 53.557243 ], [ -2.373147, 53.563113 ], [ -2.401307, 53.557145 ], [ -2.398887, 53.552646 ], [ -2.390083, 53.544699 ], [ -2.383341, 53.542394 ], [ -2.382348, 53.543319 ], [ -2.384859, 53.543032 ], [ -2.383871, 53.543932 ], [ -2.382348, 53.543319 ], [ -2.383341, 53.542394 ], [ -2.382245, 53.542038 ], [ -2.380553, 53.541523 ], [ -2.383733, 53.538201 ], [ -2.374946, 53.539585 ], [ -2.375688, 53.539991 ], [ -2.378452, 53.540879 ], [ -2.380553, 53.541523 ], [ -2.382245, 53.542038 ], [ -2.370816, 53.545906 ], [ -2.361764, 53.54566 ], [ -2.361058, 53.54197 ] ] } },
{ "type": "Feature", "properties": { "fid": 466, "route_id": "80938", "route_short_name": "958", "route_type": 3, "route_type_name": "Bus", "geometry_method": "osm_routed", "n_stops_covered": 22, "n_trips_observed": 1 }, "bbox": [ -2.704452, 53.536803, -2.682182, 53.578778 ], "geometry": { "type": "LineString", "coordinates": [ [ -2.686357, 53.536803 ], [ -2.682182, 53.544597 ], [ -2.685841, 53.550622 ], [ -2.704452, 53.54853 ], [ -2.69425, 53.562084 ], [ -2.694536, 53.571147 ], [ -2.686091, 53.578778 ] ] } },
{ "type": "Feature", "properties": { "fid": 467, "route_id": "80939", "route_short_name": "959", "route_type": 3, "route_type_name": "Bus", "geometry_method": "mixed", "n_stops_covered": 57, "n_trips_observed": 1 }, "bbox": [ -2.688776, 53.535477, -2.585668, 53.578778 ], "geometry": { "type": "LineString", "coordinates": [ [ -2.585668, 53.567774 ], [ -2.611598, 53.556361 ], [ -2.617051, 53.551597 ], [ -2.613978, 53.550246 ], [ -2.621367, 53.5475 ], [ -2.632149, 53.549527 ], [ -2.634887, 53.555472 ], [ -2.644139, 53.556382 ], [ -2.646129, 53.560428 ], [ -2.668413, 53.553845 ], [ -2.665312, 53.556629 ], [ -2.669284, 53.553911 ], [ -2.66937, 53.552745 ], [ -2.665481, 53.552774 ], [ -2.665324, 53.552752 ], [ -2.664868, 53.551619 ], [ -2.664921, 53.551522 ], [ -2.666056, 53.551172 ], [ -2.664101, 53.548246 ], [ -2.659522, 53.54608 ], [ -2.663134, 53.54351 ], [ -2.665839, 53.543026 ], [ -2.677624, 53.543337 ], [ -2.675866, 53.535477 ], [ -2.67065, 53.53572 ], [ -2.669402, 53.540302 ], [ -2.663448, 53.541921 ], [ -2.663297, 53.542555 ], [ -2.663134, 53.54351 ], [ -2.662859, 53.545143 ], [ -2.66296, 53.545396 ], [ -2.659522, 53.54608 ], [ -2.664101, 53.548246 ], [ -2.664969, 53.553945 ], [ -2.668413, 53.553845 ], [ -2.662262, 53.55808 ], [ -2.666145, 53.558923 ], [ -2.66548, 53.561258 ], [ -2.674543, 53.561742 ], [ -2.675408, 53.562504 ], [ -2.674699, 53.562348 ], [ -2.675103, 53.563589 ], [ -2.675036, 53.563816 ], [ -2.674797, 53.564606 ], [ -2.674699, 53.562348 ], [ -2.68542, 53.571991 ], [ -2.685675, 53.572857 ], [ -2.684617, 53.573459 ], [ -2.682863, 53.572987 ], [ -2.688776, 53.574824 ], [ -2.686091, 53.578778 ] ] } },
{ "type": "Feature", "properties": { "fid": 468, "route_id": "80940", "route_short_name": "978", "route_type": 3, "route_type_name": "Bus", "geometry_method": "mixed", "n_stops_covered": 36, "n_trips_observed": 2 }, "bbox": [ -2.672727, 53.5475, -2.593677, 53.591019 ], "geometry": { "type": "LineString", "coordinates": [ [ -2.602764, 53.557519 ], [ -2.593677, 53.556308 ], [ -2.605294, 53.55829 ], [ -2.614523, 53.554589 ], [ -2.617051, 53.551597 ], [ -2.613978, 53.550246 ], [ -2.621367, 53.5475 ], [ -2.632149, 53.549527 ], [ -2.634887, 53.555472 ], [ -2.630483, 53.562594 ], [ -2.638279, 53.571421 ], [ -2.65794, 53.58209 ], [ -2.661855, 53.581441 ], [ -2.666174, 53.584496 ], [ -2.661301, 53.584964 ], [ -2.672727, 53.591019 ] ] } },
{ "type": "Feature", "properties": { "fid": 469, "route_id": "81044", "route_short_name": "913", "route_type": 3, "route_type_name": "Bus", "geometry_method": "osm_routed", "n_stops_covered": 22, "n_trips_observed": 1 }, "bbox": [ -2.555083, 53.579197, -2.490676, 53.608731 ], "geometry": { "type": "LineString", "coordinates": [ [ -2.551379, 53.608731 ], [ -2.555083, 53.602578 ], [ -2.541653, 53.598811 ], [ -2.54272, 53.59526 ], [ -2.535926, 53.590163 ], [ -2.517733, 53.58228 ], [ -2.490676, 53.579197 ] ] } },
{ "type": "Feature", "properties": { "fid": 470, "route_id": "81046", "route_short_name": "984", "route_type": 3, "route_type_name": "Bus", "geometry_method": "osm_routed", "n_stops_covered": 26, "n_trips_observed": 1 }, "bbox": [ -2.572, 53.466693, -2.463525, 53.497372 ], "geometry": { "type": "LineString", "coordinates": [ [ -2.463525, 53.494738 ], [ -2.476809, 53.49259 ], [ -2.494626, 53.495213 ], [ -2.498793, 53.492097 ], [ -2.509637, 53.495333 ], [ -2.513758, 53.494782 ], [ -2.516884, 53.494971 ], [ -2.519078, 53.495019 ], [ -2.519666, 53.494976 ], [ -2.519803, 53.494979 ], [ -2.51884, 53.497372 ], [ -2.517822, 53.49635 ], [ -2.519128, 53.496521 ], [ -2.519666, 53.494976 ], [ -2.522889, 53.489865 ], [ -2.523023, 53.486684 ], [ -2.572, 53.468155 ], [ -2.569213, 53.466693 ] ] } },
{ "type": "Feature", "properties": { "fid": 471, "route_id": "81050", "route_short_name": "923", "route_type": 3, "route_type_name": "Bus", "geometry_method": "osm_routed", "n_stops_covered": 29, "n_trips_observed": 3 }, "bbox": [ -2.442629, 53.572257, -2.374692, 53.60222 ], "geometry": { "type": "LineString", "coordinates": [ [ -2.374692, 53.576687 ], [ -2.378417, 53.572257 ], [ -2.387007, 53.574773 ], [ -2.388326, 53.576724 ], [ -2.384155, 53.580579 ], [ -2.407441, 53.580356 ], [ -2.410292, 53.589093 ], [ -2.40592, 53.589664 ], [ -2.409341, 53.595019 ], [ -2.411859, 53.594266 ], [ -2.410321, 53.596818 ], [ -2.442629, 53.60222 ] ] } },
{ "type": "Feature", "properties": { "fid": 472, "route_id": "8107", "route_short_name": "231", "route_type": 3, "route_type_name": "Bus", "geometry_method": "mixed", "n_stops_covered": 126, "n_trips_observed": 31 }, "bbox": [ -2.235793, 53.478968, -2.069466, 53.509649 ], "geometry": { "type": "LineString", "coordinates": [ [ -2.235793, 53.481113 ], [ -2.229353, 53.482919 ], [ -2.221771, 53.478968 ], [ -2.213538, 53.483026 ], [ -2.204823, 53.480796 ], [ -2.201962, 53.480827 ], [ -2.204854, 53.481695 ], [ -2.186127, 53.4835 ], [ -2.161633, 53.48117 ], [ -2.150792, 53.484286 ], [ -2.157066, 53.489251 ], [ -2.154886, 53.489512 ], [ -2.141976, 53.483366 ], [ -2.132564, 53.488354 ], [ -2.134657, 53.490269 ], [ -2.134731, 53.49038 ], [ -2.121505, 53.500535 ], [ -2.093124, 53.500568 ], [ -2.091796, 53.507466 ], [ -2.079851, 53.509649 ], [ -2.07774, 53.509604 ], [ -2.077265, 53.493343 ], [ -2.069466, 53.491371 ], [ -2.074064, 53.49454 ], [ -2.077265, 53.493343 ], [ -2.078272, 53.492974 ], [ -2.080411, 53.492145 ], [ -2.081358, 53.492585 ], [ -2.085752, 53.490239 ], [ -2.09782, 53.49061 ] ] } },
{ "type": "Feature", "properties": { "fid": 473, "route_id": "8113", "route_short_name": "85A", "route_type": 3, "route_type_name": "Bus", "geometry_method": "mixed", "n_stops_covered": 70, "n_trips_observed": 17 }, "bbox": [ -2.277215, 53.43129, -2.235789, 53.479586 ], "geometry": { "type": "LineString", "coordinates": [ [ -2.238145, 53.479586 ], [ -2.240173, 53.477536 ], [ -2.238011, 53.475666 ], [ -2.241221, 53.474675 ], [ -2.235789, 53.470087 ], [ -2.240775, 53.466888 ], [ -2.239387, 53.463249 ], [ -2.25197, 53.461845 ], [ -2.251639, 53.443344 ], [ -2.277215, 53.442507 ], [ -2.272648, 53.434287 ], [ -2.270726, 53.432792 ], [ -2.270453, 53.43261 ], [ -2.270281, 53.432488 ], [ -2.274548, 53.43129 ], [ -2.271034, 53.432358 ], [ -2.270916, 53.432466 ], [ -2.270453, 53.43261 ], [ -2.265171, 53.434694 ], [ -2.270453, 53.43261 ], [ -2.257768, 53.433647 ] ] } },
{ "type": "Feature", "properties": { "fid": 474, "route_id": "81224", "route_short_name": "923", "route_type": 3, "route_type_name": "Bus", "geometry_method": "osm_routed", "n_stops_covered": 50, "n_trips_observed": 1 }, "bbox": [ -2.439637, 53.547563, -2.365854, 53.601985 ], "geometry": { "type": "LineString", "coordinates": [ [ -2.439637, 53.601985 ], [ -2.429151, 53.601011 ], [ -2.425133, 53.598677 ], [ -2.411782, 53.597246 ], [ -2.409091, 53.595837 ], [ -2.407497, 53.595373 ], [ -2.405776, 53.589709 ], [ -2.410292, 53.589093 ], [ -2.407223, 53.580382 ], [ -2.384105, 53.580684 ], [ -2.389141, 53.576332 ], [ -2.378417, 53.572257 ], [ -2.375701, 53.5731 ], [ -2.374998, 53.579091 ], [ -2.3679, 53.577627 ], [ -2.365854, 53.573571 ], [ -2.373556, 53.566111 ], [ -2.370729, 53.563024 ], [ -2.401307, 53.557145 ], [ -2.398887, 53.552646 ], [ -2.403207, 53.550222 ], [ -2.399991, 53.547563 ] ] } },
{ "type": "Feature", "properties": { "fid": 475, "route_id": "81262", "route_short_name": "664", "route_type": 3, "route_type_name": "Bus", "geometry_method": "osm_routed", "n_stops_covered": 68, "n_trips_observed": 2 }, "bbox": [ -2.712275, 53.468901, -2.518106, 53.555389 ], "geometry": { "type": "LineString", "coordinates": [ [ -2.518106, 53.49488 ], [ -2.525176, 53.485389 ], [ -2.572738, 53.468901 ], [ -2.594747, 53.483762 ], [ -2.608448, 53.486145 ], [ -2.622693, 53.493538 ], [ -2.631854, 53.490893 ], [ -2.631501, 53.492932 ], [ -2.659289, 53.49227 ], [ -2.669824, 53.499071 ], [ -2.680627, 53.498582 ], [ -2.685798, 53.510303 ], [ -2.712275, 53.533337 ], [ -2.704188, 53.540003 ], [ -2.704452, 53.54853 ], [ -2.698463, 53.555389 ] ] } },
{ "type": "Feature", "properties": { "fid": 476, "route_id": "81590", "route_short_name": "930", "route_type": 3, "route_type_name": "Bus", "geometry_method": "mixed", "n_stops_covered": 107, "n_trips_observed": 2 }, "bbox": [ -2.543078, 53.542397, -2.436191, 53.587311 ], "geometry": { "type": "LineString", "coordinates": [ [ -2.529059, 53.587311 ], [ -2.522502, 53.584266 ], [ -2.526798, 53.580869 ], [ -2.526631, 53.580455 ], [ -2.526585, 53.579671 ], [ -2.526913, 53.575456 ], [ -2.528676, 53.572495 ], [ -2.526832, 53.580733 ], [ -2.543078, 53.575641 ], [ -2.535911, 53.569764 ], [ -2.539942, 53.56537 ], [ -2.514834, 53.556257 ], [ -2.508617, 53.555054 ], [ -2.519838, 53.54839 ], [ -2.525943, 53.548833 ], [ -2.52837, 53.54483 ], [ -2.526404, 53.542397 ], [ -2.51731, 53.542474 ], [ -2.517866, 53.545029 ], [ -2.516166, 53.54243 ], [ -2.517997, 53.546298 ], [ -2.52156, 53.5468 ], [ -2.508617, 53.555054 ], [ -2.51065, 53.556554 ], [ -2.508154, 53.56022 ], [ -2.49412, 53.571153 ], [ -2.485403, 53.572627 ], [ -2.488071, 53.571808 ], [ -2.482553, 53.571476 ], [ -2.482247, 53.567093 ], [ -2.479841, 53.565809 ], [ -2.478884, 53.566161 ], [ -2.476843, 53.566985 ], [ -2.475564, 53.567949 ], [ -2.476333, 53.569646 ], [ -2.468408, 53.569648 ], [ -2.468475, 53.572068 ], [ -2.481015, 53.573965 ], [ -2.482296, 53.570167 ], [ -2.477107, 53.563229 ], [ -2.474695, 53.562167 ], [ -2.464595, 53.565694 ], [ -2.464713, 53.568097 ], [ -2.436191, 53.574456 ] ] } },
{ "type": "Feature", "properties": { "fid": 477, "route_id": "81592", "route_short_name": "932", "route_type": 3, "route_type_name": "Bus", "geometry_method": "mixed", "n_stops_covered": 41, "n_trips_observed": 1 }, "bbox": [ -2.580426, 53.532686, -2.515802, 53.587311 ], "geometry": { "type": "LineString", "coordinates": [ [ -2.529059, 53.587311 ], [ -2.522502, 53.584266 ], [ -2.526798, 53.580869 ], [ -2.526631, 53.580455 ], [ -2.526585, 53.579671 ], [ -2.526913, 53.575456 ], [ -2.528676, 53.572495 ], [ -2.526832, 53.580733 ], [ -2.543872, 53.574034 ], [ -2.535911, 53.569764 ], [ -2.539942, 53.56537 ], [ -2.52415, 53.560116 ], [ -2.525966, 53.548712 ], [ -2.515802, 53.544938 ], [ -2.51683, 53.536846 ], [ -2.518126, 53.537073 ], [ -2.518245, 53.53757 ], [ -2.518235, 53.538563 ], [ -2.517026, 53.538588 ], [ -2.518245, 53.53757 ], [ -2.517236, 53.538049 ], [ -2.518245, 53.53757 ], [ -2.516828, 53.536881 ], [ -2.51683, 53.536846 ], [ -2.516744, 53.536256 ], [ -2.51649, 53.534565 ], [ -2.523331, 53.535383 ], [ -2.522374, 53.535843 ], [ -2.52261, 53.536325 ], [ -2.522828, 53.536732 ], [ -2.52302, 53.537053 ], [ -2.524065, 53.537352 ], [ -2.52845, 53.532686 ], [ -2.533109, 53.533938 ], [ -2.533479, 53.537965 ], [ -2.537817, 53.537156 ], [ -2.538126, 53.542834 ], [ -2.55723, 53.542648 ], [ -2.580426, 53.533284 ] ] } },
{ "type": "Feature", "properties": { "fid": 478, "route_id": "81594", "route_short_name": "931", "route_type": 3, "route_type_name": "Bus", "geometry_method": "mixed", "n_stops_covered": 44, "n_trips_observed": 1 }, "bbox": [ -2.549647, 53.54243, -2.454291, 53.587311 ], "geometry": { "type": "LineString", "coordinates": [ [ -2.454291, 53.561026 ], [ -2.468871, 53.555538 ], [ -2.469124, 53.547905 ], [ -2.498025, 53.550743 ], [ -2.515667, 53.546717 ], [ -2.521498, 53.546728 ], [ -2.527068, 53.547292 ], [ -2.52693, 53.542493 ], [ -2.51731, 53.542474 ], [ -2.517866, 53.545029 ], [ -2.516166, 53.54243 ], [ -2.517997, 53.546298 ], [ -2.51843, 53.546609 ], [ -2.521498, 53.546728 ], [ -2.52156, 53.5468 ], [ -2.519838, 53.54839 ], [ -2.525966, 53.548712 ], [ -2.524317, 53.560192 ], [ -2.541832, 53.566049 ], [ -2.538109, 53.56848 ], [ -2.544954, 53.573526 ], [ -2.549647, 53.571731 ], [ -2.541832, 53.566049 ], [ -2.528676, 53.572495 ], [ -2.527701, 53.581484 ], [ -2.523339, 53.584092 ], [ -2.529059, 53.587311 ] ] } },
{ "type": "Feature", "properties": { "fid": 479, "route_id": "81596", "route_short_name": "933", "route_type": 3, "route_type_name": "Bus", "geometry_method": "osm_routed", "n_stops_covered": 15, "n_trips_observed": 1 }, "bbox": [ -2.587588, 53.585221, -2.529059, 53.597673 ], "geometry": { "type": "LineString", "coordinates": [ [ -2.587588, 53.595334 ], [ -2.572476, 53.585221 ], [ -2.574124, 53.587556 ], [ -2.571552, 53.587787 ], [ -2.562871, 53.59466 ], [ -2.563137, 53.594903 ], [ -2.563471, 53.595275 ], [ -2.563046, 53.595534 ], [ -2.549903, 53.597673 ], [ -2.529059, 53.587311 ] ] } },
{ "type": "Feature", "properties": { "fid": 480, "route_id": "81604", "route_short_name": "913", "route_type": 3, "route_type_name": "Bus", "geometry_method": "osm_routed", "n_stops_covered": 37, "n_trips_observed": 1 }, "bbox": [ -2.554576, 53.576012, -2.431723, 53.608731 ], "geometry": { "type": "LineString", "coordinates": [ [ -2.431723, 53.576012 ], [ -2.435112, 53.581247 ], [ -2.459794, 53.579923 ], [ -2.461005, 53.583812 ], [ -2.471139, 53.587103 ], [ -2.481842, 53.586161 ], [ -2.48745, 53.579446 ], [ -2.517733, 53.58228 ], [ -2.535926, 53.590163 ], [ -2.54272, 53.59526 ], [ -2.541653, 53.598811 ], [ -2.554576, 53.602789 ], [ -2.551379, 53.608731 ] ] } },
{ "type": "Feature", "properties": { "fid": 481, "route_id": "81812", "route_short_name": "35", "route_type": 3, "route_type_name": "Bus", "geometry_method": "mixed", "n_stops_covered": 185, "n_trips_observed": 28 }, "bbox": [ -2.646126, 53.46647, -2.233877, 53.505029 ], "geometry": { "type": "LineString", "coordinates": [ [ -2.646126, 53.49973 ], [ -2.637899, 53.488481 ], [ -2.622693, 53.493538 ], [ -2.609841, 53.486868 ], [ -2.60984, 53.482996 ], [ -2.60175, 53.481054 ], [ -2.603949, 53.481725 ], [ -2.60175, 53.481054 ], [ -2.601765, 53.477088 ], [ -2.597103, 53.476301 ], [ -2.593064, 53.482365 ], [ -2.585612, 53.477745 ], [ -2.587684, 53.474989 ], [ -2.580494, 53.474707 ], [ -2.569436, 53.46647 ], [ -2.552594, 53.476254 ], [ -2.540912, 53.477984 ], [ -2.523023, 53.486684 ], [ -2.51884, 53.497372 ], [ -2.498793, 53.492097 ], [ -2.492951, 53.496172 ], [ -2.476809, 53.49259 ], [ -2.46295, 53.494682 ], [ -2.459114, 53.500067 ], [ -2.439391, 53.505029 ], [ -2.386142, 53.502514 ], [ -2.377516, 53.497376 ], [ -2.375632, 53.493921 ], [ -2.371971, 53.490819 ], [ -2.371544, 53.490581 ], [ -2.370982, 53.490342 ], [ -2.370763, 53.490258 ], [ -2.353887, 53.492384 ], [ -2.342815, 53.487183 ], [ -2.29514, 53.492048 ], [ -2.295003, 53.489888 ], [ -2.292598, 53.490148 ], [ -2.295003, 53.489888 ], [ -2.294796, 53.486488 ], [ -2.291803, 53.488401 ], [ -2.290988, 53.484836 ], [ -2.285258, 53.491539 ], [ -2.277213, 53.486026 ], [ -2.280312, 53.488476 ], [ -2.276988, 53.486091 ], [ -2.275474, 53.485387 ], [ -2.272315, 53.48444 ], [ -2.274325, 53.484812 ], [ -2.276041, 53.485522 ], [ -2.274657, 53.485034 ], [ -2.264825, 53.483315 ], [ -2.25507, 53.483505 ], [ -2.240173, 53.477536 ], [ -2.233877, 53.47773 ], [ -2.235527, 53.479774 ] ] } },
{ "type": "Feature", "properties": { "fid": 482, "route_id": "81878", "route_short_name": "10", "route_type": 3, "route_type_name": "Bus", "geometry_method": "osm_routed", "n_stops_covered": 91, "n_trips_observed": 56 }, "bbox": [ -2.381497, 53.475931, -2.23724, 53.499369 ], "geometry": { "type": "LineString", "coordinates": [ [ -2.239198, 53.486265 ], [ -2.23724, 53.485605 ], [ -2.244439, 53.48692 ], [ -2.246261, 53.483451 ], [ -2.257134, 53.486889 ], [ -2.270295, 53.499369 ], [ -2.28095, 53.494889 ], [ -2.290255, 53.484863 ], [ -2.291803, 53.488401 ], [ -2.294796, 53.486488 ], [ -2.295003, 53.489888 ], [ -2.292598, 53.490148 ], [ -2.295003, 53.489888 ], [ -2.294692, 53.483807 ], [ -2.311775, 53.484664 ], [ -2.316723, 53.48934 ], [ -2.324314, 53.489158 ], [ -2.329361, 53.488435 ], [ -2.330971, 53.481969 ], [ -2.349254, 53.483206 ], [ -2.373932, 53.475931 ], [ -2.381497, 53.477007 ], [ -2.377, 53.479339 ] ] } },
{ "type": "Feature", "properties": { "fid": 483, "route_id": "81879", "route_short_name": "942", "route_type": 3, "route_type_name": "Bus", "geometry_method": "mixed", "n_stops_covered": 45, "n_trips_observed": 1 }, "bbox": [ -2.538118, 53.532686, -2.411114, 53.559106 ], "geometry": { "type": "LineString", "coordinates": [ [ -2.41928, 53.546536 ], [ -2.414721, 53.542659 ], [ -2.411114, 53.547298 ], [ -2.498025, 53.550743 ], [ -2.517943, 53.546439 ], [ -2.515554, 53.543816 ], [ -2.51683, 53.536846 ], [ -2.518126, 53.537073 ], [ -2.518245, 53.53757 ], [ -2.518235, 53.538563 ], [ -2.517026, 53.538588 ], [ -2.518245, 53.53757 ], [ -2.517236, 53.538049 ], [ -2.518245, 53.53757 ], [ -2.516828, 53.536881 ], [ -2.51683, 53.536846 ], [ -2.516744, 53.536256 ], [ -2.51649, 53.534565 ], [ -2.523331, 53.535383 ], [ -2.522374, 53.535843 ], [ -2.52261, 53.536325 ], [ -2.522828, 53.536732 ], [ -2.52302, 53.537053 ], [ -2.524065, 53.537352 ], [ -2.52845, 53.532686 ], [ -2.533109, 53.533938 ], [ -2.532226, 53.539201 ], [ -2.538118, 53.541595 ], [ -2.529044, 53.543597 ], [ -2.52364, 53.55224 ], [ -2.524503, 53.559106 ] ] } },
{ "type": "Feature", "properties": { "fid": 484, "route_id": "81880", "route_short_name": "958", "route_type": 3, "route_type_name": "Bus", "geometry_method": "osm_routed", "n_stops_covered": 0, "n_trips_observed": 0 }, "bbox": [ -2.704452, 53.53648, -2.680261, 53.57996 ], "geometry": { "type": "LineString", "coordinates": [ [ -2.68523, 53.57996 ], [ -2.694536, 53.571147 ], [ -2.69425, 53.562084 ], [ -2.704452, 53.54853 ], [ -2.703919, 53.546587 ], [ -2.694629, 53.549982 ], [ -2.685841, 53.550622 ], [ -2.680261, 53.548372 ], [ -2.682726, 53.548714 ], [ -2.685018, 53.53648 ], [ -2.6879, 53.537042 ] ] } },
{ "type": "Feature", "properties": { "fid": 485, "route_id": "81881", "route_short_name": "972", "route_type": 3, "route_type_name": "Bus", "geometry_method": "osm_routed", "n_stops_covered": 31, "n_trips_observed": 1 }, "bbox": [ -2.704452, 53.540605, -2.637406, 53.588846 ], "geometry": { "type": "LineString", "coordinates": [ [ -2.641828, 53.573525 ], [ -2.645191, 53.574641 ], [ -2.640735, 53.572767 ], [ -2.637646, 53.57668 ], [ -2.637406, 53.586073 ], [ -2.654962, 53.588637 ], [ -2.670803, 53.584898 ], [ -2.683203, 53.588846 ], [ -2.687117, 53.576059 ], [ -2.69638, 53.56707 ], [ -2.69425, 53.562084 ], [ -2.704452, 53.54853 ], [ -2.701483, 53.540605 ] ] } },
{ "type": "Feature", "properties": { "fid": 486, "route_id": "81882", "route_short_name": "973", "route_type": 3, "route_type_name": "Bus", "geometry_method": "osm_routed", "n_stops_covered": 37, "n_trips_observed": 1 }, "bbox": [ -2.704452, 53.540003, -2.641019, 53.595868 ], "geometry": { "type": "LineString", "coordinates": [ [ -2.701483, 53.540605 ], [ -2.704188, 53.540003 ], [ -2.704452, 53.54853 ], [ -2.69425, 53.562084 ], [ -2.694536, 53.571147 ], [ -2.686506, 53.577534 ], [ -2.686678, 53.587125 ], [ -2.69153, 53.589157 ], [ -2.686307, 53.589721 ], [ -2.68571, 53.594805 ], [ -2.672906, 53.595868 ], [ -2.666855, 53.588397 ], [ -2.656044, 53.583936 ], [ -2.655311, 53.579893 ], [ -2.644518, 53.577028 ], [ -2.645191, 53.574641 ], [ -2.641019, 53.572701 ] ] } },
{ "type": "Feature", "properties": { "fid": 487, "route_id": "81923", "route_short_name": "X39", "route_type": 3, "route_type_name": "Bus", "geometry_method": "mixed", "n_stops_covered": 0, "n_trips_observed": 0 }, "bbox": [ -2.43135, 53.479288, -2.237431, 53.548874 ], "geometry": { "type": "LineString", "coordinates": [ [ -2.394309, 53.548874 ], [ -2.412268, 53.548767 ], [ -2.413334, 53.540893 ], [ -2.409231, 53.539516 ], [ -2.421446, 53.533716 ], [ -2.428229, 53.538791 ], [ -2.43135, 53.53321 ], [ -2.39447, 53.522551 ], [ -2.377049, 53.5228 ], [ -2.351303, 53.517604 ], [ -2.351126, 53.515035 ], [ -2.343408, 53.514244 ], [ -2.332755, 53.508044 ], [ -2.310125, 53.502889 ], [ -2.296988, 53.49543 ], [ -2.281678, 53.48973 ], [ -2.276988, 53.486091 ], [ -2.277213, 53.486026 ], [ -2.280312, 53.488476 ], [ -2.276988, 53.486091 ], [ -2.275474, 53.485387 ], [ -2.272315, 53.48444 ], [ -2.274325, 53.484812 ], [ -2.276041, 53.485522 ], [ -2.274657, 53.485034 ], [ -2.264825, 53.483315 ], [ -2.25507, 53.483505 ], [ -2.237431, 53.479288 ] ] } },
{ "type": "Feature", "properties": { "fid": 488, "route_id": "81927", "route_short_name": "474", "route_type": 3, "route_type_name": "Bus", "geometry_method": "mixed", "n_stops_covered": 57, "n_trips_observed": 18 }, "bbox": [ -2.335005, 53.591199, -2.289508, 53.651589 ], "geometry": { "type": "LineString", "coordinates": [ [ -2.298357, 53.591199 ], [ -2.298045, 53.591832 ], [ -2.299068, 53.592138 ], [ -2.298207, 53.593437 ], [ -2.309281, 53.594925 ], [ -2.312531, 53.608077 ], [ -2.324391, 53.619152 ], [ -2.335005, 53.623815 ], [ -2.328241, 53.62446 ], [ -2.33452, 53.633404 ], [ -2.31996, 53.644866 ], [ -2.31848, 53.648771 ], [ -2.317295, 53.650824 ], [ -2.316559, 53.651589 ], [ -2.31848, 53.648771 ], [ -2.303145, 53.64477 ], [ -2.302192, 53.63601 ], [ -2.290449, 53.608659 ], [ -2.289508, 53.593649 ], [ -2.297795, 53.591701 ] ] } },
{ "type": "Feature", "properties": { "fid": 489, "route_id": "81929", "route_short_name": "582", "route_type": 3, "route_type_name": "Bus", "geometry_method": "osm_routed", "n_stops_covered": 90, "n_trips_observed": 70 }, "bbox": [ -2.518457, 53.49488, -2.42926, 53.575656 ], "geometry": { "type": "LineString", "coordinates": [ [ -2.518106, 53.49488 ], [ -2.518457, 53.508138 ], [ -2.505477, 53.519697 ], [ -2.498582, 53.524023 ], [ -2.473181, 53.529841 ], [ -2.468871, 53.555538 ], [ -2.42926, 53.575656 ] ] } },
{ "type": "Feature", "properties": { "fid": 490, "route_id": "81931", "route_short_name": "559", "route_type": 3, "route_type_name": "Bus", "geometry_method": "mixed", "n_stops_covered": 145, "n_trips_observed": 12 }, "bbox": [ -2.638868, 53.48146, -2.426907, 53.576301 ], "geometry": { "type": "LineString", "coordinates": [ [ -2.426907, 53.576301 ], [ -2.446118, 53.564651 ], [ -2.462107, 53.567223 ], [ -2.453119, 53.560649 ], [ -2.468871, 53.555538 ], [ -2.469124, 53.547905 ], [ -2.497055, 53.55073 ], [ -2.515866, 53.546695 ], [ -2.525943, 53.548833 ], [ -2.529044, 53.543597 ], [ -2.55723, 53.542648 ], [ -2.576393, 53.536945 ], [ -2.584246, 53.532018 ], [ -2.584571, 53.528889 ], [ -2.597617, 53.524202 ], [ -2.597759, 53.516925 ], [ -2.616467, 53.500273 ], [ -2.638868, 53.486251 ], [ -2.637946, 53.48146 ] ] } },
{ "type": "Feature", "properties": { "fid": 491, "route_id": "81936", "route_short_name": "22", "route_type": 3, "route_type_name": "Bus", "geometry_method": "osm_routed", "n_stops_covered": 145, "n_trips_observed": 28 }, "bbox": [ -2.431469, 53.468516, -2.328772, 53.575656 ], "geometry": { "type": "LineString", "coordinates": [ [ -2.352077, 53.468516 ], [ -2.352418, 53.468743 ], [ -2.352354, 53.468965 ], [ -2.349058, 53.470209 ], [ -2.352418, 53.468743 ], [ -2.352354, 53.468965 ], [ -2.349877, 53.470168 ], [ -2.349791, 53.47065 ], [ -2.359708, 53.480691 ], [ -2.355026, 53.483528 ], [ -2.353697, 53.482715 ], [ -2.351392, 53.483824 ], [ -2.351208, 53.48296 ], [ -2.340567, 53.483434 ], [ -2.335495, 53.483065 ], [ -2.340567, 53.483434 ], [ -2.338292, 53.486166 ], [ -2.334778, 53.486327 ], [ -2.330673, 53.487326 ], [ -2.330346, 53.487324 ], [ -2.330173, 53.4873 ], [ -2.330828, 53.48359 ], [ -2.328772, 53.488731 ], [ -2.342815, 53.487183 ], [ -2.354141, 53.492258 ], [ -2.350052, 53.493948 ], [ -2.348482, 53.501647 ], [ -2.342289, 53.505368 ], [ -2.341207, 53.511404 ], [ -2.333106, 53.51912 ], [ -2.336636, 53.525548 ], [ -2.374946, 53.539585 ], [ -2.383733, 53.538201 ], [ -2.380553, 53.541523 ], [ -2.390336, 53.544679 ], [ -2.40297, 53.555403 ], [ -2.42084, 53.553017 ], [ -2.419852, 53.565494 ], [ -2.431469, 53.575441 ], [ -2.42926, 53.575656 ] ] } },
{ "type": "Feature", "properties": { "fid": 492, "route_id": "81938", "route_short_name": "29", "route_type": 3, "route_type_name": "Bus", "geometry_method": "mixed", "n_stops_covered": 124, "n_trips_observed": 13 }, "bbox": [ -2.426121, 53.471476, -2.286339, 53.526365 ], "geometry": { "type": "LineString", "coordinates": [ [ -2.416482, 53.499136 ], [ -2.421246, 53.499695 ], [ -2.417954, 53.501222 ], [ -2.426121, 53.507689 ], [ -2.413791, 53.510423 ], [ -2.40366, 53.51784 ], [ -2.412976, 53.521321 ], [ -2.409164, 53.526365 ], [ -2.398658, 53.523786 ], [ -2.402383, 53.524591 ], [ -2.398658, 53.523786 ], [ -2.402908, 53.517698 ], [ -2.38274, 53.517053 ], [ -2.382188, 53.523198 ], [ -2.351303, 53.517604 ], [ -2.351126, 53.515035 ], [ -2.343408, 53.514244 ], [ -2.332755, 53.508044 ], [ -2.337256, 53.506988 ], [ -2.338038, 53.505012 ], [ -2.338178, 53.504509 ], [ -2.329782, 53.507867 ], [ -2.325873, 53.50739 ], [ -2.326986, 53.502542 ], [ -2.321929, 53.50102 ], [ -2.321115, 53.494805 ], [ -2.315726, 53.490135 ], [ -2.321391, 53.489221 ], [ -2.320833, 53.48395 ], [ -2.322853, 53.484012 ], [ -2.310688, 53.482779 ], [ -2.30634, 53.480329 ], [ -2.309745, 53.477153 ], [ -2.303927, 53.473983 ], [ -2.286339, 53.475909 ], [ -2.295211, 53.471476 ], [ -2.292991, 53.471927 ] ] } },
{ "type": "Feature", "properties": { "fid": 493, "route_id": "81940", "route_short_name": "66", "route_type": 3, "route_type_name": "Bus", "geometry_method": "mixed", "n_stops_covered": 136, "n_trips_observed": 14 }, "bbox": [ -2.382266, 53.474031, -2.264177, 53.533716 ], "geometry": { "type": "LineString", "coordinates": [ [ -2.282995, 53.533716 ], [ -2.285868, 53.533627 ], [ -2.285354, 53.532912 ], [ -2.287164, 53.531671 ], [ -2.281569, 53.528969 ], [ -2.266138, 53.530295 ], [ -2.264177, 53.524635 ], [ -2.274809, 53.524714 ], [ -2.301715, 53.510585 ], [ -2.302097, 53.50783 ], [ -2.302553, 53.510581 ], [ -2.313288, 53.508102 ], [ -2.333858, 53.519582 ], [ -2.345158, 53.520569 ], [ -2.338782, 53.518887 ], [ -2.333106, 53.51912 ], [ -2.332549, 53.518746 ], [ -2.340294, 53.512223 ], [ -2.344851, 53.514717 ], [ -2.351467, 53.516757 ], [ -2.357667, 53.517875 ], [ -2.354792, 53.521071 ], [ -2.350904, 53.519908 ], [ -2.351467, 53.516757 ], [ -2.351409, 53.516737 ], [ -2.35395, 53.510836 ], [ -2.356614, 53.50814 ], [ -2.355742, 53.503641 ], [ -2.382266, 53.500315 ], [ -2.362151, 53.4841 ], [ -2.365859, 53.484234 ], [ -2.367649, 53.47672 ], [ -2.362833, 53.474031 ], [ -2.337339, 53.482865 ] ] } },
{ "type": "Feature", "properties": { "fid": 494, "route_id": "81942", "route_short_name": "20", "route_type": 3, "route_type_name": "Bus", "geometry_method": "mixed", "n_stops_covered": 184, "n_trips_observed": 32 }, "bbox": [ -2.469026, 53.468516, -2.320833, 53.575656 ], "geometry": { "type": "LineString", "coordinates": [ [ -2.352077, 53.468516 ], [ -2.352418, 53.468743 ], [ -2.352354, 53.468965 ], [ -2.349058, 53.470209 ], [ -2.352418, 53.468743 ], [ -2.352354, 53.468965 ], [ -2.349877, 53.470168 ], [ -2.349791, 53.47065 ], [ -2.359708, 53.480691 ], [ -2.355026, 53.483528 ], [ -2.335495, 53.483065 ], [ -2.337584, 53.481495 ], [ -2.320833, 53.48395 ], [ -2.321342, 53.488732 ], [ -2.342815, 53.487183 ], [ -2.353873, 53.492105 ], [ -2.371971, 53.490819 ], [ -2.383159, 53.500407 ], [ -2.36775, 53.502426 ], [ -2.375362, 53.510075 ], [ -2.391774, 53.511592 ], [ -2.398658, 53.523786 ], [ -2.422751, 53.530712 ], [ -2.424699, 53.532061 ], [ -2.421446, 53.533716 ], [ -2.425803, 53.537933 ], [ -2.430029, 53.538156 ], [ -2.43135, 53.53321 ], [ -2.450993, 53.542785 ], [ -2.453164, 53.541294 ], [ -2.452455, 53.540723 ], [ -2.450248, 53.540041 ], [ -2.451869, 53.541939 ], [ -2.452455, 53.540723 ], [ -2.454024, 53.541395 ], [ -2.457049, 53.537502 ], [ -2.452455, 53.540723 ], [ -2.453854, 53.541665 ], [ -2.451414, 53.543082 ], [ -2.452923, 53.543832 ], [ -2.4501, 53.544331 ], [ -2.469026, 53.549049 ], [ -2.468871, 53.555538 ], [ -2.464861, 53.556832 ], [ -2.464713, 53.568097 ], [ -2.42926, 53.575656 ] ] } },
{ "type": "Feature", "properties": { "fid": 495, "route_id": "81944", "route_short_name": "74", "route_type": 3, "route_type_name": "Bus", "geometry_method": "osm_routed", "n_stops_covered": 29, "n_trips_observed": 7 }, "bbox": [ -2.313339, 53.487946, -2.28095, 53.511719 ], "geometry": { "type": "LineString", "coordinates": [ [ -2.287197, 53.487946 ], [ -2.28612, 53.491203 ], [ -2.288903, 53.492122 ], [ -2.295003, 53.489888 ], [ -2.295666, 53.493464 ], [ -2.295516, 53.493907 ], [ -2.289741, 53.494481 ], [ -2.304272, 53.502598 ], [ -2.31057, 53.501899 ], [ -2.313339, 53.508142 ], [ -2.301889, 53.510796 ], [ -2.302097, 53.50783 ], [ -2.302174, 53.510725 ], [ -2.301889, 53.510796 ], [ -2.300725, 53.510585 ], [ -2.298908, 53.510722 ], [ -2.297861, 53.509699 ], [ -2.296003, 53.511719 ], [ -2.293161, 53.50524 ], [ -2.287032, 53.501301 ], [ -2.287883, 53.498377 ], [ -2.28095, 53.494889 ], [ -2.287197, 53.487946 ] ] } },
{ "type": "Feature", "properties": { "fid": 496, "route_id": "81946", "route_short_name": "639", "route_type": 3, "route_type_name": "Bus", "geometry_method": "osm_routed", "n_stops_covered": 50, "n_trips_observed": 6 }, "bbox": [ -2.675046, 53.522926, -2.632766, 53.547391 ], "geometry": { "type": "LineString", "coordinates": [ [ -2.635117, 53.547391 ], [ -2.632766, 53.544785 ], [ -2.636926, 53.543559 ], [ -2.63467, 53.543401 ], [ -2.635678, 53.543105 ], [ -2.637956, 53.542452 ], [ -2.639778, 53.541602 ], [ -2.637111, 53.535577 ], [ -2.637578, 53.535194 ], [ -2.640465, 53.53342 ], [ -2.642671, 53.531165 ], [ -2.645287, 53.527959 ], [ -2.647502, 53.525699 ], [ -2.650019, 53.524065 ], [ -2.65288, 53.522993 ], [ -2.65312, 53.522926 ], [ -2.653324, 53.523278 ], [ -2.655086, 53.525892 ], [ -2.655316, 53.52886 ], [ -2.662104, 53.529225 ], [ -2.665384, 53.532381 ], [ -2.670313, 53.530612 ], [ -2.670697, 53.531073 ], [ -2.673279, 53.533267 ], [ -2.674782, 53.534526 ], [ -2.675046, 53.534778 ], [ -2.67065, 53.53572 ], [ -2.669402, 53.540302 ], [ -2.663134, 53.54351 ], [ -2.668181, 53.543403 ], [ -2.670785, 53.537434 ], [ -2.67065, 53.53572 ], [ -2.675046, 53.534778 ], [ -2.672894, 53.533425 ], [ -2.673279, 53.533267 ], [ -2.670313, 53.530612 ], [ -2.665384, 53.532381 ], [ -2.654881, 53.528874 ], [ -2.652201, 53.523263 ], [ -2.647502, 53.525699 ], [ -2.637111, 53.535577 ], [ -2.637798, 53.540094 ], [ -2.639778, 53.541602 ], [ -2.645866, 53.542267 ], [ -2.638148, 53.542582 ], [ -2.637956, 53.542452 ], [ -2.638347, 53.542264 ], [ -2.635322, 53.540924 ], [ -2.632766, 53.544785 ], [ -2.635117, 53.547391 ] ] } },
{ "type": "Feature", "properties": { "fid": 497, "route_id": "81950", "route_short_name": "512", "route_type": 3, "route_type_name": "Bus", "geometry_method": "osm_routed", "n_stops_covered": 134, "n_trips_observed": 12 }, "bbox": [ -2.395392, 53.542242, -2.297795, 53.594747 ], "geometry": { "type": "LineString", "coordinates": [ [ -2.395392, 53.548516 ], [ -2.390754, 53.545126 ], [ -2.377946, 53.544163 ], [ -2.381602, 53.542242 ], [ -2.370816, 53.545906 ], [ -2.372634, 53.547155 ], [ -2.372947, 53.548845 ], [ -2.377261, 53.549381 ], [ -2.370816, 53.545906 ], [ -2.361764, 53.54566 ], [ -2.325472, 53.548235 ], [ -2.326441, 53.55545 ], [ -2.322808, 53.557387 ], [ -2.328768, 53.562912 ], [ -2.335357, 53.56711 ], [ -2.344803, 53.566185 ], [ -2.345073, 53.569809 ], [ -2.348855, 53.570948 ], [ -2.353572, 53.569216 ], [ -2.363408, 53.569903 ], [ -2.3679, 53.577627 ], [ -2.360252, 53.577759 ], [ -2.357952, 53.587996 ], [ -2.340061, 53.59077 ], [ -2.333147, 53.58325 ], [ -2.308002, 53.594747 ], [ -2.297795, 53.591701 ] ] } },
{ "type": "Feature", "properties": { "fid": 498, "route_id": "81952", "route_short_name": "8", "route_type": 3, "route_type_name": "Bus", "geometry_method": "mixed", "n_stops_covered": 117, "n_trips_observed": 66 }, "bbox": [ -2.426907, 53.483315, -2.238113, 53.576301 ], "geometry": { "type": "LineString", "coordinates": [ [ -2.426907, 53.576301 ], [ -2.40199, 53.55888 ], [ -2.390083, 53.544699 ], [ -2.337648, 53.526655 ], [ -2.333858, 53.519582 ], [ -2.314643, 53.509229 ], [ -2.311478, 53.501704 ], [ -2.305858, 53.49805 ], [ -2.282324, 53.490629 ], [ -2.28315, 53.490849 ], [ -2.281873, 53.49039 ], [ -2.282204, 53.490234 ], [ -2.276988, 53.486091 ], [ -2.277213, 53.486026 ], [ -2.280312, 53.488476 ], [ -2.276988, 53.486091 ], [ -2.275474, 53.485387 ], [ -2.272315, 53.48444 ], [ -2.274325, 53.484812 ], [ -2.276041, 53.485522 ], [ -2.274657, 53.485034 ], [ -2.264825, 53.483315 ], [ -2.257127, 53.483361 ], [ -2.238113, 53.485911 ] ] } },
{ "type": "Feature", "properties": { "fid": 499, "route_id": "81954", "route_short_name": "471", "route_type": 3, "route_type_name": "Bus", "geometry_method": "mixed", "n_stops_covered": 141, "n_trips_observed": 69 }, "bbox": [ -2.42926, 53.574352, -2.15248, 53.616568 ], "geometry": { "type": "LineString", "coordinates": [ [ -2.155045, 53.616568 ], [ -2.15248, 53.611136 ], [ -2.16457, 53.608732 ], [ -2.167989, 53.605423 ], [ -2.16596, 53.604474 ], [ -2.188595, 53.602657 ], [ -2.190433, 53.599035 ], [ -2.203323, 53.597465 ], [ -2.207379, 53.593248 ], [ -2.207657, 53.593582 ], [ -2.207968, 53.593925 ], [ -2.243709, 53.593584 ], [ -2.24246, 53.591366 ], [ -2.259951, 53.588852 ], [ -2.289508, 53.593649 ], [ -2.299096, 53.590476 ], [ -2.298207, 53.593437 ], [ -2.308982, 53.594782 ], [ -2.329216, 53.584418 ], [ -2.342953, 53.581294 ], [ -2.343823, 53.579127 ], [ -2.342953, 53.581294 ], [ -2.360252, 53.577759 ], [ -2.355352, 53.578782 ], [ -2.3679, 53.577627 ], [ -2.364328, 53.57729 ], [ -2.373818, 53.578857 ], [ -2.374998, 53.579091 ], [ -2.384155, 53.580579 ], [ -2.385969, 53.58031 ], [ -2.388267, 53.581209 ], [ -2.40566, 53.580548 ], [ -2.423239, 53.574352 ], [ -2.42926, 53.575656 ] ] } },
{ "type": "Feature", "properties": { "fid": 500, "route_id": "81956", "route_short_name": "37", "route_type": 3, "route_type_name": "Bus", "geometry_method": "mixed", "n_stops_covered": 130, "n_trips_observed": 64 }, "bbox": [ -2.426907, 53.480165, -2.239202, 53.576301 ], "geometry": { "type": "LineString", "coordinates": [ [ -2.426907, 53.576301 ], [ -2.40199, 53.55888 ], [ -2.391288, 53.545884 ], [ -2.399761, 53.542863 ], [ -2.398356, 53.523743 ], [ -2.351303, 53.517604 ], [ -2.351126, 53.515035 ], [ -2.343408, 53.514244 ], [ -2.332755, 53.508044 ], [ -2.310125, 53.502889 ], [ -2.305858, 53.49805 ], [ -2.295976, 53.494703 ], [ -2.292598, 53.490148 ], [ -2.295003, 53.489888 ], [ -2.294796, 53.486488 ], [ -2.291803, 53.488401 ], [ -2.290988, 53.484836 ], [ -2.285258, 53.491539 ], [ -2.277213, 53.486026 ], [ -2.280312, 53.488476 ], [ -2.276988, 53.486091 ], [ -2.275474, 53.485387 ], [ -2.272315, 53.48444 ], [ -2.274325, 53.484812 ], [ -2.276041, 53.485522 ], [ -2.274657, 53.485034 ], [ -2.264825, 53.483315 ], [ -2.25507, 53.483505 ], [ -2.245166, 53.480165 ], [ -2.239202, 53.480973 ] ] } },
{ "type": "Feature", "properties": { "fid": 501, "route_id": "81965", "route_short_name": "916", "route_type": 3, "route_type_name": "Bus", "geometry_method": "osm_routed", "n_stops_covered": 31, "n_trips_observed": 1 }, "bbox": [ -2.41827, 53.561601, -2.365949, 53.580835 ], "geometry": { "type": "LineString", "coordinates": [ [ -2.381981, 53.561601 ], [ -2.370888, 53.56416 ], [ -2.373556, 53.566111 ], [ -2.365949, 53.57364 ], [ -2.3679, 53.577627 ], [ -2.374998, 53.579091 ], [ -2.375701, 53.5731 ], [ -2.378417, 53.572257 ], [ -2.387007, 53.574773 ], [ -2.388326, 53.576724 ], [ -2.384155, 53.580579 ], [ -2.392685, 53.580835 ], [ -2.395872, 53.569554 ], [ -2.401631, 53.568734 ], [ -2.41827, 53.576531 ] ] } },
{ "type": "Feature", "properties": { "fid": 502, "route_id": "81967", "route_short_name": "630", "route_type": 3, "route_type_name": "Bus", "geometry_method": "mixed", "n_stops_covered": 72, "n_trips_observed": 5 }, "bbox": [ -2.637152, 53.50265, -2.591986, 53.549527 ], "geometry": { "type": "LineString", "coordinates": [ [ -2.591986, 53.50265 ], [ -2.598723, 53.520221 ], [ -2.600662, 53.519064 ], [ -2.603454, 53.519292 ], [ -2.60488, 53.518078 ], [ -2.601332, 53.518129 ], [ -2.601912, 53.519116 ], [ -2.600662, 53.519064 ], [ -2.598946, 53.520919 ], [ -2.612998, 53.529108 ], [ -2.60959, 53.53092 ], [ -2.60638, 53.530309 ], [ -2.612998, 53.529108 ], [ -2.619235, 53.53665 ], [ -2.606028, 53.543908 ], [ -2.621367, 53.5475 ], [ -2.625459, 53.545729 ], [ -2.632149, 53.549527 ], [ -2.637152, 53.547503 ], [ -2.635117, 53.547391 ] ] } },
{ "type": "Feature", "properties": { "fid": 503, "route_id": "81969", "route_short_name": "947", "route_type": 3, "route_type_name": "Bus", "geometry_method": "osm_routed", "n_stops_covered": 36, "n_trips_observed": 1 }, "bbox": [ -2.653424, 53.523726, -2.582157, 53.558654 ], "geometry": { "type": "LineString", "coordinates": [ [ -2.582157, 53.533184 ], [ -2.584571, 53.528889 ], [ -2.60324, 53.523726 ], [ -2.611596, 53.527462 ], [ -2.619235, 53.53665 ], [ -2.604202, 53.543147 ], [ -2.595726, 53.540696 ], [ -2.60049, 53.545822 ], [ -2.618468, 53.545761 ], [ -2.632149, 53.549527 ], [ -2.634887, 53.555472 ], [ -2.648112, 53.55551 ], [ -2.653424, 53.558654 ] ] } },
{ "type": "Feature", "properties": { "fid": 504, "route_id": "81972", "route_short_name": "573", "route_type": 3, "route_type_name": "Bus", "geometry_method": "osm_routed", "n_stops_covered": 55, "n_trips_observed": 7 }, "bbox": [ -2.488508, 53.556138, -2.426907, 53.587103 ], "geometry": { "type": "LineString", "coordinates": [ [ -2.426907, 53.576301 ], [ -2.431176, 53.569592 ], [ -2.428075, 53.56341 ], [ -2.433793, 53.562613 ], [ -2.431736, 53.561649 ], [ -2.436367, 53.560154 ], [ -2.435364, 53.556456 ], [ -2.456217, 53.556138 ], [ -2.458759, 53.558784 ], [ -2.455365, 53.562845 ], [ -2.4614, 53.566781 ], [ -2.46465, 53.562958 ], [ -2.472919, 53.56283 ], [ -2.466267, 53.566741 ], [ -2.469482, 53.569061 ], [ -2.468475, 53.572068 ], [ -2.479614, 53.574332 ], [ -2.48245, 53.570172 ], [ -2.488508, 53.579369 ], [ -2.481842, 53.586161 ], [ -2.471139, 53.587103 ], [ -2.461005, 53.583812 ], [ -2.455658, 53.577337 ], [ -2.433462, 53.578884 ], [ -2.42926, 53.575656 ] ] } },
{ "type": "Feature", "properties": { "fid": 505, "route_id": "81974", "route_short_name": "574", "route_type": 3, "route_type_name": "Bus", "geometry_method": "osm_routed", "n_stops_covered": 56, "n_trips_observed": 6 }, "bbox": [ -2.48807, 53.556138, -2.426907, 53.587103 ], "geometry": { "type": "LineString", "coordinates": [ [ -2.426907, 53.576301 ], [ -2.433822, 53.578795 ], [ -2.446644, 53.577252 ], [ -2.449476, 53.57645 ], [ -2.450562, 53.575389 ], [ -2.459794, 53.579923 ], [ -2.461005, 53.583812 ], [ -2.471139, 53.587103 ], [ -2.481842, 53.586161 ], [ -2.48807, 53.577422 ], [ -2.482286, 53.570258 ], [ -2.479614, 53.574332 ], [ -2.468475, 53.572068 ], [ -2.469482, 53.569061 ], [ -2.466267, 53.566741 ], [ -2.469697, 53.564064 ], [ -2.471264, 53.564055 ], [ -2.470292, 53.562675 ], [ -2.473181, 53.562968 ], [ -2.472997, 53.563457 ], [ -2.470406, 53.564526 ], [ -2.469697, 53.564064 ], [ -2.464599, 53.563864 ], [ -2.4614, 53.566781 ], [ -2.453119, 53.560649 ], [ -2.458759, 53.558784 ], [ -2.456217, 53.556138 ], [ -2.436367, 53.557504 ], [ -2.436955, 53.562452 ], [ -2.428191, 53.563158 ], [ -2.431176, 53.569592 ], [ -2.427088, 53.572719 ], [ -2.431469, 53.575441 ], [ -2.42926, 53.575656 ] ] } },
{ "type": "Feature", "properties": { "fid": 506, "route_id": "81977", "route_short_name": "126", "route_type": 3, "route_type_name": "Bus", "geometry_method": "osm_routed", "n_stops_covered": 69, "n_trips_observed": 18 }, "bbox": [ -2.519078, 53.464758, -2.349053, 53.505029 ], "geometry": { "type": "LineString", "coordinates": [ [ -2.519078, 53.495019 ], [ -2.51884, 53.497372 ], [ -2.51276, 53.49651 ], [ -2.511694, 53.496034 ], [ -2.511354, 53.495338 ], [ -2.5089, 53.495165 ], [ -2.508703, 53.495439 ], [ -2.507864, 53.495201 ], [ -2.510759, 53.49655 ], [ -2.498793, 53.492097 ], [ -2.492951, 53.496172 ], [ -2.476809, 53.49259 ], [ -2.46295, 53.494682 ], [ -2.459114, 53.500067 ], [ -2.439391, 53.505029 ], [ -2.386142, 53.502514 ], [ -2.354919, 53.4772 ], [ -2.349053, 53.470128 ], [ -2.353232, 53.468066 ], [ -2.354438, 53.467793 ], [ -2.356419, 53.464758 ], [ -2.357146, 53.464895 ], [ -2.355497, 53.46731 ], [ -2.353464, 53.468562 ], [ -2.353232, 53.468066 ] ] } },
{ "type": "Feature", "properties": { "fid": 507, "route_id": "81979", "route_short_name": "36", "route_type": 3, "route_type_name": "Bus", "geometry_method": "mixed", "n_stops_covered": 156, "n_trips_observed": 68 }, "bbox": [ -2.43559, 53.480165, -2.239202, 53.576301 ], "geometry": { "type": "LineString", "coordinates": [ [ -2.426907, 53.576301 ], [ -2.428908, 53.576299 ], [ -2.419852, 53.565494 ], [ -2.42084, 53.553017 ], [ -2.415344, 53.554327 ], [ -2.411114, 53.547298 ], [ -2.413334, 53.540893 ], [ -2.409231, 53.539516 ], [ -2.433549, 53.53074 ], [ -2.43559, 53.526001 ], [ -2.411765, 53.523508 ], [ -2.409164, 53.526365 ], [ -2.351303, 53.517604 ], [ -2.351126, 53.515035 ], [ -2.343408, 53.514244 ], [ -2.332755, 53.508044 ], [ -2.30981, 53.502742 ], [ -2.305858, 53.49805 ], [ -2.295976, 53.494703 ], [ -2.292598, 53.490148 ], [ -2.295003, 53.489888 ], [ -2.294796, 53.486488 ], [ -2.291803, 53.488401 ], [ -2.290988, 53.484836 ], [ -2.285258, 53.491539 ], [ -2.277213, 53.486026 ], [ -2.280312, 53.488476 ], [ -2.276988, 53.486091 ], [ -2.275474, 53.485387 ], [ -2.272315, 53.48444 ], [ -2.274325, 53.484812 ], [ -2.276041, 53.485522 ], [ -2.274657, 53.485034 ], [ -2.264825, 53.483315 ], [ -2.25507, 53.483505 ], [ -2.245166, 53.480165 ], [ -2.239202, 53.480973 ] ] } },
{ "type": "Feature", "properties": { "fid": 508, "route_id": "81981", "route_short_name": "915", "route_type": 3, "route_type_name": "Bus", "geometry_method": "osm_routed", "n_stops_covered": 51, "n_trips_observed": 2 }, "bbox": [ -2.59159, 53.535129, -2.516114, 53.608731 ], "geometry": { "type": "LineString", "coordinates": [ [ -2.518219, 53.535129 ], [ -2.516114, 53.541884 ], [ -2.517809, 53.542512 ], [ -2.51836, 53.544928 ], [ -2.516465, 53.543779 ], [ -2.51843, 53.546609 ], [ -2.52156, 53.5468 ], [ -2.519838, 53.54839 ], [ -2.525966, 53.548712 ], [ -2.524317, 53.560192 ], [ -2.546046, 53.568466 ], [ -2.563245, 53.56285 ], [ -2.561056, 53.56156 ], [ -2.585904, 53.567917 ], [ -2.567069, 53.579598 ], [ -2.575978, 53.590793 ], [ -2.587118, 53.595028 ], [ -2.59159, 53.600919 ], [ -2.569446, 53.589711 ], [ -2.562871, 53.59466 ], [ -2.563137, 53.594903 ], [ -2.563471, 53.595275 ], [ -2.563046, 53.595534 ], [ -2.545923, 53.599694 ], [ -2.554576, 53.602789 ], [ -2.551379, 53.608731 ] ] } },
{ "type": "Feature", "properties": { "fid": 509, "route_id": "81985", "route_short_name": "79", "route_type": 3, "route_type_name": "Bus", "geometry_method": "osm_routed", "n_stops_covered": 60, "n_trips_observed": 12 }, "bbox": [ -2.314879, 53.446394, -2.265005, 53.488278 ], "geometry": { "type": "LineString", "coordinates": [ [ -2.286897, 53.488278 ], [ -2.290289, 53.486811 ], [ -2.29049, 53.482517 ], [ -2.275883, 53.481099 ], [ -2.277369, 53.478096 ], [ -2.265005, 53.476008 ], [ -2.27054, 53.472657 ], [ -2.269783, 53.474089 ], [ -2.290566, 53.476397 ], [ -2.286243, 53.475723 ], [ -2.295211, 53.471476 ], [ -2.282458, 53.471217 ], [ -2.282426, 53.463321 ], [ -2.302009, 53.45075 ], [ -2.314879, 53.450452 ], [ -2.313764, 53.446394 ], [ -2.310455, 53.446417 ] ] } },
{ "type": "Feature", "properties": { "fid": 510, "route_id": "81987", "route_short_name": "65", "route_type": 3, "route_type_name": "Bus", "geometry_method": "osm_routed", "n_stops_covered": 26, "n_trips_observed": 6 }, "bbox": [ -2.370982, 53.482137, -2.335495, 53.494159 ], "geometry": { "type": "LineString", "coordinates": [ [ -2.335495, 53.483065 ], [ -2.340567, 53.483434 ], [ -2.347855, 53.483291 ], [ -2.353273, 53.482636 ], [ -2.352127, 53.482137 ], [ -2.349996, 53.482687 ], [ -2.352127, 53.482137 ], [ -2.353273, 53.482636 ], [ -2.35579, 53.48224 ], [ -2.357427, 53.48265 ], [ -2.358295, 53.483162 ], [ -2.359174, 53.48782 ], [ -2.357829, 53.490431 ], [ -2.356483, 53.491425 ], [ -2.356199, 53.4917 ], [ -2.356087, 53.491938 ], [ -2.356106, 53.492047 ], [ -2.355918, 53.492088 ], [ -2.35447, 53.492109 ], [ -2.354026, 53.492364 ], [ -2.353887, 53.492384 ], [ -2.353677, 53.492284 ], [ -2.353265, 53.491847 ], [ -2.354309, 53.491089 ], [ -2.353265, 53.491847 ], [ -2.353974, 53.492109 ], [ -2.35595, 53.491908 ], [ -2.356087, 53.491938 ], [ -2.356105, 53.491953 ], [ -2.356708, 53.492064 ], [ -2.359335, 53.491974 ], [ -2.362001, 53.491392 ], [ -2.36757, 53.494159 ], [ -2.370982, 53.490342 ], [ -2.367048, 53.491404 ], [ -2.364934, 53.490748 ], [ -2.359335, 53.491974 ], [ -2.353887, 53.492384 ], [ -2.353265, 53.491847 ], [ -2.354309, 53.491089 ], [ -2.357829, 53.490431 ], [ -2.359174, 53.48782 ], [ -2.357427, 53.48265 ], [ -2.351392, 53.483824 ], [ -2.351208, 53.48296 ], [ -2.347855, 53.483291 ], [ -2.340567, 53.483434 ], [ -2.337339, 53.482865 ] ] } },
{ "type": "Feature", "properties": { "fid": 511, "route_id": "81989", "route_short_name": "132", "route_type": 3, "route_type_name": "Bus", "geometry_method": "osm_routed", "n_stops_covered": 136, "n_trips_observed": 30 }, "bbox": [ -2.635117, 53.464758, -2.349053, 53.547391 ], "geometry": { "type": "LineString", "coordinates": [ [ -2.635117, 53.547391 ], [ -2.623883, 53.542981 ], [ -2.608131, 53.544664 ], [ -2.578674, 53.532289 ], [ -2.543358, 53.52292 ], [ -2.489957, 53.52453 ], [ -2.472203, 53.515101 ], [ -2.435666, 53.513711 ], [ -2.420597, 53.502606 ], [ -2.386142, 53.502514 ], [ -2.354919, 53.4772 ], [ -2.349053, 53.470128 ], [ -2.353232, 53.468066 ], [ -2.354438, 53.467793 ], [ -2.356419, 53.464758 ], [ -2.357146, 53.464895 ], [ -2.355497, 53.46731 ], [ -2.353464, 53.468562 ], [ -2.353232, 53.468066 ] ] } },
{ "type": "Feature", "properties": { "fid": 512, "route_id": "81991", "route_short_name": "75", "route_type": 3, "route_type_name": "Bus", "geometry_method": "osm_routed", "n_stops_covered": 27, "n_trips_observed": 6 }, "bbox": [ -2.312986, 53.487946, -2.277557, 53.511719 ], "geometry": { "type": "LineString", "coordinates": [ [ -2.287197, 53.487946 ], [ -2.287679, 53.490546 ], [ -2.286742, 53.490616 ], [ -2.28612, 53.491203 ], [ -2.285258, 53.491539 ], [ -2.28478, 53.491833 ], [ -2.28095, 53.494889 ], [ -2.277557, 53.496606 ], [ -2.287883, 53.498377 ], [ -2.287032, 53.501301 ], [ -2.293161, 53.50524 ], [ -2.296003, 53.511719 ], [ -2.301715, 53.510585 ], [ -2.302097, 53.50783 ], [ -2.302553, 53.510581 ], [ -2.312986, 53.508213 ], [ -2.311278, 53.501462 ], [ -2.296951, 53.499687 ], [ -2.28817, 53.492552 ], [ -2.287677, 53.492217 ], [ -2.285452, 53.491517 ], [ -2.285258, 53.491539 ], [ -2.284815, 53.491427 ], [ -2.284663, 53.491312 ], [ -2.287197, 53.487946 ] ] } },
{ "type": "Feature", "properties": { "fid": 513, "route_id": "81993", "route_short_name": "70", "route_type": 3, "route_type_name": "Bus", "geometry_method": "osm_routed", "n_stops_covered": 43, "n_trips_observed": 11 }, "bbox": [ -2.340567, 53.482057, -2.286897, 53.496181 ], "geometry": { "type": "LineString", "coordinates": [ [ -2.286897, 53.488278 ], [ -2.290255, 53.484863 ], [ -2.291803, 53.488401 ], [ -2.294796, 53.486488 ], [ -2.295003, 53.489888 ], [ -2.292598, 53.490148 ], [ -2.292672, 53.49047 ], [ -2.30813, 53.486822 ], [ -2.311563, 53.494606 ], [ -2.322324, 53.496181 ], [ -2.334887, 53.491134 ], [ -2.335703, 53.488455 ], [ -2.328772, 53.488731 ], [ -2.330797, 53.482057 ], [ -2.340567, 53.483434 ], [ -2.337339, 53.482865 ] ] } },
{ "type": "Feature", "properties": { "fid": 514, "route_id": "81995", "route_short_name": "472", "route_type": 3, "route_type_name": "Bus", "geometry_method": "mixed", "n_stops_covered": 60, "n_trips_observed": 19 }, "bbox": [ -2.335005, 53.591199, -2.289472, 53.651589 ], "geometry": { "type": "LineString", "coordinates": [ [ -2.298357, 53.591199 ], [ -2.289472, 53.593758 ], [ -2.28974, 53.597773 ], [ -2.293079, 53.598837 ], [ -2.290072, 53.599436 ], [ -2.293113, 53.599348 ], [ -2.290643, 53.602061 ], [ -2.29368, 53.614587 ], [ -2.304086, 53.644886 ], [ -2.31848, 53.648771 ], [ -2.317295, 53.650824 ], [ -2.316559, 53.651589 ], [ -2.31848, 53.648771 ], [ -2.31996, 53.644866 ], [ -2.33452, 53.633404 ], [ -2.328241, 53.62446 ], [ -2.335005, 53.623815 ], [ -2.324391, 53.619152 ], [ -2.310455, 53.606741 ], [ -2.309109, 53.595054 ], [ -2.297795, 53.591701 ] ] } },
{ "type": "Feature", "properties": { "fid": 515, "route_id": "81997", "route_short_name": "524", "route_type": 3, "route_type_name": "Bus", "geometry_method": "osm_routed", "n_stops_covered": 91, "n_trips_observed": 63 }, "bbox": [ -2.426907, 53.557357, -2.294916, 53.591701 ], "geometry": { "type": "LineString", "coordinates": [ [ -2.426907, 53.576301 ], [ -2.409904, 53.562108 ], [ -2.398945, 53.557411 ], [ -2.401509, 53.557357 ], [ -2.401391, 53.557434 ], [ -2.398945, 53.557411 ], [ -2.396815, 53.55749 ], [ -2.39486, 53.55774 ], [ -2.381981, 53.561601 ], [ -2.38163, 53.560043 ], [ -2.38365, 53.560455 ], [ -2.38163, 53.560043 ], [ -2.380737, 53.560396 ], [ -2.379041, 53.562522 ], [ -2.364188, 53.561322 ], [ -2.352339, 53.564383 ], [ -2.329782, 53.563372 ], [ -2.325471, 53.559304 ], [ -2.327994, 53.558703 ], [ -2.32803, 53.558341 ], [ -2.324247, 53.559605 ], [ -2.318153, 53.563407 ], [ -2.317392, 53.563044 ], [ -2.312985, 53.566249 ], [ -2.30843, 53.565238 ], [ -2.297285, 53.573264 ], [ -2.294916, 53.572296 ], [ -2.301399, 53.588205 ], [ -2.297795, 53.591701 ] ] } },
{ "type": "Feature", "properties": { "fid": 516, "route_id": "82001", "route_short_name": "597", "route_type": 3, "route_type_name": "Bus", "geometry_method": "osm_routed", "n_stops_covered": 23, "n_trips_observed": 5 }, "bbox": [ -2.530966, 53.488258, -2.507642, 53.504103 ], "geometry": { "type": "LineString", "coordinates": [ [ -2.529942, 53.488258 ], [ -2.530966, 53.491274 ], [ -2.526348, 53.491029 ], [ -2.527119, 53.49261 ], [ -2.524133, 53.49314 ], [ -2.521137, 53.492491 ], [ -2.519113, 53.498881 ], [ -2.509557, 53.499804 ], [ -2.507642, 53.504103 ], [ -2.519113, 53.498881 ], [ -2.521137, 53.492491 ], [ -2.524133, 53.49314 ], [ -2.525004, 53.49127 ], [ -2.526348, 53.491029 ], [ -2.527852, 53.49091 ], [ -2.52812, 53.490751 ], [ -2.530966, 53.491274 ], [ -2.529942, 53.488258 ] ] } },
{ "type": "Feature", "properties": { "fid": 517, "route_id": "82003", "route_short_name": "525", "route_type": 3, "route_type_name": "Bus", "geometry_method": "osm_routed", "n_stops_covered": 55, "n_trips_observed": 7 }, "bbox": [ -2.458751, 53.575656, -2.405776, 53.601439 ], "geometry": { "type": "LineString", "coordinates": [ [ -2.426907, 53.576301 ], [ -2.426277, 53.581162 ], [ -2.427277, 53.579923 ], [ -2.428801, 53.582224 ], [ -2.430512, 53.588603 ], [ -2.435461, 53.591601 ], [ -2.451973, 53.596541 ], [ -2.452141, 53.596608 ], [ -2.453965, 53.597408 ], [ -2.455665, 53.598459 ], [ -2.458751, 53.60112 ], [ -2.452141, 53.596608 ], [ -2.438557, 53.600905 ], [ -2.41707, 53.597869 ], [ -2.416476, 53.601439 ], [ -2.414109, 53.601306 ], [ -2.41707, 53.597869 ], [ -2.415431, 53.598316 ], [ -2.410949, 53.59707 ], [ -2.409091, 53.595837 ], [ -2.407497, 53.595373 ], [ -2.405776, 53.589709 ], [ -2.410292, 53.589093 ], [ -2.407223, 53.580382 ], [ -2.420163, 53.579293 ], [ -2.423777, 53.582129 ], [ -2.42716, 53.581249 ], [ -2.428801, 53.582224 ], [ -2.43097, 53.581876 ], [ -2.433462, 53.578884 ], [ -2.42926, 53.575656 ] ] } },
{ "type": "Feature", "properties": { "fid": 518, "route_id": "82005", "route_short_name": "526", "route_type": 3, "route_type_name": "Bus", "geometry_method": "osm_routed", "n_stops_covered": 48, "n_trips_observed": 12 }, "bbox": [ -2.470069, 53.575656, -2.428801, 53.60112 ], "geometry": { "type": "LineString", "coordinates": [ [ -2.470069, 53.599756 ], [ -2.463136, 53.597694 ], [ -2.463668, 53.593681 ], [ -2.452141, 53.596608 ], [ -2.455217, 53.598536 ], [ -2.455665, 53.598459 ], [ -2.458751, 53.60112 ], [ -2.433655, 53.590672 ], [ -2.430073, 53.588456 ], [ -2.428801, 53.582224 ], [ -2.433462, 53.578884 ], [ -2.42926, 53.575656 ] ] } },
{ "type": "Feature", "properties": { "fid": 519, "route_id": "82007", "route_short_name": "594", "route_type": 3, "route_type_name": "Bus", "geometry_method": "mixed", "n_stops_covered": 61, "n_trips_observed": 6 }, "bbox": [ -2.519803, 53.49259, -2.445962, 53.513995 ], "geometry": { "type": "LineString", "coordinates": [ [ -2.519078, 53.495019 ], [ -2.519803, 53.494979 ], [ -2.519113, 53.498881 ], [ -2.51262, 53.502372 ], [ -2.508167, 53.504446 ], [ -2.509557, 53.499804 ], [ -2.494913, 53.495105 ], [ -2.493458, 53.495014 ], [ -2.492134, 53.496068 ], [ -2.476809, 53.49259 ], [ -2.470963, 53.494108 ], [ -2.467048, 53.494169 ], [ -2.463525, 53.494738 ], [ -2.46295, 53.494682 ], [ -2.462677, 53.495231 ], [ -2.461403, 53.49676 ], [ -2.460789, 53.498669 ], [ -2.459114, 53.500067 ], [ -2.46406, 53.506005 ], [ -2.460605, 53.506401 ], [ -2.459543, 53.50977 ], [ -2.458642, 53.510181 ], [ -2.456907, 53.509988 ], [ -2.454597, 53.510018 ], [ -2.449295, 53.506572 ], [ -2.445962, 53.50918 ], [ -2.446879, 53.513406 ], [ -2.467257, 53.513995 ], [ -2.46406, 53.506005 ], [ -2.460605, 53.506401 ], [ -2.458642, 53.510181 ], [ -2.449295, 53.506572 ], [ -2.46295, 53.494682 ], [ -2.476809, 53.49259 ], [ -2.494913, 53.495105 ], [ -2.509557, 53.499804 ], [ -2.508167, 53.504446 ], [ -2.519113, 53.498881 ], [ -2.51934, 53.495919 ] ] } },
{ "type": "Feature", "properties": { "fid": 520, "route_id": "82009", "route_short_name": "163", "route_type": 3, "route_type_name": "Bus", "geometry_method": "osm_routed", "n_stops_covered": 157, "n_trips_observed": 71 }, "bbox": [ -2.297795, 53.481857, -2.195277, 53.593988 ], "geometry": { "type": "LineString", "coordinates": [ [ -2.236644, 53.481857 ], [ -2.238819, 53.484778 ], [ -2.220705, 53.497695 ], [ -2.224072, 53.498742 ], [ -2.220507, 53.499645 ], [ -2.221739, 53.50231 ], [ -2.218698, 53.502483 ], [ -2.212592, 53.515496 ], [ -2.21547, 53.524153 ], [ -2.200865, 53.541089 ], [ -2.201218, 53.547343 ], [ -2.195277, 53.548396 ], [ -2.217472, 53.558909 ], [ -2.211012, 53.562453 ], [ -2.203006, 53.560783 ], [ -2.207972, 53.581527 ], [ -2.211547, 53.582537 ], [ -2.210859, 53.588883 ], [ -2.225091, 53.593988 ], [ -2.228812, 53.593382 ], [ -2.229011, 53.589047 ], [ -2.238638, 53.587522 ], [ -2.289508, 53.593649 ], [ -2.297795, 53.591701 ] ] } },
{ "type": "Feature", "properties": { "fid": 521, "route_id": "82010", "route_short_name": "507", "route_type": 3, "route_type_name": "Bus", "geometry_method": "osm_routed", "n_stops_covered": 57, "n_trips_observed": 13 }, "bbox": [ -2.433462, 53.575656, -2.376958, 53.606471 ], "geometry": { "type": "LineString", "coordinates": [ [ -2.426907, 53.576301 ], [ -2.426277, 53.581162 ], [ -2.42873, 53.5807 ], [ -2.426893, 53.581283 ], [ -2.425797, 53.581559 ], [ -2.423517, 53.58233 ], [ -2.420191, 53.58525 ], [ -2.419742, 53.585433 ], [ -2.414877, 53.58657 ], [ -2.412617, 53.588235 ], [ -2.412468, 53.588739 ], [ -2.412467, 53.590732 ], [ -2.412454, 53.591582 ], [ -2.412452, 53.591745 ], [ -2.41238, 53.592358 ], [ -2.411008, 53.596976 ], [ -2.410353, 53.598104 ], [ -2.409855, 53.598947 ], [ -2.409376, 53.599731 ], [ -2.408705, 53.600675 ], [ -2.407535, 53.601901 ], [ -2.40563, 53.603455 ], [ -2.405563, 53.603555 ], [ -2.407561, 53.606471 ], [ -2.405563, 53.603555 ], [ -2.400861, 53.606125 ], [ -2.393132, 53.604764 ], [ -2.385086, 53.601727 ], [ -2.381328, 53.600758 ], [ -2.38025, 53.599525 ], [ -2.376958, 53.597725 ], [ -2.379109, 53.596473 ], [ -2.381028, 53.596215 ], [ -2.382984, 53.594227 ], [ -2.390683, 53.594452 ], [ -2.388507, 53.600002 ], [ -2.376958, 53.597725 ], [ -2.400861, 53.606125 ], [ -2.408705, 53.600675 ], [ -2.412437, 53.588465 ], [ -2.412617, 53.588235 ], [ -2.412826, 53.588052 ], [ -2.414877, 53.58657 ], [ -2.420191, 53.58525 ], [ -2.420577, 53.581626 ], [ -2.421683, 53.583176 ], [ -2.422364, 53.581157 ], [ -2.423777, 53.582129 ], [ -2.425904, 53.581433 ], [ -2.4265, 53.581316 ], [ -2.4268, 53.581297 ], [ -2.426893, 53.581283 ], [ -2.42716, 53.581249 ], [ -2.43097, 53.581876 ], [ -2.433462, 53.578884 ], [ -2.42926, 53.575656 ] ] } },
{ "type": "Feature", "properties": { "fid": 522, "route_id": "82011", "route_short_name": "520", "route_type": 3, "route_type_name": "Bus", "geometry_method": "osm_routed", "n_stops_covered": 66, "n_trips_observed": 13 }, "bbox": [ -2.525966, 53.54839, -2.426907, 53.576301 ], "geometry": { "type": "LineString", "coordinates": [ [ -2.426907, 53.576301 ], [ -2.42961, 53.576211 ], [ -2.43176, 53.575168 ], [ -2.434195, 53.575517 ], [ -2.440734, 53.573382 ], [ -2.440649, 53.574433 ], [ -2.440089, 53.573658 ], [ -2.440649, 53.574433 ], [ -2.441333, 53.574263 ], [ -2.440734, 53.573382 ], [ -2.442273, 53.572415 ], [ -2.465287, 53.567158 ], [ -2.476333, 53.569646 ], [ -2.479841, 53.565809 ], [ -2.482247, 53.567093 ], [ -2.482197, 53.568841 ], [ -2.481697, 53.570151 ], [ -2.48245, 53.570172 ], [ -2.482695, 53.571445 ], [ -2.484857, 53.57126 ], [ -2.489298, 53.571158 ], [ -2.493487, 53.57108 ], [ -2.49412, 53.571153 ], [ -2.508154, 53.56022 ], [ -2.508617, 53.555054 ], [ -2.511752, 53.55359 ], [ -2.50991, 53.554702 ], [ -2.515779, 53.558145 ], [ -2.52415, 53.560116 ], [ -2.525966, 53.548712 ], [ -2.519838, 53.54839 ], [ -2.508617, 53.555054 ], [ -2.51065, 53.556554 ], [ -2.508154, 53.56022 ], [ -2.49412, 53.571153 ], [ -2.485403, 53.572627 ], [ -2.488071, 53.571808 ], [ -2.482553, 53.571476 ], [ -2.481689, 53.570224 ], [ -2.481697, 53.570151 ], [ -2.481727, 53.569895 ], [ -2.482197, 53.568841 ], [ -2.482247, 53.567093 ], [ -2.479841, 53.565809 ], [ -2.476333, 53.569646 ], [ -2.464704, 53.567575 ], [ -2.442273, 53.572415 ], [ -2.443383, 53.572392 ], [ -2.440734, 53.573382 ], [ -2.440649, 53.574433 ], [ -2.440734, 53.573382 ], [ -2.42926, 53.575656 ] ] } },
{ "type": "Feature", "properties": { "fid": 523, "route_id": "82013", "route_short_name": "561", "route_type": 3, "route_type_name": "Bus", "geometry_method": "osm_routed", "n_stops_covered": 42, "n_trips_observed": 12 }, "bbox": [ -2.433462, 53.575656, -2.37985, 53.590945 ], "geometry": { "type": "LineString", "coordinates": [ [ -2.426907, 53.576301 ], [ -2.426277, 53.581162 ], [ -2.42873, 53.5807 ], [ -2.426893, 53.581283 ], [ -2.425797, 53.581559 ], [ -2.423668, 53.582272 ], [ -2.423507, 53.582234 ], [ -2.423001, 53.581781 ], [ -2.422364, 53.581157 ], [ -2.421792, 53.580384 ], [ -2.419854, 53.579296 ], [ -2.407441, 53.580356 ], [ -2.409257, 53.589361 ], [ -2.39526, 53.590945 ], [ -2.390593, 53.587966 ], [ -2.386774, 53.590745 ], [ -2.381869, 53.589595 ], [ -2.386626, 53.58442 ], [ -2.37985, 53.584024 ], [ -2.386389, 53.58095 ], [ -2.416214, 53.579334 ], [ -2.416226, 53.579416 ], [ -2.419854, 53.579296 ], [ -2.420415, 53.579314 ], [ -2.421792, 53.580384 ], [ -2.423001, 53.581781 ], [ -2.423777, 53.582129 ], [ -2.425904, 53.581433 ], [ -2.4265, 53.581316 ], [ -2.4268, 53.581297 ], [ -2.426893, 53.581283 ], [ -2.42716, 53.581249 ], [ -2.43097, 53.581876 ], [ -2.433462, 53.578884 ], [ -2.42926, 53.575656 ] ] } },
{ "type": "Feature", "properties": { "fid": 524, "route_id": "82014", "route_short_name": "562", "route_type": 3, "route_type_name": "Bus", "geometry_method": "osm_routed", "n_stops_covered": 42, "n_trips_observed": 13 }, "bbox": [ -2.433462, 53.575656, -2.37985, 53.590945 ], "geometry": { "type": "LineString", "coordinates": [ [ -2.426907, 53.576301 ], [ -2.426277, 53.581162 ], [ -2.42873, 53.5807 ], [ -2.426893, 53.581283 ], [ -2.425797, 53.581559 ], [ -2.423668, 53.582272 ], [ -2.415516, 53.579442 ], [ -2.38646, 53.581042 ], [ -2.37985, 53.584024 ], [ -2.386189, 53.585088 ], [ -2.381869, 53.589595 ], [ -2.386774, 53.590745 ], [ -2.390593, 53.587966 ], [ -2.39526, 53.590945 ], [ -2.409257, 53.589361 ], [ -2.407223, 53.580382 ], [ -2.413097, 53.579595 ], [ -2.415516, 53.579442 ], [ -2.416226, 53.579416 ], [ -2.416214, 53.579334 ], [ -2.420163, 53.579293 ], [ -2.423777, 53.582129 ], [ -2.425904, 53.581433 ], [ -2.4265, 53.581316 ], [ -2.4268, 53.581297 ], [ -2.426893, 53.581283 ], [ -2.42716, 53.581249 ], [ -2.43097, 53.581876 ], [ -2.433462, 53.578884 ], [ -2.42926, 53.575656 ] ] } },
{ "type": "Feature", "properties": { "fid": 525, "route_id": "82015", "route_short_name": "575", "route_type": 3, "route_type_name": "Bus", "geometry_method": "mixed", "n_stops_covered": 150, "n_trips_observed": 37 }, "bbox": [ -2.637152, 53.545729, -2.426277, 53.601927 ], "geometry": { "type": "LineString", "coordinates": [ [ -2.426907, 53.576301 ], [ -2.426277, 53.581162 ], [ -2.430253, 53.58192 ], [ -2.493831, 53.578968 ], [ -2.517733, 53.58228 ], [ -2.541991, 53.592588 ], [ -2.554359, 53.601927 ], [ -2.569682, 53.58947 ], [ -2.59159, 53.600919 ], [ -2.567069, 53.579598 ], [ -2.585099, 53.567714 ], [ -2.592023, 53.573934 ], [ -2.591538, 53.566692 ], [ -2.603428, 53.558046 ], [ -2.614523, 53.554589 ], [ -2.617051, 53.551597 ], [ -2.613978, 53.550246 ], [ -2.625459, 53.545729 ], [ -2.632149, 53.549527 ], [ -2.637152, 53.547503 ], [ -2.635117, 53.547391 ] ] } },
{ "type": "Feature", "properties": { "fid": 526, "route_id": "82016", "route_short_name": "907", "route_type": 3, "route_type_name": "Bus", "geometry_method": "mixed", "n_stops_covered": 69, "n_trips_observed": 1 }, "bbox": [ -2.519128, 53.496521, -2.407223, 53.601901 ], "geometry": { "type": "LineString", "coordinates": [ [ -2.407535, 53.601901 ], [ -2.412468, 53.588739 ], [ -2.407494, 53.585468 ], [ -2.407223, 53.580382 ], [ -2.423239, 53.574352 ], [ -2.424567, 53.574724 ], [ -2.427443, 53.574015 ], [ -2.427574, 53.574007 ], [ -2.419852, 53.565494 ], [ -2.420671, 53.549058 ], [ -2.411577, 53.547941 ], [ -2.468933, 53.549932 ], [ -2.473181, 53.529841 ], [ -2.505477, 53.519697 ], [ -2.518457, 53.508138 ], [ -2.519128, 53.496521 ] ] } },
{ "type": "Feature", "properties": { "fid": 527, "route_id": "82018", "route_short_name": "990", "route_type": 3, "route_type_name": "Bus", "geometry_method": "osm_routed", "n_stops_covered": 34, "n_trips_observed": 1 }, "bbox": [ -2.547089, 53.497219, -2.482127, 53.53397 ], "geometry": { "type": "LineString", "coordinates": [ [ -2.528426, 53.513896 ], [ -2.532075, 53.516772 ], [ -2.53044, 53.522558 ], [ -2.543358, 53.52292 ], [ -2.547089, 53.515515 ], [ -2.53651, 53.506637 ], [ -2.53216, 53.497843 ], [ -2.527841, 53.497219 ], [ -2.509091, 53.523381 ], [ -2.489232, 53.52462 ], [ -2.490473, 53.529429 ], [ -2.50141, 53.53397 ], [ -2.48627, 53.533671 ], [ -2.482127, 53.530924 ] ] } },
{ "type": "Feature", "properties": { "fid": 528, "route_id": "82019", "route_short_name": "X22", "route_type": 3, "route_type_name": "Bus", "geometry_method": "osm_routed", "n_stops_covered": 0, "n_trips_observed": 0 }, "bbox": [ -2.42926, 53.464758, -2.349791, 53.575656 ], "geometry": { "type": "LineString", "coordinates": [ [ -2.352077, 53.468516 ], [ -2.354438, 53.467793 ], [ -2.356419, 53.464758 ], [ -2.357146, 53.464895 ], [ -2.354209, 53.468451 ], [ -2.349791, 53.47065 ], [ -2.377516, 53.497376 ], [ -2.386868, 53.502146 ], [ -2.3877, 53.509493 ], [ -2.396667, 53.51824 ], [ -2.400556, 53.530598 ], [ -2.399568, 53.546769 ], [ -2.403232, 53.550363 ], [ -2.401883, 53.557824 ], [ -2.419669, 53.575508 ], [ -2.42926, 53.575656 ] ] } },
{ "type": "Feature", "properties": { "fid": 529, "route_id": "82020", "route_short_name": "501", "route_type": 3, "route_type_name": "Bus", "geometry_method": "osm_routed", "n_stops_covered": 123, "n_trips_observed": 50 }, "bbox": [ -2.483656, 53.547298, -2.394309, 53.597046 ], "geometry": { "type": "LineString", "coordinates": [ [ -2.472954, 53.597046 ], [ -2.483656, 53.592947 ], [ -2.475042, 53.590328 ], [ -2.435824, 53.59172 ], [ -2.437363, 53.58165 ], [ -2.43097, 53.581876 ], [ -2.433462, 53.578884 ], [ -2.431723, 53.576012 ], [ -2.428908, 53.576299 ], [ -2.427236, 53.574139 ], [ -2.424379, 53.574891 ], [ -2.425629, 53.576649 ], [ -2.428908, 53.576299 ], [ -2.42696, 53.572811 ], [ -2.411529, 53.559345 ], [ -2.4303, 53.553181 ], [ -2.427609, 53.548233 ], [ -2.437981, 53.548373 ], [ -2.411114, 53.547298 ], [ -2.402213, 53.548953 ], [ -2.398887, 53.552646 ], [ -2.394309, 53.548874 ] ] } },
{ "type": "Feature", "properties": { "fid": 530, "route_id": "82021", "route_short_name": "511", "route_type": 3, "route_type_name": "Bus", "geometry_method": "mixed", "n_stops_covered": 119, "n_trips_observed": 15 }, "bbox": [ -2.426907, 53.568794, -2.297795, 53.601243 ], "geometry": { "type": "LineString", "coordinates": [ [ -2.426907, 53.576301 ], [ -2.41827, 53.576531 ], [ -2.402762, 53.568794 ], [ -2.395686, 53.57063 ], [ -2.392905, 53.578996 ], [ -2.377242, 53.572239 ], [ -2.374998, 53.579091 ], [ -2.392985, 53.580804 ], [ -2.389782, 53.586269 ], [ -2.391871, 53.588225 ], [ -2.381869, 53.589595 ], [ -2.381995, 53.585044 ], [ -2.371362, 53.58891 ], [ -2.341174, 53.589793 ], [ -2.339142, 53.601243 ], [ -2.325443, 53.600775 ], [ -2.297795, 53.591701 ] ] } },
{ "type": "Feature", "properties": { "fid": 531, "route_id": "82022", "route_short_name": "513", "route_type": 3, "route_type_name": "Bus", "geometry_method": "osm_routed", "n_stops_covered": 98, "n_trips_observed": 12 }, "bbox": [ -2.395392, 53.540847, -2.297259, 53.591701 ], "geometry": { "type": "LineString", "coordinates": [ [ -2.395392, 53.548516 ], [ -2.381602, 53.542242 ], [ -2.370816, 53.545906 ], [ -2.366198, 53.546083 ], [ -2.361764, 53.54566 ], [ -2.36195, 53.545387 ], [ -2.360347, 53.542524 ], [ -2.360531, 53.541299 ], [ -2.360715, 53.541243 ], [ -2.362194, 53.545699 ], [ -2.361764, 53.54566 ], [ -2.361341, 53.545654 ], [ -2.358483, 53.545907 ], [ -2.351664, 53.548314 ], [ -2.322473, 53.54819 ], [ -2.307559, 53.540847 ], [ -2.297962, 53.546889 ], [ -2.300918, 53.549451 ], [ -2.297259, 53.553306 ], [ -2.326257, 53.558905 ], [ -2.319157, 53.562632 ], [ -2.319914, 53.565836 ], [ -2.307113, 53.57887 ], [ -2.302735, 53.577927 ], [ -2.305911, 53.579568 ], [ -2.298927, 53.583096 ], [ -2.301375, 53.588816 ], [ -2.297795, 53.591701 ] ] } },
{ "type": "Feature", "properties": { "fid": 532, "route_id": "82023", "route_short_name": "516", "route_type": 3, "route_type_name": "Bus", "geometry_method": "mixed", "n_stops_covered": 146, "n_trips_observed": 12 }, "bbox": [ -2.554576, 53.495919, -2.498053, 53.605709 ], "geometry": { "type": "LineString", "coordinates": [ [ -2.51934, 53.495919 ], [ -2.51828, 53.508397 ], [ -2.498053, 53.523379 ], [ -2.500227, 53.524912 ], [ -2.503895, 53.524934 ], [ -2.502259, 53.524737 ], [ -2.503895, 53.524934 ], [ -2.508263, 53.523567 ], [ -2.507717, 53.522812 ], [ -2.505466, 53.524175 ], [ -2.507717, 53.522812 ], [ -2.513257, 53.522289 ], [ -2.517036, 53.522654 ], [ -2.516166, 53.54243 ], [ -2.529044, 53.543597 ], [ -2.525943, 53.548833 ], [ -2.520888, 53.548719 ], [ -2.525966, 53.548712 ], [ -2.525455, 53.54856 ], [ -2.525966, 53.548712 ], [ -2.525943, 53.548833 ], [ -2.52364, 53.55224 ], [ -2.524317, 53.560192 ], [ -2.541832, 53.566049 ], [ -2.538109, 53.56848 ], [ -2.544954, 53.573526 ], [ -2.549519, 53.570927 ], [ -2.541832, 53.566049 ], [ -2.528676, 53.572495 ], [ -2.526832, 53.580733 ], [ -2.534031, 53.577533 ], [ -2.541671, 53.58215 ], [ -2.535839, 53.578798 ], [ -2.529472, 53.580629 ], [ -2.53341, 53.584098 ], [ -2.527248, 53.581694 ], [ -2.522492, 53.588261 ], [ -2.525096, 53.59135 ], [ -2.531816, 53.590609 ], [ -2.529059, 53.587311 ], [ -2.535926, 53.590163 ], [ -2.54272, 53.59526 ], [ -2.541653, 53.598811 ], [ -2.554576, 53.602789 ], [ -2.547192, 53.605709 ] ] } },
{ "type": "Feature", "properties": { "fid": 533, "route_id": "82024", "route_short_name": "521", "route_type": 3, "route_type_name": "Bus", "geometry_method": "mixed", "n_stops_covered": 153, "n_trips_observed": 20 }, "bbox": [ -2.589085, 53.537502, -2.363891, 53.595334 ], "geometry": { "type": "LineString", "coordinates": [ [ -2.369247, 53.561285 ], [ -2.364078, 53.560638 ], [ -2.366712, 53.557448 ], [ -2.363891, 53.557965 ], [ -2.366712, 53.557448 ], [ -2.367881, 53.557243 ], [ -2.373147, 53.563113 ], [ -2.401307, 53.557145 ], [ -2.393897, 53.549061 ], [ -2.400119, 53.547709 ], [ -2.399997, 53.539516 ], [ -2.412786, 53.54022 ], [ -2.417401, 53.543281 ], [ -2.421176, 53.554927 ], [ -2.430736, 53.552835 ], [ -2.427609, 53.548233 ], [ -2.452189, 53.549441 ], [ -2.448444, 53.545217 ], [ -2.452455, 53.540723 ], [ -2.454024, 53.541395 ], [ -2.457049, 53.537502 ], [ -2.452455, 53.540723 ], [ -2.452923, 53.543832 ], [ -2.4501, 53.544331 ], [ -2.467613, 53.549906 ], [ -2.473674, 53.54778 ], [ -2.498025, 53.550743 ], [ -2.515866, 53.546695 ], [ -2.525966, 53.548712 ], [ -2.524317, 53.560192 ], [ -2.54091, 53.56554 ], [ -2.568472, 53.580318 ], [ -2.575978, 53.590793 ], [ -2.589085, 53.593682 ], [ -2.587588, 53.595334 ] ] } },
{ "type": "Feature", "properties": { "fid": 534, "route_id": "82025", "route_short_name": "527", "route_type": 3, "route_type_name": "Bus", "geometry_method": "osm_routed", "n_stops_covered": 54, "n_trips_observed": 7 }, "bbox": [ -2.458751, 53.575656, -2.40592, 53.601463 ], "geometry": { "type": "LineString", "coordinates": [ [ -2.426907, 53.576301 ], [ -2.426277, 53.581162 ], [ -2.42873, 53.5807 ], [ -2.423668, 53.582272 ], [ -2.419854, 53.579296 ], [ -2.407441, 53.580356 ], [ -2.410292, 53.589093 ], [ -2.40592, 53.589664 ], [ -2.409341, 53.595019 ], [ -2.411859, 53.594266 ], [ -2.410321, 53.596818 ], [ -2.41707, 53.597869 ], [ -2.416476, 53.601439 ], [ -2.414109, 53.601306 ], [ -2.415759, 53.597759 ], [ -2.41707, 53.597869 ], [ -2.420157, 53.598117 ], [ -2.425133, 53.598677 ], [ -2.435045, 53.601463 ], [ -2.434789, 53.600835 ], [ -2.438649, 53.600761 ], [ -2.44678, 53.598326 ], [ -2.44668, 53.598295 ], [ -2.451778, 53.596575 ], [ -2.451973, 53.596541 ], [ -2.452141, 53.596608 ], [ -2.453965, 53.597408 ], [ -2.455217, 53.598536 ], [ -2.455665, 53.598459 ], [ -2.458751, 53.60112 ], [ -2.455665, 53.598459 ], [ -2.453965, 53.597408 ], [ -2.452141, 53.596608 ], [ -2.451778, 53.596575 ], [ -2.442072, 53.593808 ], [ -2.435461, 53.591601 ], [ -2.430073, 53.588456 ], [ -2.428801, 53.582224 ], [ -2.433462, 53.578884 ], [ -2.42926, 53.575656 ] ] } },
{ "type": "Feature", "properties": { "fid": 535, "route_id": "82026", "route_short_name": "534", "route_type": 3, "route_type_name": "Bus", "geometry_method": "osm_routed", "n_stops_covered": 37, "n_trips_observed": 35 }, "bbox": [ -2.446107, 53.575656, -2.428801, 53.605886 ], "geometry": { "type": "LineString", "coordinates": [ [ -2.446107, 53.605886 ], [ -2.432586, 53.602324 ], [ -2.428801, 53.582224 ], [ -2.433462, 53.578884 ], [ -2.42926, 53.575656 ] ] } },
{ "type": "Feature", "properties": { "fid": 536, "route_id": "82027", "route_short_name": "537", "route_type": 3, "route_type_name": "Bus", "geometry_method": "mixed", "n_stops_covered": 43, "n_trips_observed": 15 }, "bbox": [ -2.432895, 53.576301, -2.420437, 53.613433 ], "geometry": { "type": "LineString", "coordinates": [ [ -2.426907, 53.576301 ], [ -2.430316, 53.589419 ], [ -2.423851, 53.592006 ], [ -2.425377, 53.596015 ], [ -2.432012, 53.596004 ], [ -2.432895, 53.600955 ], [ -2.432116, 53.604047 ], [ -2.420437, 53.605629 ], [ -2.42107, 53.609492 ], [ -2.430947, 53.609056 ], [ -2.432393, 53.612375 ], [ -2.425963, 53.613433 ] ] } },
{ "type": "Feature", "properties": { "fid": 537, "route_id": "82028", "route_short_name": "541", "route_type": 3, "route_type_name": "Bus", "geometry_method": "osm_routed", "n_stops_covered": 52, "n_trips_observed": 14 }, "bbox": [ -2.433462, 53.575656, -2.405563, 53.619929 ], "geometry": { "type": "LineString", "coordinates": [ [ -2.426907, 53.576301 ], [ -2.426277, 53.581162 ], [ -2.42873, 53.5807 ], [ -2.426893, 53.581283 ], [ -2.425797, 53.581559 ], [ -2.423517, 53.58233 ], [ -2.420191, 53.58525 ], [ -2.419742, 53.585433 ], [ -2.414877, 53.58657 ], [ -2.412617, 53.588235 ], [ -2.412468, 53.588739 ], [ -2.412467, 53.590732 ], [ -2.412454, 53.591582 ], [ -2.412452, 53.591745 ], [ -2.41238, 53.592358 ], [ -2.411008, 53.596976 ], [ -2.410353, 53.598104 ], [ -2.409855, 53.598947 ], [ -2.409376, 53.599731 ], [ -2.408705, 53.600675 ], [ -2.407535, 53.601901 ], [ -2.40563, 53.603455 ], [ -2.405563, 53.603555 ], [ -2.405883, 53.604219 ], [ -2.408215, 53.607397 ], [ -2.408938, 53.610314 ], [ -2.410897, 53.612068 ], [ -2.411929, 53.612174 ], [ -2.410925, 53.614173 ], [ -2.416782, 53.614243 ], [ -2.422863, 53.619929 ], [ -2.427248, 53.618353 ], [ -2.417239, 53.61421 ], [ -2.416782, 53.614243 ], [ -2.411377, 53.614187 ], [ -2.410894, 53.614249 ], [ -2.410925, 53.614173 ], [ -2.411929, 53.612174 ], [ -2.405563, 53.603555 ], [ -2.407535, 53.601901 ], [ -2.408705, 53.600675 ], [ -2.411008, 53.596976 ], [ -2.412377, 53.59237 ], [ -2.41238, 53.592358 ], [ -2.412452, 53.591745 ], [ -2.412437, 53.588465 ], [ -2.412617, 53.588235 ], [ -2.412826, 53.588052 ], [ -2.414877, 53.58657 ], [ -2.420191, 53.58525 ], [ -2.420577, 53.581626 ], [ -2.421683, 53.583176 ], [ -2.422364, 53.581157 ], [ -2.423777, 53.582129 ], [ -2.425904, 53.581433 ], [ -2.4265, 53.581316 ], [ -2.4268, 53.581297 ], [ -2.426893, 53.581283 ], [ -2.42716, 53.581249 ], [ -2.43097, 53.581876 ], [ -2.433462, 53.578884 ], [ -2.42926, 53.575656 ] ] } },
{ "type": "Feature", "properties": { "fid": 538, "route_id": "82029", "route_short_name": "557", "route_type": 3, "route_type_name": "Bus", "geometry_method": "osm_routed", "n_stops_covered": 0, "n_trips_observed": 0 }, "bbox": [ -2.4303, 53.54197, -2.361058, 53.555742 ], "geometry": { "type": "LineString", "coordinates": [ [ -2.4303, 53.553181 ], [ -2.400681, 53.555742 ], [ -2.396023, 53.550662 ], [ -2.390396, 53.551057 ], [ -2.394012, 53.549145 ], [ -2.389212, 53.544373 ], [ -2.381602, 53.542242 ], [ -2.366198, 53.546083 ], [ -2.361764, 53.54566 ], [ -2.361058, 53.54197 ] ] } },
{ "type": "Feature", "properties": { "fid": 539, "route_id": "82030", "route_short_name": "571", "route_type": 3, "route_type_name": "Bus", "geometry_method": "osm_routed", "n_stops_covered": 25, "n_trips_observed": 12 }, "bbox": [ -2.441847, 53.558147, -2.426856, 53.576301 ], "geometry": { "type": "LineString", "coordinates": [ [ -2.426907, 53.576301 ], [ -2.428908, 53.576299 ], [ -2.426856, 53.572746 ], [ -2.431176, 53.569592 ], [ -2.430454, 53.568947 ], [ -2.429627, 53.568199 ], [ -2.429022, 53.567648 ], [ -2.428089, 53.566814 ], [ -2.428427, 53.560044 ], [ -2.440857, 53.558653 ], [ -2.440713, 53.558147 ], [ -2.439949, 53.558241 ], [ -2.440857, 53.558653 ], [ -2.441847, 53.565056 ], [ -2.429022, 53.567648 ], [ -2.431176, 53.569592 ], [ -2.427085, 53.572768 ], [ -2.431469, 53.575441 ], [ -2.42926, 53.575656 ] ] } },
{ "type": "Feature", "properties": { "fid": 540, "route_id": "82031", "route_short_name": "572", "route_type": 3, "route_type_name": "Bus", "geometry_method": "osm_routed", "n_stops_covered": 25, "n_trips_observed": 12 }, "bbox": [ -2.444323, 53.558653, -2.426856, 53.576301 ], "geometry": { "type": "LineString", "coordinates": [ [ -2.426907, 53.576301 ], [ -2.428908, 53.576299 ], [ -2.426856, 53.572746 ], [ -2.431176, 53.569592 ], [ -2.430429, 53.567872 ], [ -2.429022, 53.567648 ], [ -2.441847, 53.565056 ], [ -2.440963, 53.560304 ], [ -2.444323, 53.559621 ], [ -2.44245, 53.561922 ], [ -2.444323, 53.559621 ], [ -2.440857, 53.558653 ], [ -2.428427, 53.560044 ], [ -2.428089, 53.566814 ], [ -2.431176, 53.569592 ], [ -2.427088, 53.572719 ], [ -2.431469, 53.575441 ], [ -2.42926, 53.575656 ] ] } },
{ "type": "Feature", "properties": { "fid": 541, "route_id": "82032", "route_short_name": "583", "route_type": 3, "route_type_name": "Bus", "geometry_method": "mixed", "n_stops_covered": 123, "n_trips_observed": 14 }, "bbox": [ -2.535025, 53.495919, -2.465661, 53.5348 ], "geometry": { "type": "LineString", "coordinates": [ [ -2.465661, 53.513138 ], [ -2.473979, 53.515818 ], [ -2.472174, 53.518191 ], [ -2.467387, 53.52033 ], [ -2.466844, 53.521458 ], [ -2.468293, 53.523639 ], [ -2.470074, 53.523429 ], [ -2.469441, 53.524041 ], [ -2.469997, 53.524567 ], [ -2.471039, 53.523818 ], [ -2.470095, 53.523863 ], [ -2.470074, 53.523429 ], [ -2.469226, 53.522243 ], [ -2.467456, 53.522357 ], [ -2.466844, 53.521458 ], [ -2.466104, 53.521075 ], [ -2.473979, 53.515818 ], [ -2.492989, 53.52417 ], [ -2.488797, 53.524718 ], [ -2.479354, 53.528424 ], [ -2.478185, 53.530816 ], [ -2.499025, 53.5348 ], [ -2.502001, 53.528312 ], [ -2.493868, 53.530663 ], [ -2.487937, 53.526019 ], [ -2.493, 53.525235 ], [ -2.495954, 53.522787 ], [ -2.501158, 53.525027 ], [ -2.53044, 53.522558 ], [ -2.526501, 53.52256 ], [ -2.530436, 53.517159 ], [ -2.531886, 53.517279 ], [ -2.535025, 53.516732 ], [ -2.534554, 53.514677 ], [ -2.530436, 53.517159 ], [ -2.523221, 53.504523 ], [ -2.518101, 53.504482 ], [ -2.51934, 53.495919 ] ] } },
{ "type": "Feature", "properties": { "fid": 542, "route_id": "82033", "route_short_name": "584", "route_type": 3, "route_type_name": "Bus", "geometry_method": "osm_routed", "n_stops_covered": 33, "n_trips_observed": 6 }, "bbox": [ -2.578119, 53.493566, -2.51934, 53.498509 ], "geometry": { "type": "LineString", "coordinates": [ [ -2.51934, 53.495919 ], [ -2.538237, 53.498156 ], [ -2.549145, 53.494312 ], [ -2.55167, 53.494085 ], [ -2.553167, 53.494 ], [ -2.556483, 53.493566 ], [ -2.558526, 53.494224 ], [ -2.559059, 53.49477 ], [ -2.56689, 53.494772 ], [ -2.566916, 53.494857 ], [ -2.567806, 53.494864 ], [ -2.56689, 53.494772 ], [ -2.578119, 53.496681 ], [ -2.559059, 53.49477 ], [ -2.556483, 53.493566 ], [ -2.544795, 53.497446 ], [ -2.542907, 53.497227 ], [ -2.540237, 53.497957 ], [ -2.538237, 53.498156 ], [ -2.536599, 53.498237 ], [ -2.532327, 53.497796 ], [ -2.532041, 53.498203 ], [ -2.533858, 53.498509 ], [ -2.526216, 53.498127 ], [ -2.51934, 53.495919 ] ] } },
{ "type": "Feature", "properties": { "fid": 543, "route_id": "82034", "route_short_name": "588", "route_type": 3, "route_type_name": "Bus", "geometry_method": "osm_routed", "n_stops_covered": 37, "n_trips_observed": 6 }, "bbox": [ -2.580518, 53.47772, -2.51934, 53.498509 ], "geometry": { "type": "LineString", "coordinates": [ [ -2.51934, 53.495919 ], [ -2.522614, 53.495207 ], [ -2.536599, 53.498237 ], [ -2.549145, 53.494312 ], [ -2.55167, 53.494085 ], [ -2.553167, 53.494 ], [ -2.556483, 53.493566 ], [ -2.559141, 53.494191 ], [ -2.556483, 53.493566 ], [ -2.565978, 53.489315 ], [ -2.567916, 53.481267 ], [ -2.580518, 53.481159 ], [ -2.576601, 53.47772 ], [ -2.567916, 53.481267 ], [ -2.565978, 53.489315 ], [ -2.556483, 53.493566 ], [ -2.559141, 53.494191 ], [ -2.549145, 53.494312 ], [ -2.544795, 53.497446 ], [ -2.536599, 53.498237 ], [ -2.532327, 53.497796 ], [ -2.532041, 53.498203 ], [ -2.533858, 53.498509 ], [ -2.526216, 53.498127 ], [ -2.51934, 53.495919 ] ] } },
{ "type": "Feature", "properties": { "fid": 544, "route_id": "82035", "route_short_name": "613", "route_type": 3, "route_type_name": "Bus", "geometry_method": "mixed", "n_stops_covered": 55, "n_trips_observed": 10 }, "bbox": [ -2.653424, 53.545729, -2.595086, 53.558654 ], "geometry": { "type": "LineString", "coordinates": [ [ -2.595673, 53.557729 ], [ -2.595086, 53.554669 ], [ -2.602764, 53.557519 ], [ -2.60239, 53.55443 ], [ -2.610181, 53.553028 ], [ -2.60937, 53.556987 ], [ -2.611598, 53.556361 ], [ -2.614523, 53.554589 ], [ -2.614975, 53.554202 ], [ -2.61549, 53.553666 ], [ -2.616024, 53.553089 ], [ -2.621481, 53.555098 ], [ -2.619366, 53.556622 ], [ -2.621481, 53.555098 ], [ -2.616024, 53.553089 ], [ -2.614119, 53.55379 ], [ -2.613749, 53.549533 ], [ -2.625459, 53.545729 ], [ -2.632149, 53.549527 ], [ -2.637152, 53.547503 ], [ -2.635609, 53.545791 ], [ -2.648057, 53.550065 ], [ -2.648112, 53.55551 ], [ -2.653424, 53.558654 ] ] } },
{ "type": "Feature", "properties": { "fid": 545, "route_id": "82037", "route_short_name": "635", "route_type": 3, "route_type_name": "Bus", "geometry_method": "mixed", "n_stops_covered": 70, "n_trips_observed": 18 }, "bbox": [ -2.724643, 53.546533, -2.634019, 53.592038 ], "geometry": { "type": "LineString", "coordinates": [ [ -2.634019, 53.546533 ], [ -2.636771, 53.546788 ], [ -2.637132, 53.547289 ], [ -2.637152, 53.547503 ], [ -2.634031, 53.548644 ], [ -2.638709, 53.55164 ], [ -2.648369, 53.55188 ], [ -2.649465, 53.552346 ], [ -2.651275, 53.552371 ], [ -2.653765, 53.552794 ], [ -2.666145, 53.558923 ], [ -2.663145, 53.558147 ], [ -2.66548, 53.561258 ], [ -2.670789, 53.56096 ], [ -2.674543, 53.561742 ], [ -2.675408, 53.562504 ], [ -2.674699, 53.562348 ], [ -2.675103, 53.563589 ], [ -2.675036, 53.563816 ], [ -2.674797, 53.564606 ], [ -2.675036, 53.563816 ], [ -2.674627, 53.563544 ], [ -2.674699, 53.562348 ], [ -2.684221, 53.571592 ], [ -2.68542, 53.571991 ], [ -2.685675, 53.572857 ], [ -2.684617, 53.573459 ], [ -2.682863, 53.572987 ], [ -2.688776, 53.574824 ], [ -2.694888, 53.570523 ], [ -2.697154, 53.571018 ], [ -2.699192, 53.571269 ], [ -2.708524, 53.574552 ], [ -2.708433, 53.573428 ], [ -2.708524, 53.574552 ], [ -2.710081, 53.575981 ], [ -2.710469, 53.577042 ], [ -2.710702, 53.578501 ], [ -2.711302, 53.57944 ], [ -2.715432, 53.578856 ], [ -2.718493, 53.578114 ], [ -2.721686, 53.577841 ], [ -2.721647, 53.578616 ], [ -2.720754, 53.583714 ], [ -2.720773, 53.584476 ], [ -2.724643, 53.592038 ], [ -2.709538, 53.591304 ], [ -2.724643, 53.592038 ], [ -2.720773, 53.584476 ], [ -2.720331, 53.578445 ], [ -2.721686, 53.577841 ], [ -2.718493, 53.578114 ], [ -2.711302, 53.57944 ], [ -2.710702, 53.578501 ], [ -2.710081, 53.575981 ], [ -2.709393, 53.575013 ], [ -2.708524, 53.574552 ], [ -2.699192, 53.571269 ], [ -2.694888, 53.570523 ], [ -2.688776, 53.574824 ], [ -2.682863, 53.572987 ], [ -2.685675, 53.572857 ], [ -2.68542, 53.571991 ], [ -2.674699, 53.562348 ], [ -2.675103, 53.563589 ], [ -2.675036, 53.563816 ], [ -2.674797, 53.564606 ], [ -2.675036, 53.563816 ], [ -2.674699, 53.562348 ], [ -2.675408, 53.562504 ], [ -2.674543, 53.561742 ], [ -2.663987, 53.562004 ], [ -2.653765, 53.552794 ], [ -2.638709, 53.55164 ], [ -2.634031, 53.548644 ], [ -2.637152, 53.547503 ], [ -2.635117, 53.547391 ] ] } },
{ "type": "Feature", "properties": { "fid": 546, "route_id": "82038", "route_short_name": "640", "route_type": 3, "route_type_name": "Bus", "geometry_method": "osm_routed", "n_stops_covered": 84, "n_trips_observed": 4 }, "bbox": [ -2.709613, 53.535471, -2.632113, 53.596623 ], "geometry": { "type": "LineString", "coordinates": [ [ -2.634019, 53.546533 ], [ -2.635609, 53.545791 ], [ -2.636771, 53.546788 ], [ -2.637152, 53.547503 ], [ -2.632467, 53.549888 ], [ -2.635264, 53.563044 ], [ -2.632113, 53.564184 ], [ -2.645191, 53.574641 ], [ -2.640735, 53.572767 ], [ -2.637646, 53.57668 ], [ -2.634428, 53.596403 ], [ -2.645583, 53.596623 ], [ -2.662242, 53.588783 ], [ -2.668568, 53.589822 ], [ -2.657796, 53.587431 ], [ -2.656044, 53.583936 ], [ -2.701623, 53.592343 ], [ -2.709613, 53.591608 ], [ -2.701623, 53.592343 ], [ -2.686151, 53.587718 ], [ -2.687117, 53.576059 ], [ -2.694536, 53.571147 ], [ -2.69425, 53.562084 ], [ -2.703919, 53.546587 ], [ -2.694629, 53.549982 ], [ -2.685841, 53.550622 ], [ -2.684332, 53.548116 ], [ -2.688088, 53.544326 ], [ -2.684136, 53.541199 ], [ -2.685018, 53.53648 ], [ -2.683919, 53.536191 ], [ -2.68475, 53.535715 ], [ -2.676288, 53.535471 ], [ -2.67065, 53.53572 ], [ -2.665802, 53.545005 ], [ -2.635322, 53.540924 ], [ -2.632766, 53.544785 ], [ -2.635609, 53.545791 ], [ -2.636771, 53.546788 ], [ -2.635117, 53.547391 ] ] } },
{ "type": "Feature", "properties": { "fid": 547, "route_id": "82039", "route_short_name": "641", "route_type": 3, "route_type_name": "Bus", "geometry_method": "osm_routed", "n_stops_covered": 82, "n_trips_observed": 5 }, "bbox": [ -2.709613, 53.535468, -2.632113, 53.596623 ], "geometry": { "type": "LineString", "coordinates": [ [ -2.634019, 53.546533 ], [ -2.634314, 53.543539 ], [ -2.645229, 53.540788 ], [ -2.659522, 53.54608 ], [ -2.66584, 53.544941 ], [ -2.67065, 53.53572 ], [ -2.677021, 53.535468 ], [ -2.68475, 53.535715 ], [ -2.684001, 53.542856 ], [ -2.688088, 53.544326 ], [ -2.684332, 53.548116 ], [ -2.685841, 53.550622 ], [ -2.703919, 53.546587 ], [ -2.69425, 53.562084 ], [ -2.695174, 53.569981 ], [ -2.687117, 53.576059 ], [ -2.685607, 53.58336 ], [ -2.686678, 53.587125 ], [ -2.69153, 53.589157 ], [ -2.693392, 53.589339 ], [ -2.695141, 53.58958 ], [ -2.696527, 53.590085 ], [ -2.696886, 53.59028 ], [ -2.696841, 53.590433 ], [ -2.695209, 53.59029 ], [ -2.6936, 53.589962 ], [ -2.701623, 53.592343 ], [ -2.709613, 53.591608 ], [ -2.701623, 53.592343 ], [ -2.686307, 53.589721 ], [ -2.670803, 53.584898 ], [ -2.667277, 53.585298 ], [ -2.664133, 53.586538 ], [ -2.662049, 53.587131 ], [ -2.657796, 53.587431 ], [ -2.656044, 53.583936 ], [ -2.661293, 53.584443 ], [ -2.661301, 53.584964 ], [ -2.664081, 53.586487 ], [ -2.664133, 53.586538 ], [ -2.66447, 53.58683 ], [ -2.664579, 53.586907 ], [ -2.666855, 53.588397 ], [ -2.668568, 53.589822 ], [ -2.662242, 53.588783 ], [ -2.645583, 53.596623 ], [ -2.634428, 53.596403 ], [ -2.637316, 53.577387 ], [ -2.636369, 53.579304 ], [ -2.637646, 53.57668 ], [ -2.637786, 53.576477 ], [ -2.640926, 53.57449 ], [ -2.632113, 53.564184 ], [ -2.635264, 53.563044 ], [ -2.632149, 53.549527 ], [ -2.637152, 53.547503 ], [ -2.635117, 53.547391 ] ] } },
{ "type": "Feature", "properties": { "fid": 548, "route_id": "82040", "route_short_name": "984", "route_type": 3, "route_type_name": "Bus", "geometry_method": "osm_routed", "n_stops_covered": 0, "n_trips_observed": 0 }, "bbox": [ -2.518106, 53.492097, -2.463525, 53.495213 ], "geometry": { "type": "LineString", "coordinates": [ [ -2.463525, 53.494738 ], [ -2.476809, 53.49259 ], [ -2.494626, 53.495213 ], [ -2.498793, 53.492097 ], [ -2.518106, 53.49488 ] ] } },
{ "type": "Feature", "properties": { "fid": 549, "route_id": "82042", "route_short_name": "596", "route_type": 3, "route_type_name": "Bus", "geometry_method": "osm_routed", "n_stops_covered": 28, "n_trips_observed": 3 }, "bbox": [ -2.527118, 53.479906, -2.5089, 53.497372 ], "geometry": { "type": "LineString", "coordinates": [ [ -2.518106, 53.49488 ], [ -2.51884, 53.497372 ], [ -2.51276, 53.49651 ], [ -2.5089, 53.495165 ], [ -2.510063, 53.49122 ], [ -2.510814, 53.490315 ], [ -2.512045, 53.490443 ], [ -2.512779, 53.490474 ], [ -2.515803, 53.489555 ], [ -2.522987, 53.489528 ], [ -2.51842, 53.484061 ], [ -2.521621, 53.482014 ], [ -2.521687, 53.481231 ], [ -2.514931, 53.480885 ], [ -2.516796, 53.482588 ], [ -2.514931, 53.480885 ], [ -2.516074, 53.479906 ], [ -2.527118, 53.482359 ], [ -2.522987, 53.489528 ], [ -2.510063, 53.49122 ], [ -2.509457, 53.495295 ], [ -2.518106, 53.49488 ] ] } },
{ "type": "Feature", "properties": { "fid": 550, "route_id": "82408", "route_short_name": "939", "route_type": 3, "route_type_name": "Bus", "geometry_method": "osm_routed", "n_stops_covered": 0, "n_trips_observed": 0 }, "bbox": [ -2.41928, 53.539516, -2.361058, 53.547298 ], "geometry": { "type": "LineString", "coordinates": [ [ -2.361058, 53.54197 ], [ -2.36515, 53.547198 ], [ -2.362844, 53.546073 ], [ -2.36515, 53.547198 ], [ -2.382245, 53.542038 ], [ -2.39759, 53.543905 ], [ -2.409231, 53.539516 ], [ -2.413334, 53.540893 ], [ -2.411114, 53.547298 ], [ -2.41928, 53.546536 ] ] } },
{ "type": "Feature", "properties": { "fid": 551, "route_id": "83038", "route_short_name": "533", "route_type": 3, "route_type_name": "Bus", "geometry_method": "mixed", "n_stops_covered": 60, "n_trips_observed": 16 }, "bbox": [ -2.445178, 53.575656, -2.405563, 53.63377 ], "geometry": { "type": "LineString", "coordinates": [ [ -2.445178, 53.63377 ], [ -2.428656, 53.618974 ], [ -2.430966, 53.619575 ], [ -2.409958, 53.611419 ], [ -2.405563, 53.603555 ], [ -2.411008, 53.596976 ], [ -2.412826, 53.588052 ], [ -2.420191, 53.58525 ], [ -2.420577, 53.581626 ], [ -2.43097, 53.581876 ], [ -2.433462, 53.578884 ], [ -2.42926, 53.575656 ] ] } },
{ "type": "Feature", "properties": { "fid": 552, "route_id": "83039", "route_short_name": "21", "route_type": 3, "route_type_name": "Bus", "geometry_method": "mixed", "n_stops_covered": 78, "n_trips_observed": 25 }, "bbox": [ -2.359708, 53.468066, -2.302109, 53.521778 ], "geometry": { "type": "LineString", "coordinates": [ [ -2.305881, 53.51045 ], [ -2.303685, 53.510574 ], [ -2.30229, 53.508323 ], [ -2.302109, 53.510525 ], [ -2.304033, 53.510614 ], [ -2.305165, 53.510514 ], [ -2.307023, 53.510003 ], [ -2.309001, 53.509719 ], [ -2.316156, 53.520758 ], [ -2.334999, 53.521778 ], [ -2.332549, 53.518746 ], [ -2.341207, 53.511404 ], [ -2.342289, 53.505368 ], [ -2.348482, 53.501647 ], [ -2.34968, 53.494555 ], [ -2.353674, 53.492211 ], [ -2.342815, 53.487183 ], [ -2.328992, 53.488926 ], [ -2.330797, 53.482057 ], [ -2.347855, 53.483291 ], [ -2.359708, 53.480691 ], [ -2.349058, 53.470209 ], [ -2.353232, 53.468066 ] ] } },
{ "type": "Feature", "properties": { "fid": 553, "route_id": "83601", "route_short_name": "759", "route_type": 3, "route_type_name": "Bus", "geometry_method": "osm_routed", "n_stops_covered": 0, "n_trips_observed": 0 }, "bbox": [ -2.363548, 53.381489, -2.307285, 53.431259 ], "geometry": { "type": "LineString", "coordinates": [ [ -2.307285, 53.400209 ], [ -2.325088, 53.417368 ], [ -2.331873, 53.419642 ], [ -2.318981, 53.431152 ], [ -2.332926, 53.431259 ], [ -2.337076, 53.426306 ], [ -2.342843, 53.428043 ], [ -2.359069, 53.420614 ], [ -2.361569, 53.418489 ], [ -2.36003, 53.411846 ], [ -2.353238, 53.413721 ], [ -2.34117, 53.41149 ], [ -2.349279, 53.404604 ], [ -2.360284, 53.406315 ], [ -2.363548, 53.40501 ], [ -2.351258, 53.400816 ], [ -2.352262, 53.395172 ], [ -2.346646, 53.389572 ], [ -2.362146, 53.384023 ], [ -2.361419, 53.381489 ], [ -2.362146, 53.384023 ], [ -2.361927, 53.386746 ], [ -2.358322, 53.388712 ] ] } },
{ "type": "Feature", "properties": { "fid": 554, "route_id": "83602", "route_short_name": "764", "route_type": 3, "route_type_name": "Bus", "geometry_method": "mixed", "n_stops_covered": 0, "n_trips_observed": 0 }, "bbox": [ -2.362119, 53.37069, -2.308033, 53.431934 ], "geometry": { "type": "LineString", "coordinates": [ [ -2.334835, 53.417045 ], [ -2.342352, 53.411182 ], [ -2.353238, 53.413721 ], [ -2.36003, 53.411846 ], [ -2.362119, 53.417015 ], [ -2.343575, 53.427804 ], [ -2.337824, 53.426586 ], [ -2.328344, 53.431934 ], [ -2.318981, 53.431152 ], [ -2.331873, 53.419642 ], [ -2.310467, 53.417645 ], [ -2.308033, 53.414017 ], [ -2.32058, 53.412344 ], [ -2.308994, 53.399848 ], [ -2.317333, 53.392367 ], [ -2.325632, 53.37617 ], [ -2.316148, 53.370749 ], [ -2.319397, 53.37069 ] ] } },
{ "type": "Feature", "properties": { "fid": 555, "route_id": "84188", "route_short_name": "757", "route_type": 3, "route_type_name": "Bus", "geometry_method": "osm_routed", "n_stops_covered": 54, "n_trips_observed": 1 }, "bbox": [ -2.373823, 53.381489, -2.311669, 53.484528 ], "geometry": { "type": "LineString", "coordinates": [ [ -2.338068, 53.484528 ], [ -2.359708, 53.480691 ], [ -2.349053, 53.470128 ], [ -2.353232, 53.468066 ], [ -2.354438, 53.467793 ], [ -2.356419, 53.464758 ], [ -2.357146, 53.464895 ], [ -2.356216, 53.466522 ], [ -2.353464, 53.468562 ], [ -2.353232, 53.468066 ], [ -2.354438, 53.467793 ], [ -2.356124, 53.466288 ], [ -2.356419, 53.464758 ], [ -2.356333, 53.464677 ], [ -2.357614, 53.462539 ], [ -2.358175, 53.459761 ], [ -2.373823, 53.459857 ], [ -2.373338, 53.456375 ], [ -2.338806, 53.458567 ], [ -2.322081, 53.453463 ], [ -2.312222, 53.446843 ], [ -2.311669, 53.442006 ], [ -2.317147, 53.432812 ], [ -2.352058, 53.401773 ], [ -2.352262, 53.395172 ], [ -2.346646, 53.389572 ], [ -2.348269, 53.387529 ], [ -2.361419, 53.381489 ], [ -2.361927, 53.386746 ], [ -2.358322, 53.388712 ] ] } },
{ "type": "Feature", "properties": { "fid": 556, "route_id": "84201", "route_short_name": "795", "route_type": 3, "route_type_name": "Bus", "geometry_method": "osm_routed", "n_stops_covered": 61, "n_trips_observed": 1 }, "bbox": [ -2.438295, 53.424775, -2.328772, 53.488731 ], "geometry": { "type": "LineString", "coordinates": [ [ -2.391326, 53.448435 ], [ -2.353008, 53.448579 ], [ -2.354379, 53.452121 ], [ -2.359932, 53.453258 ], [ -2.359299, 53.456095 ], [ -2.358488, 53.457104 ], [ -2.357768, 53.457654 ], [ -2.35767, 53.45779 ], [ -2.356843, 53.457656 ], [ -2.358488, 53.457104 ], [ -2.357624, 53.463981 ], [ -2.357218, 53.464877 ], [ -2.356834, 53.465079 ], [ -2.356216, 53.466522 ], [ -2.353464, 53.468562 ], [ -2.356419, 53.464758 ], [ -2.357146, 53.464895 ], [ -2.356834, 53.465079 ], [ -2.356216, 53.466522 ], [ -2.354209, 53.468451 ], [ -2.352354, 53.468965 ], [ -2.349865, 53.470219 ], [ -2.349428, 53.470406 ], [ -2.349058, 53.470209 ], [ -2.352418, 53.468743 ], [ -2.349877, 53.470168 ], [ -2.349865, 53.470219 ], [ -2.349791, 53.47065 ], [ -2.359708, 53.480691 ], [ -2.353061, 53.477968 ], [ -2.344526, 53.48315 ], [ -2.338516, 53.482959 ], [ -2.340567, 53.483434 ], [ -2.338292, 53.486166 ], [ -2.334778, 53.486327 ], [ -2.330673, 53.487326 ], [ -2.330346, 53.487324 ], [ -2.330173, 53.4873 ], [ -2.330828, 53.48359 ], [ -2.328772, 53.488731 ], [ -2.337668, 53.488073 ], [ -2.340567, 53.483434 ], [ -2.349254, 53.483206 ], [ -2.35579, 53.48224 ], [ -2.372448, 53.476554 ], [ -2.379679, 53.470507 ], [ -2.393425, 53.466581 ], [ -2.406175, 53.452559 ], [ -2.420886, 53.446944 ], [ -2.438295, 53.424775 ] ] } },
{ "type": "Feature", "properties": { "fid": 557, "route_id": "84203", "route_short_name": "773", "route_type": 3, "route_type_name": "Bus", "geometry_method": "osm_routed", "n_stops_covered": 0, "n_trips_observed": 0 }, "bbox": [ -2.373541, 53.369746, -2.321121, 53.404862 ], "geometry": { "type": "LineString", "coordinates": [ [ -2.333648, 53.379024 ], [ -2.350525, 53.381845 ], [ -2.357527, 53.3752 ], [ -2.360583, 53.375104 ], [ -2.362804, 53.375719 ], [ -2.365057, 53.376591 ], [ -2.365855, 53.376221 ], [ -2.36929, 53.375526 ], [ -2.360583, 53.375104 ], [ -2.361205, 53.37185 ], [ -2.364636, 53.369746 ], [ -2.364402, 53.371338 ], [ -2.361205, 53.37185 ], [ -2.360468, 53.373764 ], [ -2.360583, 53.375104 ], [ -2.362608, 53.375675 ], [ -2.362636, 53.377883 ], [ -2.364201, 53.37822 ], [ -2.361927, 53.386746 ], [ -2.373541, 53.389949 ], [ -2.370097, 53.392585 ], [ -2.352334, 53.392785 ], [ -2.352345, 53.39358 ], [ -2.352208, 53.39639 ], [ -2.352155, 53.397206 ], [ -2.352425, 53.398706 ], [ -2.35247, 53.399408 ], [ -2.352558, 53.399632 ], [ -2.35248, 53.400915 ], [ -2.362954, 53.404862 ], [ -2.366605, 53.401647 ], [ -2.359731, 53.399257 ], [ -2.355975, 53.399481 ], [ -2.355077, 53.399483 ], [ -2.354379, 53.399432 ], [ -2.35247, 53.399408 ], [ -2.352288, 53.399383 ], [ -2.352155, 53.397206 ], [ -2.352262, 53.395172 ], [ -2.347676, 53.39108 ], [ -2.329758, 53.391569 ], [ -2.321121, 53.388334 ], [ -2.323187, 53.382692 ] ] } },
{ "type": "Feature", "properties": { "fid": 558, "route_id": "84206", "route_short_name": "701", "route_type": 3, "route_type_name": "Bus", "geometry_method": "osm_routed", "n_stops_covered": 0, "n_trips_observed": 0 }, "bbox": [ -2.151647, 53.450219, -2.123356, 53.459036 ], "geometry": { "type": "LineString", "coordinates": [ [ -2.151647, 53.450219 ], [ -2.130542, 53.450535 ], [ -2.123356, 53.454825 ], [ -2.123544, 53.459036 ] ] } },
{ "type": "Feature", "properties": { "fid": 559, "route_id": "84518", "route_short_name": "948", "route_type": 3, "route_type_name": "Bus", "geometry_method": "osm_routed", "n_stops_covered": 27, "n_trips_observed": 1 }, "bbox": [ -2.658651, 53.529603, -2.595478, 53.558654 ], "geometry": { "type": "LineString", "coordinates": [ [ -2.653424, 53.558654 ], [ -2.658284, 53.558499 ], [ -2.658651, 53.556036 ], [ -2.652935, 53.552592 ], [ -2.625191, 53.549127 ], [ -2.620562, 53.545882 ], [ -2.616046, 53.546764 ], [ -2.618468, 53.545761 ], [ -2.608131, 53.544664 ], [ -2.606694, 53.544203 ], [ -2.605232, 53.543517 ], [ -2.603946, 53.543037 ], [ -2.601019, 53.541611 ], [ -2.596604, 53.540103 ], [ -2.595478, 53.541502 ], [ -2.60049, 53.545822 ], [ -2.604325, 53.544341 ], [ -2.605232, 53.543517 ], [ -2.605832, 53.542513 ], [ -2.609645, 53.539696 ], [ -2.615778, 53.537659 ], [ -2.617651, 53.534225 ], [ -2.613157, 53.529603 ] ] } },
{ "type": "Feature", "properties": { "fid": 560, "route_id": "84521", "route_short_name": "774", "route_type": 3, "route_type_name": "Bus", "geometry_method": "osm_routed", "n_stops_covered": 41, "n_trips_observed": 1 }, "bbox": [ -2.323187, 53.381076, -2.264746, 53.412257 ], "geometry": { "type": "LineString", "coordinates": [ [ -2.323187, 53.382692 ], [ -2.31725, 53.392173 ], [ -2.305297, 53.391376 ], [ -2.312009, 53.396703 ], [ -2.309482, 53.400017 ], [ -2.30289, 53.400897 ], [ -2.303142, 53.402875 ], [ -2.300354, 53.405731 ], [ -2.297945, 53.406661 ], [ -2.297569, 53.407404 ], [ -2.280488, 53.412257 ], [ -2.269638, 53.406968 ], [ -2.266762, 53.406797 ], [ -2.265363, 53.406634 ], [ -2.265477, 53.405973 ], [ -2.268228, 53.399023 ], [ -2.276978, 53.400714 ], [ -2.27943, 53.392707 ], [ -2.286616, 53.393366 ], [ -2.283744, 53.386783 ], [ -2.286843, 53.384293 ], [ -2.264746, 53.381076 ] ] } },
{ "type": "Feature", "properties": { "fid": 561, "route_id": "84525", "route_short_name": "311", "route_type": 3, "route_type_name": "Bus", "geometry_method": "osm_routed", "n_stops_covered": 119, "n_trips_observed": 9 }, "bbox": [ -2.881856, 53.540332, -2.709685, 53.592038 ], "geometry": { "type": "LineString", "coordinates": [ [ -2.881856, 53.567889 ], [ -2.84171, 53.56217 ], [ -2.827453, 53.565051 ], [ -2.804664, 53.563402 ], [ -2.782268, 53.569618 ], [ -2.773961, 53.567349 ], [ -2.774249, 53.564159 ], [ -2.781466, 53.564812 ], [ -2.782108, 53.562176 ], [ -2.771075, 53.561007 ], [ -2.769364, 53.563793 ], [ -2.76503, 53.558161 ], [ -2.762627, 53.55749 ], [ -2.763617, 53.558951 ], [ -2.76497, 53.559487 ], [ -2.763617, 53.558951 ], [ -2.76201, 53.557255 ], [ -2.767091, 53.552805 ], [ -2.769664, 53.556174 ], [ -2.771831, 53.556742 ], [ -2.769747, 53.556523 ], [ -2.77716, 53.557323 ], [ -2.77579, 53.556529 ], [ -2.775299, 53.552703 ], [ -2.776221, 53.552579 ], [ -2.767938, 53.550545 ], [ -2.774925, 53.549145 ], [ -2.775511, 53.542011 ], [ -2.770265, 53.540609 ], [ -2.767539, 53.543111 ], [ -2.767085, 53.543097 ], [ -2.76676, 53.543255 ], [ -2.766355, 53.543308 ], [ -2.766239, 53.543177 ], [ -2.766718, 53.54771 ], [ -2.768073, 53.547989 ], [ -2.75763, 53.5503 ], [ -2.755083, 53.544078 ], [ -2.73598, 53.540332 ], [ -2.734995, 53.543879 ], [ -2.72609, 53.54383 ], [ -2.727972, 53.544448 ], [ -2.728477, 53.545339 ], [ -2.728749, 53.54647 ], [ -2.726588, 53.545205 ], [ -2.729749, 53.560428 ], [ -2.7244, 53.563205 ], [ -2.721647, 53.578616 ], [ -2.711302, 53.57944 ], [ -2.723137, 53.586672 ], [ -2.724643, 53.592038 ], [ -2.709685, 53.590914 ] ] } },
{ "type": "Feature", "properties": { "fid": 562, "route_id": "86634", "route_short_name": "760", "route_type": 3, "route_type_name": "Bus", "geometry_method": "osm_routed", "n_stops_covered": 31, "n_trips_observed": 1 }, "bbox": [ -2.361927, 53.360556, -2.303916, 53.408189 ], "geometry": { "type": "LineString", "coordinates": [ [ -2.303916, 53.365829 ], [ -2.308039, 53.360556 ], [ -2.314947, 53.364831 ], [ -2.312966, 53.368705 ], [ -2.325632, 53.37617 ], [ -2.316568, 53.389776 ], [ -2.318208, 53.397445 ], [ -2.315791, 53.396845 ], [ -2.324396, 53.400952 ], [ -2.321548, 53.406455 ], [ -2.325421, 53.408189 ], [ -2.330577, 53.405604 ], [ -2.334602, 53.398148 ], [ -2.341354, 53.396041 ], [ -2.3409, 53.391177 ], [ -2.345147, 53.390412 ], [ -2.34647, 53.384178 ], [ -2.361419, 53.381489 ], [ -2.361927, 53.386746 ], [ -2.358322, 53.388712 ] ] } },
{ "type": "Feature", "properties": { "fid": 563, "route_id": "86764", "route_short_name": "857", "route_type": 3, "route_type_name": "Bus", "geometry_method": "osm_routed", "n_stops_covered": 24, "n_trips_observed": 1 }, "bbox": [ -2.219499, 53.358663, -2.163855, 53.402086 ], "geometry": { "type": "LineString", "coordinates": [ [ -2.163855, 53.402086 ], [ -2.182349, 53.398596 ], [ -2.193771, 53.400546 ], [ -2.204849, 53.395214 ], [ -2.217596, 53.393784 ], [ -2.213882, 53.386645 ], [ -2.194048, 53.376408 ], [ -2.216488, 53.372901 ], [ -2.215745, 53.365024 ], [ -2.21458, 53.364537 ], [ -2.219499, 53.358663 ], [ -2.193954, 53.360286 ], [ -2.197898, 53.36009 ] ] } },
{ "type": "Feature", "properties": { "fid": 564, "route_id": "86765", "route_short_name": "829", "route_type": 3, "route_type_name": "Bus", "geometry_method": "osm_routed", "n_stops_covered": 34, "n_trips_observed": 1 }, "bbox": [ -2.152587, 53.525641, -2.001701, 53.56241 ], "geometry": { "type": "LineString", "coordinates": [ [ -2.128962, 53.533245 ], [ -2.124242, 53.529373 ], [ -2.134668, 53.525641 ], [ -2.152587, 53.534232 ], [ -2.149637, 53.541335 ], [ -2.14743, 53.544256 ], [ -2.148815, 53.542128 ], [ -2.141335, 53.545114 ], [ -2.119023, 53.541832 ], [ -2.116382, 53.544228 ], [ -2.097075, 53.542827 ], [ -2.080088, 53.537515 ], [ -2.080863, 53.535401 ], [ -2.074193, 53.53801 ], [ -2.018648, 53.537714 ], [ -2.0132, 53.539232 ], [ -2.005325, 53.548631 ], [ -2.008276, 53.554135 ], [ -2.001701, 53.56241 ] ] } },
{ "type": "Feature", "properties": { "fid": 565, "route_id": "87829", "route_short_name": "746", "route_type": 3, "route_type_name": "Bus", "geometry_method": "osm_routed", "n_stops_covered": 59, "n_trips_observed": 1 }, "bbox": [ -2.363548, 53.381008, -2.27522, 53.431259 ], "geometry": { "type": "LineString", "coordinates": [ [ -2.27522, 53.407178 ], [ -2.283235, 53.407705 ], [ -2.280488, 53.412257 ], [ -2.295308, 53.41973 ], [ -2.303707, 53.419748 ], [ -2.302619, 53.414624 ], [ -2.32058, 53.412344 ], [ -2.331873, 53.419642 ], [ -2.318981, 53.431152 ], [ -2.332926, 53.431259 ], [ -2.337076, 53.426306 ], [ -2.342843, 53.428043 ], [ -2.359069, 53.420614 ], [ -2.361569, 53.418489 ], [ -2.36003, 53.411846 ], [ -2.353238, 53.413721 ], [ -2.34117, 53.41149 ], [ -2.349279, 53.404604 ], [ -2.360284, 53.406315 ], [ -2.363548, 53.40501 ], [ -2.351258, 53.400816 ], [ -2.352262, 53.395172 ], [ -2.346646, 53.389572 ], [ -2.352454, 53.381008 ], [ -2.361419, 53.381489 ] ] } },
{ "type": "Feature", "properties": { "fid": 566, "route_id": "89246", "route_short_name": "774", "route_type": 3, "route_type_name": "Bus", "geometry_method": "osm_routed", "n_stops_covered": 48, "n_trips_observed": 2 }, "bbox": [ -2.119149, 53.5039, -2.068259, 53.543752 ], "geometry": { "type": "LineString", "coordinates": [ [ -2.115863, 53.54365 ], [ -2.119149, 53.543752 ], [ -2.114822, 53.537358 ], [ -2.095426, 53.533768 ], [ -2.086523, 53.527551 ], [ -2.077029, 53.525162 ], [ -2.073358, 53.526867 ], [ -2.073609, 53.526985 ], [ -2.074004, 53.527185 ], [ -2.074656, 53.527519 ], [ -2.075073, 53.527693 ], [ -2.075703, 53.528867 ], [ -2.073009, 53.5312 ], [ -2.068259, 53.530929 ], [ -2.070529, 53.528868 ], [ -2.071251, 53.529158 ], [ -2.074004, 53.527185 ], [ -2.073791, 53.526855 ], [ -2.075957, 53.525802 ], [ -2.073358, 53.526867 ], [ -2.077029, 53.525162 ], [ -2.078002, 53.504136 ], [ -2.081677, 53.5039 ] ] } },
{ "type": "Feature", "properties": { "fid": 567, "route_id": "89316", "route_short_name": "742", "route_type": 3, "route_type_name": "Bus", "geometry_method": "osm_routed", "n_stops_covered": 58, "n_trips_observed": 1 }, "bbox": [ -2.771558, 53.441002, -2.58353, 53.50222 ], "geometry": { "type": "LineString", "coordinates": [ [ -2.771558, 53.441002 ], [ -2.743377, 53.452892 ], [ -2.745821, 53.451168 ], [ -2.732782, 53.44792 ], [ -2.725662, 53.452922 ], [ -2.724751, 53.453061 ], [ -2.723253, 53.453036 ], [ -2.723104, 53.453039 ], [ -2.721862, 53.451369 ], [ -2.723153, 53.453227 ], [ -2.71824, 53.455345 ], [ -2.721456, 53.462189 ], [ -2.712813, 53.468272 ], [ -2.705338, 53.462266 ], [ -2.688073, 53.468184 ], [ -2.667248, 53.465454 ], [ -2.660867, 53.46781 ], [ -2.664299, 53.471024 ], [ -2.656658, 53.474959 ], [ -2.66425, 53.483039 ], [ -2.675175, 53.484855 ], [ -2.674981, 53.487286 ], [ -2.666961, 53.492169 ], [ -2.667137, 53.492701 ], [ -2.668157, 53.492667 ], [ -2.667418, 53.496127 ], [ -2.661917, 53.501182 ], [ -2.657138, 53.50222 ], [ -2.648151, 53.501651 ], [ -2.636795, 53.488074 ], [ -2.625313, 53.494193 ], [ -2.608448, 53.486145 ], [ -2.594747, 53.483762 ], [ -2.585612, 53.477745 ], [ -2.587684, 53.474989 ], [ -2.58353, 53.475632 ] ] } },
{ "type": "Feature", "properties": { "fid": 568, "route_id": "89631", "route_short_name": "654", "route_type": 3, "route_type_name": "Bus", "geometry_method": "osm_routed", "n_stops_covered": 24, "n_trips_observed": 1 }, "bbox": [ -2.647391, 53.445134, -2.615689, 53.482264 ], "geometry": { "type": "LineString", "coordinates": [ [ -2.638179, 53.482264 ], [ -2.636355, 53.475475 ], [ -2.647391, 53.469015 ], [ -2.643384, 53.461029 ], [ -2.645846, 53.456603 ], [ -2.623001, 53.458454 ], [ -2.615689, 53.456384 ], [ -2.621336, 53.449214 ], [ -2.63461, 53.445134 ] ] } },
{ "type": "Feature", "properties": { "fid": 569, "route_id": "89634", "route_short_name": "798", "route_type": 3, "route_type_name": "Bus", "geometry_method": "osm_routed", "n_stops_covered": 0, "n_trips_observed": 0 }, "bbox": [ -2.393556, 53.386223, -2.311669, 53.460282 ], "geometry": { "type": "LineString", "coordinates": [ [ -2.342728, 53.457333 ], [ -2.379237, 53.460282 ], [ -2.393556, 53.456156 ], [ -2.391223, 53.448092 ], [ -2.353008, 53.448579 ], [ -2.350671, 53.445463 ], [ -2.336724, 53.446672 ], [ -2.311669, 53.442006 ], [ -2.318981, 53.431152 ], [ -2.332926, 53.431259 ], [ -2.337824, 53.426586 ], [ -2.353124, 53.430138 ], [ -2.353549, 53.422702 ], [ -2.359069, 53.420614 ], [ -2.361569, 53.418489 ], [ -2.36003, 53.411846 ], [ -2.353238, 53.413721 ], [ -2.34117, 53.41149 ], [ -2.352508, 53.400051 ], [ -2.352262, 53.395172 ], [ -2.347676, 53.39108 ], [ -2.341648, 53.391273 ], [ -2.345147, 53.390412 ], [ -2.345789, 53.386223 ], [ -2.341446, 53.386268 ] ] } },
{ "type": "Feature", "properties": { "fid": 570, "route_id": "8970", "route_short_name": "191", "route_type": 3, "route_type_name": "Bus", "geometry_method": "mixed", "n_stops_covered": 92, "n_trips_observed": 8 }, "bbox": [ -2.241221, 53.373692, -2.11325, 53.478302 ], "geometry": { "type": "LineString", "coordinates": [ [ -2.23733, 53.478302 ], [ -2.241221, 53.474675 ], [ -2.234167, 53.471194 ], [ -2.238816, 53.471436 ], [ -2.236351, 53.469434 ], [ -2.239086, 53.467325 ], [ -2.232239, 53.469508 ], [ -2.228454, 53.466288 ], [ -2.232471, 53.464974 ], [ -2.230108, 53.462966 ], [ -2.22228, 53.46477 ], [ -2.196585, 53.457548 ], [ -2.191562, 53.443693 ], [ -2.153867, 53.399301 ], [ -2.155724, 53.400773 ], [ -2.14525, 53.392113 ], [ -2.125354, 53.384348 ], [ -2.11325, 53.373692 ] ] } },
{ "type": "Feature", "properties": { "fid": 571, "route_id": "89706", "route_short_name": "820", "route_type": 3, "route_type_name": "Bus", "geometry_method": "osm_routed", "n_stops_covered": 0, "n_trips_observed": 0 }, "bbox": [ -2.077265, 53.481222, -2.024371, 53.519856 ], "geometry": { "type": "LineString", "coordinates": [ [ -2.040691, 53.485715 ], [ -2.054696, 53.481222 ], [ -2.065846, 53.485553 ], [ -2.06326, 53.487181 ], [ -2.063287, 53.488121 ], [ -2.06375, 53.491703 ], [ -2.063359, 53.492801 ], [ -2.056488, 53.493094 ], [ -2.058279, 53.487749 ], [ -2.06293, 53.488129 ], [ -2.063287, 53.488121 ], [ -2.063405, 53.487957 ], [ -2.074474, 53.492272 ], [ -2.074667, 53.491057 ], [ -2.077265, 53.493343 ], [ -2.059591, 53.50127 ], [ -2.046284, 53.51941 ], [ -2.04332, 53.519856 ], [ -2.041615, 53.514703 ], [ -2.04103, 53.514736 ], [ -2.040967, 53.517747 ], [ -2.04059, 53.511521 ], [ -2.034577, 53.518071 ], [ -2.02649, 53.517773 ], [ -2.024371, 53.514634 ], [ -2.028159, 53.508661 ] ] } },
{ "type": "Feature", "properties": { "fid": 572, "route_id": "8995", "route_short_name": "125", "route_type": 3, "route_type_name": "Bus", "geometry_method": "mixed", "n_stops_covered": 226, "n_trips_observed": 71 }, "bbox": [ -2.709841, 53.574891, -2.424379, 53.792007 ], "geometry": { "type": "LineString", "coordinates": [ [ -2.703789, 53.792007 ], [ -2.697022, 53.785205 ], [ -2.69778, 53.778444 ], [ -2.709841, 53.777609 ], [ -2.704791, 53.768358 ], [ -2.694078, 53.761209 ], [ -2.695941, 53.758915 ], [ -2.686473, 53.759765 ], [ -2.671921, 53.748048 ], [ -2.673236, 53.745722 ], [ -2.670201, 53.739435 ], [ -2.670985, 53.741873 ], [ -2.662806, 53.736596 ], [ -2.660489, 53.725988 ], [ -2.664139, 53.720636 ], [ -2.653509, 53.7179 ], [ -2.64928, 53.721411 ], [ -2.638046, 53.716905 ], [ -2.640956, 53.714205 ], [ -2.635807, 53.710792 ], [ -2.632135, 53.712144 ], [ -2.633249, 53.712121 ], [ -2.634345, 53.712772 ], [ -2.635544, 53.712797 ], [ -2.633249, 53.712121 ], [ -2.632135, 53.712144 ], [ -2.631982, 53.711006 ], [ -2.639405, 53.706847 ], [ -2.640542, 53.699483 ], [ -2.639054, 53.689895 ], [ -2.635144, 53.686794 ], [ -2.638471, 53.683079 ], [ -2.631313, 53.668463 ], [ -2.632433, 53.663434 ], [ -2.628082, 53.660614 ], [ -2.633365, 53.655272 ], [ -2.628212, 53.654895 ], [ -2.627753, 53.64743 ], [ -2.620374, 53.642863 ], [ -2.605559, 53.622607 ], [ -2.593, 53.614577 ], [ -2.544658, 53.599114 ], [ -2.517438, 53.598003 ], [ -2.466609, 53.588006 ], [ -2.450325, 53.587726 ], [ -2.444905, 53.583739 ], [ -2.43097, 53.581876 ], [ -2.433462, 53.578884 ], [ -2.431723, 53.576012 ], [ -2.424379, 53.574891 ], [ -2.426907, 53.576301 ] ] } },
{ "type": "Feature", "properties": { "fid": 573, "route_id": "90236", "route_short_name": "447", "route_type": 3, "route_type_name": "Bus", "geometry_method": "osm_routed", "n_stops_covered": 89, "n_trips_observed": 18 }, "bbox": [ -2.184577, 53.589877, -2.140111, 53.655963 ], "geometry": { "type": "LineString", "coordinates": [ [ -2.184577, 53.650338 ], [ -2.181706, 53.655333 ], [ -2.176853, 53.655963 ], [ -2.181227, 53.645239 ], [ -2.17933, 53.63515 ], [ -2.177225, 53.632925 ], [ -2.169903, 53.63753 ], [ -2.167727, 53.632896 ], [ -2.175652, 53.63195 ], [ -2.157511, 53.628859 ], [ -2.15627, 53.626402 ], [ -2.160027, 53.626556 ], [ -2.156835, 53.621837 ], [ -2.164389, 53.619838 ], [ -2.163445, 53.619254 ], [ -2.160496, 53.618971 ], [ -2.160168, 53.618816 ], [ -2.160059, 53.618723 ], [ -2.161689, 53.617071 ], [ -2.154168, 53.620565 ], [ -2.150468, 53.61712 ], [ -2.155045, 53.616568 ], [ -2.147809, 53.608323 ], [ -2.140111, 53.589877 ] ] } },
{ "type": "Feature", "properties": { "fid": 574, "route_id": "9029", "route_short_name": "150", "route_type": 3, "route_type_name": "Bus", "geometry_method": "mixed", "n_stops_covered": 130, "n_trips_observed": 26 }, "bbox": [ -2.353232, 53.441066, -2.153915, 53.469503 ], "geometry": { "type": "LineString", "coordinates": [ [ -2.153915, 53.466769 ], [ -2.181424, 53.462637 ], [ -2.179823, 53.450293 ], [ -2.19031, 53.449081 ], [ -2.189917, 53.454529 ], [ -2.195464, 53.459699 ], [ -2.202809, 53.458991 ], [ -2.196585, 53.457548 ], [ -2.191638, 53.444261 ], [ -2.218987, 53.441211 ], [ -2.231761, 53.443663 ], [ -2.277715, 53.441066 ], [ -2.302473, 53.445361 ], [ -2.300378, 53.446893 ], [ -2.314039, 53.446368 ], [ -2.31804, 53.456064 ], [ -2.349169, 53.469503 ], [ -2.353232, 53.468066 ] ] } },
{ "type": "Feature", "properties": { "fid": 575, "route_id": "9120", "route_short_name": "313", "route_type": 3, "route_type_name": "Bus", "geometry_method": "mixed", "n_stops_covered": 64, "n_trips_observed": 26 }, "bbox": [ -2.291943, 53.356302, -2.153361, 53.408961 ], "geometry": { "type": "LineString", "coordinates": [ [ -2.161423, 53.408961 ], [ -2.153361, 53.403924 ], [ -2.159191, 53.400451 ], [ -2.156475, 53.396932 ], [ -2.162845, 53.396512 ], [ -2.169631, 53.391312 ], [ -2.169255, 53.388463 ], [ -2.180354, 53.386497 ], [ -2.182111, 53.382286 ], [ -2.189882, 53.378662 ], [ -2.18228, 53.371171 ], [ -2.195724, 53.358799 ], [ -2.225069, 53.356302 ], [ -2.256921, 53.36523 ], [ -2.267244, 53.361964 ], [ -2.287187, 53.371761 ], [ -2.291657, 53.36637 ], [ -2.291943, 53.363271 ], [ -2.286166, 53.360368 ], [ -2.288334, 53.36226 ] ] } },
{ "type": "Feature", "properties": { "fid": 576, "route_id": "9130", "route_short_name": "111", "route_type": 3, "route_type_name": "Bus", "geometry_method": "mixed", "n_stops_covered": 67, "n_trips_observed": 67 }, "bbox": [ -2.252344, 53.422575, -2.226789, 53.480973 ], "geometry": { "type": "LineString", "coordinates": [ [ -2.239202, 53.480973 ], [ -2.238011, 53.475666 ], [ -2.241221, 53.474675 ], [ -2.234167, 53.471194 ], [ -2.238816, 53.471436 ], [ -2.236351, 53.469434 ], [ -2.239615, 53.467911 ], [ -2.232239, 53.469508 ], [ -2.228454, 53.466288 ], [ -2.232471, 53.464974 ], [ -2.22876, 53.461467 ], [ -2.235612, 53.460412 ], [ -2.235757, 53.458042 ], [ -2.226789, 53.457842 ], [ -2.235757, 53.458042 ], [ -2.237463, 53.453798 ], [ -2.23191, 53.452698 ], [ -2.229851, 53.447869 ], [ -2.231349, 53.434309 ], [ -2.247337, 53.422575 ], [ -2.252344, 53.424132 ] ] } },
{ "type": "Feature", "properties": { "fid": 577, "route_id": "91717", "route_short_name": "809", "route_type": 3, "route_type_name": "Bus", "geometry_method": "osm_routed", "n_stops_covered": 38, "n_trips_observed": 1 }, "bbox": [ -2.199496, 53.548036, -2.108098, 53.588034 ], "geometry": { "type": "LineString", "coordinates": [ [ -2.108098, 53.580849 ], [ -2.129002, 53.582426 ], [ -2.137473, 53.588034 ], [ -2.135308, 53.581207 ], [ -2.121711, 53.565353 ], [ -2.142984, 53.561399 ], [ -2.160761, 53.552566 ], [ -2.19247, 53.549091 ], [ -2.194317, 53.551212 ], [ -2.196547, 53.550523 ], [ -2.194698, 53.548036 ], [ -2.199496, 53.548095 ] ] } },
{ "type": "Feature", "properties": { "fid": 578, "route_id": "91721", "route_short_name": "832", "route_type": 3, "route_type_name": "Bus", "geometry_method": "mixed", "n_stops_covered": 63, "n_trips_observed": 1 }, "bbox": [ -2.224455, 53.544533, -2.085057, 53.629209 ], "geometry": { "type": "LineString", "coordinates": [ [ -2.224455, 53.629209 ], [ -2.198695, 53.622468 ], [ -2.208389, 53.614012 ], [ -2.207206, 53.607751 ], [ -2.187722, 53.612882 ], [ -2.16354, 53.6146 ], [ -2.154168, 53.620565 ], [ -2.150468, 53.61712 ], [ -2.155045, 53.616568 ], [ -2.151437, 53.613901 ], [ -2.14406, 53.6119 ], [ -2.134669, 53.615836 ], [ -2.120898, 53.616083 ], [ -2.108916, 53.609285 ], [ -2.102577, 53.601219 ], [ -2.093075, 53.597127 ], [ -2.095302, 53.599117 ], [ -2.087515, 53.601182 ], [ -2.085057, 53.597165 ], [ -2.086663, 53.58703 ], [ -2.09018, 53.586002 ], [ -2.099997, 53.57138 ], [ -2.098055, 53.569487 ], [ -2.104491, 53.557674 ], [ -2.102071, 53.54743 ], [ -2.108402, 53.544533 ] ] } },
{ "type": "Feature", "properties": { "fid": 579, "route_id": "91722", "route_short_name": "803", "route_type": 3, "route_type_name": "Bus", "geometry_method": "osm_routed", "n_stops_covered": 49, "n_trips_observed": 1 }, "bbox": [ -2.108402, 53.458538, -2.01254, 53.54714 ], "geometry": { "type": "LineString", "coordinates": [ [ -2.108402, 53.544533 ], [ -2.102782, 53.54714 ], [ -2.09835, 53.54558 ], [ -2.094517, 53.538866 ], [ -2.096664, 53.534104 ], [ -2.077029, 53.525162 ], [ -2.07774, 53.509604 ], [ -2.081508, 53.509434 ], [ -2.07774, 53.509604 ], [ -2.077265, 53.493343 ], [ -2.06326, 53.487181 ], [ -2.063359, 53.492801 ], [ -2.056488, 53.493094 ], [ -2.058279, 53.487749 ], [ -2.06293, 53.488129 ], [ -2.061011, 53.485764 ], [ -2.051069, 53.4836 ], [ -2.039969, 53.47179 ], [ -2.028231, 53.46932 ], [ -2.030429, 53.468756 ], [ -2.01254, 53.458538 ] ] } },
{ "type": "Feature", "properties": { "fid": 580, "route_id": "91723", "route_short_name": "816", "route_type": 3, "route_type_name": "Bus", "geometry_method": "mixed", "n_stops_covered": 61, "n_trips_observed": 1 }, "bbox": [ -2.110486, 53.439136, -2.077029, 53.544533 ], "geometry": { "type": "LineString", "coordinates": [ [ -2.097203, 53.443176 ], [ -2.101555, 53.439136 ], [ -2.106224, 53.440495 ], [ -2.100722, 53.445262 ], [ -2.096839, 53.444223 ], [ -2.09025, 53.452453 ], [ -2.089306, 53.452271 ], [ -2.089081, 53.452652 ], [ -2.088065, 53.452416 ], [ -2.08058, 53.45292 ], [ -2.086912, 53.455279 ], [ -2.091988, 53.475518 ], [ -2.097983, 53.485504 ], [ -2.077265, 53.493343 ], [ -2.078002, 53.504136 ], [ -2.092897, 53.502325 ], [ -2.091796, 53.507466 ], [ -2.07774, 53.509604 ], [ -2.077029, 53.525162 ], [ -2.077315, 53.520296 ], [ -2.081947, 53.528351 ], [ -2.091405, 53.529608 ], [ -2.097017, 53.534185 ], [ -2.095398, 53.538157 ], [ -2.097019, 53.542723 ], [ -2.099049, 53.542805 ], [ -2.097075, 53.542827 ], [ -2.097019, 53.542723 ], [ -2.101367, 53.542465 ], [ -2.103398, 53.541068 ], [ -2.110486, 53.541081 ], [ -2.108402, 53.544533 ] ] } },
{ "type": "Feature", "properties": { "fid": 581, "route_id": "91726", "route_short_name": "849", "route_type": 3, "route_type_name": "Bus", "geometry_method": "osm_routed", "n_stops_covered": 54, "n_trips_observed": 1 }, "bbox": [ -2.110486, 53.436524, -2.055759, 53.544533 ], "geometry": { "type": "LineString", "coordinates": [ [ -2.069453, 53.438077 ], [ -2.079024, 53.436524 ], [ -2.075023, 53.446855 ], [ -2.077707, 53.449295 ], [ -2.071791, 53.452099 ], [ -2.055759, 53.451665 ], [ -2.067601, 53.454188 ], [ -2.078234, 53.46479 ], [ -2.067581, 53.477901 ], [ -2.074601, 53.48239 ], [ -2.072933, 53.485951 ], [ -2.077694, 53.487515 ], [ -2.077029, 53.525162 ], [ -2.077315, 53.520296 ], [ -2.081947, 53.528351 ], [ -2.091405, 53.529608 ], [ -2.097017, 53.534185 ], [ -2.095398, 53.538157 ], [ -2.097019, 53.542723 ], [ -2.099049, 53.542805 ], [ -2.097075, 53.542827 ], [ -2.097019, 53.542723 ], [ -2.101367, 53.542465 ], [ -2.103398, 53.541068 ], [ -2.110486, 53.541081 ], [ -2.108402, 53.544533 ] ] } },
{ "type": "Feature", "properties": { "fid": 582, "route_id": "91728", "route_short_name": "886", "route_type": 3, "route_type_name": "Bus", "geometry_method": "osm_routed", "n_stops_covered": 40, "n_trips_observed": 1 }, "bbox": [ -2.345308, 53.558341, -2.302287, 53.613007 ], "geometry": { "type": "LineString", "coordinates": [ [ -2.302287, 53.581316 ], [ -2.306203, 53.579431 ], [ -2.307113, 53.57887 ], [ -2.302735, 53.577927 ], [ -2.307113, 53.57887 ], [ -2.320252, 53.563268 ], [ -2.328453, 53.56264 ], [ -2.328908, 53.55889 ], [ -2.32803, 53.558341 ], [ -2.328453, 53.56264 ], [ -2.335357, 53.56711 ], [ -2.345308, 53.566619 ], [ -2.345073, 53.569809 ], [ -2.336901, 53.570383 ], [ -2.342953, 53.581294 ], [ -2.339838, 53.60206 ], [ -2.3366, 53.605542 ], [ -2.336164, 53.610034 ], [ -2.339507, 53.612409 ], [ -2.336696, 53.613007 ] ] } },
{ "type": "Feature", "properties": { "fid": 583, "route_id": "91729", "route_short_name": "884", "route_type": 3, "route_type_name": "Bus", "geometry_method": "osm_routed", "n_stops_covered": 58, "n_trips_observed": 2 }, "bbox": [ -2.3679, 53.563299, -2.314291, 53.612409 ], "geometry": { "type": "LineString", "coordinates": [ [ -2.339507, 53.612409 ], [ -2.314291, 53.599735 ], [ -2.317867, 53.594557 ], [ -2.31529, 53.590659 ], [ -2.342953, 53.581294 ], [ -2.341918, 53.579519 ], [ -2.3679, 53.577627 ], [ -2.362509, 53.569964 ], [ -2.354856, 53.569252 ], [ -2.351274, 53.564392 ], [ -2.357442, 53.563299 ] ] } },
{ "type": "Feature", "properties": { "fid": 584, "route_id": "91730", "route_short_name": "882", "route_type": 3, "route_type_name": "Bus", "geometry_method": "osm_routed", "n_stops_covered": 33, "n_trips_observed": 2 }, "bbox": [ -2.342192, 53.594925, -2.289642, 53.625039 ], "geometry": { "type": "LineString", "coordinates": [ [ -2.297487, 53.622697 ], [ -2.290449, 53.608659 ], [ -2.289642, 53.596744 ], [ -2.309281, 53.594925 ], [ -2.302086, 53.606302 ], [ -2.31133, 53.604837 ], [ -2.324391, 53.619152 ], [ -2.337804, 53.625039 ], [ -2.342192, 53.618765 ], [ -2.340794, 53.613787 ], [ -2.336696, 53.613007 ] ] } },
{ "type": "Feature", "properties": { "fid": 585, "route_id": "91731", "route_short_name": "885", "route_type": 3, "route_type_name": "Bus", "geometry_method": "osm_routed", "n_stops_covered": 25, "n_trips_observed": 1 }, "bbox": [ -2.353572, 53.562878, -2.332865, 53.613007 ], "geometry": { "type": "LineString", "coordinates": [ [ -2.332865, 53.563381 ], [ -2.347596, 53.562878 ], [ -2.353572, 53.569216 ], [ -2.336901, 53.570383 ], [ -2.342953, 53.581294 ], [ -2.339838, 53.60206 ], [ -2.3366, 53.605542 ], [ -2.336164, 53.610034 ], [ -2.339507, 53.612409 ], [ -2.336696, 53.613007 ] ] } },
{ "type": "Feature", "properties": { "fid": 586, "route_id": "91732", "route_short_name": "883", "route_type": 3, "route_type_name": "Bus", "geometry_method": "osm_routed", "n_stops_covered": 32, "n_trips_observed": 1 }, "bbox": [ -2.391513, 53.587802, -2.314291, 53.612409 ], "geometry": { "type": "LineString", "coordinates": [ [ -2.339507, 53.612409 ], [ -2.314291, 53.599735 ], [ -2.317744, 53.592574 ], [ -2.361322, 53.587802 ], [ -2.376958, 53.597725 ], [ -2.382984, 53.594227 ], [ -2.391513, 53.594459 ] ] } },
{ "type": "Feature", "properties": { "fid": 587, "route_id": "91733", "route_short_name": "821", "route_type": 3, "route_type_name": "Bus", "geometry_method": "osm_routed", "n_stops_covered": 34, "n_trips_observed": 1 }, "bbox": [ -2.151414, 53.514729, -2.083148, 53.538083 ], "geometry": { "type": "LineString", "coordinates": [ [ -2.083148, 53.528912 ], [ -2.115438, 53.537382 ], [ -2.115058, 53.532925 ], [ -2.117734, 53.533415 ], [ -2.110723, 53.524339 ], [ -2.123537, 53.522976 ], [ -2.126476, 53.514729 ], [ -2.134833, 53.52075 ], [ -2.136454, 53.52662 ], [ -2.150461, 53.531867 ], [ -2.151414, 53.538083 ] ] } },
{ "type": "Feature", "properties": { "fid": 588, "route_id": "91734", "route_short_name": "825", "route_type": 3, "route_type_name": "Bus", "geometry_method": "osm_routed", "n_stops_covered": 40, "n_trips_observed": 1 }, "bbox": [ -2.116331, 53.540821, -1.999983, 53.570844 ], "geometry": { "type": "LineString", "coordinates": [ [ -2.001701, 53.56241 ], [ -1.999983, 53.564791 ], [ -2.008276, 53.554135 ], [ -2.016957, 53.554181 ], [ -2.019089, 53.553748 ], [ -2.019696, 53.553868 ], [ -2.024288, 53.560736 ], [ -2.02086, 53.564808 ], [ -2.023647, 53.568917 ], [ -2.026651, 53.570844 ], [ -2.027745, 53.569843 ], [ -2.023647, 53.568917 ], [ -2.0233, 53.567076 ], [ -2.02086, 53.564808 ], [ -2.020846, 53.56397 ], [ -2.020167, 53.564066 ], [ -2.021245, 53.563857 ], [ -2.022133, 53.562587 ], [ -2.024288, 53.560736 ], [ -2.024693, 53.560794 ], [ -2.023236, 53.557847 ], [ -2.029974, 53.559873 ], [ -2.032263, 53.55375 ], [ -2.042204, 53.549223 ], [ -2.056488, 53.545726 ], [ -2.073442, 53.549656 ], [ -2.090768, 53.547867 ], [ -2.092954, 53.546774 ], [ -2.089317, 53.547231 ], [ -2.103398, 53.541068 ], [ -2.100986, 53.542796 ], [ -2.109267, 53.540821 ], [ -2.110355, 53.543692 ], [ -2.116331, 53.543803 ] ] } },
{ "type": "Feature", "properties": { "fid": 589, "route_id": "91735", "route_short_name": "826", "route_type": 3, "route_type_name": "Bus", "geometry_method": "mixed", "n_stops_covered": 34, "n_trips_observed": 1 }, "bbox": [ -2.079132, 53.553748, -1.999983, 53.593481 ], "geometry": { "type": "LineString", "coordinates": [ [ -2.001701, 53.56241 ], [ -1.999983, 53.564791 ], [ -2.008276, 53.554135 ], [ -2.016957, 53.554181 ], [ -2.019089, 53.553748 ], [ -2.019696, 53.553868 ], [ -2.024288, 53.560736 ], [ -2.020846, 53.56397 ], [ -2.023647, 53.568917 ], [ -2.03455, 53.571354 ], [ -2.041037, 53.579016 ], [ -2.042249, 53.57725 ], [ -2.041971, 53.57925 ], [ -2.03819, 53.588366 ], [ -2.039311, 53.58422 ], [ -2.03866, 53.589997 ], [ -2.040186, 53.59184 ], [ -2.04003, 53.592098 ], [ -2.039224, 53.593156 ], [ -2.041158, 53.593427 ], [ -2.041644, 53.593481 ], [ -2.03866, 53.589997 ], [ -2.042926, 53.58918 ], [ -2.058946, 53.57243 ], [ -2.069996, 53.568204 ], [ -2.077715, 53.560551 ], [ -2.074361, 53.562862 ], [ -2.075631, 53.558757 ], [ -2.079132, 53.558136 ] ] } },
{ "type": "Feature", "properties": { "fid": 590, "route_id": "91736", "route_short_name": "824", "route_type": 3, "route_type_name": "Bus", "geometry_method": "osm_routed", "n_stops_covered": 34, "n_trips_observed": 1 }, "bbox": [ -2.152075, 53.512333, -2.100594, 53.538646 ], "geometry": { "type": "LineString", "coordinates": [ [ -2.107458, 53.512333 ], [ -2.109837, 53.521241 ], [ -2.102817, 53.521821 ], [ -2.100594, 53.525312 ], [ -2.105131, 53.529322 ], [ -2.111437, 53.526799 ], [ -2.110723, 53.524339 ], [ -2.117515, 53.525415 ], [ -2.114073, 53.531857 ], [ -2.11577, 53.534521 ], [ -2.125583, 53.528085 ], [ -2.137215, 53.525772 ], [ -2.150461, 53.531867 ], [ -2.152075, 53.538646 ] ] } },
{ "type": "Feature", "properties": { "fid": 591, "route_id": "91737", "route_short_name": "833", "route_type": 3, "route_type_name": "Bus", "geometry_method": "osm_routed", "n_stops_covered": 28, "n_trips_observed": 2 }, "bbox": [ -2.176848, 53.495797, -2.136454, 53.538646 ], "geometry": { "type": "LineString", "coordinates": [ [ -2.176848, 53.500131 ], [ -2.160853, 53.495797 ], [ -2.156308, 53.498869 ], [ -2.156853, 53.508582 ], [ -2.151197, 53.510722 ], [ -2.13922, 53.509014 ], [ -2.147153, 53.517338 ], [ -2.136454, 53.52662 ], [ -2.150461, 53.531867 ], [ -2.152075, 53.538646 ] ] } },
{ "type": "Feature", "properties": { "fid": 592, "route_id": "91845", "route_short_name": "159", "route_type": 3, "route_type_name": "Bus", "geometry_method": "osm_routed", "n_stops_covered": 137, "n_trips_observed": 7 }, "bbox": [ -2.204001, 53.501911, -2.116331, 53.554342 ], "geometry": { "type": "LineString", "coordinates": [ [ -2.199698, 53.547443 ], [ -2.204001, 53.537442 ], [ -2.181351, 53.534917 ], [ -2.174969, 53.539606 ], [ -2.172638, 53.536734 ], [ -2.174969, 53.539606 ], [ -2.176087, 53.525661 ], [ -2.159908, 53.51683 ], [ -2.163338, 53.513378 ], [ -2.163083, 53.507947 ], [ -2.151197, 53.510722 ], [ -2.143973, 53.508431 ], [ -2.138682, 53.508979 ], [ -2.136155, 53.505196 ], [ -2.135465, 53.504467 ], [ -2.1379, 53.501911 ], [ -2.135465, 53.504467 ], [ -2.139593, 53.510354 ], [ -2.144306, 53.515754 ], [ -2.147153, 53.517338 ], [ -2.136454, 53.52662 ], [ -2.144245, 53.530093 ], [ -2.137941, 53.536125 ], [ -2.13753, 53.543253 ], [ -2.142751, 53.545432 ], [ -2.13918, 53.550914 ], [ -2.134906, 53.549613 ], [ -2.13103, 53.551465 ], [ -2.132109, 53.553671 ], [ -2.120421, 53.554342 ], [ -2.11938, 53.544296 ], [ -2.116331, 53.543803 ] ] } },
{ "type": "Feature", "properties": { "fid": 593, "route_id": "91846", "route_short_name": "151", "route_type": 3, "route_type_name": "Bus", "geometry_method": "osm_routed", "n_stops_covered": 189, "n_trips_observed": 9 }, "bbox": [ -2.245174, 53.490037, -2.098527, 53.525085 ], "geometry": { "type": "LineString", "coordinates": [ [ -2.231375, 53.518644 ], [ -2.236287, 53.517007 ], [ -2.234469, 53.512651 ], [ -2.245174, 53.512089 ], [ -2.235928, 53.504751 ], [ -2.235792, 53.500133 ], [ -2.218698, 53.502483 ], [ -2.213833, 53.498061 ], [ -2.204253, 53.500346 ], [ -2.205891, 53.502148 ], [ -2.195245, 53.504608 ], [ -2.210014, 53.509863 ], [ -2.208486, 53.513452 ], [ -2.197502, 53.513941 ], [ -2.18958, 53.505966 ], [ -2.194915, 53.503552 ], [ -2.192595, 53.500898 ], [ -2.18359, 53.502171 ], [ -2.172851, 53.498996 ], [ -2.165868, 53.503635 ], [ -2.158595, 53.499728 ], [ -2.15221, 53.501168 ], [ -2.150292, 53.507143 ], [ -2.145436, 53.508792 ], [ -2.147425, 53.508844 ], [ -2.148627, 53.510178 ], [ -2.151661, 53.510651 ], [ -2.154609, 53.512358 ], [ -2.163083, 53.507947 ], [ -2.159802, 53.5073 ], [ -2.153835, 53.510149 ], [ -2.152008, 53.510586 ], [ -2.151661, 53.510651 ], [ -2.151197, 53.510722 ], [ -2.143149, 53.514054 ], [ -2.147153, 53.517338 ], [ -2.145436, 53.518764 ], [ -2.114827, 53.525085 ], [ -2.108199, 53.51998 ], [ -2.106469, 53.504918 ], [ -2.098527, 53.490037 ] ] } },
{ "type": "Feature", "properties": { "fid": 594, "route_id": "92146", "route_short_name": "406", "route_type": 3, "route_type_name": "Bus", "geometry_method": "osm_routed", "n_stops_covered": 36, "n_trips_observed": 16 }, "bbox": [ -2.159998, 53.590893, -2.145817, 53.616925 ], "geometry": { "type": "LineString", "coordinates": [ [ -2.155566, 53.616925 ], [ -2.153822, 53.614879 ], [ -2.152366, 53.613978 ], [ -2.151582, 53.613016 ], [ -2.150869, 53.612182 ], [ -2.148751, 53.609644 ], [ -2.14805, 53.608716 ], [ -2.148136, 53.603807 ], [ -2.148, 53.603685 ], [ -2.147441, 53.603873 ], [ -2.146958, 53.604182 ], [ -2.14648, 53.603929 ], [ -2.14735, 53.603699 ], [ -2.149914, 53.603193 ], [ -2.150815, 53.602933 ], [ -2.156897, 53.60081 ], [ -2.15486, 53.597829 ], [ -2.157655, 53.597427 ], [ -2.157631, 53.595615 ], [ -2.15702, 53.594093 ], [ -2.157336, 53.594044 ], [ -2.156537, 53.593571 ], [ -2.159998, 53.592324 ], [ -2.154968, 53.590893 ], [ -2.148951, 53.59219 ], [ -2.146881, 53.596596 ], [ -2.156614, 53.593729 ], [ -2.157655, 53.597427 ], [ -2.15486, 53.597829 ], [ -2.152332, 53.599962 ], [ -2.145817, 53.601261 ], [ -2.146236, 53.603012 ], [ -2.147149, 53.603422 ], [ -2.14735, 53.603699 ], [ -2.147441, 53.603873 ], [ -2.146985, 53.604177 ], [ -2.147181, 53.604532 ], [ -2.147511, 53.604076 ], [ -2.147809, 53.608323 ], [ -2.14805, 53.608716 ], [ -2.148751, 53.609644 ], [ -2.150869, 53.612182 ], [ -2.150919, 53.61176 ], [ -2.152366, 53.613978 ], [ -2.153729, 53.614289 ], [ -2.153663, 53.614706 ], [ -2.153822, 53.614879 ], [ -2.154167, 53.615827 ], [ -2.155045, 53.616568 ] ] } },
{ "type": "Feature", "properties": { "fid": 595, "route_id": "92147", "route_short_name": "433", "route_type": 3, "route_type_name": "Bus", "geometry_method": "mixed", "n_stops_covered": 105, "n_trips_observed": 12 }, "bbox": [ -2.297795, 53.591701, -2.20226, 53.629002 ], "geometry": { "type": "LineString", "coordinates": [ [ -2.22173, 53.629002 ], [ -2.205796, 53.626087 ], [ -2.20226, 53.620686 ], [ -2.209011, 53.612657 ], [ -2.207206, 53.607751 ], [ -2.213687, 53.608512 ], [ -2.217082, 53.605125 ], [ -2.217391, 53.593501 ], [ -2.221053, 53.594228 ], [ -2.22303, 53.604527 ], [ -2.247237, 53.603746 ], [ -2.25759, 53.601236 ], [ -2.253838, 53.6001 ], [ -2.266512, 53.599672 ], [ -2.267219, 53.598103 ], [ -2.268815, 53.596529 ], [ -2.270145, 53.596238 ], [ -2.270085, 53.595749 ], [ -2.268729, 53.596147 ], [ -2.268815, 53.596529 ], [ -2.268432, 53.597562 ], [ -2.268566, 53.597998 ], [ -2.272628, 53.598424 ], [ -2.27379, 53.601745 ], [ -2.275343, 53.604774 ], [ -2.27379, 53.601745 ], [ -2.278399, 53.599929 ], [ -2.276355, 53.594258 ], [ -2.297795, 53.591701 ] ] } },
{ "type": "Feature", "properties": { "fid": 596, "route_id": "92148", "route_short_name": "434", "route_type": 3, "route_type_name": "Bus", "geometry_method": "mixed", "n_stops_covered": 137, "n_trips_observed": 13 }, "bbox": [ -2.19927, 53.54803, -2.122824, 53.622907 ], "geometry": { "type": "LineString", "coordinates": [ [ -2.155045, 53.616568 ], [ -2.133543, 53.622907 ], [ -2.128835, 53.617434 ], [ -2.135112, 53.609877 ], [ -2.13562, 53.607074 ], [ -2.1325, 53.606394 ], [ -2.133113, 53.606359 ], [ -2.135022, 53.606758 ], [ -2.136017, 53.607098 ], [ -2.136121, 53.607149 ], [ -2.135905, 53.607182 ], [ -2.13562, 53.607074 ], [ -2.132518, 53.60649 ], [ -2.122824, 53.601718 ], [ -2.125706, 53.597549 ], [ -2.129458, 53.599777 ], [ -2.128351, 53.604047 ], [ -2.137492, 53.606341 ], [ -2.136121, 53.607149 ], [ -2.135905, 53.607182 ], [ -2.136017, 53.607098 ], [ -2.136283, 53.606916 ], [ -2.137492, 53.606341 ], [ -2.140214, 53.605197 ], [ -2.136092, 53.601404 ], [ -2.145488, 53.598535 ], [ -2.148951, 53.59219 ], [ -2.159998, 53.592324 ], [ -2.15486, 53.597829 ], [ -2.156897, 53.60081 ], [ -2.172099, 53.595249 ], [ -2.177957, 53.589716 ], [ -2.174618, 53.583717 ], [ -2.175282, 53.572242 ], [ -2.164066, 53.567372 ], [ -2.172818, 53.567441 ], [ -2.171142, 53.5641 ], [ -2.175556, 53.571422 ], [ -2.186148, 53.563129 ], [ -2.181292, 53.558209 ], [ -2.181849, 53.556068 ], [ -2.181256, 53.555706 ], [ -2.182413, 53.554825 ], [ -2.175085, 53.55693 ], [ -2.176182, 53.559587 ], [ -2.179707, 53.558836 ], [ -2.181292, 53.558209 ], [ -2.183753, 53.554761 ], [ -2.183692, 53.550843 ], [ -2.19927, 53.54803 ] ] } },
{ "type": "Feature", "properties": { "fid": 597, "route_id": "92149", "route_short_name": "435", "route_type": 3, "route_type_name": "Bus", "geometry_method": "mixed", "n_stops_covered": 59, "n_trips_observed": 8 }, "bbox": [ -2.155045, 53.57693, -2.077129, 53.616568 ], "geometry": { "type": "LineString", "coordinates": [ [ -2.155045, 53.616568 ], [ -2.14406, 53.6119 ], [ -2.134669, 53.615836 ], [ -2.120898, 53.616083 ], [ -2.108916, 53.609285 ], [ -2.102577, 53.601219 ], [ -2.093075, 53.597127 ], [ -2.095302, 53.599117 ], [ -2.087515, 53.601182 ], [ -2.085057, 53.597165 ], [ -2.087958, 53.587956 ], [ -2.077129, 53.584744 ], [ -2.08253, 53.583286 ], [ -2.085463, 53.57693 ], [ -2.10707, 53.580339 ], [ -2.110858, 53.582253 ], [ -2.115103, 53.585926 ], [ -2.115881, 53.587596 ], [ -2.114223, 53.58631 ], [ -2.115103, 53.585926 ], [ -2.130622, 53.592165 ], [ -2.136248, 53.59629 ], [ -2.139141, 53.599801 ], [ -2.137206, 53.603631 ], [ -2.14735, 53.603699 ], [ -2.155045, 53.616568 ] ] } },
{ "type": "Feature", "properties": { "fid": 598, "route_id": "92150", "route_short_name": "436", "route_type": 3, "route_type_name": "Bus", "geometry_method": "osm_routed", "n_stops_covered": 56, "n_trips_observed": 8 }, "bbox": [ -2.155566, 53.576827, -2.08134, 53.616925 ], "geometry": { "type": "LineString", "coordinates": [ [ -2.155566, 53.616925 ], [ -2.146526, 53.604164 ], [ -2.137206, 53.603631 ], [ -2.139141, 53.599801 ], [ -2.136248, 53.59629 ], [ -2.114223, 53.58631 ], [ -2.115881, 53.587596 ], [ -2.114223, 53.58631 ], [ -2.115103, 53.585926 ], [ -2.110355, 53.581849 ], [ -2.087861, 53.576827 ], [ -2.082274, 53.580408 ], [ -2.08134, 53.582727 ], [ -2.08253, 53.583286 ], [ -2.091307, 53.580959 ], [ -2.086038, 53.59119 ], [ -2.088011, 53.59232 ], [ -2.087917, 53.589784 ], [ -2.093782, 53.598361 ], [ -2.103195, 53.60082 ], [ -2.109262, 53.609528 ], [ -2.126943, 53.616311 ], [ -2.146609, 53.61277 ], [ -2.155045, 53.616568 ] ] } },
{ "type": "Feature", "properties": { "fid": 599, "route_id": "92151", "route_short_name": "437", "route_type": 3, "route_type_name": "Bus", "geometry_method": "mixed", "n_stops_covered": 0, "n_trips_observed": 0 }, "bbox": [ -2.196234, 53.616568, -2.150468, 53.639442 ], "geometry": { "type": "LineString", "coordinates": [ [ -2.196234, 53.639442 ], [ -2.174072, 53.620818 ], [ -2.170185, 53.620759 ], [ -2.172684, 53.620931 ], [ -2.170185, 53.620759 ], [ -2.170386, 53.620393 ], [ -2.168348, 53.620324 ], [ -2.161899, 53.618905 ], [ -2.160496, 53.618971 ], [ -2.160168, 53.618816 ], [ -2.160059, 53.618723 ], [ -2.161875, 53.617069 ], [ -2.154168, 53.620565 ], [ -2.150468, 53.61712 ], [ -2.155045, 53.616568 ] ] } },
{ "type": "Feature", "properties": { "fid": 600, "route_id": "92152", "route_short_name": "440", "route_type": 3, "route_type_name": "Bus", "geometry_method": "osm_routed", "n_stops_covered": 25, "n_trips_observed": 15 }, "bbox": [ -2.160027, 53.616568, -2.150556, 53.638082 ], "geometry": { "type": "LineString", "coordinates": [ [ -2.155045, 53.616568 ], [ -2.150556, 53.617092 ], [ -2.158177, 53.619566 ], [ -2.159464, 53.621783 ], [ -2.15786, 53.622318 ], [ -2.157474, 53.622456 ], [ -2.157016, 53.622628 ], [ -2.156544, 53.622794 ], [ -2.160027, 53.626556 ], [ -2.151444, 53.629294 ], [ -2.155386, 53.638082 ] ] } },
{ "type": "Feature", "properties": { "fid": 601, "route_id": "92153", "route_short_name": "442", "route_type": 3, "route_type_name": "Bus", "geometry_method": "osm_routed", "n_stops_covered": 51, "n_trips_observed": 14 }, "bbox": [ -2.22173, 53.607751, -2.150468, 53.629002 ], "geometry": { "type": "LineString", "coordinates": [ [ -2.22173, 53.629002 ], [ -2.198695, 53.622468 ], [ -2.208389, 53.614012 ], [ -2.207206, 53.607751 ], [ -2.154168, 53.620565 ], [ -2.150468, 53.61712 ], [ -2.155045, 53.616568 ] ] } },
{ "type": "Feature", "properties": { "fid": 602, "route_id": "92154", "route_short_name": "450", "route_type": 3, "route_type_name": "Bus", "geometry_method": "osm_routed", "n_stops_covered": 53, "n_trips_observed": 7 }, "bbox": [ -2.156099, 53.597549, -2.085666, 53.616925 ], "geometry": { "type": "LineString", "coordinates": [ [ -2.155566, 53.616925 ], [ -2.152444, 53.611297 ], [ -2.156099, 53.609703 ], [ -2.154682, 53.60771 ], [ -2.147305, 53.604026 ], [ -2.136121, 53.607149 ], [ -2.135905, 53.607182 ], [ -2.13562, 53.607074 ], [ -2.132896, 53.606604 ], [ -2.132518, 53.60649 ], [ -2.133113, 53.606359 ], [ -2.136121, 53.607149 ], [ -2.132518, 53.60649 ], [ -2.122839, 53.60174 ], [ -2.125706, 53.597549 ], [ -2.129458, 53.599777 ], [ -2.127978, 53.603956 ], [ -2.123608, 53.601867 ], [ -2.123113, 53.601817 ], [ -2.122839, 53.60174 ], [ -2.122824, 53.601718 ], [ -2.115586, 53.601387 ], [ -2.10868, 53.604259 ], [ -2.109804, 53.606201 ], [ -2.11048, 53.605022 ], [ -2.114612, 53.604432 ], [ -2.109804, 53.606201 ], [ -2.102968, 53.601414 ], [ -2.101067, 53.600585 ], [ -2.098756, 53.600276 ], [ -2.098275, 53.600125 ], [ -2.097021, 53.599638 ], [ -2.096508, 53.599515 ], [ -2.085666, 53.604171 ], [ -2.097694, 53.600366 ], [ -2.098275, 53.600125 ], [ -2.098775, 53.599283 ], [ -2.101065, 53.598283 ], [ -2.10462, 53.600201 ], [ -2.102577, 53.601219 ], [ -2.102968, 53.601414 ], [ -2.103748, 53.60501 ], [ -2.107639, 53.608013 ], [ -2.104163, 53.610677 ], [ -2.105854, 53.614051 ], [ -2.115402, 53.610101 ], [ -2.123216, 53.611479 ], [ -2.121503, 53.61512 ], [ -2.126943, 53.616311 ], [ -2.146609, 53.61277 ], [ -2.155045, 53.616568 ] ] } },
{ "type": "Feature", "properties": { "fid": 603, "route_id": "92155", "route_short_name": "451", "route_type": 3, "route_type_name": "Bus", "geometry_method": "osm_routed", "n_stops_covered": 57, "n_trips_observed": 8 }, "bbox": [ -2.155566, 53.597549, -2.085666, 53.616925 ], "geometry": { "type": "LineString", "coordinates": [ [ -2.155566, 53.616925 ], [ -2.14406, 53.6119 ], [ -2.126943, 53.616311 ], [ -2.121503, 53.61512 ], [ -2.123216, 53.611479 ], [ -2.115402, 53.610101 ], [ -2.105854, 53.614051 ], [ -2.104163, 53.610677 ], [ -2.107639, 53.608013 ], [ -2.103748, 53.60501 ], [ -2.102577, 53.601219 ], [ -2.10462, 53.600201 ], [ -2.10237, 53.599069 ], [ -2.091506, 53.600406 ], [ -2.094832, 53.601365 ], [ -2.085666, 53.604171 ], [ -2.088991, 53.603523 ], [ -2.098275, 53.600125 ], [ -2.103195, 53.60082 ], [ -2.102372, 53.600607 ], [ -2.103195, 53.60082 ], [ -2.102577, 53.601219 ], [ -2.108365, 53.603986 ], [ -2.10868, 53.604259 ], [ -2.108641, 53.604844 ], [ -2.109804, 53.606201 ], [ -2.11048, 53.605022 ], [ -2.114612, 53.604432 ], [ -2.109804, 53.606201 ], [ -2.108154, 53.604532 ], [ -2.108365, 53.603986 ], [ -2.112392, 53.60171 ], [ -2.123031, 53.601522 ], [ -2.125706, 53.597549 ], [ -2.132141, 53.606219 ], [ -2.14735, 53.603699 ], [ -2.154682, 53.60771 ], [ -2.155045, 53.616568 ] ] } },
{ "type": "Feature", "properties": { "fid": 604, "route_id": "92156", "route_short_name": "461", "route_type": 3, "route_type_name": "Bus", "geometry_method": "osm_routed", "n_stops_covered": 46, "n_trips_observed": 5 }, "bbox": [ -2.212305, 53.615827, -2.150468, 53.630941 ], "geometry": { "type": "LineString", "coordinates": [ [ -2.155045, 53.616568 ], [ -2.150556, 53.617092 ], [ -2.154566, 53.620367 ], [ -2.160059, 53.618723 ], [ -2.160894, 53.617217 ], [ -2.161689, 53.617071 ], [ -2.161875, 53.617069 ], [ -2.160496, 53.618971 ], [ -2.163089, 53.618584 ], [ -2.162148, 53.618734 ], [ -2.174072, 53.620818 ], [ -2.174743, 53.621366 ], [ -2.176594, 53.621686 ], [ -2.178019, 53.622495 ], [ -2.181142, 53.622277 ], [ -2.182042, 53.623525 ], [ -2.182091, 53.626127 ], [ -2.182865, 53.625773 ], [ -2.186829, 53.625186 ], [ -2.189011, 53.624004 ], [ -2.189814, 53.624552 ], [ -2.189266, 53.622899 ], [ -2.205348, 53.619926 ], [ -2.209569, 53.623423 ], [ -2.203416, 53.624598 ], [ -2.205845, 53.626043 ], [ -2.206657, 53.626285 ], [ -2.210857, 53.62869 ], [ -2.211467, 53.629702 ], [ -2.212305, 53.630049 ], [ -2.212185, 53.630941 ], [ -2.200557, 53.622811 ], [ -2.182091, 53.626127 ], [ -2.181142, 53.622277 ], [ -2.176714, 53.622804 ], [ -2.178045, 53.622685 ], [ -2.176714, 53.622804 ], [ -2.17534, 53.622514 ], [ -2.174072, 53.620818 ], [ -2.168348, 53.620324 ], [ -2.161899, 53.618905 ], [ -2.160496, 53.618971 ], [ -2.160168, 53.618816 ], [ -2.160059, 53.618723 ], [ -2.161875, 53.617069 ], [ -2.160168, 53.618816 ], [ -2.154168, 53.620565 ], [ -2.150468, 53.61712 ], [ -2.154167, 53.615827 ], [ -2.155045, 53.616568 ] ] } },
{ "type": "Feature", "properties": { "fid": 605, "route_id": "92157", "route_short_name": "800", "route_type": 3, "route_type_name": "Bus", "geometry_method": "osm_routed", "n_stops_covered": 24, "n_trips_observed": 1 }, "bbox": [ -2.169246, 53.619566, -2.134122, 53.63506 ], "geometry": { "type": "LineString", "coordinates": [ [ -2.166592, 53.623762 ], [ -2.169246, 53.630101 ], [ -2.159155, 53.630182 ], [ -2.154075, 53.62048 ], [ -2.155989, 53.620008 ], [ -2.153774, 53.619968 ], [ -2.158177, 53.619566 ], [ -2.144014, 53.619834 ], [ -2.141483, 53.628552 ], [ -2.134122, 53.633649 ], [ -2.137001, 53.63506 ] ] } },
{ "type": "Feature", "properties": { "fid": 606, "route_id": "92158", "route_short_name": "475", "route_type": 3, "route_type_name": "Bus", "geometry_method": "mixed", "n_stops_covered": 73, "n_trips_observed": 7 }, "bbox": [ -2.297795, 53.580599, -2.204937, 53.599425 ], "geometry": { "type": "LineString", "coordinates": [ [ -2.220954, 53.594133 ], [ -2.208808, 53.597304 ], [ -2.204937, 53.588313 ], [ -2.213554, 53.580599 ], [ -2.216069, 53.581095 ], [ -2.215816, 53.586441 ], [ -2.210859, 53.588883 ], [ -2.222697, 53.589377 ], [ -2.219234, 53.593316 ], [ -2.220531, 53.59372 ], [ -2.221053, 53.594228 ], [ -2.22047, 53.59913 ], [ -2.225134, 53.599425 ], [ -2.230698, 53.595349 ], [ -2.238285, 53.596936 ], [ -2.240837, 53.59348 ], [ -2.235945, 53.593037 ], [ -2.251227, 53.588484 ], [ -2.289508, 53.593649 ], [ -2.297795, 53.591701 ] ] } },
{ "type": "Feature", "properties": { "fid": 607, "route_id": "92159", "route_short_name": "477", "route_type": 3, "route_type_name": "Bus", "geometry_method": "osm_routed", "n_stops_covered": 96, "n_trips_observed": 8 }, "bbox": [ -2.335005, 53.591701, -2.297795, 53.651589 ], "geometry": { "type": "LineString", "coordinates": [ [ -2.309022, 53.648548 ], [ -2.309347, 53.651139 ], [ -2.308283, 53.651196 ], [ -2.30792, 53.649002 ], [ -2.309897, 53.647481 ], [ -2.31848, 53.648771 ], [ -2.317295, 53.650824 ], [ -2.316559, 53.651589 ], [ -2.31848, 53.648771 ], [ -2.31926, 53.645644 ], [ -2.322342, 53.642904 ], [ -2.321684, 53.64258 ], [ -2.319323, 53.6413 ], [ -2.318204, 53.640718 ], [ -2.317391, 53.640113 ], [ -2.313918, 53.638434 ], [ -2.314102, 53.635215 ], [ -2.317809, 53.635572 ], [ -2.317488, 53.640056 ], [ -2.322523, 53.642761 ], [ -2.33452, 53.633404 ], [ -2.322379, 53.627572 ], [ -2.309505, 53.629537 ], [ -2.314835, 53.632188 ], [ -2.321778, 53.62774 ], [ -2.322379, 53.627572 ], [ -2.324173, 53.627124 ], [ -2.329092, 53.625952 ], [ -2.328241, 53.62446 ], [ -2.335005, 53.623815 ], [ -2.319419, 53.615441 ], [ -2.31133, 53.604837 ], [ -2.302086, 53.606302 ], [ -2.309254, 53.595185 ], [ -2.297795, 53.591701 ] ] } },
{ "type": "Feature", "properties": { "fid": 608, "route_id": "92160", "route_short_name": "487", "route_type": 3, "route_type_name": "Bus", "geometry_method": "osm_routed", "n_stops_covered": 46, "n_trips_observed": 12 }, "bbox": [ -2.304601, 53.589019, -2.282568, 53.630908 ], "geometry": { "type": "LineString", "coordinates": [ [ -2.303052, 53.589019 ], [ -2.30089, 53.590213 ], [ -2.304601, 53.591812 ], [ -2.298994, 53.590578 ], [ -2.295339, 53.590612 ], [ -2.295633, 53.591019 ], [ -2.295339, 53.590612 ], [ -2.293346, 53.591229 ], [ -2.293041, 53.591672 ], [ -2.293053, 53.591534 ], [ -2.294873, 53.590468 ], [ -2.293346, 53.591229 ], [ -2.292305, 53.593159 ], [ -2.292251, 53.593297 ], [ -2.292016, 53.593637 ], [ -2.289472, 53.593758 ], [ -2.28974, 53.597773 ], [ -2.293079, 53.598837 ], [ -2.290072, 53.599436 ], [ -2.293211, 53.600909 ], [ -2.282568, 53.603023 ], [ -2.290299, 53.601673 ], [ -2.292068, 53.604366 ], [ -2.292115, 53.608337 ], [ -2.292198, 53.608913 ], [ -2.292627, 53.610517 ], [ -2.292753, 53.610968 ], [ -2.292896, 53.611549 ], [ -2.296595, 53.611552 ], [ -2.298508, 53.6111 ], [ -2.294986, 53.608812 ], [ -2.294986, 53.610273 ], [ -2.292627, 53.610517 ], [ -2.290869, 53.610696 ], [ -2.290513, 53.614188 ], [ -2.29491, 53.617522 ], [ -2.289243, 53.630908 ] ] } },
{ "type": "Feature", "properties": { "fid": 609, "route_id": "92161", "route_short_name": "715", "route_type": 3, "route_type_name": "Bus", "geometry_method": "osm_routed", "n_stops_covered": 33, "n_trips_observed": 1 }, "bbox": [ -2.24938, 53.496335, -2.189529, 53.532505 ], "geometry": { "type": "LineString", "coordinates": [ [ -2.24938, 53.496335 ], [ -2.245071, 53.501861 ], [ -2.236233, 53.50007 ], [ -2.235648, 53.503928 ], [ -2.24938, 53.51575 ], [ -2.248722, 53.518346 ], [ -2.236287, 53.517007 ], [ -2.225226, 53.522593 ], [ -2.216095, 53.522623 ], [ -2.208324, 53.532505 ], [ -2.189529, 53.527915 ] ] } },
{ "type": "Feature", "properties": { "fid": 610, "route_id": "92162", "route_short_name": "822", "route_type": 3, "route_type_name": "Bus", "geometry_method": "mixed", "n_stops_covered": 0, "n_trips_observed": 0 }, "bbox": [ -2.110486, 53.515268, -1.99873, 53.554135 ], "geometry": { "type": "LineString", "coordinates": [ [ -2.008276, 53.554135 ], [ -2.004644, 53.541752 ], [ -2.011705, 53.538051 ], [ -1.99873, 53.532533 ], [ -2.027597, 53.529144 ], [ -2.041163, 53.515268 ], [ -2.043218, 53.518245 ], [ -2.046198, 53.518165 ], [ -2.046272, 53.518201 ], [ -2.047438, 53.518222 ], [ -2.046889, 53.518796 ], [ -2.046284, 53.51941 ], [ -2.043834, 53.519883 ], [ -2.046284, 53.51941 ], [ -2.046272, 53.518201 ], [ -2.047104, 53.517809 ], [ -2.047512, 53.518149 ], [ -2.046622, 53.52 ], [ -2.046284, 53.51941 ], [ -2.046272, 53.518201 ], [ -2.047104, 53.517809 ], [ -2.049803, 53.51979 ], [ -2.049007, 53.536842 ], [ -2.071984, 53.538348 ], [ -2.067449, 53.541942 ], [ -2.069142, 53.548656 ], [ -2.090768, 53.547867 ], [ -2.103398, 53.541068 ], [ -2.110486, 53.541081 ], [ -2.108402, 53.544533 ] ] } },
{ "type": "Feature", "properties": { "fid": 611, "route_id": "92163", "route_short_name": "848", "route_type": 3, "route_type_name": "Bus", "geometry_method": "osm_routed", "n_stops_covered": 34, "n_trips_observed": 1 }, "bbox": [ -2.147222, 53.589638, -2.097717, 53.643982 ], "geometry": { "type": "LineString", "coordinates": [ [ -2.140106, 53.589638 ], [ -2.145129, 53.596009 ], [ -2.146827, 53.593871 ], [ -2.147222, 53.596574 ], [ -2.147006, 53.597191 ], [ -2.136092, 53.601404 ], [ -2.140214, 53.605197 ], [ -2.128835, 53.617434 ], [ -2.133543, 53.622907 ], [ -2.137761, 53.622569 ], [ -2.133543, 53.622907 ], [ -2.141483, 53.628552 ], [ -2.13317, 53.633916 ], [ -2.097717, 53.643982 ] ] } },
{ "type": "Feature", "properties": { "fid": 612, "route_id": "92164", "route_short_name": "892", "route_type": 3, "route_type_name": "Bus", "geometry_method": "osm_routed", "n_stops_covered": 37, "n_trips_observed": 1 }, "bbox": [ -2.140258, 53.604293, -2.085578, 53.660058 ], "geometry": { "type": "LineString", "coordinates": [ [ -2.101168, 53.647836 ], [ -2.096734, 53.655986 ], [ -2.085578, 53.660058 ], [ -2.093579, 53.643931 ], [ -2.133888, 53.63346 ], [ -2.137001, 53.63506 ], [ -2.133783, 53.633544 ], [ -2.133888, 53.63346 ], [ -2.134532, 53.632956 ], [ -2.135622, 53.632172 ], [ -2.13919, 53.629987 ], [ -2.140258, 53.62903 ], [ -2.133543, 53.622907 ], [ -2.137761, 53.622569 ], [ -2.133543, 53.622907 ], [ -2.128835, 53.617434 ], [ -2.138637, 53.604293 ] ] } },
{ "type": "Feature", "properties": { "fid": 613, "route_id": "92165", "route_short_name": "900", "route_type": 3, "route_type_name": "Bus", "geometry_method": "osm_routed", "n_stops_covered": 43, "n_trips_observed": 1 }, "bbox": [ -2.362194, 53.524714, -2.264537, 53.562852 ], "geometry": { "type": "LineString", "coordinates": [ [ -2.361058, 53.54197 ], [ -2.362194, 53.545699 ], [ -2.351664, 53.548314 ], [ -2.322473, 53.54819 ], [ -2.313912, 53.54463 ], [ -2.296531, 53.551455 ], [ -2.291548, 53.562852 ], [ -2.274806, 53.560796 ], [ -2.276127, 53.551799 ], [ -2.272931, 53.549222 ], [ -2.287793, 53.54215 ], [ -2.274627, 53.537001 ], [ -2.274809, 53.524714 ], [ -2.264537, 53.525083 ] ] } },
{ "type": "Feature", "properties": { "fid": 614, "route_id": "92166", "route_short_name": "711", "route_type": 3, "route_type_name": "Bus", "geometry_method": "mixed", "n_stops_covered": 41, "n_trips_observed": 1 }, "bbox": [ -2.217352, 53.489855, -2.165263, 53.536445 ], "geometry": { "type": "LineString", "coordinates": [ [ -2.214816, 53.49894 ], [ -2.201421, 53.489855 ], [ -2.178128, 53.499945 ], [ -2.184786, 53.504655 ], [ -2.181019, 53.513796 ], [ -2.176994, 53.51771 ], [ -2.168954, 53.517089 ], [ -2.165263, 53.522334 ], [ -2.188272, 53.529084 ], [ -2.19501, 53.528631 ], [ -2.195451, 53.530189 ], [ -2.202148, 53.52992 ], [ -2.206095, 53.530697 ], [ -2.201806, 53.530983 ], [ -2.217352, 53.533985 ], [ -2.216926, 53.536445 ] ] } },
{ "type": "Feature", "properties": { "fid": 615, "route_id": "92168", "route_short_name": "831", "route_type": 3, "route_type_name": "Bus", "geometry_method": "osm_routed", "n_stops_covered": 18, "n_trips_observed": 1 }, "bbox": [ -2.15452, 53.555132, -2.121711, 53.582821 ], "geometry": { "type": "LineString", "coordinates": [ [ -2.15452, 53.555132 ], [ -2.138474, 53.562808 ], [ -2.121711, 53.565353 ], [ -2.135308, 53.581207 ], [ -2.130269, 53.582821 ] ] } },
{ "type": "Feature", "properties": { "fid": 616, "route_id": "92240", "route_short_name": "967", "route_type": 3, "route_type_name": "Bus", "geometry_method": "osm_routed", "n_stops_covered": 44, "n_trips_observed": 1 }, "bbox": [ -2.300417, 53.583663, -2.166938, 53.631035 ], "geometry": { "type": "LineString", "coordinates": [ [ -2.166938, 53.614645 ], [ -2.181749, 53.613593 ], [ -2.179964, 53.618347 ], [ -2.182078, 53.626338 ], [ -2.183575, 53.629431 ], [ -2.185901, 53.631035 ], [ -2.183251, 53.628719 ], [ -2.191676, 53.627472 ], [ -2.205805, 53.617009 ], [ -2.20909, 53.612177 ], [ -2.207206, 53.607751 ], [ -2.281584, 53.596866 ], [ -2.288954, 53.586021 ], [ -2.297054, 53.583663 ], [ -2.300417, 53.586165 ] ] } },
{ "type": "Feature", "properties": { "fid": 617, "route_id": "92241", "route_short_name": "968", "route_type": 3, "route_type_name": "Bus", "geometry_method": "osm_routed", "n_stops_covered": 45, "n_trips_observed": 1 }, "bbox": [ -2.304601, 53.589019, -2.166938, 53.631275 ], "geometry": { "type": "LineString", "coordinates": [ [ -2.303052, 53.589019 ], [ -2.30089, 53.590213 ], [ -2.304601, 53.591812 ], [ -2.303341, 53.594805 ], [ -2.207518, 53.608092 ], [ -2.208389, 53.614012 ], [ -2.200557, 53.622811 ], [ -2.183251, 53.628719 ], [ -2.186526, 53.631275 ], [ -2.183575, 53.629431 ], [ -2.182078, 53.626338 ], [ -2.181749, 53.613593 ], [ -2.166938, 53.614645 ] ] } },
{ "type": "Feature", "properties": { "fid": 618, "route_id": "92242", "route_short_name": "828", "route_type": 3, "route_type_name": "Bus", "geometry_method": "osm_routed", "n_stops_covered": 33, "n_trips_observed": 1 }, "bbox": [ -2.047104, 53.517809, -1.99873, 53.564791 ], "geometry": { "type": "LineString", "coordinates": [ [ -2.001701, 53.56241 ], [ -1.999983, 53.564791 ], [ -2.008276, 53.554135 ], [ -2.004644, 53.541752 ], [ -2.011705, 53.538051 ], [ -1.99873, 53.532533 ], [ -2.024454, 53.52971 ], [ -2.022779, 53.535462 ], [ -2.021602, 53.536728 ], [ -2.022779, 53.535462 ], [ -2.014334, 53.538303 ], [ -2.0132, 53.539232 ], [ -2.028615, 53.537438 ], [ -2.030374, 53.536763 ], [ -2.026654, 53.534128 ], [ -2.030374, 53.536763 ], [ -2.037619, 53.528449 ], [ -2.037762, 53.522595 ], [ -2.047104, 53.517809 ] ] } },
{ "type": "Feature", "properties": { "fid": 619, "route_id": "92243", "route_short_name": "865", "route_type": 3, "route_type_name": "Bus", "geometry_method": "osm_routed", "n_stops_covered": 23, "n_trips_observed": 1 }, "bbox": [ -2.108033, 53.528535, -2.072557, 53.550184 ], "geometry": { "type": "LineString", "coordinates": [ [ -2.072557, 53.550184 ], [ -2.090768, 53.547867 ], [ -2.097455, 53.54381 ], [ -2.095398, 53.538157 ], [ -2.087914, 53.53528 ], [ -2.082909, 53.528535 ], [ -2.108033, 53.536046 ] ] } },
{ "type": "Feature", "properties": { "fid": 620, "route_id": "92244", "route_short_name": "881", "route_type": 3, "route_type_name": "Bus", "geometry_method": "osm_routed", "n_stops_covered": 28, "n_trips_observed": 1 }, "bbox": [ -2.184668, 53.581612, -2.150468, 53.622804 ], "geometry": { "type": "LineString", "coordinates": [ [ -2.184668, 53.617462 ], [ -2.17985, 53.616751 ], [ -2.181172, 53.621274 ], [ -2.176714, 53.622804 ], [ -2.178045, 53.622685 ], [ -2.176714, 53.622804 ], [ -2.17534, 53.622514 ], [ -2.174072, 53.620818 ], [ -2.170185, 53.620759 ], [ -2.172684, 53.620931 ], [ -2.170185, 53.620759 ], [ -2.170386, 53.620393 ], [ -2.168348, 53.620324 ], [ -2.161899, 53.618905 ], [ -2.160496, 53.618971 ], [ -2.160168, 53.618816 ], [ -2.160059, 53.618723 ], [ -2.161875, 53.617069 ], [ -2.154168, 53.620565 ], [ -2.150468, 53.61712 ], [ -2.155045, 53.616568 ], [ -2.15248, 53.611136 ], [ -2.16457, 53.608732 ], [ -2.167989, 53.605423 ], [ -2.16596, 53.604474 ], [ -2.175891, 53.602362 ], [ -2.181651, 53.597376 ], [ -2.174783, 53.581612 ] ] } },
{ "type": "Feature", "properties": { "fid": 621, "route_id": "92245", "route_short_name": "722", "route_type": 3, "route_type_name": "Bus", "geometry_method": "osm_routed", "n_stops_covered": 40, "n_trips_observed": 1 }, "bbox": [ -2.2243, 53.48495, -2.165263, 53.527915 ], "geometry": { "type": "LineString", "coordinates": [ [ -2.214816, 53.49894 ], [ -2.210408, 53.49586 ], [ -2.2243, 53.488643 ], [ -2.215615, 53.48495 ], [ -2.184281, 53.497483 ], [ -2.179008, 53.49401 ], [ -2.174755, 53.495319 ], [ -2.180014, 53.503127 ], [ -2.170403, 53.505793 ], [ -2.169771, 53.515302 ], [ -2.165263, 53.522334 ], [ -2.189529, 53.527915 ] ] } },
{ "type": "Feature", "properties": { "fid": 622, "route_id": "92246", "route_short_name": "458", "route_type": 3, "route_type_name": "Bus", "geometry_method": "mixed", "n_stops_covered": 98, "n_trips_observed": 13 }, "bbox": [ -2.155045, 53.616568, -2.085962, 53.659695 ], "geometry": { "type": "LineString", "coordinates": [ [ -2.155045, 53.616568 ], [ -2.150556, 53.617092 ], [ -2.154321, 53.62053 ], [ -2.144105, 53.623722 ], [ -2.134279, 53.63336 ], [ -2.137001, 53.63506 ], [ -2.132874, 53.646285 ], [ -2.13472, 53.650438 ], [ -2.12414, 53.638049 ], [ -2.103479, 53.630841 ], [ -2.095906, 53.633912 ], [ -2.101831, 53.642414 ], [ -2.096362, 53.643877 ], [ -2.093579, 53.643931 ], [ -2.092748, 53.643791 ], [ -2.09631, 53.641569 ], [ -2.092748, 53.643791 ], [ -2.095446, 53.643074 ], [ -2.095408, 53.643795 ], [ -2.096362, 53.643877 ], [ -2.101624, 53.64752 ], [ -2.108431, 53.649787 ], [ -2.1137, 53.648665 ], [ -2.101624, 53.64752 ], [ -2.096734, 53.655986 ], [ -2.085962, 53.659695 ] ] } },
{ "type": "Feature", "properties": { "fid": 623, "route_id": "92247", "route_short_name": "467", "route_type": 3, "route_type_name": "Bus", "geometry_method": "osm_routed", "n_stops_covered": 90, "n_trips_observed": 25 }, "bbox": [ -2.295633, 53.591019, -2.150468, 53.631035 ], "geometry": { "type": "LineString", "coordinates": [ [ -2.295633, 53.591019 ], [ -2.289508, 53.593649 ], [ -2.292016, 53.593637 ], [ -2.289652, 53.596852 ], [ -2.207518, 53.608092 ], [ -2.208389, 53.614012 ], [ -2.200557, 53.622811 ], [ -2.183251, 53.628719 ], [ -2.185901, 53.631035 ], [ -2.174072, 53.620818 ], [ -2.170185, 53.620759 ], [ -2.172684, 53.620931 ], [ -2.170185, 53.620759 ], [ -2.170386, 53.620393 ], [ -2.168348, 53.620324 ], [ -2.161899, 53.618905 ], [ -2.160496, 53.618971 ], [ -2.160168, 53.618816 ], [ -2.160059, 53.618723 ], [ -2.161875, 53.617069 ], [ -2.154168, 53.620565 ], [ -2.150468, 53.61712 ], [ -2.155045, 53.616568 ] ] } },
{ "type": "Feature", "properties": { "fid": 624, "route_id": "92248", "route_short_name": "468", "route_type": 3, "route_type_name": "Bus", "geometry_method": "osm_routed", "n_stops_covered": 86, "n_trips_observed": 27 }, "bbox": [ -2.295633, 53.591019, -2.150468, 53.622811 ], "geometry": { "type": "LineString", "coordinates": [ [ -2.295633, 53.591019 ], [ -2.289508, 53.593649 ], [ -2.292016, 53.593637 ], [ -2.289652, 53.596852 ], [ -2.207518, 53.608092 ], [ -2.208389, 53.614012 ], [ -2.200557, 53.622811 ], [ -2.181142, 53.622277 ], [ -2.181749, 53.613593 ], [ -2.154168, 53.620565 ], [ -2.150468, 53.61712 ], [ -2.155045, 53.616568 ] ] } },
{ "type": "Feature", "properties": { "fid": 625, "route_id": "92249", "route_short_name": "862", "route_type": 3, "route_type_name": "Bus", "geometry_method": "osm_routed", "n_stops_covered": 29, "n_trips_observed": 1 }, "bbox": [ -2.155386, 53.589638, -2.140106, 53.638082 ], "geometry": { "type": "LineString", "coordinates": [ [ -2.140106, 53.589638 ], [ -2.145129, 53.596009 ], [ -2.146827, 53.593871 ], [ -2.145014, 53.596959 ], [ -2.147809, 53.608323 ], [ -2.155045, 53.616568 ], [ -2.144014, 53.619834 ], [ -2.142269, 53.627065 ], [ -2.149313, 53.627014 ], [ -2.154285, 53.631771 ], [ -2.155386, 53.638082 ] ] } },
{ "type": "Feature", "properties": { "fid": 626, "route_id": "92250", "route_short_name": "709", "route_type": 3, "route_type_name": "Bus", "geometry_method": "osm_routed", "n_stops_covered": 24, "n_trips_observed": 1 }, "bbox": [ -2.222438, 53.48495, -2.174403, 53.51809 ], "geometry": { "type": "LineString", "coordinates": [ [ -2.222438, 53.487526 ], [ -2.215615, 53.48495 ], [ -2.178128, 53.499945 ], [ -2.184786, 53.504655 ], [ -2.180368, 53.514923 ], [ -2.174403, 53.51809 ] ] } },
{ "type": "Feature", "properties": { "fid": 627, "route_id": "92278", "route_short_name": "880", "route_type": 3, "route_type_name": "Bus", "geometry_method": "osm_routed", "n_stops_covered": 50, "n_trips_observed": 1 }, "bbox": [ -2.2253, 53.589638, -2.140106, 53.62911 ], "geometry": { "type": "LineString", "coordinates": [ [ -2.140106, 53.589638 ], [ -2.145129, 53.596009 ], [ -2.146827, 53.593871 ], [ -2.145014, 53.596959 ], [ -2.146236, 53.603012 ], [ -2.147149, 53.603422 ], [ -2.14735, 53.603699 ], [ -2.147441, 53.603873 ], [ -2.147502, 53.603984 ], [ -2.147543, 53.604086 ], [ -2.148136, 53.603807 ], [ -2.148, 53.603685 ], [ -2.147441, 53.603873 ], [ -2.146958, 53.604182 ], [ -2.14648, 53.603929 ], [ -2.14735, 53.603699 ], [ -2.149914, 53.603193 ], [ -2.150815, 53.602933 ], [ -2.161679, 53.599391 ], [ -2.172099, 53.595249 ], [ -2.177097, 53.590382 ], [ -2.181651, 53.597376 ], [ -2.166104, 53.606941 ], [ -2.16354, 53.6146 ], [ -2.181749, 53.613593 ], [ -2.179964, 53.618347 ], [ -2.182917, 53.62195 ], [ -2.197936, 53.622337 ], [ -2.206565, 53.626278 ], [ -2.22173, 53.629002 ], [ -2.2253, 53.62911 ], [ -2.22173, 53.629002 ] ] } },
{ "type": "Feature", "properties": { "fid": 628, "route_id": "92507", "route_short_name": "115", "route_type": 3, "route_type_name": "Bus", "geometry_method": "mixed", "n_stops_covered": 78, "n_trips_observed": 2 }, "bbox": [ -2.240694, 53.507689, -2.175645, 53.547443 ], "geometry": { "type": "LineString", "coordinates": [ [ -2.199698, 53.547443 ], [ -2.19904, 53.547347 ], [ -2.199946, 53.54222 ], [ -2.200865, 53.541089 ], [ -2.201237, 53.540558 ], [ -2.204123, 53.537301 ], [ -2.205765, 53.535359 ], [ -2.20613, 53.53488 ], [ -2.206443, 53.53448 ], [ -2.206711, 53.534156 ], [ -2.20731, 53.533443 ], [ -2.207846, 53.532807 ], [ -2.208132, 53.532448 ], [ -2.208906, 53.531611 ], [ -2.212579, 53.526512 ], [ -2.201806, 53.530983 ], [ -2.175645, 53.525211 ], [ -2.179843, 53.518721 ], [ -2.193858, 53.513895 ], [ -2.208486, 53.513452 ], [ -2.210014, 53.509863 ], [ -2.215129, 53.510041 ], [ -2.216349, 53.508039 ], [ -2.21728, 53.508174 ], [ -2.217999, 53.507768 ], [ -2.217491, 53.507689 ], [ -2.21728, 53.508174 ], [ -2.216939, 53.508821 ], [ -2.216458, 53.509417 ], [ -2.22406, 53.511842 ], [ -2.219394, 53.523108 ], [ -2.224251, 53.522521 ], [ -2.227367, 53.527129 ], [ -2.236521, 53.525538 ], [ -2.233452, 53.529269 ], [ -2.229158, 53.527833 ], [ -2.228346, 53.527518 ], [ -2.227574, 53.527207 ], [ -2.227367, 53.527129 ], [ -2.22645, 53.526763 ], [ -2.22023, 53.529435 ], [ -2.221306, 53.534144 ], [ -2.226522, 53.533115 ], [ -2.228017, 53.533025 ], [ -2.240694, 53.533217 ], [ -2.239886, 53.535523 ], [ -2.233845, 53.536082 ], [ -2.233942, 53.537368 ], [ -2.229866, 53.533365 ], [ -2.220008, 53.534267 ], [ -2.208324, 53.532505 ], [ -2.200865, 53.541089 ], [ -2.199698, 53.547443 ] ] } },
{ "type": "Feature", "properties": { "fid": 629, "route_id": "92509", "route_short_name": "116", "route_type": 3, "route_type_name": "Bus", "geometry_method": "mixed", "n_stops_covered": 79, "n_trips_observed": 1 }, "bbox": [ -2.240694, 53.508174, -2.17608, 53.547443 ], "geometry": { "type": "LineString", "coordinates": [ [ -2.199698, 53.547443 ], [ -2.19904, 53.547347 ], [ -2.199946, 53.54222 ], [ -2.200865, 53.541089 ], [ -2.201237, 53.540558 ], [ -2.208212, 53.53237 ], [ -2.208397, 53.532418 ], [ -2.209179, 53.5327 ], [ -2.21203, 53.533442 ], [ -2.220008, 53.534267 ], [ -2.220896, 53.534258 ], [ -2.226522, 53.533115 ], [ -2.228017, 53.533025 ], [ -2.228648, 53.533129 ], [ -2.229866, 53.533365 ], [ -2.229554, 53.5332 ], [ -2.230329, 53.534053 ], [ -2.227874, 53.534495 ], [ -2.233177, 53.534005 ], [ -2.233942, 53.537368 ], [ -2.240694, 53.533217 ], [ -2.228017, 53.533025 ], [ -2.226522, 53.533115 ], [ -2.221306, 53.534144 ], [ -2.22023, 53.529435 ], [ -2.22645, 53.526763 ], [ -2.227367, 53.527129 ], [ -2.227574, 53.527207 ], [ -2.228346, 53.527518 ], [ -2.229158, 53.527833 ], [ -2.233452, 53.529269 ], [ -2.236817, 53.525431 ], [ -2.231009, 53.524171 ], [ -2.227367, 53.527129 ], [ -2.225226, 53.522593 ], [ -2.219394, 53.523108 ], [ -2.219849, 53.517094 ], [ -2.222962, 53.515143 ], [ -2.223506, 53.513992 ], [ -2.22406, 53.511842 ], [ -2.21728, 53.508174 ], [ -2.218312, 53.509922 ], [ -2.210014, 53.509863 ], [ -2.208486, 53.513452 ], [ -2.193858, 53.513895 ], [ -2.179952, 53.518765 ], [ -2.17608, 53.525248 ], [ -2.188272, 53.529084 ], [ -2.201806, 53.530983 ], [ -2.21272, 53.526543 ], [ -2.208397, 53.532418 ], [ -2.202599, 53.539041 ], [ -2.203277, 53.53947 ], [ -2.200865, 53.541089 ], [ -2.199698, 53.547443 ] ] } },
{ "type": "Feature", "properties": { "fid": 630, "route_id": "92510", "route_short_name": "118", "route_type": 3, "route_type_name": "Bus", "geometry_method": "osm_routed", "n_stops_covered": 79, "n_trips_observed": 56 }, "bbox": [ -2.238234, 53.481857, -2.181815, 53.523812 ], "geometry": { "type": "LineString", "coordinates": [ [ -2.231375, 53.518644 ], [ -2.225226, 53.522593 ], [ -2.199832, 53.523812 ], [ -2.182504, 53.52264 ], [ -2.181815, 53.519779 ], [ -2.193483, 53.513993 ], [ -2.208486, 53.513452 ], [ -2.210014, 53.509863 ], [ -2.215129, 53.510041 ], [ -2.221834, 53.496469 ], [ -2.238234, 53.485078 ], [ -2.236644, 53.481857 ] ] } },
{ "type": "Feature", "properties": { "fid": 631, "route_id": "92513", "route_short_name": "156", "route_type": 3, "route_type_name": "Bus", "geometry_method": "osm_routed", "n_stops_covered": 83, "n_trips_observed": 32 }, "bbox": [ -2.244543, 53.485911, -2.199496, 53.548095 ], "geometry": { "type": "LineString", "coordinates": [ [ -2.238113, 53.485911 ], [ -2.233424, 53.486612 ], [ -2.220705, 53.497695 ], [ -2.224072, 53.498742 ], [ -2.220507, 53.499645 ], [ -2.221739, 53.50231 ], [ -2.219485, 53.50244 ], [ -2.228959, 53.505417 ], [ -2.219849, 53.517094 ], [ -2.219394, 53.523108 ], [ -2.23158, 53.518998 ], [ -2.224251, 53.522521 ], [ -2.22645, 53.526763 ], [ -2.219146, 53.530713 ], [ -2.221306, 53.534144 ], [ -2.240694, 53.533217 ], [ -2.239732, 53.536099 ], [ -2.240694, 53.533217 ], [ -2.244543, 53.533345 ], [ -2.232104, 53.542367 ], [ -2.234046, 53.543287 ], [ -2.199496, 53.548095 ] ] } },
{ "type": "Feature", "properties": { "fid": 632, "route_id": "92514", "route_short_name": "41", "route_type": 3, "route_type_name": "Bus", "geometry_method": "mixed", "n_stops_covered": 202, "n_trips_observed": 45 }, "bbox": [ -2.317285, 53.40652, -2.199698, 53.547443 ], "geometry": { "type": "LineString", "coordinates": [ [ -2.199698, 53.547443 ], [ -2.199946, 53.54222 ], [ -2.208212, 53.53237 ], [ -2.228017, 53.533025 ], [ -2.228621, 53.529516 ], [ -2.225316, 53.527186 ], [ -2.233452, 53.529269 ], [ -2.237447, 53.524478 ], [ -2.248049, 53.525814 ], [ -2.249157, 53.523103 ], [ -2.248722, 53.518346 ], [ -2.229958, 53.519165 ], [ -2.236287, 53.517007 ], [ -2.234469, 53.512651 ], [ -2.245174, 53.512089 ], [ -2.235254, 53.503298 ], [ -2.241608, 53.485779 ], [ -2.231343, 53.476466 ], [ -2.240173, 53.477536 ], [ -2.238995, 53.472222 ], [ -2.234167, 53.471194 ], [ -2.238816, 53.471436 ], [ -2.236351, 53.469434 ], [ -2.239615, 53.467911 ], [ -2.232239, 53.469508 ], [ -2.228454, 53.466288 ], [ -2.232471, 53.464974 ], [ -2.22876, 53.461467 ], [ -2.235612, 53.460412 ], [ -2.235757, 53.458042 ], [ -2.220179, 53.459211 ], [ -2.214885, 53.454333 ], [ -2.210148, 53.455326 ], [ -2.20516, 53.441946 ], [ -2.218532, 53.442555 ], [ -2.242152, 53.421003 ], [ -2.245174, 53.417848 ], [ -2.244334, 53.41731 ], [ -2.26132, 53.40652 ], [ -2.269638, 53.406968 ], [ -2.291271, 53.418939 ], [ -2.309316, 53.420585 ], [ -2.317285, 53.424749 ] ] } },
{ "type": "Feature", "properties": { "fid": 633, "route_id": "92517", "route_short_name": "57", "route_type": 3, "route_type_name": "Bus", "geometry_method": "osm_routed", "n_stops_covered": 54, "n_trips_observed": 14 }, "bbox": [ -2.115863, 53.540821, -2.090609, 53.585832 ], "geometry": { "type": "LineString", "coordinates": [ [ -2.115863, 53.54365 ], [ -2.115044, 53.544021 ], [ -2.112859, 53.544064 ], [ -2.110355, 53.543692 ], [ -2.109492, 53.542251 ], [ -2.104492, 53.5422 ], [ -2.103011, 53.541416 ], [ -2.101298, 53.542872 ], [ -2.100986, 53.542796 ], [ -2.099229, 53.542749 ], [ -2.097345, 53.543461 ], [ -2.097499, 53.544879 ], [ -2.097653, 53.545106 ], [ -2.09835, 53.54558 ], [ -2.099071, 53.545943 ], [ -2.100954, 53.546787 ], [ -2.102184, 53.547508 ], [ -2.104, 53.552466 ], [ -2.104491, 53.557674 ], [ -2.103779, 53.5618 ], [ -2.102937, 53.563785 ], [ -2.102315, 53.565683 ], [ -2.105082, 53.56668 ], [ -2.107303, 53.566797 ], [ -2.10767, 53.56685 ], [ -2.109366, 53.567403 ], [ -2.097026, 53.574965 ], [ -2.096469, 53.574893 ], [ -2.093519, 53.57546 ], [ -2.091035, 53.581508 ], [ -2.09098, 53.582518 ], [ -2.090949, 53.582725 ], [ -2.09147, 53.583558 ], [ -2.091449, 53.585044 ], [ -2.103473, 53.583231 ], [ -2.107074, 53.585832 ], [ -2.091449, 53.585044 ], [ -2.090609, 53.583352 ], [ -2.091035, 53.581508 ], [ -2.093251, 53.57782 ], [ -2.093519, 53.57546 ], [ -2.109366, 53.567403 ], [ -2.105082, 53.56668 ], [ -2.103157, 53.56603 ], [ -2.100954, 53.565165 ], [ -2.103779, 53.5618 ], [ -2.103428, 53.560795 ], [ -2.104491, 53.557674 ], [ -2.104617, 53.555561 ], [ -2.104425, 53.554441 ], [ -2.104, 53.552466 ], [ -2.103954, 53.552284 ], [ -2.104548, 53.552229 ], [ -2.102184, 53.547508 ], [ -2.097513, 53.544098 ], [ -2.100986, 53.542796 ], [ -2.103398, 53.541068 ], [ -2.109267, 53.540821 ], [ -2.110355, 53.543692 ], [ -2.115863, 53.54365 ] ] } },
{ "type": "Feature", "properties": { "fid": 634, "route_id": "92518", "route_short_name": "82", "route_type": 3, "route_type_name": "Bus", "geometry_method": "osm_routed", "n_stops_covered": 41, "n_trips_observed": 41 }, "bbox": [ -2.115863, 53.541416, -2.069996, 53.568204 ], "geometry": { "type": "LineString", "coordinates": [ [ -2.115863, 53.54365 ], [ -2.103011, 53.541416 ], [ -2.094215, 53.544173 ], [ -2.097513, 53.544098 ], [ -2.089582, 53.547201 ], [ -2.082875, 53.555662 ], [ -2.075481, 53.557732 ], [ -2.078376, 53.559193 ], [ -2.069996, 53.568204 ], [ -2.077701, 53.566788 ], [ -2.076354, 53.564869 ], [ -2.081612, 53.565974 ] ] } },
{ "type": "Feature", "properties": { "fid": 635, "route_id": "92520", "route_short_name": "95", "route_type": 3, "route_type_name": "Bus", "geometry_method": "mixed", "n_stops_covered": 112, "n_trips_observed": 24 }, "bbox": [ -2.298849, 53.488278, -2.273708, 53.59143 ], "geometry": { "type": "LineString", "coordinates": [ [ -2.29719, 53.59143 ], [ -2.286965, 53.590442 ], [ -2.288954, 53.586021 ], [ -2.298849, 53.583179 ], [ -2.291548, 53.562852 ], [ -2.273708, 53.56051 ], [ -2.276127, 53.551799 ], [ -2.295889, 53.551256 ], [ -2.289738, 53.540916 ], [ -2.287793, 53.54215 ], [ -2.290266, 53.542399 ], [ -2.289738, 53.540916 ], [ -2.28907, 53.539588 ], [ -2.288021, 53.538735 ], [ -2.28663, 53.534704 ], [ -2.288104, 53.536585 ], [ -2.285354, 53.532912 ], [ -2.287164, 53.531671 ], [ -2.285354, 53.532912 ], [ -2.284064, 53.531522 ], [ -2.282274, 53.529708 ], [ -2.278207, 53.52549 ], [ -2.277762, 53.525008 ], [ -2.277451, 53.524699 ], [ -2.293571, 53.522932 ], [ -2.282389, 53.513491 ], [ -2.289016, 53.512644 ], [ -2.278547, 53.502904 ], [ -2.279422, 53.499273 ], [ -2.276428, 53.497077 ], [ -2.286897, 53.488278 ] ] } },
{ "type": "Feature", "properties": { "fid": 636, "route_id": "92522", "route_short_name": "180", "route_type": 3, "route_type_name": "Bus", "geometry_method": "osm_routed", "n_stops_covered": 58, "n_trips_observed": 2 }, "bbox": [ -2.115863, 53.53257, -1.999815, 53.543692 ], "geometry": { "type": "LineString", "coordinates": [ [ -1.999815, 53.53257 ], [ -2.0132, 53.539232 ], [ -2.078886, 53.537212 ], [ -2.097075, 53.542827 ], [ -2.109267, 53.540821 ], [ -2.110355, 53.543692 ], [ -2.115863, 53.54365 ] ] } },
{ "type": "Feature", "properties": { "fid": 637, "route_id": "92524", "route_short_name": "181", "route_type": 3, "route_type_name": "Bus", "geometry_method": "osm_routed", "n_stops_covered": 126, "n_trips_observed": 8 }, "bbox": [ -2.23532, 53.481465, -2.090609, 53.583352 ], "geometry": { "type": "LineString", "coordinates": [ [ -2.090609, 53.583352 ], [ -2.093519, 53.57546 ], [ -2.099997, 53.57138 ], [ -2.098055, 53.569487 ], [ -2.100954, 53.565165 ], [ -2.117419, 53.567191 ], [ -2.121711, 53.565353 ], [ -2.120233, 53.560941 ], [ -2.13914, 53.556109 ], [ -2.132995, 53.551292 ], [ -2.136969, 53.544114 ], [ -2.14597, 53.545796 ], [ -2.153379, 53.531497 ], [ -2.168846, 53.516826 ], [ -2.176994, 53.51771 ], [ -2.180368, 53.514923 ], [ -2.184839, 53.502522 ], [ -2.222229, 53.491411 ], [ -2.23532, 53.481465 ] ] } },
{ "type": "Feature", "properties": { "fid": 638, "route_id": "92526", "route_short_name": "348", "route_type": 3, "route_type_name": "Bus", "geometry_method": "mixed", "n_stops_covered": 59, "n_trips_observed": 31 }, "bbox": [ -2.101534, 53.481416, -2.017587, 53.505029 ], "geometry": { "type": "LineString", "coordinates": [ [ -2.097137, 53.489616 ], [ -2.101534, 53.490071 ], [ -2.086057, 53.490211 ], [ -2.087029, 53.48733 ], [ -2.058637, 53.484422 ], [ -2.056173, 53.481416 ], [ -2.041399, 53.482331 ], [ -2.039052, 53.483822 ], [ -2.042735, 53.486297 ], [ -2.030485, 53.495605 ], [ -2.030875, 53.502661 ], [ -2.027375, 53.500777 ], [ -2.026804, 53.503638 ], [ -2.017587, 53.505029 ] ] } },
{ "type": "Feature", "properties": { "fid": 639, "route_id": "92528", "route_short_name": "33B", "route_type": 3, "route_type_name": "Bus", "geometry_method": "osm_routed", "n_stops_covered": 0, "n_trips_observed": 0 }, "bbox": [ -2.377, 53.474474, -2.233877, 53.485911 ], "geometry": { "type": "LineString", "coordinates": [ [ -2.377, 53.479339 ], [ -2.372343, 53.476563 ], [ -2.355026, 53.483528 ], [ -2.335495, 53.483065 ], [ -2.337584, 53.481495 ], [ -2.320833, 53.48395 ], [ -2.312846, 53.482637 ], [ -2.310336, 53.482778 ], [ -2.297304, 53.480928 ], [ -2.295937, 53.481136 ], [ -2.291507, 53.478081 ], [ -2.282745, 53.479956 ], [ -2.265005, 53.476008 ], [ -2.267105, 53.474474 ], [ -2.268489, 53.476111 ], [ -2.267105, 53.474474 ], [ -2.259093, 53.477254 ], [ -2.244023, 53.475147 ], [ -2.237431, 53.479288 ], [ -2.233877, 53.47773 ], [ -2.234599, 53.481972 ], [ -2.239115, 53.48327 ], [ -2.238113, 53.485911 ] ] } },
{ "type": "Feature", "properties": { "fid": 640, "route_id": "92531", "route_short_name": "119", "route_type": 3, "route_type_name": "Bus", "geometry_method": "mixed", "n_stops_covered": 78, "n_trips_observed": 24 }, "bbox": [ -2.238234, 53.481857, -2.181815, 53.53164 ], "geometry": { "type": "LineString", "coordinates": [ [ -2.206026, 53.53164 ], [ -2.212579, 53.526512 ], [ -2.201806, 53.530983 ], [ -2.195451, 53.530189 ], [ -2.194798, 53.526504 ], [ -2.199832, 53.523812 ], [ -2.182504, 53.52264 ], [ -2.181815, 53.519779 ], [ -2.193483, 53.513993 ], [ -2.208486, 53.513452 ], [ -2.210014, 53.509863 ], [ -2.215129, 53.510041 ], [ -2.221834, 53.496469 ], [ -2.238234, 53.485078 ], [ -2.236644, 53.481857 ] ] } },
{ "type": "Feature", "properties": { "fid": 641, "route_id": "92532", "route_short_name": "823", "route_type": 3, "route_type_name": "Bus", "geometry_method": "mixed", "n_stops_covered": 39, "n_trips_observed": 1 }, "bbox": [ -2.108402, 53.544533, -2.004898, 53.589997 ], "geometry": { "type": "LineString", "coordinates": [ [ -2.108402, 53.544533 ], [ -2.089582, 53.547201 ], [ -2.082875, 53.555662 ], [ -2.075481, 53.557732 ], [ -2.078376, 53.559193 ], [ -2.069996, 53.568204 ], [ -2.057957, 53.573291 ], [ -2.061959, 53.571348 ], [ -2.057794, 53.573648 ], [ -2.045506, 53.58683 ], [ -2.03866, 53.589997 ], [ -2.041971, 53.57925 ], [ -2.046282, 53.580677 ], [ -2.045327, 53.581713 ], [ -2.046282, 53.580677 ], [ -2.041981, 53.57913 ], [ -2.041037, 53.579016 ], [ -2.035493, 53.57154 ], [ -2.023647, 53.568917 ], [ -2.0233, 53.567076 ], [ -2.020846, 53.56397 ], [ -2.020167, 53.564066 ], [ -2.024288, 53.560736 ], [ -2.020134, 53.554183 ], [ -2.008276, 53.554135 ], [ -2.004898, 53.550661 ] ] } },
{ "type": "Feature", "properties": { "fid": 642, "route_id": "92535", "route_short_name": "891", "route_type": 3, "route_type_name": "Bus", "geometry_method": "mixed", "n_stops_covered": 52, "n_trips_observed": 1 }, "bbox": [ -2.145488, 53.578474, -2.085057, 53.648665 ], "geometry": { "type": "LineString", "coordinates": [ [ -2.1137, 53.648665 ], [ -2.101624, 53.64752 ], [ -2.107024, 53.642035 ], [ -2.118907, 53.638309 ], [ -2.106115, 53.631411 ], [ -2.112795, 53.611315 ], [ -2.102968, 53.601414 ], [ -2.093075, 53.597127 ], [ -2.095302, 53.599117 ], [ -2.087515, 53.601182 ], [ -2.085057, 53.597165 ], [ -2.086663, 53.58703 ], [ -2.09018, 53.586002 ], [ -2.092879, 53.578474 ], [ -2.10707, 53.580339 ], [ -2.110858, 53.582253 ], [ -2.115103, 53.585926 ], [ -2.115881, 53.587596 ], [ -2.114223, 53.58631 ], [ -2.115103, 53.585926 ], [ -2.130622, 53.592165 ], [ -2.139141, 53.599801 ], [ -2.145488, 53.598535 ], [ -2.140111, 53.589877 ] ] } },
{ "type": "Feature", "properties": { "fid": 643, "route_id": "92536", "route_short_name": "100", "route_type": 3, "route_type_name": "Bus", "geometry_method": "mixed", "n_stops_covered": 183, "n_trips_observed": 54 }, "bbox": [ -2.602302, 53.38613, -2.238113, 53.492498 ], "geometry": { "type": "LineString", "coordinates": [ [ -2.594867, 53.391731 ], [ -2.602302, 53.3921 ], [ -2.597953, 53.39147 ], [ -2.593798, 53.387821 ], [ -2.595479, 53.38613 ], [ -2.591364, 53.386198 ], [ -2.586896, 53.390075 ], [ -2.582978, 53.390512 ], [ -2.581816, 53.389635 ], [ -2.580214, 53.389929 ], [ -2.582978, 53.390512 ], [ -2.573147, 53.396635 ], [ -2.508127, 53.398432 ], [ -2.484211, 53.402497 ], [ -2.459363, 53.411953 ], [ -2.453077, 53.417992 ], [ -2.44726, 53.417964 ], [ -2.440153, 53.422794 ], [ -2.420886, 53.446944 ], [ -2.41463, 53.450711 ], [ -2.421947, 53.455077 ], [ -2.419477, 53.456779 ], [ -2.414507, 53.456342 ], [ -2.411801, 53.452011 ], [ -2.408285, 53.453007 ], [ -2.39356, 53.466651 ], [ -2.371099, 53.472198 ], [ -2.373702, 53.472189 ], [ -2.379847, 53.470654 ], [ -2.371099, 53.472198 ], [ -2.36803, 53.469215 ], [ -2.35177, 53.46786 ], [ -2.352418, 53.468743 ], [ -2.352354, 53.468965 ], [ -2.349058, 53.470209 ], [ -2.352418, 53.468743 ], [ -2.352354, 53.468965 ], [ -2.349877, 53.470168 ], [ -2.349791, 53.47065 ], [ -2.359708, 53.480691 ], [ -2.355026, 53.483528 ], [ -2.337339, 53.482865 ], [ -2.340567, 53.483434 ], [ -2.338292, 53.486166 ], [ -2.334778, 53.486327 ], [ -2.330673, 53.487326 ], [ -2.330346, 53.487324 ], [ -2.330173, 53.4873 ], [ -2.330828, 53.48359 ], [ -2.328772, 53.488731 ], [ -2.306824, 53.492498 ], [ -2.288473, 53.492439 ], [ -2.284663, 53.491312 ], [ -2.286946, 53.487326 ], [ -2.264825, 53.483315 ], [ -2.238113, 53.485911 ] ] } },
{ "type": "Feature", "properties": { "fid": 644, "route_id": "92538", "route_short_name": "18", "route_type": 3, "route_type_name": "Bus", "geometry_method": "mixed", "n_stops_covered": 102, "n_trips_observed": 90 }, "bbox": [ -2.242607, 53.46156, -2.195208, 53.562446 ], "geometry": { "type": "LineString", "coordinates": [ [ -2.22742, 53.46156 ], [ -2.231914, 53.464392 ], [ -2.228454, 53.466288 ], [ -2.232239, 53.469508 ], [ -2.235547, 53.4684 ], [ -2.23244, 53.469675 ], [ -2.237168, 53.470188 ], [ -2.242607, 53.4762 ], [ -2.237431, 53.479288 ], [ -2.233877, 53.47773 ], [ -2.234599, 53.481972 ], [ -2.239115, 53.48327 ], [ -2.238113, 53.485911 ], [ -2.233424, 53.486612 ], [ -2.220705, 53.497695 ], [ -2.224072, 53.498742 ], [ -2.220507, 53.499645 ], [ -2.221739, 53.50231 ], [ -2.218698, 53.502483 ], [ -2.212592, 53.515496 ], [ -2.21547, 53.524153 ], [ -2.200865, 53.541089 ], [ -2.201218, 53.547343 ], [ -2.195208, 53.548909 ], [ -2.20884, 53.554902 ], [ -2.20545, 53.559969 ], [ -2.209529, 53.562446 ], [ -2.225159, 53.555966 ], [ -2.222905, 53.553455 ] ] } },
{ "type": "Feature", "properties": { "fid": 645, "route_id": "92541", "route_short_name": "83", "route_type": 3, "route_type_name": "Bus", "geometry_method": "osm_routed", "n_stops_covered": 78, "n_trips_observed": 73 }, "bbox": [ -2.236644, 53.481857, -2.102987, 53.54395 ], "geometry": { "type": "LineString", "coordinates": [ [ -2.102987, 53.542817 ], [ -2.109267, 53.540821 ], [ -2.110355, 53.543692 ], [ -2.118821, 53.54395 ], [ -2.118112, 53.541116 ], [ -2.129679, 53.538482 ], [ -2.125609, 53.538185 ], [ -2.133765, 53.532101 ], [ -2.139064, 53.522043 ], [ -2.142279, 53.521249 ], [ -2.140588, 53.519732 ], [ -2.15607, 53.511439 ], [ -2.215804, 53.494042 ], [ -2.236644, 53.481857 ] ] } },
{ "type": "Feature", "properties": { "fid": 646, "route_id": "92542", "route_short_name": "409", "route_type": 3, "route_type_name": "Bus", "geometry_method": "osm_routed", "n_stops_covered": 109, "n_trips_observed": 77 }, "bbox": [ -2.155045, 53.489616, -2.097137, 53.616568 ], "geometry": { "type": "LineString", "coordinates": [ [ -2.097137, 53.489616 ], [ -2.101534, 53.490071 ], [ -2.099257, 53.490917 ], [ -2.105945, 53.503271 ], [ -2.108199, 53.51998 ], [ -2.11703, 53.533815 ], [ -2.115058, 53.532925 ], [ -2.120034, 53.546439 ], [ -2.120111, 53.562807 ], [ -2.145129, 53.596009 ], [ -2.146827, 53.593871 ], [ -2.145014, 53.596959 ], [ -2.147809, 53.608323 ], [ -2.155045, 53.616568 ] ] } },
{ "type": "Feature", "properties": { "fid": 647, "route_id": "92546", "route_short_name": "S84", "route_type": 3, "route_type_name": "Bus", "geometry_method": "osm_routed", "n_stops_covered": 32, "n_trips_observed": 2 }, "bbox": [ -2.115863, 53.537212, -1.999983, 53.564791 ], "geometry": { "type": "LineString", "coordinates": [ [ -2.001701, 53.56241 ], [ -1.999983, 53.564791 ], [ -2.008276, 53.554135 ], [ -2.00544, 53.551014 ], [ -2.006452, 53.544595 ], [ -2.007931, 53.546089 ], [ -2.0132, 53.539232 ], [ -2.018648, 53.537714 ], [ -2.078886, 53.537212 ], [ -2.097075, 53.542827 ], [ -2.109267, 53.540821 ], [ -2.110355, 53.543692 ], [ -2.115863, 53.54365 ] ] } },
{ "type": "Feature", "properties": { "fid": 648, "route_id": "92549", "route_short_name": "129", "route_type": 3, "route_type_name": "Bus", "geometry_method": "mixed", "n_stops_covered": 36, "n_trips_observed": 6 }, "bbox": [ -2.203203, 53.547507, -2.178677, 53.565331 ], "geometry": { "type": "LineString", "coordinates": [ [ -2.201013, 53.547507 ], [ -2.195381, 53.548283 ], [ -2.195208, 53.548909 ], [ -2.196505, 53.550162 ], [ -2.196914, 53.550376 ], [ -2.19741, 53.550536 ], [ -2.197286, 53.550842 ], [ -2.192715, 53.551536 ], [ -2.188802, 53.556371 ], [ -2.181292, 53.558209 ], [ -2.182187, 53.559019 ], [ -2.183342, 53.56032 ], [ -2.183598, 53.560665 ], [ -2.186148, 53.563129 ], [ -2.191797, 53.559469 ], [ -2.200625, 53.563889 ], [ -2.194346, 53.565331 ], [ -2.191797, 53.559469 ], [ -2.186148, 53.563129 ], [ -2.178677, 53.560874 ], [ -2.181292, 53.558209 ], [ -2.183342, 53.56032 ], [ -2.181292, 53.558209 ], [ -2.188802, 53.556371 ], [ -2.190557, 53.554791 ], [ -2.191623, 53.555199 ], [ -2.192715, 53.551536 ], [ -2.196147, 53.5508 ], [ -2.196914, 53.550376 ], [ -2.202587, 53.548735 ], [ -2.203203, 53.547894 ], [ -2.201013, 53.547507 ] ] } },
{ "type": "Feature", "properties": { "fid": 649, "route_id": "92551", "route_short_name": "90", "route_type": 3, "route_type_name": "Bus", "geometry_method": "mixed", "n_stops_covered": 69, "n_trips_observed": 5 }, "bbox": [ -2.292133, 53.51288, -2.255131, 53.549013 ], "geometry": { "type": "LineString", "coordinates": [ [ -2.255131, 53.54898 ], [ -2.270198, 53.540843 ], [ -2.267836, 53.538948 ], [ -2.271107, 53.536451 ], [ -2.266138, 53.530295 ], [ -2.267311, 53.530097 ], [ -2.270467, 53.528737 ], [ -2.273805, 53.528703 ], [ -2.274294, 53.534274 ], [ -2.280131, 53.534116 ], [ -2.281256, 53.534172 ], [ -2.279252, 53.534752 ], [ -2.282799, 53.534391 ], [ -2.285868, 53.533627 ], [ -2.285354, 53.532912 ], [ -2.287164, 53.531671 ], [ -2.280209, 53.527566 ], [ -2.280843, 53.527438 ], [ -2.289452, 53.527027 ], [ -2.291994, 53.525928 ], [ -2.290578, 53.524094 ], [ -2.289113, 53.524471 ], [ -2.286791, 53.522738 ], [ -2.285288, 53.521433 ], [ -2.290545, 53.519207 ], [ -2.289143, 53.517573 ], [ -2.276245, 53.523624 ], [ -2.269051, 53.515037 ], [ -2.280036, 53.51288 ], [ -2.289261, 53.516942 ], [ -2.290545, 53.519207 ], [ -2.287636, 53.523348 ], [ -2.292133, 53.523879 ], [ -2.291994, 53.525928 ], [ -2.289452, 53.527027 ], [ -2.280209, 53.527566 ], [ -2.287164, 53.531671 ], [ -2.285868, 53.533627 ], [ -2.276058, 53.534205 ], [ -2.273805, 53.528703 ], [ -2.270467, 53.528737 ], [ -2.266138, 53.530295 ], [ -2.271107, 53.536451 ], [ -2.267836, 53.538948 ], [ -2.270198, 53.540843 ], [ -2.255536, 53.549013 ] ] } },
{ "type": "Feature", "properties": { "fid": 650, "route_id": "92553", "route_short_name": "403", "route_type": 3, "route_type_name": "Bus", "geometry_method": "osm_routed", "n_stops_covered": 61, "n_trips_observed": 3 }, "bbox": [ -2.118039, 53.54365, -2.091307, 53.587266 ], "geometry": { "type": "LineString", "coordinates": [ [ -2.115863, 53.54365 ], [ -2.110355, 53.543692 ], [ -2.105587, 53.545838 ], [ -2.108488, 53.551681 ], [ -2.104362, 53.554166 ], [ -2.103428, 53.560795 ], [ -2.107642, 53.562781 ], [ -2.118039, 53.562366 ], [ -2.116322, 53.565069 ], [ -2.114804, 53.564265 ], [ -2.09823, 53.573965 ], [ -2.09791, 53.574059 ], [ -2.097026, 53.574965 ], [ -2.096888, 53.574938 ], [ -2.096469, 53.574893 ], [ -2.093519, 53.57546 ], [ -2.091307, 53.580959 ], [ -2.103473, 53.583231 ], [ -2.099475, 53.585657 ], [ -2.100996, 53.587266 ], [ -2.116894, 53.582706 ], [ -2.107022, 53.580917 ], [ -2.106569, 53.577193 ], [ -2.099766, 53.576977 ], [ -2.097933, 53.574059 ], [ -2.097963, 53.575599 ], [ -2.093043, 53.576881 ], [ -2.093519, 53.57546 ], [ -2.097053, 53.574684 ], [ -2.097954, 53.572832 ], [ -2.118039, 53.562366 ], [ -2.103428, 53.560795 ], [ -2.104362, 53.554166 ], [ -2.108488, 53.551681 ], [ -2.10532, 53.545964 ], [ -2.105587, 53.545838 ], [ -2.108402, 53.544533 ], [ -2.110355, 53.543692 ], [ -2.116331, 53.543803 ] ] } },
{ "type": "Feature", "properties": { "fid": 651, "route_id": "92554", "route_short_name": "835", "route_type": 3, "route_type_name": "Bus", "geometry_method": "osm_routed", "n_stops_covered": 33, "n_trips_observed": 1 }, "bbox": [ -2.152075, 53.529068, -2.065045, 53.568482 ], "geometry": { "type": "LineString", "coordinates": [ [ -2.152075, 53.538646 ], [ -2.150461, 53.531867 ], [ -2.134903, 53.529068 ], [ -2.133765, 53.532101 ], [ -2.135379, 53.533067 ], [ -2.122522, 53.539662 ], [ -2.110201, 53.538539 ], [ -2.094215, 53.544173 ], [ -2.097513, 53.544098 ], [ -2.089582, 53.547201 ], [ -2.082875, 53.555662 ], [ -2.076916, 53.55639 ], [ -2.075643, 53.55926 ], [ -2.076711, 53.559678 ], [ -2.078376, 53.559193 ], [ -2.074655, 53.562991 ], [ -2.065045, 53.565829 ], [ -2.071515, 53.566512 ], [ -2.070921, 53.568482 ], [ -2.077701, 53.566788 ], [ -2.076354, 53.564869 ], [ -2.081612, 53.565974 ] ] } },
{ "type": "Feature", "properties": { "fid": 652, "route_id": "92556", "route_short_name": "836", "route_type": 3, "route_type_name": "Bus", "geometry_method": "osm_routed", "n_stops_covered": 42, "n_trips_observed": 1 }, "bbox": [ -2.152075, 53.527185, -2.065198, 53.552453 ], "geometry": { "type": "LineString", "coordinates": [ [ -2.092661, 53.552453 ], [ -2.096374, 53.548311 ], [ -2.092313, 53.54617 ], [ -2.069142, 53.548656 ], [ -2.067454, 53.542426 ], [ -2.072422, 53.538013 ], [ -2.071159, 53.537709 ], [ -2.070572, 53.537358 ], [ -2.070236, 53.537252 ], [ -2.068786, 53.537087 ], [ -2.065198, 53.533986 ], [ -2.07435, 53.530249 ], [ -2.074004, 53.527185 ], [ -2.065198, 53.533986 ], [ -2.068786, 53.537087 ], [ -2.084053, 53.538007 ], [ -2.091684, 53.541473 ], [ -2.096482, 53.542654 ], [ -2.098981, 53.542742 ], [ -2.099049, 53.542805 ], [ -2.098905, 53.54284 ], [ -2.097019, 53.542723 ], [ -2.098854, 53.542775 ], [ -2.098981, 53.542742 ], [ -2.101367, 53.542465 ], [ -2.111481, 53.538133 ], [ -2.129679, 53.538482 ], [ -2.125609, 53.538185 ], [ -2.144245, 53.530093 ], [ -2.150461, 53.531867 ], [ -2.152075, 53.538646 ] ] } },
{ "type": "Feature", "properties": { "fid": 653, "route_id": "92559", "route_short_name": "33", "route_type": 3, "route_type_name": "Bus", "geometry_method": "mixed", "n_stops_covered": 80, "n_trips_observed": 24 }, "bbox": [ -2.402618, 53.474474, -2.233877, 53.502804 ], "geometry": { "type": "LineString", "coordinates": [ [ -2.399083, 53.497512 ], [ -2.402618, 53.497704 ], [ -2.402399, 53.502804 ], [ -2.386142, 53.502514 ], [ -2.371544, 53.490581 ], [ -2.353887, 53.492384 ], [ -2.338292, 53.486166 ], [ -2.340567, 53.483434 ], [ -2.335495, 53.483065 ], [ -2.337926, 53.481542 ], [ -2.316872, 53.483634 ], [ -2.265005, 53.476008 ], [ -2.267105, 53.474474 ], [ -2.268489, 53.476111 ], [ -2.267105, 53.474474 ], [ -2.259093, 53.477254 ], [ -2.244023, 53.475147 ], [ -2.237431, 53.479288 ], [ -2.233877, 53.47773 ], [ -2.234599, 53.481972 ], [ -2.239115, 53.48327 ], [ -2.238113, 53.485911 ] ] } },
{ "type": "Feature", "properties": { "fid": 654, "route_id": "92561", "route_short_name": "784", "route_type": 3, "route_type_name": "Bus", "geometry_method": "osm_routed", "n_stops_covered": 32, "n_trips_observed": 3 }, "bbox": [ -2.115863, 53.537212, -1.999983, 53.564791 ], "geometry": { "type": "LineString", "coordinates": [ [ -2.001701, 53.56241 ], [ -1.999983, 53.564791 ], [ -2.008276, 53.554135 ], [ -2.00544, 53.551014 ], [ -2.006452, 53.544595 ], [ -2.007931, 53.546089 ], [ -2.0132, 53.539232 ], [ -2.018648, 53.537714 ], [ -2.078886, 53.537212 ], [ -2.097075, 53.542827 ], [ -2.109267, 53.540821 ], [ -2.110355, 53.543692 ], [ -2.115863, 53.54365 ] ] } },
{ "type": "Feature", "properties": { "fid": 655, "route_id": "92563", "route_short_name": "875", "route_type": 3, "route_type_name": "Bus", "geometry_method": "osm_routed", "n_stops_covered": 44, "n_trips_observed": 1 }, "bbox": [ -2.207912, 53.51341, -2.134091, 53.546077 ], "geometry": { "type": "LineString", "coordinates": [ [ -2.152997, 53.546077 ], [ -2.134091, 53.543453 ], [ -2.138713, 53.533106 ], [ -2.144992, 53.53106 ], [ -2.147519, 53.52551 ], [ -2.154544, 53.524357 ], [ -2.15878, 53.527796 ], [ -2.163435, 53.52452 ], [ -2.166179, 53.521135 ], [ -2.161129, 53.515646 ], [ -2.169047, 53.516877 ], [ -2.166179, 53.521135 ], [ -2.175645, 53.525211 ], [ -2.179843, 53.518721 ], [ -2.193858, 53.513895 ], [ -2.207912, 53.51341 ] ] } },
{ "type": "Feature", "properties": { "fid": 656, "route_id": "92565", "route_short_name": "893", "route_type": 3, "route_type_name": "Bus", "geometry_method": "osm_routed", "n_stops_covered": 75, "n_trips_observed": 2 }, "bbox": [ -2.193621, 53.518569, -2.108402, 53.544533 ], "geometry": { "type": "LineString", "coordinates": [ [ -2.108402, 53.544533 ], [ -2.118821, 53.54395 ], [ -2.118483, 53.541452 ], [ -2.134091, 53.543453 ], [ -2.135424, 53.539298 ], [ -2.142594, 53.538128 ], [ -2.14821, 53.526847 ], [ -2.139463, 53.523722 ], [ -2.143341, 53.518569 ], [ -2.17608, 53.525248 ], [ -2.174969, 53.539606 ], [ -2.172638, 53.536734 ], [ -2.174969, 53.539606 ], [ -2.181743, 53.537321 ], [ -2.185968, 53.540621 ], [ -2.187113, 53.536852 ], [ -2.185829, 53.536784 ], [ -2.193081, 53.535992 ], [ -2.193621, 53.543392 ] ] } },
{ "type": "Feature", "properties": { "fid": 657, "route_id": "92566", "route_short_name": "112", "route_type": 3, "route_type_name": "Bus", "geometry_method": "osm_routed", "n_stops_covered": 85, "n_trips_observed": 57 }, "bbox": [ -2.238234, 53.481857, -2.173153, 53.559587 ], "geometry": { "type": "LineString", "coordinates": [ [ -2.179707, 53.558836 ], [ -2.176182, 53.559587 ], [ -2.175085, 53.55693 ], [ -2.183753, 53.554761 ], [ -2.183692, 53.550843 ], [ -2.190126, 53.549659 ], [ -2.19247, 53.549091 ], [ -2.193641, 53.548319 ], [ -2.193978, 53.548615 ], [ -2.194698, 53.548036 ], [ -2.199776, 53.547134 ], [ -2.194317, 53.551212 ], [ -2.19247, 53.549091 ], [ -2.190923, 53.547036 ], [ -2.173153, 53.54144 ], [ -2.175645, 53.525211 ], [ -2.193315, 53.514053 ], [ -2.208486, 53.513452 ], [ -2.210014, 53.509863 ], [ -2.215129, 53.510041 ], [ -2.221834, 53.496469 ], [ -2.238234, 53.485078 ], [ -2.236644, 53.481857 ] ] } },
{ "type": "Feature", "properties": { "fid": 658, "route_id": "92569", "route_short_name": "17", "route_type": 3, "route_type_name": "Bus", "geometry_method": "osm_routed", "n_stops_covered": 139, "n_trips_observed": 94 }, "bbox": [ -2.238113, 53.485911, -2.150556, 53.62911 ], "geometry": { "type": "LineString", "coordinates": [ [ -2.238113, 53.485911 ], [ -2.233424, 53.486612 ], [ -2.220705, 53.497695 ], [ -2.224072, 53.498742 ], [ -2.220507, 53.499645 ], [ -2.221739, 53.50231 ], [ -2.218698, 53.502483 ], [ -2.212592, 53.515496 ], [ -2.21547, 53.524153 ], [ -2.200865, 53.541089 ], [ -2.201218, 53.547343 ], [ -2.195277, 53.548396 ], [ -2.197451, 53.550644 ], [ -2.195348, 53.557869 ], [ -2.175287, 53.571721 ], [ -2.174618, 53.583717 ], [ -2.181651, 53.597376 ], [ -2.16701, 53.60615 ], [ -2.16395, 53.611484 ], [ -2.155535, 53.612715 ], [ -2.155045, 53.616568 ], [ -2.150556, 53.617092 ], [ -2.154566, 53.620367 ], [ -2.207206, 53.607751 ], [ -2.209011, 53.612657 ], [ -2.200557, 53.622811 ], [ -2.206565, 53.626278 ], [ -2.22173, 53.629002 ], [ -2.2253, 53.62911 ], [ -2.22173, 53.629002 ] ] } },
{ "type": "Feature", "properties": { "fid": 659, "route_id": "92571", "route_short_name": "17A", "route_type": 3, "route_type_name": "Bus", "geometry_method": "osm_routed", "n_stops_covered": 0, "n_trips_observed": 0 }, "bbox": [ -2.238113, 53.485911, -2.154556, 53.616568 ], "geometry": { "type": "LineString", "coordinates": [ [ -2.238113, 53.485911 ], [ -2.233424, 53.486612 ], [ -2.220705, 53.497695 ], [ -2.224072, 53.498742 ], [ -2.220507, 53.499645 ], [ -2.221739, 53.50231 ], [ -2.218698, 53.502483 ], [ -2.212592, 53.515496 ], [ -2.21547, 53.524153 ], [ -2.200865, 53.541089 ], [ -2.201218, 53.547343 ], [ -2.195277, 53.548396 ], [ -2.197451, 53.550644 ], [ -2.195348, 53.557869 ], [ -2.19195, 53.559367 ], [ -2.185174, 53.563471 ], [ -2.186148, 53.563129 ], [ -2.17893, 53.569392 ], [ -2.175556, 53.571422 ], [ -2.175264, 53.571857 ], [ -2.174876, 53.572047 ], [ -2.164066, 53.567372 ], [ -2.172818, 53.567441 ], [ -2.171142, 53.5641 ], [ -2.175287, 53.571721 ], [ -2.175264, 53.571857 ], [ -2.175282, 53.572242 ], [ -2.175455, 53.574289 ], [ -2.175248, 53.576075 ], [ -2.174287, 53.576626 ], [ -2.174618, 53.583717 ], [ -2.181852, 53.596768 ], [ -2.16701, 53.60615 ], [ -2.16395, 53.611484 ], [ -2.154556, 53.613413 ], [ -2.155045, 53.616568 ] ] } },
{ "type": "Feature", "properties": { "fid": 660, "route_id": "92572", "route_short_name": "56", "route_type": 3, "route_type_name": "Bus", "geometry_method": "osm_routed", "n_stops_covered": 55, "n_trips_observed": 7 }, "bbox": [ -2.238113, 53.485605, -2.218534, 53.534144 ], "geometry": { "type": "LineString", "coordinates": [ [ -2.238113, 53.485911 ], [ -2.233592, 53.487602 ], [ -2.234432, 53.487128 ], [ -2.233424, 53.486612 ], [ -2.232931, 53.487838 ], [ -2.220705, 53.497695 ], [ -2.222025, 53.497966 ], [ -2.224072, 53.498742 ], [ -2.220507, 53.499645 ], [ -2.221739, 53.50231 ], [ -2.219485, 53.50244 ], [ -2.228959, 53.505417 ], [ -2.219849, 53.517094 ], [ -2.219162, 53.518803 ], [ -2.219128, 53.51893 ], [ -2.218965, 53.521381 ], [ -2.219394, 53.523108 ], [ -2.224251, 53.522521 ], [ -2.225226, 53.522593 ], [ -2.229958, 53.519165 ], [ -2.23158, 53.518998 ], [ -2.226947, 53.521839 ], [ -2.225226, 53.522593 ], [ -2.224251, 53.522521 ], [ -2.22645, 53.526763 ], [ -2.222609, 53.528099 ], [ -2.219146, 53.530713 ], [ -2.221306, 53.534144 ], [ -2.22849, 53.532576 ], [ -2.22719, 53.532179 ], [ -2.226295, 53.531283 ], [ -2.228621, 53.529516 ], [ -2.224251, 53.522521 ], [ -2.225226, 53.522593 ], [ -2.226947, 53.521839 ], [ -2.23158, 53.518998 ], [ -2.225226, 53.522593 ], [ -2.224251, 53.522521 ], [ -2.219394, 53.523108 ], [ -2.219849, 53.517094 ], [ -2.228959, 53.505417 ], [ -2.225118, 53.502227 ], [ -2.222086, 53.502325 ], [ -2.221739, 53.50231 ], [ -2.22116, 53.502313 ], [ -2.22015, 53.502384 ], [ -2.219485, 53.50244 ], [ -2.219439, 53.502445 ], [ -2.218719, 53.502439 ], [ -2.218534, 53.502384 ], [ -2.220705, 53.497695 ], [ -2.225473, 53.49283 ], [ -2.227881, 53.490898 ], [ -2.229494, 53.48971 ], [ -2.231095, 53.488584 ], [ -2.230171, 53.489358 ], [ -2.231095, 53.488584 ], [ -2.232931, 53.487838 ], [ -2.232985, 53.487815 ], [ -2.233515, 53.487543 ], [ -2.234432, 53.487128 ], [ -2.234465, 53.487112 ], [ -2.23724, 53.485605 ], [ -2.238113, 53.485911 ] ] } },
{ "type": "Feature", "properties": { "fid": 661, "route_id": "92574", "route_short_name": "98", "route_type": 3, "route_type_name": "Bus", "geometry_method": "osm_routed", "n_stops_covered": 152, "n_trips_observed": 33 }, "bbox": [ -2.345538, 53.485078, -2.238234, 53.594747 ], "geometry": { "type": "LineString", "coordinates": [ [ -2.238234, 53.485078 ], [ -2.257134, 53.486889 ], [ -2.259571, 53.499232 ], [ -2.265718, 53.503892 ], [ -2.261054, 53.50685 ], [ -2.263867, 53.512182 ], [ -2.285354, 53.532912 ], [ -2.287164, 53.531671 ], [ -2.285354, 53.532912 ], [ -2.29532, 53.550298 ], [ -2.308031, 53.547119 ], [ -2.335357, 53.56711 ], [ -2.345538, 53.566947 ], [ -2.345073, 53.569809 ], [ -2.336901, 53.570383 ], [ -2.342953, 53.581294 ], [ -2.333147, 53.58325 ], [ -2.338831, 53.590185 ], [ -2.308002, 53.594747 ], [ -2.297795, 53.591701 ] ] } },
{ "type": "Feature", "properties": { "fid": 662, "route_id": "92576", "route_short_name": "94", "route_type": 3, "route_type_name": "Bus", "geometry_method": "mixed", "n_stops_covered": 140, "n_trips_observed": 11 }, "bbox": [ -2.29744, 53.515996, -2.224251, 53.59297 ], "geometry": { "type": "LineString", "coordinates": [ [ -2.29744, 53.59149 ], [ -2.286965, 53.590442 ], [ -2.292331, 53.585034 ], [ -2.291207, 53.583248 ], [ -2.285775, 53.584027 ], [ -2.28534, 53.587016 ], [ -2.288899, 53.587199 ], [ -2.284716, 53.59297 ], [ -2.271001, 53.591492 ], [ -2.270777, 53.57863 ], [ -2.288208, 53.569 ], [ -2.275994, 53.56784 ], [ -2.274668, 53.56499 ], [ -2.272129, 53.564373 ], [ -2.274668, 53.56499 ], [ -2.272156, 53.562554 ], [ -2.276318, 53.558576 ], [ -2.274023, 53.556309 ], [ -2.276127, 53.551799 ], [ -2.272931, 53.549222 ], [ -2.276566, 53.545905 ], [ -2.272858, 53.541848 ], [ -2.275042, 53.543072 ], [ -2.277461, 53.542777 ], [ -2.271105, 53.539986 ], [ -2.261631, 53.546295 ], [ -2.274627, 53.537001 ], [ -2.274809, 53.524714 ], [ -2.26427, 53.524748 ], [ -2.257535, 53.518022 ], [ -2.24927, 53.515996 ], [ -2.248049, 53.525814 ], [ -2.237447, 53.524478 ], [ -2.233452, 53.529269 ], [ -2.22645, 53.526763 ], [ -2.224251, 53.522521 ], [ -2.231375, 53.518644 ] ] } },
{ "type": "Feature", "properties": { "fid": 663, "route_id": "92577", "route_short_name": "113", "route_type": 3, "route_type_name": "Bus", "geometry_method": "osm_routed", "n_stops_covered": 0, "n_trips_observed": 0 }, "bbox": [ -2.25507, 53.477536, -2.173153, 53.551212 ], "geometry": { "type": "LineString", "coordinates": [ [ -2.199698, 53.547443 ], [ -2.194317, 53.551212 ], [ -2.190923, 53.547036 ], [ -2.173153, 53.54144 ], [ -2.175645, 53.525211 ], [ -2.193315, 53.514053 ], [ -2.208486, 53.513452 ], [ -2.210014, 53.509863 ], [ -2.215129, 53.510041 ], [ -2.220705, 53.497695 ], [ -2.221692, 53.498494 ], [ -2.221834, 53.496469 ], [ -2.225473, 53.49283 ], [ -2.227881, 53.490898 ], [ -2.229494, 53.48971 ], [ -2.231095, 53.488584 ], [ -2.238819, 53.484778 ], [ -2.244439, 53.48692 ], [ -2.246261, 53.483451 ], [ -2.25507, 53.483505 ], [ -2.240173, 53.477536 ], [ -2.233877, 53.47773 ], [ -2.23532, 53.481465 ] ] } },
{ "type": "Feature", "properties": { "fid": 664, "route_id": "92582", "route_short_name": "97", "route_type": 3, "route_type_name": "Bus", "geometry_method": "mixed", "n_stops_covered": 115, "n_trips_observed": 32 }, "bbox": [ -2.298849, 53.484868, -2.238113, 53.59143 ], "geometry": { "type": "LineString", "coordinates": [ [ -2.29719, 53.59143 ], [ -2.286965, 53.590442 ], [ -2.288954, 53.586021 ], [ -2.298849, 53.583179 ], [ -2.291972, 53.56608 ], [ -2.285899, 53.571392 ], [ -2.288208, 53.569 ], [ -2.275994, 53.56784 ], [ -2.274668, 53.56499 ], [ -2.272129, 53.564373 ], [ -2.274668, 53.56499 ], [ -2.273416, 53.560827 ], [ -2.286502, 53.551112 ], [ -2.276127, 53.551799 ], [ -2.272931, 53.549222 ], [ -2.288471, 53.54045 ], [ -2.290266, 53.542399 ], [ -2.285354, 53.532912 ], [ -2.287164, 53.531671 ], [ -2.285354, 53.532912 ], [ -2.263867, 53.512182 ], [ -2.261054, 53.50685 ], [ -2.265718, 53.503892 ], [ -2.259571, 53.499232 ], [ -2.25886, 53.489723 ], [ -2.249451, 53.484868 ], [ -2.238113, 53.485911 ] ] } },
{ "type": "Feature", "properties": { "fid": 665, "route_id": "92583", "route_short_name": "114", "route_type": 3, "route_type_name": "Bus", "geometry_method": "osm_routed", "n_stops_covered": 100, "n_trips_observed": 27 }, "bbox": [ -2.244474, 53.47773, -2.172638, 53.559587 ], "geometry": { "type": "LineString", "coordinates": [ [ -2.244474, 53.479851 ], [ -2.233877, 53.47773 ], [ -2.238819, 53.484778 ], [ -2.233592, 53.487602 ], [ -2.229842, 53.48613 ], [ -2.212897, 53.493803 ], [ -2.215804, 53.494042 ], [ -2.211383, 53.49555 ], [ -2.214095, 53.500512 ], [ -2.19563, 53.504207 ], [ -2.191086, 53.509821 ], [ -2.195864, 53.510791 ], [ -2.196406, 53.51393 ], [ -2.181815, 53.519779 ], [ -2.182719, 53.522687 ], [ -2.176557, 53.525276 ], [ -2.174969, 53.539606 ], [ -2.172638, 53.536734 ], [ -2.174969, 53.539606 ], [ -2.181743, 53.537321 ], [ -2.184403, 53.540362 ], [ -2.193547, 53.540642 ], [ -2.19401, 53.543278 ], [ -2.190878, 53.547023 ], [ -2.19247, 53.549091 ], [ -2.175085, 53.55693 ], [ -2.176182, 53.559587 ], [ -2.179707, 53.558836 ] ] } },
{ "type": "Feature", "properties": { "fid": 666, "route_id": "92585", "route_short_name": "117", "route_type": 3, "route_type_name": "Bus", "geometry_method": "osm_routed", "n_stops_covered": 82, "n_trips_observed": 16 }, "bbox": [ -2.238234, 53.481857, -2.161129, 53.539606 ], "geometry": { "type": "LineString", "coordinates": [ [ -2.172638, 53.536734 ], [ -2.174969, 53.539606 ], [ -2.176087, 53.525661 ], [ -2.168411, 53.523306 ], [ -2.161129, 53.515646 ], [ -2.182247, 53.519564 ], [ -2.193858, 53.513895 ], [ -2.208486, 53.513452 ], [ -2.210014, 53.509863 ], [ -2.216086, 53.50908 ], [ -2.225473, 53.49283 ], [ -2.238234, 53.485078 ], [ -2.236644, 53.481857 ] ] } },
{ "type": "Feature", "properties": { "fid": 667, "route_id": "92590", "route_short_name": "135", "route_type": 3, "route_type_name": "Bus", "geometry_method": "osm_routed", "n_stops_covered": 100, "n_trips_observed": 91 }, "bbox": [ -2.301604, 53.481465, -2.23532, 53.591019 ], "geometry": { "type": "LineString", "coordinates": [ [ -2.295633, 53.591019 ], [ -2.301604, 53.585888 ], [ -2.291208, 53.563259 ], [ -2.297259, 53.553306 ], [ -2.290693, 53.543713 ], [ -2.269185, 53.535536 ], [ -2.260847, 53.52033 ], [ -2.247358, 53.514641 ], [ -2.235928, 53.504751 ], [ -2.236753, 53.496245 ], [ -2.241712, 53.489734 ], [ -2.241608, 53.485779 ], [ -2.23532, 53.481465 ] ] } },
{ "type": "Feature", "properties": { "fid": 668, "route_id": "92592", "route_short_name": "149", "route_type": 3, "route_type_name": "Bus", "geometry_method": "mixed", "n_stops_covered": 106, "n_trips_observed": 7 }, "bbox": [ -2.23158, 53.518589, -2.114648, 53.557108 ], "geometry": { "type": "LineString", "coordinates": [ [ -2.231375, 53.518644 ], [ -2.23158, 53.518998 ], [ -2.226947, 53.521839 ], [ -2.225226, 53.522593 ], [ -2.214732, 53.521356 ], [ -2.205685, 53.523501 ], [ -2.204469, 53.523572 ], [ -2.199832, 53.523812 ], [ -2.194798, 53.526504 ], [ -2.1964, 53.526548 ], [ -2.195451, 53.530189 ], [ -2.188272, 53.529084 ], [ -2.190283, 53.528744 ], [ -2.188272, 53.529084 ], [ -2.164061, 53.522079 ], [ -2.163584, 53.52268 ], [ -2.160055, 53.521995 ], [ -2.154945, 53.522718 ], [ -2.154524, 53.522713 ], [ -2.151857, 53.5222 ], [ -2.151757, 53.522177 ], [ -2.151819, 53.522086 ], [ -2.152075, 53.521881 ], [ -2.152049, 53.521982 ], [ -2.151918, 53.52211 ], [ -2.151857, 53.5222 ], [ -2.151757, 53.522177 ], [ -2.147773, 53.521195 ], [ -2.146063, 53.520561 ], [ -2.147194, 53.519507 ], [ -2.147523, 53.519578 ], [ -2.147194, 53.519507 ], [ -2.146063, 53.520561 ], [ -2.144032, 53.519813 ], [ -2.142081, 53.522293 ], [ -2.142876, 53.522262 ], [ -2.137384, 53.525844 ], [ -2.125583, 53.528085 ], [ -2.122486, 53.531118 ], [ -2.121506, 53.531598 ], [ -2.118437, 53.533064 ], [ -2.117734, 53.533415 ], [ -2.116091, 53.534348 ], [ -2.11577, 53.534521 ], [ -2.115511, 53.53463 ], [ -2.119045, 53.543286 ], [ -2.119004, 53.543357 ], [ -2.117278, 53.543498 ], [ -2.116331, 53.543803 ], [ -2.116382, 53.544145 ], [ -2.116382, 53.544228 ], [ -2.115044, 53.544021 ], [ -2.115151, 53.543601 ], [ -2.116382, 53.544145 ], [ -2.119217, 53.54392 ], [ -2.120034, 53.546439 ], [ -2.120455, 53.551231 ], [ -2.120421, 53.554342 ], [ -2.129075, 53.554557 ], [ -2.127145, 53.554501 ], [ -2.127402, 53.553693 ], [ -2.130611, 53.553364 ], [ -2.130888, 53.55149 ], [ -2.131792, 53.551297 ], [ -2.13289, 53.551294 ], [ -2.133637, 53.551275 ], [ -2.138742, 53.554378 ], [ -2.138437, 53.553318 ], [ -2.143829, 53.549601 ], [ -2.141808, 53.552899 ], [ -2.146082, 53.556059 ], [ -2.138883, 53.557108 ], [ -2.139978, 53.554452 ], [ -2.138437, 53.553318 ], [ -2.138315, 53.553109 ], [ -2.133833, 53.551284 ], [ -2.133637, 53.551275 ], [ -2.131792, 53.551297 ], [ -2.13103, 53.551465 ], [ -2.132109, 53.553671 ], [ -2.127402, 53.553693 ], [ -2.127145, 53.554501 ], [ -2.129075, 53.554557 ], [ -2.120421, 53.554342 ], [ -2.120034, 53.546439 ], [ -2.114648, 53.54618 ], [ -2.114963, 53.54512 ], [ -2.115044, 53.544021 ], [ -2.115151, 53.543601 ], [ -2.116382, 53.544145 ], [ -2.119149, 53.543752 ], [ -2.119004, 53.543357 ], [ -2.118931, 53.543345 ], [ -2.118963, 53.54327 ], [ -2.118081, 53.541761 ], [ -2.118112, 53.541116 ], [ -2.114986, 53.537682 ], [ -2.115278, 53.534631 ], [ -2.125583, 53.528085 ], [ -2.137215, 53.525772 ], [ -2.143064, 53.518589 ], [ -2.147523, 53.519578 ], [ -2.147711, 53.521056 ], [ -2.152075, 53.521881 ], [ -2.152109, 53.522155 ], [ -2.154945, 53.522718 ], [ -2.151857, 53.5222 ], [ -2.151819, 53.522086 ], [ -2.151918, 53.52211 ], [ -2.152109, 53.522155 ], [ -2.154942, 53.522607 ], [ -2.161682, 53.521279 ], [ -2.160864, 53.521693 ], [ -2.163636, 53.521867 ], [ -2.188272, 53.529084 ], [ -2.192908, 53.52978 ], [ -2.194798, 53.526504 ], [ -2.199832, 53.523812 ], [ -2.225226, 53.522593 ], [ -2.231375, 53.518644 ] ] } },
{ "type": "Feature", "properties": { "fid": 669, "route_id": "92595", "route_short_name": "59", "route_type": 3, "route_type_name": "Bus", "geometry_method": "osm_routed", "n_stops_covered": 114, "n_trips_observed": 75 }, "bbox": [ -2.250786, 53.481465, -2.102987, 53.551523 ], "geometry": { "type": "LineString", "coordinates": [ [ -2.102987, 53.542817 ], [ -2.109267, 53.540821 ], [ -2.110355, 53.543692 ], [ -2.118821, 53.54395 ], [ -2.118483, 53.541452 ], [ -2.134091, 53.543453 ], [ -2.169889, 53.551523 ], [ -2.234283, 53.541891 ], [ -2.24424, 53.533598 ], [ -2.240551, 53.535685 ], [ -2.249014, 53.524001 ], [ -2.24938, 53.51575 ], [ -2.241881, 53.508363 ], [ -2.250786, 53.494413 ], [ -2.23532, 53.481465 ] ] } },
{ "type": "Feature", "properties": { "fid": 670, "route_id": "92596", "route_short_name": "788", "route_type": 3, "route_type_name": "Bus", "geometry_method": "osm_routed", "n_stops_covered": 25, "n_trips_observed": 1 }, "bbox": [ -2.204001, 53.536041, -2.169545, 53.569392 ], "geometry": { "type": "LineString", "coordinates": [ [ -2.204001, 53.537442 ], [ -2.188921, 53.536041 ], [ -2.186637, 53.540857 ], [ -2.181024, 53.53744 ], [ -2.170848, 53.543872 ], [ -2.169545, 53.546266 ], [ -2.169562, 53.547044 ], [ -2.173935, 53.551149 ], [ -2.169889, 53.551523 ], [ -2.184917, 53.550664 ], [ -2.181292, 53.558209 ], [ -2.186148, 53.563129 ], [ -2.18113, 53.566957 ], [ -2.17893, 53.569392 ], [ -2.186148, 53.563129 ], [ -2.185174, 53.563471 ] ] } },
{ "type": "Feature", "properties": { "fid": 671, "route_id": "92597", "route_short_name": "182", "route_type": 3, "route_type_name": "Bus", "geometry_method": "mixed", "n_stops_covered": 124, "n_trips_observed": 20 }, "bbox": [ -2.23532, 53.481465, -2.090609, 53.583352 ], "geometry": { "type": "LineString", "coordinates": [ [ -2.23532, 53.481465 ], [ -2.231675, 53.484102 ], [ -2.234193, 53.486067 ], [ -2.223884, 53.488362 ], [ -2.2173, 53.493473 ], [ -2.18359, 53.502171 ], [ -2.180368, 53.514923 ], [ -2.176994, 53.51771 ], [ -2.168954, 53.517089 ], [ -2.153795, 53.531375 ], [ -2.151613, 53.534219 ], [ -2.152587, 53.534232 ], [ -2.149637, 53.541335 ], [ -2.14743, 53.544256 ], [ -2.148815, 53.542128 ], [ -2.146525, 53.544775 ], [ -2.138334, 53.544436 ], [ -2.133833, 53.551284 ], [ -2.130759, 53.551512 ], [ -2.127745, 53.549213 ], [ -2.12619, 53.548243 ], [ -2.125465, 53.548045 ], [ -2.126077, 53.547423 ], [ -2.120207, 53.549677 ], [ -2.121711, 53.565353 ], [ -2.109126, 53.567536 ], [ -2.093519, 53.57546 ], [ -2.090609, 53.583352 ] ] } },
{ "type": "Feature", "properties": { "fid": 672, "route_id": "92598", "route_short_name": "171", "route_type": 3, "route_type_name": "Bus", "geometry_method": "osm_routed", "n_stops_covered": 117, "n_trips_observed": 10 }, "bbox": [ -2.231976, 53.403267, -2.16461, 53.502171 ], "geometry": { "type": "LineString", "coordinates": [ [ -2.18359, 53.502171 ], [ -2.165689, 53.491746 ], [ -2.165895, 53.486357 ], [ -2.178101, 53.485281 ], [ -2.175638, 53.482147 ], [ -2.183, 53.483104 ], [ -2.185528, 53.479015 ], [ -2.180138, 53.478207 ], [ -2.181306, 53.473459 ], [ -2.16461, 53.472883 ], [ -2.172163, 53.470501 ], [ -2.169133, 53.463293 ], [ -2.176803, 53.461297 ], [ -2.173067, 53.456893 ], [ -2.16809, 53.457123 ], [ -2.181046, 53.453724 ], [ -2.179823, 53.450293 ], [ -2.192191, 53.448963 ], [ -2.191638, 53.444261 ], [ -2.209331, 53.441938 ], [ -2.209479, 53.438106 ], [ -2.215036, 53.43531 ], [ -2.220629, 53.415848 ], [ -2.231555, 53.417609 ], [ -2.2306, 53.410708 ], [ -2.222769, 53.410456 ], [ -2.231751, 53.404574 ], [ -2.229657, 53.403415 ], [ -2.231976, 53.403267 ], [ -2.231751, 53.404574 ], [ -2.228113, 53.405812 ] ] } },
{ "type": "Feature", "properties": { "fid": 673, "route_id": "92599", "route_short_name": "402", "route_type": 3, "route_type_name": "Bus", "geometry_method": "osm_routed", "n_stops_covered": 126, "n_trips_observed": 17 }, "bbox": [ -2.15605, 53.54365, -2.077129, 53.587956 ], "geometry": { "type": "LineString", "coordinates": [ [ -2.08253, 53.583286 ], [ -2.077129, 53.584744 ], [ -2.087958, 53.587956 ], [ -2.094384, 53.578169 ], [ -2.124345, 53.581692 ], [ -2.122693, 53.578437 ], [ -2.126053, 53.570426 ], [ -2.134667, 53.574528 ], [ -2.130781, 53.575879 ], [ -2.128821, 53.573596 ], [ -2.128613, 53.573381 ], [ -2.126357, 53.57078 ], [ -2.126053, 53.570426 ], [ -2.125918, 53.570259 ], [ -2.126205, 53.568839 ], [ -2.128977, 53.568103 ], [ -2.133641, 53.568657 ], [ -2.130486, 53.570333 ], [ -2.128712, 53.568542 ], [ -2.126205, 53.568839 ], [ -2.125321, 53.568331 ], [ -2.125185, 53.566673 ], [ -2.123316, 53.567239 ], [ -2.121711, 53.565353 ], [ -2.142984, 53.561399 ], [ -2.15605, 53.554466 ], [ -2.129003, 53.557695 ], [ -2.120421, 53.554342 ], [ -2.120228, 53.550269 ], [ -2.114467, 53.546487 ], [ -2.115863, 53.54365 ] ] } },
{ "type": "Feature", "properties": { "fid": 674, "route_id": "92600", "route_short_name": "81", "route_type": 3, "route_type_name": "Bus", "geometry_method": "osm_routed", "n_stops_covered": 93, "n_trips_observed": 25 }, "bbox": [ -2.238819, 53.481857, -2.118081, 53.541761 ], "geometry": { "type": "LineString", "coordinates": [ [ -2.236644, 53.481857 ], [ -2.238819, 53.484778 ], [ -2.225473, 53.49283 ], [ -2.220705, 53.497695 ], [ -2.224072, 53.498742 ], [ -2.220507, 53.499645 ], [ -2.221739, 53.50231 ], [ -2.208486, 53.513452 ], [ -2.193315, 53.514053 ], [ -2.17648, 53.525733 ], [ -2.168938, 53.52346 ], [ -2.158649, 53.528155 ], [ -2.154544, 53.524357 ], [ -2.148265, 53.525208 ], [ -2.14064, 53.53218 ], [ -2.118081, 53.541761 ] ] } },
{ "type": "Feature", "properties": { "fid": 675, "route_id": "92601", "route_short_name": "411", "route_type": 3, "route_type_name": "Bus", "geometry_method": "osm_routed", "n_stops_covered": 24, "n_trips_observed": 9 }, "bbox": [ -2.115863, 53.54365, -2.089194, 53.554876 ], "geometry": { "type": "LineString", "coordinates": [ [ -2.115863, 53.54365 ], [ -2.115044, 53.544021 ], [ -2.112859, 53.544064 ], [ -2.110355, 53.543692 ], [ -2.102782, 53.54714 ], [ -2.101941, 53.546679 ], [ -2.101264, 53.54695 ], [ -2.09961, 53.547613 ], [ -2.099089, 53.54802 ], [ -2.096374, 53.548311 ], [ -2.089194, 53.553845 ], [ -2.089995, 53.554162 ], [ -2.092953, 53.554876 ], [ -2.089194, 53.553845 ], [ -2.095611, 53.551692 ], [ -2.093828, 53.55246 ], [ -2.095611, 53.551692 ], [ -2.096374, 53.548311 ], [ -2.100479, 53.546553 ], [ -2.101264, 53.54695 ], [ -2.102071, 53.54743 ], [ -2.102545, 53.547259 ], [ -2.110355, 53.543692 ], [ -2.115863, 53.54365 ] ] } },
{ "type": "Feature", "properties": { "fid": 676, "route_id": "92602", "route_short_name": "172", "route_type": 3, "route_type_name": "Bus", "geometry_method": "osm_routed", "n_stops_covered": 139, "n_trips_observed": 18 }, "bbox": [ -2.274548, 53.415403, -2.164209, 53.502171 ], "geometry": { "type": "LineString", "coordinates": [ [ -2.18359, 53.502171 ], [ -2.165689, 53.491746 ], [ -2.165895, 53.486357 ], [ -2.178101, 53.485281 ], [ -2.175638, 53.482147 ], [ -2.183, 53.483104 ], [ -2.185528, 53.479015 ], [ -2.180138, 53.478207 ], [ -2.181306, 53.473459 ], [ -2.164209, 53.472335 ], [ -2.172163, 53.470501 ], [ -2.169133, 53.463293 ], [ -2.176803, 53.461297 ], [ -2.171636, 53.45395 ], [ -2.168264, 53.453843 ], [ -2.173867, 53.451436 ], [ -2.175111, 53.454003 ], [ -2.181046, 53.453724 ], [ -2.179458, 53.449152 ], [ -2.178657, 53.449261 ], [ -2.18307, 53.443427 ], [ -2.193633, 53.444025 ], [ -2.19662, 53.429133 ], [ -2.212709, 53.420031 ], [ -2.214142, 53.415403 ], [ -2.220629, 53.415848 ], [ -2.218654, 53.421634 ], [ -2.234159, 53.422788 ], [ -2.241014, 53.428159 ], [ -2.247337, 53.422575 ], [ -2.255879, 53.425163 ], [ -2.252471, 53.428737 ], [ -2.259692, 53.431858 ], [ -2.257768, 53.433647 ], [ -2.274548, 53.43129 ], [ -2.270726, 53.432792 ], [ -2.274278, 53.437661 ] ] } },
{ "type": "Feature", "properties": { "fid": 677, "route_id": "92603", "route_short_name": "426", "route_type": 3, "route_type_name": "Bus", "geometry_method": "osm_routed", "n_stops_covered": 25, "n_trips_observed": 14 }, "bbox": [ -2.118081, 53.51751, -2.099636, 53.541761 ], "geometry": { "type": "LineString", "coordinates": [ [ -2.118081, 53.541761 ], [ -2.114986, 53.537682 ], [ -2.115278, 53.534631 ], [ -2.11577, 53.534521 ], [ -2.11703, 53.533815 ], [ -2.115058, 53.532925 ], [ -2.117734, 53.533415 ], [ -2.116553, 53.531464 ], [ -2.111437, 53.526799 ], [ -2.103009, 53.528018 ], [ -2.100594, 53.525312 ], [ -2.102817, 53.521821 ], [ -2.099636, 53.519567 ], [ -2.10518, 53.51751 ], [ -2.106047, 53.521164 ], [ -2.109837, 53.521241 ], [ -2.111472, 53.524501 ], [ -2.111084, 53.525574 ], [ -2.111398, 53.526653 ], [ -2.111437, 53.526799 ], [ -2.111609, 53.527435 ], [ -2.111788, 53.528158 ], [ -2.11201, 53.528629 ], [ -2.115492, 53.534504 ], [ -2.11703, 53.533815 ], [ -2.115058, 53.532925 ], [ -2.11703, 53.533815 ], [ -2.118081, 53.541761 ] ] } },
{ "type": "Feature", "properties": { "fid": 678, "route_id": "92604", "route_short_name": "425", "route_type": 3, "route_type_name": "Bus", "geometry_method": "osm_routed", "n_stops_covered": 41, "n_trips_observed": 20 }, "bbox": [ -2.115863, 53.525162, -2.068259, 53.544064 ], "geometry": { "type": "LineString", "coordinates": [ [ -2.115863, 53.54365 ], [ -2.115044, 53.544021 ], [ -2.112859, 53.544064 ], [ -2.110355, 53.543692 ], [ -2.109492, 53.542251 ], [ -2.102987, 53.542817 ], [ -2.103675, 53.541429 ], [ -2.101146, 53.542846 ], [ -2.099229, 53.542749 ], [ -2.099049, 53.542805 ], [ -2.098905, 53.54284 ], [ -2.097075, 53.542827 ], [ -2.094517, 53.538866 ], [ -2.096912, 53.534394 ], [ -2.096664, 53.534104 ], [ -2.09328, 53.532691 ], [ -2.09228, 53.529965 ], [ -2.090909, 53.530076 ], [ -2.089975, 53.529637 ], [ -2.089621, 53.530121 ], [ -2.086431, 53.528057 ], [ -2.085688, 53.529167 ], [ -2.086523, 53.527551 ], [ -2.077029, 53.525162 ], [ -2.073358, 53.526867 ], [ -2.073609, 53.526985 ], [ -2.074004, 53.527185 ], [ -2.074656, 53.527519 ], [ -2.075073, 53.527693 ], [ -2.075703, 53.528867 ], [ -2.073009, 53.5312 ], [ -2.068259, 53.530929 ], [ -2.070529, 53.528868 ], [ -2.071251, 53.529158 ], [ -2.074004, 53.527185 ], [ -2.073791, 53.526855 ], [ -2.075957, 53.525802 ], [ -2.073358, 53.526867 ], [ -2.077029, 53.525162 ], [ -2.086523, 53.527551 ], [ -2.09228, 53.529965 ], [ -2.09328, 53.532691 ], [ -2.097017, 53.534185 ], [ -2.098242, 53.535705 ], [ -2.095398, 53.538157 ], [ -2.097019, 53.542723 ], [ -2.099049, 53.542805 ], [ -2.097075, 53.542827 ], [ -2.097019, 53.542723 ], [ -2.101367, 53.542465 ], [ -2.103398, 53.541068 ], [ -2.100986, 53.542796 ], [ -2.103398, 53.541068 ], [ -2.109267, 53.540821 ], [ -2.110355, 53.543692 ], [ -2.115863, 53.54365 ] ] } },
{ "type": "Feature", "properties": { "fid": 679, "route_id": "92605", "route_short_name": "1", "route_type": 3, "route_type_name": "Bus", "geometry_method": "osm_routed", "n_stops_covered": 20, "n_trips_observed": 33 }, "bbox": [ -2.254516, 53.471959, -2.231343, 53.481558 ], "geometry": { "type": "LineString", "coordinates": [ [ -2.231847, 53.47788 ], [ -2.23323, 53.479566 ], [ -2.234544, 53.480722 ], [ -2.23323, 53.479566 ], [ -2.231343, 53.476466 ], [ -2.235828, 53.476225 ], [ -2.238448, 53.478554 ], [ -2.238011, 53.475666 ], [ -2.247633, 53.471959 ], [ -2.254516, 53.479274 ], [ -2.252037, 53.481558 ], [ -2.2417, 53.481035 ], [ -2.234319, 53.476715 ], [ -2.232729, 53.478566 ] ] } },
{ "type": "Feature", "properties": { "fid": 680, "route_id": "92606", "route_short_name": "718", "route_type": 3, "route_type_name": "Bus", "geometry_method": "osm_routed", "n_stops_covered": 28, "n_trips_observed": 1 }, "bbox": [ -2.216926, 53.504608, -2.181815, 53.536445 ], "geometry": { "type": "LineString", "coordinates": [ [ -2.201805, 53.50702 ], [ -2.195245, 53.504608 ], [ -2.191086, 53.509821 ], [ -2.195864, 53.510791 ], [ -2.196406, 53.51393 ], [ -2.181815, 53.519779 ], [ -2.18259, 53.522496 ], [ -2.199832, 53.523812 ], [ -2.194798, 53.526504 ], [ -2.195451, 53.530189 ], [ -2.202148, 53.52992 ], [ -2.206095, 53.530697 ], [ -2.201806, 53.530983 ], [ -2.216926, 53.536445 ] ] } },
{ "type": "Feature", "properties": { "fid": 681, "route_id": "92607", "route_short_name": "781", "route_type": 3, "route_type_name": "Bus", "geometry_method": "mixed", "n_stops_covered": 61, "n_trips_observed": 1 }, "bbox": [ -2.229535, 53.553952, -2.181365, 53.631275 ], "geometry": { "type": "LineString", "coordinates": [ [ -2.185174, 53.563471 ], [ -2.195261, 53.557811 ], [ -2.203006, 53.560783 ], [ -2.208987, 53.554687 ], [ -2.225957, 53.553952 ], [ -2.227434, 53.555312 ], [ -2.212846, 53.562077 ], [ -2.203006, 53.560783 ], [ -2.204806, 53.564497 ], [ -2.225808, 53.566 ], [ -2.220562, 53.57456 ], [ -2.204937, 53.588313 ], [ -2.208886, 53.593866 ], [ -2.219107, 53.593555 ], [ -2.220327, 53.589622 ], [ -2.229011, 53.589047 ], [ -2.229535, 53.588276 ], [ -2.228812, 53.593382 ], [ -2.217353, 53.594124 ], [ -2.220462, 53.595633 ], [ -2.22303, 53.604527 ], [ -2.207518, 53.608092 ], [ -2.208389, 53.614012 ], [ -2.200557, 53.622811 ], [ -2.183251, 53.628719 ], [ -2.186526, 53.631275 ], [ -2.184454, 53.630348 ], [ -2.181365, 53.626348 ] ] } },
{ "type": "Feature", "properties": { "fid": 682, "route_id": "92608", "route_short_name": "861", "route_type": 3, "route_type_name": "Bus", "geometry_method": "osm_routed", "n_stops_covered": 24, "n_trips_observed": 1 }, "bbox": [ -2.098242, 53.525162, -2.067454, 53.54956 ], "geometry": { "type": "LineString", "coordinates": [ [ -2.070174, 53.530206 ], [ -2.068259, 53.530929 ], [ -2.077029, 53.525162 ], [ -2.09228, 53.529965 ], [ -2.098242, 53.535705 ], [ -2.095398, 53.538157 ], [ -2.097075, 53.542827 ], [ -2.084053, 53.538007 ], [ -2.072422, 53.538013 ], [ -2.067454, 53.542426 ], [ -2.069142, 53.548656 ], [ -2.07256, 53.54956 ] ] } },
{ "type": "Feature", "properties": { "fid": 683, "route_id": "92609", "route_short_name": "415", "route_type": 3, "route_type_name": "Bus", "geometry_method": "mixed", "n_stops_covered": 71, "n_trips_observed": 14 }, "bbox": [ -2.203203, 53.531093, -2.115863, 53.551212 ], "geometry": { "type": "LineString", "coordinates": [ [ -2.115863, 53.54365 ], [ -2.119149, 53.543752 ], [ -2.118483, 53.541452 ], [ -2.134091, 53.543453 ], [ -2.135424, 53.539298 ], [ -2.142594, 53.538128 ], [ -2.146418, 53.531093 ], [ -2.150461, 53.531867 ], [ -2.15385, 53.535049 ], [ -2.152134, 53.53952 ], [ -2.156741, 53.537093 ], [ -2.16192, 53.540894 ], [ -2.173153, 53.54144 ], [ -2.181743, 53.537321 ], [ -2.186195, 53.540593 ], [ -2.187113, 53.536852 ], [ -2.185829, 53.536784 ], [ -2.193081, 53.535992 ], [ -2.19401, 53.543278 ], [ -2.190878, 53.547023 ], [ -2.194317, 53.551212 ], [ -2.203203, 53.547894 ], [ -2.201013, 53.547507 ] ] } },
{ "type": "Feature", "properties": { "fid": 684, "route_id": "92610", "route_short_name": "183", "route_type": 3, "route_type_name": "Bus", "geometry_method": "osm_routed", "n_stops_covered": 38, "n_trips_observed": 5 }, "bbox": [ -2.131359, 53.511625, -2.114648, 53.553201 ], "geometry": { "type": "LineString", "coordinates": [ [ -2.120368, 53.553201 ], [ -2.120034, 53.546439 ], [ -2.114648, 53.54618 ], [ -2.114963, 53.54512 ], [ -2.115044, 53.544021 ], [ -2.115151, 53.543601 ], [ -2.119149, 53.543752 ], [ -2.118112, 53.541116 ], [ -2.124134, 53.538838 ], [ -2.121931, 53.537052 ], [ -2.126293, 53.53618 ], [ -2.121506, 53.531598 ], [ -2.129495, 53.526725 ], [ -2.12346, 53.519956 ], [ -2.131359, 53.511625 ] ] } },
{ "type": "Feature", "properties": { "fid": 685, "route_id": "92611", "route_short_name": "794", "route_type": 3, "route_type_name": "Bus", "geometry_method": "osm_routed", "n_stops_covered": 45, "n_trips_observed": 1 }, "bbox": [ -2.193693, 53.525251, -2.107022, 53.581692 ], "geometry": { "type": "LineString", "coordinates": [ [ -2.193693, 53.543118 ], [ -2.190907, 53.539954 ], [ -2.193547, 53.540642 ], [ -2.193081, 53.535992 ], [ -2.187113, 53.536852 ], [ -2.186637, 53.540857 ], [ -2.181024, 53.53744 ], [ -2.174969, 53.539606 ], [ -2.172638, 53.536734 ], [ -2.174969, 53.539606 ], [ -2.176087, 53.525661 ], [ -2.162788, 53.525251 ], [ -2.151613, 53.534219 ], [ -2.141219, 53.556764 ], [ -2.120617, 53.559322 ], [ -2.120447, 53.563524 ], [ -2.126053, 53.570426 ], [ -2.122693, 53.578437 ], [ -2.124345, 53.581692 ], [ -2.107022, 53.580917 ] ] } },
{ "type": "Feature", "properties": { "fid": 686, "route_id": "92612", "route_short_name": "717", "route_type": 3, "route_type_name": "Bus", "geometry_method": "osm_routed", "n_stops_covered": 25, "n_trips_observed": 1 }, "bbox": [ -2.24938, 53.496335, -2.216926, 53.536445 ], "geometry": { "type": "LineString", "coordinates": [ [ -2.24938, 53.496335 ], [ -2.241881, 53.508363 ], [ -2.24938, 53.51575 ], [ -2.249014, 53.524001 ], [ -2.244197, 53.528509 ], [ -2.246645, 53.528905 ], [ -2.246551, 53.529129 ], [ -2.246399, 53.529478 ], [ -2.246167, 53.529969 ], [ -2.244739, 53.532869 ], [ -2.246551, 53.529129 ], [ -2.244448, 53.533097 ], [ -2.226522, 53.533115 ], [ -2.216926, 53.536445 ] ] } },
{ "type": "Feature", "properties": { "fid": 687, "route_id": "92613", "route_short_name": "184", "route_type": 3, "route_type_name": "Bus", "geometry_method": "mixed", "n_stops_covered": 181, "n_trips_observed": 13 }, "bbox": [ -2.115863, 53.537455, -1.78238, 53.645237 ], "geometry": { "type": "LineString", "coordinates": [ [ -1.787535, 53.645237 ], [ -1.78238, 53.6425 ], [ -1.831265, 53.63731 ], [ -1.857836, 53.625094 ], [ -1.88373, 53.620314 ], [ -1.893092, 53.614365 ], [ -1.887195, 53.619272 ], [ -1.91266, 53.608279 ], [ -1.921674, 53.600918 ], [ -1.928821, 53.600169 ], [ -1.933969, 53.592469 ], [ -1.94479, 53.587669 ], [ -1.960332, 53.587864 ], [ -1.98569, 53.579893 ], [ -2.003558, 53.563038 ], [ -2.008276, 53.554135 ], [ -2.00544, 53.551014 ], [ -2.006452, 53.544595 ], [ -2.007931, 53.546089 ], [ -2.0132, 53.539232 ], [ -2.070598, 53.537455 ], [ -2.067449, 53.541942 ], [ -2.069093, 53.548313 ], [ -2.103398, 53.541068 ], [ -2.100986, 53.542796 ], [ -2.109267, 53.540821 ], [ -2.110355, 53.543692 ], [ -2.115863, 53.54365 ] ] } },
{ "type": "Feature", "properties": { "fid": 688, "route_id": "92614", "route_short_name": "93", "route_type": 3, "route_type_name": "Bus", "geometry_method": "osm_routed", "n_stops_covered": 57, "n_trips_observed": 40 }, "bbox": [ -2.293674, 53.484868, -2.238113, 53.523348 ], "geometry": { "type": "LineString", "coordinates": [ [ -2.287636, 53.523348 ], [ -2.293674, 53.52239 ], [ -2.282389, 53.513491 ], [ -2.289016, 53.512644 ], [ -2.278547, 53.502904 ], [ -2.276967, 53.497331 ], [ -2.270295, 53.499369 ], [ -2.266415, 53.494301 ], [ -2.266719, 53.493688 ], [ -2.249451, 53.484868 ], [ -2.238113, 53.485911 ] ] } },
{ "type": "Feature", "properties": { "fid": 689, "route_id": "92615", "route_short_name": "469", "route_type": 3, "route_type_name": "Bus", "geometry_method": "osm_routed", "n_stops_covered": 29, "n_trips_observed": 47 }, "bbox": [ -2.340794, 53.591701, -2.297795, 53.613787 ], "geometry": { "type": "LineString", "coordinates": [ [ -2.340794, 53.613787 ], [ -2.308824, 53.594865 ], [ -2.297795, 53.591701 ] ] } },
{ "type": "Feature", "properties": { "fid": 690, "route_id": "92616", "route_short_name": "2", "route_type": 3, "route_type_name": "Bus", "geometry_method": "osm_routed", "n_stops_covered": 14, "n_trips_observed": 33 }, "bbox": [ -2.249451, 53.476225, -2.231343, 53.485078 ], "geometry": { "type": "LineString", "coordinates": [ [ -2.231847, 53.47788 ], [ -2.23323, 53.479566 ], [ -2.234544, 53.480722 ], [ -2.23323, 53.479566 ], [ -2.231343, 53.476466 ], [ -2.235828, 53.476225 ], [ -2.249451, 53.484868 ], [ -2.238234, 53.485078 ], [ -2.238914, 53.483241 ], [ -2.2357, 53.482517 ], [ -2.236644, 53.481857 ], [ -2.23323, 53.479566 ], [ -2.231406, 53.476544 ], [ -2.233404, 53.477005 ], [ -2.233877, 53.47773 ], [ -2.236246, 53.478979 ], [ -2.23733, 53.478302 ], [ -2.234319, 53.476715 ], [ -2.233885, 53.477309 ], [ -2.233877, 53.47773 ], [ -2.233908, 53.478176 ], [ -2.232729, 53.478566 ] ] } },
{ "type": "Feature", "properties": { "fid": 691, "route_id": "92617", "route_short_name": "879", "route_type": 3, "route_type_name": "Bus", "geometry_method": "mixed", "n_stops_covered": 25, "n_trips_observed": 1 }, "bbox": [ -2.104793, 53.54695, -2.069996, 53.568204 ], "geometry": { "type": "LineString", "coordinates": [ [ -2.104793, 53.56684 ], [ -2.100954, 53.565165 ], [ -2.104617, 53.555561 ], [ -2.101264, 53.54695 ], [ -2.092661, 53.552453 ], [ -2.087299, 53.550305 ], [ -2.082875, 53.555662 ], [ -2.076916, 53.55639 ], [ -2.075643, 53.55926 ], [ -2.076711, 53.559678 ], [ -2.078376, 53.559193 ], [ -2.069996, 53.568204 ], [ -2.077701, 53.566788 ], [ -2.076354, 53.564869 ], [ -2.081612, 53.565974 ] ] } },
{ "type": "Feature", "properties": { "fid": 692, "route_id": "92618", "route_short_name": "480", "route_type": 3, "route_type_name": "Bus", "geometry_method": "mixed", "n_stops_covered": 133, "n_trips_observed": 12 }, "bbox": [ -2.433462, 53.575656, -2.29695, 53.651589 ], "geometry": { "type": "LineString", "coordinates": [ [ -2.29695, 53.59129 ], [ -2.313192, 53.597892 ], [ -2.339767, 53.601543 ], [ -2.336164, 53.610034 ], [ -2.343468, 53.613666 ], [ -2.341068, 53.612801 ], [ -2.343468, 53.613666 ], [ -2.337804, 53.625039 ], [ -2.338641, 53.631818 ], [ -2.320757, 53.644151 ], [ -2.31926, 53.645644 ], [ -2.316559, 53.651589 ], [ -2.31848, 53.648771 ], [ -2.318697, 53.646904 ], [ -2.31926, 53.645644 ], [ -2.31996, 53.644866 ], [ -2.328894, 53.63654 ], [ -2.338641, 53.631818 ], [ -2.338789, 53.629367 ], [ -2.340781, 53.629593 ], [ -2.341611, 53.630899 ], [ -2.338789, 53.629367 ], [ -2.338641, 53.631818 ], [ -2.383524, 53.630447 ], [ -2.36305, 53.610388 ], [ -2.389699, 53.608594 ], [ -2.387474, 53.610677 ], [ -2.395029, 53.60506 ], [ -2.400861, 53.606125 ], [ -2.408705, 53.600675 ], [ -2.412437, 53.588465 ], [ -2.420191, 53.58525 ], [ -2.420577, 53.581626 ], [ -2.43097, 53.581876 ], [ -2.433462, 53.578884 ], [ -2.42926, 53.575656 ] ] } },
{ "type": "Feature", "properties": { "fid": 693, "route_id": "92619", "route_short_name": "350", "route_type": 3, "route_type_name": "Bus", "geometry_method": "osm_routed", "n_stops_covered": 163, "n_trips_observed": 42 }, "bbox": [ -2.115863, 53.490037, -1.99873, 53.570844 ], "geometry": { "type": "LineString", "coordinates": [ [ -2.115863, 53.54365 ], [ -2.103011, 53.541416 ], [ -2.08128, 53.549023 ], [ -2.07256, 53.54956 ], [ -2.064576, 53.546288 ], [ -2.057302, 53.546305 ], [ -2.042204, 53.549223 ], [ -2.032597, 53.553517 ], [ -2.035538, 53.55255 ], [ -2.029974, 53.559873 ], [ -2.023236, 53.557847 ], [ -2.024693, 53.560794 ], [ -2.022133, 53.562587 ], [ -2.02086, 53.564808 ], [ -2.021948, 53.563952 ], [ -2.02086, 53.564808 ], [ -2.023647, 53.568917 ], [ -2.026651, 53.570844 ], [ -2.027745, 53.569843 ], [ -2.023647, 53.568917 ], [ -2.020221, 53.564243 ], [ -2.021245, 53.563857 ], [ -2.022133, 53.562587 ], [ -2.024288, 53.560736 ], [ -2.020134, 53.554183 ], [ -2.008276, 53.554135 ], [ -2.00544, 53.551014 ], [ -2.006452, 53.544595 ], [ -2.007931, 53.546089 ], [ -2.014334, 53.538303 ], [ -1.99873, 53.532533 ], [ -2.024454, 53.52971 ], [ -2.02649, 53.517773 ], [ -2.034577, 53.518071 ], [ -2.040466, 53.510238 ], [ -2.04332, 53.519856 ], [ -2.043176, 53.51764 ], [ -2.043116, 53.516047 ], [ -2.046284, 53.51941 ], [ -2.043834, 53.519883 ], [ -2.046284, 53.51941 ], [ -2.049404, 53.517145 ], [ -2.062286, 53.499544 ], [ -2.085364, 53.490337 ], [ -2.098527, 53.490037 ] ] } },
{ "type": "Feature", "properties": { "fid": 694, "route_id": "93363", "route_short_name": "908", "route_type": 3, "route_type_name": "Bus", "geometry_method": "osm_routed", "n_stops_covered": 62, "n_trips_observed": 1 }, "bbox": [ -2.408705, 53.600675, -2.316559, 53.651589 ], "geometry": { "type": "LineString", "coordinates": [ [ -2.408705, 53.600675 ], [ -2.405563, 53.603555 ], [ -2.406757, 53.606653 ], [ -2.405563, 53.603555 ], [ -2.395029, 53.60506 ], [ -2.389456, 53.609707 ], [ -2.387474, 53.610677 ], [ -2.389699, 53.608594 ], [ -2.36305, 53.610388 ], [ -2.383524, 53.630447 ], [ -2.338641, 53.631818 ], [ -2.338789, 53.629367 ], [ -2.340781, 53.629593 ], [ -2.341611, 53.630899 ], [ -2.338789, 53.629367 ], [ -2.338641, 53.631818 ], [ -2.320757, 53.644151 ], [ -2.31926, 53.645644 ], [ -2.316559, 53.651589 ], [ -2.31848, 53.648771 ], [ -2.318697, 53.646904 ], [ -2.31926, 53.645644 ], [ -2.319491, 53.645356 ], [ -2.320757, 53.644151 ], [ -2.329203, 53.637512 ], [ -2.328894, 53.63654 ], [ -2.338641, 53.631818 ], [ -2.337804, 53.625039 ], [ -2.342192, 53.618765 ], [ -2.340455, 53.612392 ], [ -2.336164, 53.610034 ], [ -2.336617, 53.605993 ], [ -2.340495, 53.605567 ], [ -2.339142, 53.601243 ] ] } },
{ "type": "Feature", "properties": { "fid": 695, "route_id": "93641", "route_short_name": "67A", "route_type": 3, "route_type_name": "Bus", "geometry_method": "mixed", "n_stops_covered": 0, "n_trips_observed": 0 }, "bbox": [ -2.452641, 53.422761, -2.238234, 53.492666 ], "geometry": { "type": "LineString", "coordinates": [ [ -2.238234, 53.485078 ], [ -2.244439, 53.48692 ], [ -2.246834, 53.485364 ], [ -2.245435, 53.484628 ], [ -2.246261, 53.483451 ], [ -2.25507, 53.483505 ], [ -2.252058, 53.481487 ], [ -2.261831, 53.483277 ], [ -2.259747, 53.484626 ], [ -2.272588, 53.483523 ], [ -2.290503, 53.48741 ], [ -2.29247, 53.490158 ], [ -2.290562, 53.490319 ], [ -2.290781, 53.491074 ], [ -2.291803, 53.491644 ], [ -2.295003, 53.489888 ], [ -2.301826, 53.492666 ], [ -2.328772, 53.488731 ], [ -2.330971, 53.481969 ], [ -2.35579, 53.48224 ], [ -2.393425, 53.466581 ], [ -2.406175, 53.452559 ], [ -2.412673, 53.451611 ], [ -2.414507, 53.456342 ], [ -2.420721, 53.456027 ], [ -2.41463, 53.450711 ], [ -2.420886, 53.446944 ], [ -2.440153, 53.422794 ], [ -2.446104, 53.422761 ], [ -2.444289, 53.429 ], [ -2.452641, 53.428928 ] ] } },
{ "type": "Feature", "properties": { "fid": 696, "route_id": "93642", "route_short_name": "53", "route_type": 3, "route_type_name": "Bus", "geometry_method": "mixed", "n_stops_covered": 168, "n_trips_observed": 30 }, "bbox": [ -2.295211, 53.452181, -2.171262, 53.522623 ], "geometry": { "type": "LineString", "coordinates": [ [ -2.245909, 53.514039 ], [ -2.230456, 53.512587 ], [ -2.229934, 53.51449 ], [ -2.227202, 53.516505 ], [ -2.23158, 53.518998 ], [ -2.225226, 53.522593 ], [ -2.216095, 53.522623 ], [ -2.212592, 53.515496 ], [ -2.218508, 53.502439 ], [ -2.198892, 53.487288 ], [ -2.197223, 53.484825 ], [ -2.199108, 53.487236 ], [ -2.198892, 53.487288 ], [ -2.195247, 53.482018 ], [ -2.194999, 53.481635 ], [ -2.194801, 53.481241 ], [ -2.19361, 53.476307 ], [ -2.193647, 53.476227 ], [ -2.193808, 53.476255 ], [ -2.193764, 53.476332 ], [ -2.193657, 53.476629 ], [ -2.193576, 53.478083 ], [ -2.194003, 53.479542 ], [ -2.194679, 53.480671 ], [ -2.194999, 53.481635 ], [ -2.19425, 53.469592 ], [ -2.171262, 53.462905 ], [ -2.220808, 53.452181 ], [ -2.226909, 53.457995 ], [ -2.235757, 53.458042 ], [ -2.235612, 53.460412 ], [ -2.228423, 53.460951 ], [ -2.232165, 53.464613 ], [ -2.228454, 53.466288 ], [ -2.232239, 53.469508 ], [ -2.268843, 53.462721 ], [ -2.283535, 53.462957 ], [ -2.281756, 53.470964 ], [ -2.295211, 53.471476 ], [ -2.278939, 53.48132 ], [ -2.282056, 53.482146 ], [ -2.27863, 53.484547 ], [ -2.287197, 53.487946 ] ] } },
{ "type": "Feature", "properties": { "fid": 697, "route_id": "93643", "route_short_name": "52", "route_type": 3, "route_type_name": "Bus", "geometry_method": "mixed", "n_stops_covered": 192, "n_trips_observed": 63 }, "bbox": [ -2.355682, 53.468516, -2.156308, 53.519603 ], "geometry": { "type": "LineString", "coordinates": [ [ -2.352077, 53.468516 ], [ -2.352418, 53.468743 ], [ -2.352354, 53.468965 ], [ -2.349058, 53.470209 ], [ -2.352418, 53.468743 ], [ -2.352354, 53.468965 ], [ -2.349877, 53.470168 ], [ -2.349791, 53.47065 ], [ -2.354421, 53.475474 ], [ -2.355682, 53.474922 ], [ -2.353475, 53.477739 ], [ -2.344526, 53.48315 ], [ -2.340567, 53.483434 ], [ -2.335495, 53.483065 ], [ -2.340567, 53.483434 ], [ -2.338292, 53.486166 ], [ -2.334778, 53.486327 ], [ -2.330673, 53.487326 ], [ -2.330346, 53.487324 ], [ -2.330173, 53.4873 ], [ -2.330704, 53.483623 ], [ -2.328772, 53.488731 ], [ -2.316996, 53.489506 ], [ -2.312379, 53.48833 ], [ -2.311775, 53.484664 ], [ -2.294692, 53.483807 ], [ -2.295003, 53.489888 ], [ -2.292672, 53.49047 ], [ -2.295003, 53.489888 ], [ -2.294796, 53.486488 ], [ -2.291803, 53.488401 ], [ -2.290255, 53.484863 ], [ -2.290424, 53.4877 ], [ -2.285886, 53.489397 ], [ -2.287679, 53.490546 ], [ -2.277557, 53.496606 ], [ -2.282851, 53.498091 ], [ -2.253876, 53.503191 ], [ -2.24938, 53.51575 ], [ -2.234469, 53.512651 ], [ -2.236287, 53.517007 ], [ -2.230173, 53.519603 ], [ -2.223666, 53.513289 ], [ -2.230456, 53.512587 ], [ -2.21728, 53.508174 ], [ -2.213278, 53.513847 ], [ -2.193858, 53.513895 ], [ -2.182247, 53.519564 ], [ -2.176994, 53.51771 ], [ -2.185131, 53.505364 ], [ -2.184109, 53.502629 ], [ -2.160853, 53.495797 ], [ -2.156308, 53.498869 ], [ -2.156824, 53.504388 ], [ -2.160438, 53.506548 ], [ -2.157852, 53.508111 ] ] } },
{ "type": "Feature", "properties": { "fid": 698, "route_id": "93644", "route_short_name": "67", "route_type": 3, "route_type_name": "Bus", "geometry_method": "mixed", "n_stops_covered": 118, "n_trips_observed": 55 }, "bbox": [ -2.452641, 53.422761, -2.238234, 53.492666 ], "geometry": { "type": "LineString", "coordinates": [ [ -2.238234, 53.485078 ], [ -2.244439, 53.48692 ], [ -2.246834, 53.485364 ], [ -2.245435, 53.484628 ], [ -2.246261, 53.483451 ], [ -2.25507, 53.483505 ], [ -2.252058, 53.481487 ], [ -2.261831, 53.483277 ], [ -2.259747, 53.484626 ], [ -2.272588, 53.483523 ], [ -2.290503, 53.48741 ], [ -2.29247, 53.490158 ], [ -2.290562, 53.490319 ], [ -2.290781, 53.491074 ], [ -2.291803, 53.491644 ], [ -2.295003, 53.489888 ], [ -2.301826, 53.492666 ], [ -2.328772, 53.488731 ], [ -2.330971, 53.481969 ], [ -2.35579, 53.48224 ], [ -2.393425, 53.466581 ], [ -2.406175, 53.452559 ], [ -2.420886, 53.446944 ], [ -2.440153, 53.422794 ], [ -2.446104, 53.422761 ], [ -2.444289, 53.429 ], [ -2.452641, 53.428928 ] ] } },
{ "type": "Feature", "properties": { "fid": 699, "route_id": "94022", "route_short_name": "688", "route_type": 3, "route_type_name": "Bus", "geometry_method": "osm_routed", "n_stops_covered": 56, "n_trips_observed": 1 }, "bbox": [ -2.216031, 53.451436, -2.157675, 53.509821 ], "geometry": { "type": "LineString", "coordinates": [ [ -2.173867, 53.451436 ], [ -2.175111, 53.454003 ], [ -2.172357, 53.454726 ], [ -2.176412, 53.462539 ], [ -2.157675, 53.466883 ], [ -2.159514, 53.472795 ], [ -2.176965, 53.473234 ], [ -2.172764, 53.470501 ], [ -2.173799, 53.473086 ], [ -2.176001, 53.473196 ], [ -2.176965, 53.473234 ], [ -2.178061, 53.473287 ], [ -2.181306, 53.473459 ], [ -2.180138, 53.478207 ], [ -2.185528, 53.479015 ], [ -2.183, 53.483104 ], [ -2.176445, 53.482716 ], [ -2.178363, 53.485715 ], [ -2.189727, 53.487155 ], [ -2.186049, 53.491599 ], [ -2.197857, 53.491676 ], [ -2.178128, 53.499945 ], [ -2.184109, 53.502629 ], [ -2.183276, 53.508355 ], [ -2.191086, 53.509821 ], [ -2.19575, 53.503755 ], [ -2.216031, 53.500545 ] ] } },
{ "type": "Feature", "properties": { "fid": 700, "route_id": "94257", "route_short_name": "820", "route_type": 3, "route_type_name": "Bus", "geometry_method": "osm_routed", "n_stops_covered": 48, "n_trips_observed": 1 }, "bbox": [ -2.077265, 53.481222, -2.024371, 53.519856 ], "geometry": { "type": "LineString", "coordinates": [ [ -2.040691, 53.485715 ], [ -2.054696, 53.481222 ], [ -2.065846, 53.485553 ], [ -2.06326, 53.487181 ], [ -2.063287, 53.488121 ], [ -2.06375, 53.491703 ], [ -2.063359, 53.492801 ], [ -2.056488, 53.493094 ], [ -2.058279, 53.487749 ], [ -2.06293, 53.488129 ], [ -2.063287, 53.488121 ], [ -2.063405, 53.487957 ], [ -2.074474, 53.492272 ], [ -2.074667, 53.491057 ], [ -2.077265, 53.493343 ], [ -2.059591, 53.50127 ], [ -2.046284, 53.51941 ], [ -2.04332, 53.519856 ], [ -2.041615, 53.514703 ], [ -2.04103, 53.514736 ], [ -2.040967, 53.517747 ], [ -2.04059, 53.511521 ], [ -2.034577, 53.518071 ], [ -2.02649, 53.517773 ], [ -2.024371, 53.514634 ], [ -2.028159, 53.508661 ] ] } },
{ "type": "Feature", "properties": { "fid": 701, "route_id": "9426", "route_short_name": "322", "route_type": 3, "route_type_name": "Bus", "geometry_method": "osm_routed", "n_stops_covered": 53, "n_trips_observed": 12 }, "bbox": [ -2.167539, 53.408662, -2.096839, 53.44818 ], "geometry": { "type": "LineString", "coordinates": [ [ -2.164605, 53.408662 ], [ -2.167539, 53.409928 ], [ -2.146463, 53.416131 ], [ -2.128634, 53.427687 ], [ -2.130561, 53.428248 ], [ -2.120778, 53.429122 ], [ -2.116401, 53.43647 ], [ -2.117698, 53.442167 ], [ -2.10841, 53.44818 ], [ -2.096839, 53.444223 ], [ -2.101741, 53.439098 ] ] } },
{ "type": "Feature", "properties": { "fid": 702, "route_id": "9455", "route_short_name": "360", "route_type": 3, "route_type_name": "Bus", "geometry_method": "mixed", "n_stops_covered": 107, "n_trips_observed": 9 }, "bbox": [ -2.634019, 53.391413, -2.587684, 53.546533 ], "geometry": { "type": "LineString", "coordinates": [ [ -2.634019, 53.546533 ], [ -2.625459, 53.545729 ], [ -2.615122, 53.530528 ], [ -2.598946, 53.520919 ], [ -2.592636, 53.509481 ], [ -2.594747, 53.483762 ], [ -2.588503, 53.480008 ], [ -2.587684, 53.474989 ], [ -2.589035, 53.473985 ], [ -2.592103, 53.475275 ], [ -2.592964, 53.474739 ], [ -2.597367, 53.475922 ], [ -2.598304, 53.4754 ], [ -2.599002, 53.457685 ], [ -2.61418, 53.453294 ], [ -2.610277, 53.442279 ], [ -2.601608, 53.433448 ], [ -2.59773, 53.433487 ], [ -2.595851, 53.427623 ], [ -2.596916, 53.422076 ], [ -2.598875, 53.423059 ], [ -2.597978, 53.424893 ], [ -2.596916, 53.422076 ], [ -2.597841, 53.420231 ], [ -2.597644, 53.414503 ], [ -2.597482, 53.414009 ], [ -2.598352, 53.414316 ], [ -2.598727, 53.418347 ], [ -2.598239, 53.419864 ], [ -2.59845, 53.416742 ], [ -2.59722, 53.416904 ], [ -2.595674, 53.414767 ], [ -2.597492, 53.414003 ], [ -2.597405, 53.412441 ], [ -2.597227, 53.410998 ], [ -2.598352, 53.414316 ], [ -2.597644, 53.414503 ], [ -2.597519, 53.414456 ], [ -2.597482, 53.414009 ], [ -2.597492, 53.414003 ], [ -2.597405, 53.412441 ], [ -2.594547, 53.407078 ], [ -2.594466, 53.404994 ], [ -2.595246, 53.4082 ], [ -2.594547, 53.407078 ], [ -2.594282, 53.404984 ], [ -2.590394, 53.40459 ], [ -2.594502, 53.402033 ], [ -2.593432, 53.391413 ] ] } },
{ "type": "Feature", "properties": { "fid": 703, "route_id": "94550", "route_short_name": "841", "route_type": 3, "route_type_name": "Bus", "geometry_method": "osm_routed", "n_stops_covered": 28, "n_trips_observed": 1 }, "bbox": [ -2.080179, 53.444298, -2.015529, 53.473034 ], "geometry": { "type": "LineString", "coordinates": [ [ -2.015529, 53.455426 ], [ -2.024012, 53.451364 ], [ -2.024239, 53.444298 ], [ -2.040121, 53.446352 ], [ -2.040574, 53.453786 ], [ -2.055759, 53.451665 ], [ -2.067601, 53.454188 ], [ -2.078234, 53.46479 ], [ -2.076814, 53.470506 ], [ -2.079295, 53.470055 ], [ -2.078953, 53.46904 ], [ -2.080179, 53.468049 ], [ -2.08004, 53.467596 ], [ -2.076814, 53.470506 ], [ -2.078097, 53.473034 ] ] } },
{ "type": "Feature", "properties": { "fid": 704, "route_id": "94552", "route_short_name": "343", "route_type": 3, "route_type_name": "Bus", "geometry_method": "mixed", "n_stops_covered": 181, "n_trips_observed": 7 }, "bbox": [ -2.115863, 53.452859, -2.017587, 53.549678 ], "geometry": { "type": "LineString", "coordinates": [ [ -2.115863, 53.54365 ], [ -2.103011, 53.541416 ], [ -2.075295, 53.549678 ], [ -2.057302, 53.546305 ], [ -2.060014, 53.546388 ], [ -2.055379, 53.545367 ], [ -2.061733, 53.537751 ], [ -2.049007, 53.536842 ], [ -2.049803, 53.51979 ], [ -2.047104, 53.517809 ], [ -2.04332, 53.519856 ], [ -2.041615, 53.514703 ], [ -2.042012, 53.517918 ], [ -2.041163, 53.515268 ], [ -2.03909, 53.51971 ], [ -2.024454, 53.52971 ], [ -2.02649, 53.517773 ], [ -2.034577, 53.518071 ], [ -2.035786, 53.514019 ], [ -2.028451, 53.509718 ], [ -2.028003, 53.503372 ], [ -2.018977, 53.50605 ], [ -2.017587, 53.505029 ], [ -2.026804, 53.503638 ], [ -2.030485, 53.495605 ], [ -2.032098, 53.498912 ], [ -2.030485, 53.495605 ], [ -2.037451, 53.489575 ], [ -2.034949, 53.488474 ], [ -2.034379, 53.488261 ], [ -2.032197, 53.48761 ], [ -2.037451, 53.489575 ], [ -2.054696, 53.481222 ], [ -2.059677, 53.484594 ], [ -2.070699, 53.477388 ], [ -2.070932, 53.477911 ], [ -2.073461, 53.477542 ], [ -2.075066, 53.477685 ], [ -2.080806, 53.476096 ], [ -2.075547, 53.462914 ], [ -2.082293, 53.461652 ], [ -2.083607, 53.456316 ], [ -2.08081, 53.452859 ] ] } },
{ "type": "Feature", "properties": { "fid": 705, "route_id": "94553", "route_short_name": "820", "route_type": 3, "route_type_name": "Bus", "geometry_method": "osm_routed", "n_stops_covered": 0, "n_trips_observed": 0 }, "bbox": [ -2.077265, 53.481222, -2.024371, 53.519856 ], "geometry": { "type": "LineString", "coordinates": [ [ -2.040691, 53.485715 ], [ -2.054696, 53.481222 ], [ -2.065846, 53.485553 ], [ -2.06326, 53.487181 ], [ -2.063287, 53.488121 ], [ -2.06375, 53.491703 ], [ -2.063359, 53.492801 ], [ -2.056488, 53.493094 ], [ -2.058279, 53.487749 ], [ -2.06293, 53.488129 ], [ -2.063287, 53.488121 ], [ -2.063405, 53.487957 ], [ -2.074474, 53.492272 ], [ -2.074667, 53.491057 ], [ -2.077265, 53.493343 ], [ -2.059591, 53.50127 ], [ -2.046284, 53.51941 ], [ -2.04332, 53.519856 ], [ -2.041615, 53.514703 ], [ -2.04103, 53.514736 ], [ -2.040967, 53.517747 ], [ -2.04059, 53.511521 ], [ -2.034577, 53.518071 ], [ -2.02649, 53.517773 ], [ -2.024371, 53.514634 ], [ -2.028159, 53.508661 ] ] } },
{ "type": "Feature", "properties": { "fid": 706, "route_id": "94814", "route_short_name": "611", "route_type": 3, "route_type_name": "Bus", "geometry_method": "mixed", "n_stops_covered": 122, "n_trips_observed": 9 }, "bbox": [ -2.662435, 53.466284, -2.519473, 53.547391 ], "geometry": { "type": "LineString", "coordinates": [ [ -2.519473, 53.495595 ], [ -2.525176, 53.485389 ], [ -2.566518, 53.471086 ], [ -2.572, 53.468155 ], [ -2.569213, 53.466693 ], [ -2.569613, 53.466284 ], [ -2.593064, 53.482365 ], [ -2.597103, 53.476301 ], [ -2.601765, 53.477088 ], [ -2.60175, 53.481054 ], [ -2.60984, 53.482996 ], [ -2.609841, 53.486868 ], [ -2.622693, 53.493538 ], [ -2.63851, 53.488585 ], [ -2.651571, 53.503803 ], [ -2.649457, 53.509512 ], [ -2.651587, 53.507904 ], [ -2.652264, 53.519497 ], [ -2.652589, 53.512905 ], [ -2.652802, 53.522404 ], [ -2.655086, 53.525892 ], [ -2.654917, 53.528524 ], [ -2.655046, 53.52971 ], [ -2.655131, 53.530013 ], [ -2.662435, 53.530277 ], [ -2.661419, 53.529349 ], [ -2.65568, 53.528932 ], [ -2.655551, 53.528948 ], [ -2.654968, 53.529272 ], [ -2.650152, 53.541567 ], [ -2.635322, 53.540924 ], [ -2.632766, 53.544785 ], [ -2.635117, 53.547391 ] ] } },
{ "type": "Feature", "properties": { "fid": 707, "route_id": "94815", "route_short_name": "602", "route_type": 3, "route_type_name": "Bus", "geometry_method": "osm_routed", "n_stops_covered": 42, "n_trips_observed": 9 }, "bbox": [ -2.676754, 53.517343, -2.632766, 53.547391 ], "geometry": { "type": "LineString", "coordinates": [ [ -2.635117, 53.547391 ], [ -2.632766, 53.544785 ], [ -2.634314, 53.543539 ], [ -2.635899, 53.543951 ], [ -2.63467, 53.543401 ], [ -2.635678, 53.543105 ], [ -2.637956, 53.542452 ], [ -2.639778, 53.541602 ], [ -2.648395, 53.54134 ], [ -2.650711, 53.539202 ], [ -2.651339, 53.539288 ], [ -2.651586, 53.538992 ], [ -2.651812, 53.5389 ], [ -2.652163, 53.538887 ], [ -2.652858, 53.538531 ], [ -2.658846, 53.535265 ], [ -2.675869, 53.528345 ], [ -2.676754, 53.52313 ], [ -2.670468, 53.52254 ], [ -2.672706, 53.520426 ], [ -2.671309, 53.51984 ], [ -2.673926, 53.518062 ], [ -2.673603, 53.517343 ], [ -2.652967, 53.523083 ], [ -2.652149, 53.519979 ], [ -2.640171, 53.522104 ], [ -2.647502, 53.525699 ], [ -2.642671, 53.531165 ], [ -2.654568, 53.534228 ], [ -2.653921, 53.536105 ], [ -2.652658, 53.537428 ], [ -2.651812, 53.5389 ], [ -2.651149, 53.539835 ], [ -2.650336, 53.540631 ], [ -2.650152, 53.541567 ], [ -2.649029, 53.541978 ], [ -2.643312, 53.543043 ], [ -2.638148, 53.542582 ], [ -2.637956, 53.542452 ], [ -2.638347, 53.542264 ], [ -2.635322, 53.540924 ], [ -2.632766, 53.544785 ], [ -2.635117, 53.547391 ] ] } },
{ "type": "Feature", "properties": { "fid": 708, "route_id": "94816", "route_short_name": "605", "route_type": 3, "route_type_name": "Bus", "geometry_method": "osm_routed", "n_stops_covered": 25, "n_trips_observed": 13 }, "bbox": [ -2.654968, 53.545791, -2.632149, 53.562666 ], "geometry": { "type": "LineString", "coordinates": [ [ -2.634019, 53.546533 ], [ -2.635609, 53.545791 ], [ -2.648057, 53.550065 ], [ -2.648112, 53.55551 ], [ -2.654968, 53.561464 ], [ -2.645633, 53.562666 ], [ -2.644139, 53.556382 ], [ -2.634887, 53.555472 ], [ -2.632149, 53.549527 ], [ -2.637152, 53.547503 ], [ -2.635117, 53.547391 ] ] } },
{ "type": "Feature", "properties": { "fid": 709, "route_id": "94817", "route_short_name": "609", "route_type": 3, "route_type_name": "Bus", "geometry_method": "osm_routed", "n_stops_covered": 104, "n_trips_observed": 63 }, "bbox": [ -2.635117, 53.492097, -2.478205, 53.547391 ], "geometry": { "type": "LineString", "coordinates": [ [ -2.4864, 53.502759 ], [ -2.483404, 53.503381 ], [ -2.484611, 53.506566 ], [ -2.478464, 53.50738 ], [ -2.478205, 53.50522 ], [ -2.483404, 53.503381 ], [ -2.487835, 53.502755 ], [ -2.498793, 53.492097 ], [ -2.519803, 53.494979 ], [ -2.518135, 53.504143 ], [ -2.523221, 53.504523 ], [ -2.528343, 53.512169 ], [ -2.597455, 53.516302 ], [ -2.598946, 53.520919 ], [ -2.611596, 53.527462 ], [ -2.624109, 53.542039 ], [ -2.635117, 53.547391 ] ] } },
{ "type": "Feature", "properties": { "fid": 710, "route_id": "94818", "route_short_name": "610", "route_type": 3, "route_type_name": "Bus", "geometry_method": "mixed", "n_stops_covered": 122, "n_trips_observed": 61 }, "bbox": [ -2.662435, 53.468901, -2.519473, 53.547391 ], "geometry": { "type": "LineString", "coordinates": [ [ -2.519473, 53.495595 ], [ -2.525176, 53.485389 ], [ -2.572738, 53.468901 ], [ -2.593064, 53.482365 ], [ -2.597103, 53.476301 ], [ -2.601765, 53.477088 ], [ -2.60175, 53.481054 ], [ -2.60984, 53.482996 ], [ -2.609841, 53.486868 ], [ -2.622693, 53.493538 ], [ -2.636529, 53.487721 ], [ -2.643433, 53.4899 ], [ -2.646448, 53.492889 ], [ -2.645971, 53.499773 ], [ -2.646355, 53.498897 ], [ -2.648151, 53.501651 ], [ -2.65069, 53.503613 ], [ -2.651571, 53.503803 ], [ -2.649457, 53.509512 ], [ -2.651587, 53.507904 ], [ -2.652264, 53.519497 ], [ -2.652589, 53.512905 ], [ -2.652802, 53.522404 ], [ -2.655086, 53.525892 ], [ -2.654917, 53.528524 ], [ -2.655046, 53.52971 ], [ -2.655131, 53.530013 ], [ -2.662435, 53.530277 ], [ -2.661419, 53.529349 ], [ -2.65568, 53.528932 ], [ -2.655551, 53.528948 ], [ -2.654968, 53.529272 ], [ -2.650152, 53.541567 ], [ -2.635322, 53.540924 ], [ -2.632766, 53.544785 ], [ -2.635117, 53.547391 ] ] } },
{ "type": "Feature", "properties": { "fid": 711, "route_id": "94819", "route_short_name": "603", "route_type": 3, "route_type_name": "Bus", "geometry_method": "osm_routed", "n_stops_covered": 39, "n_trips_observed": 25 }, "bbox": [ -2.688088, 53.535403, -2.632766, 53.551172 ], "geometry": { "type": "LineString", "coordinates": [ [ -2.635117, 53.547391 ], [ -2.632766, 53.544785 ], [ -2.63467, 53.543401 ], [ -2.635899, 53.543951 ], [ -2.63467, 53.543401 ], [ -2.635678, 53.543105 ], [ -2.637956, 53.542452 ], [ -2.639778, 53.541602 ], [ -2.648395, 53.54134 ], [ -2.651145, 53.539506 ], [ -2.667487, 53.535403 ], [ -2.675866, 53.535477 ], [ -2.67481, 53.537767 ], [ -2.676988, 53.541022 ], [ -2.677297, 53.541915 ], [ -2.675694, 53.539276 ], [ -2.676988, 53.541022 ], [ -2.679342, 53.541724 ], [ -2.684621, 53.538504 ], [ -2.684001, 53.542856 ], [ -2.688088, 53.544326 ], [ -2.684429, 53.548742 ], [ -2.666056, 53.551172 ], [ -2.652056, 53.539918 ], [ -2.649029, 53.541978 ], [ -2.643312, 53.543043 ], [ -2.638148, 53.542582 ], [ -2.637956, 53.542452 ], [ -2.638347, 53.542264 ], [ -2.635322, 53.540924 ], [ -2.632766, 53.544785 ], [ -2.635117, 53.547391 ] ] } },
{ "type": "Feature", "properties": { "fid": 712, "route_id": "94820", "route_short_name": "608", "route_type": 3, "route_type_name": "Bus", "geometry_method": "osm_routed", "n_stops_covered": 83, "n_trips_observed": 42 }, "bbox": [ -2.637152, 53.495919, -2.51934, 53.549626 ], "geometry": { "type": "LineString", "coordinates": [ [ -2.634019, 53.546533 ], [ -2.637152, 53.547503 ], [ -2.632242, 53.549626 ], [ -2.623883, 53.542981 ], [ -2.61452, 53.545342 ], [ -2.604653, 53.543322 ], [ -2.602208, 53.545146 ], [ -2.601048, 53.545658 ], [ -2.60049, 53.545822 ], [ -2.60031, 53.545873 ], [ -2.596257, 53.539944 ], [ -2.579722, 53.532696 ], [ -2.545996, 53.523493 ], [ -2.543757, 53.522286 ], [ -2.546394, 53.514042 ], [ -2.53651, 53.506637 ], [ -2.53216, 53.497843 ], [ -2.51934, 53.495919 ] ] } },
{ "type": "Feature", "properties": { "fid": 713, "route_id": "94821", "route_short_name": "601", "route_type": 3, "route_type_name": "Bus", "geometry_method": "osm_routed", "n_stops_covered": 42, "n_trips_observed": 14 }, "bbox": [ -2.676642, 53.516506, -2.632766, 53.547391 ], "geometry": { "type": "LineString", "coordinates": [ [ -2.635117, 53.547391 ], [ -2.632766, 53.544785 ], [ -2.634314, 53.543539 ], [ -2.635899, 53.543951 ], [ -2.63467, 53.543401 ], [ -2.635678, 53.543105 ], [ -2.637956, 53.542452 ], [ -2.639778, 53.541602 ], [ -2.649619, 53.540824 ], [ -2.654568, 53.534228 ], [ -2.642671, 53.531165 ], [ -2.647502, 53.525699 ], [ -2.638973, 53.523878 ], [ -2.640171, 53.522104 ], [ -2.652304, 53.519967 ], [ -2.653549, 53.522811 ], [ -2.656216, 53.521893 ], [ -2.656957, 53.522875 ], [ -2.659678, 53.522464 ], [ -2.661271, 53.522735 ], [ -2.659492, 53.521498 ], [ -2.666157, 53.520588 ], [ -2.665577, 53.516506 ], [ -2.673603, 53.517343 ], [ -2.671797, 53.521284 ], [ -2.676642, 53.522891 ], [ -2.675869, 53.528345 ], [ -2.649029, 53.541978 ], [ -2.643312, 53.543043 ], [ -2.638148, 53.542582 ], [ -2.637956, 53.542452 ], [ -2.638347, 53.542264 ], [ -2.635322, 53.540924 ], [ -2.632766, 53.544785 ], [ -2.635117, 53.547391 ] ] } },
{ "type": "Feature", "properties": { "fid": 714, "route_id": "94822", "route_short_name": "632", "route_type": 3, "route_type_name": "Bus", "geometry_method": "mixed", "n_stops_covered": 92, "n_trips_observed": 34 }, "bbox": [ -2.674686, 53.546533, -2.627676, 53.652774 ], "geometry": { "type": "LineString", "coordinates": [ [ -2.634019, 53.546533 ], [ -2.637152, 53.547503 ], [ -2.632242, 53.549626 ], [ -2.62925, 53.547682 ], [ -2.633323, 53.550836 ], [ -2.627965, 53.554688 ], [ -2.628779, 53.560491 ], [ -2.638618, 53.571697 ], [ -2.666174, 53.584496 ], [ -2.661301, 53.584964 ], [ -2.672246, 53.594402 ], [ -2.674686, 53.609633 ], [ -2.66595, 53.606397 ], [ -2.674686, 53.609633 ], [ -2.673537, 53.618622 ], [ -2.659793, 53.622649 ], [ -2.652526, 53.635816 ], [ -2.638129, 53.642896 ], [ -2.63013, 53.650168 ], [ -2.632135, 53.652103 ], [ -2.627676, 53.652774 ] ] } },
{ "type": "Feature", "properties": { "fid": 715, "route_id": "94823", "route_short_name": "607", "route_type": 3, "route_type_name": "Bus", "geometry_method": "mixed", "n_stops_covered": 145, "n_trips_observed": 41 }, "bbox": [ -2.635117, 53.527671, -2.42926, 53.575656 ], "geometry": { "type": "LineString", "coordinates": [ [ -2.635117, 53.547391 ], [ -2.623883, 53.542981 ], [ -2.608131, 53.544664 ], [ -2.58032, 53.534115 ], [ -2.576393, 53.536945 ], [ -2.559924, 53.533506 ], [ -2.556137, 53.536315 ], [ -2.554047, 53.534528 ], [ -2.556524, 53.533421 ], [ -2.557244, 53.531883 ], [ -2.554456, 53.533402 ], [ -2.555351, 53.530673 ], [ -2.548233, 53.527671 ], [ -2.537898, 53.533589 ], [ -2.518219, 53.535129 ], [ -2.516166, 53.54243 ], [ -2.529044, 53.543597 ], [ -2.525943, 53.548833 ], [ -2.519838, 53.54839 ], [ -2.516926, 53.5516 ], [ -2.514855, 53.552756 ], [ -2.511752, 53.55359 ], [ -2.50991, 53.554702 ], [ -2.509491, 53.554842 ], [ -2.508746, 53.555017 ], [ -2.502448, 53.549228 ], [ -2.464595, 53.565694 ], [ -2.464713, 53.568097 ], [ -2.42926, 53.575656 ] ] } },
{ "type": "Feature", "properties": { "fid": 716, "route_id": "94824", "route_short_name": "606", "route_type": 3, "route_type_name": "Bus", "geometry_method": "osm_routed", "n_stops_covered": 25, "n_trips_observed": 12 }, "bbox": [ -2.655223, 53.545791, -2.632467, 53.562666 ], "geometry": { "type": "LineString", "coordinates": [ [ -2.634019, 53.546533 ], [ -2.635609, 53.545791 ], [ -2.636771, 53.546788 ], [ -2.637132, 53.547289 ], [ -2.632467, 53.549888 ], [ -2.634887, 53.555472 ], [ -2.644139, 53.556382 ], [ -2.645633, 53.562666 ], [ -2.654968, 53.561464 ], [ -2.655223, 53.558991 ], [ -2.648112, 53.55551 ], [ -2.646575, 53.549439 ], [ -2.637152, 53.547503 ], [ -2.637132, 53.547289 ], [ -2.636875, 53.547005 ], [ -2.636607, 53.546923 ], [ -2.635117, 53.547391 ] ] } },
{ "type": "Feature", "properties": { "fid": 717, "route_id": "94825", "route_short_name": "604", "route_type": 3, "route_type_name": "Bus", "geometry_method": "osm_routed", "n_stops_covered": 39, "n_trips_observed": 28 }, "bbox": [ -2.685052, 53.535495, -2.632766, 53.550953 ], "geometry": { "type": "LineString", "coordinates": [ [ -2.635117, 53.547391 ], [ -2.632766, 53.544785 ], [ -2.634314, 53.543539 ], [ -2.635899, 53.543951 ], [ -2.63467, 53.543401 ], [ -2.635678, 53.543105 ], [ -2.637956, 53.542452 ], [ -2.639778, 53.541602 ], [ -2.648395, 53.54134 ], [ -2.651145, 53.539506 ], [ -2.651476, 53.540128 ], [ -2.655293, 53.541802 ], [ -2.659008, 53.544679 ], [ -2.663134, 53.54351 ], [ -2.659522, 53.54608 ], [ -2.664719, 53.550953 ], [ -2.673163, 53.547371 ], [ -2.682667, 53.548832 ], [ -2.685052, 53.539467 ], [ -2.677523, 53.54215 ], [ -2.67468, 53.535495 ], [ -2.656731, 53.537822 ], [ -2.652056, 53.539918 ], [ -2.651476, 53.540128 ], [ -2.650706, 53.540353 ], [ -2.650152, 53.541567 ], [ -2.643312, 53.543043 ], [ -2.638148, 53.542582 ], [ -2.637956, 53.542452 ], [ -2.638347, 53.542264 ], [ -2.635322, 53.540924 ], [ -2.632766, 53.544785 ], [ -2.635117, 53.547391 ] ] } },
{ "type": "Feature", "properties": { "fid": 718, "route_id": "95047", "route_short_name": "553", "route_type": 3, "route_type_name": "Bus", "geometry_method": "mixed", "n_stops_covered": 141, "n_trips_observed": 12 }, "bbox": [ -2.471911, 53.493958, -2.395392, 53.550228 ], "geometry": { "type": "LineString", "coordinates": [ [ -2.450124, 53.493958 ], [ -2.448436, 53.502282 ], [ -2.459114, 53.500067 ], [ -2.463336, 53.505062 ], [ -2.468631, 53.505449 ], [ -2.463336, 53.505062 ], [ -2.466892, 53.509648 ], [ -2.465747, 53.514024 ], [ -2.471911, 53.51505 ], [ -2.436307, 53.513899 ], [ -2.431364, 53.508341 ], [ -2.431406, 53.507618 ], [ -2.43153, 53.506258 ], [ -2.434935, 53.506336 ], [ -2.434892, 53.50821 ], [ -2.431364, 53.508341 ], [ -2.427904, 53.508062 ], [ -2.420597, 53.502606 ], [ -2.411097, 53.502512 ], [ -2.409195, 53.509133 ], [ -2.412389, 53.512601 ], [ -2.398014, 53.522193 ], [ -2.398658, 53.523786 ], [ -2.413796, 53.527606 ], [ -2.412517, 53.53311 ], [ -2.417233, 53.535625 ], [ -2.421446, 53.533716 ], [ -2.428229, 53.538791 ], [ -2.424468, 53.539996 ], [ -2.426333, 53.544667 ], [ -2.433435, 53.544746 ], [ -2.43411, 53.547095 ], [ -2.403598, 53.550228 ], [ -2.395392, 53.548516 ] ] } },
{ "type": "Feature", "properties": { "fid": 719, "route_id": "95048", "route_short_name": "589", "route_type": 3, "route_type_name": "Bus", "geometry_method": "osm_routed", "n_stops_covered": 66, "n_trips_observed": 4 }, "bbox": [ -2.581313, 53.468901, -2.518106, 53.495595 ], "geometry": { "type": "LineString", "coordinates": [ [ -2.519473, 53.495595 ], [ -2.522889, 53.489865 ], [ -2.522788, 53.487552 ], [ -2.523023, 53.486684 ], [ -2.527999, 53.484492 ], [ -2.535418, 53.482785 ], [ -2.540912, 53.477984 ], [ -2.543106, 53.477288 ], [ -2.542837, 53.476787 ], [ -2.543523, 53.475943 ], [ -2.540254, 53.47638 ], [ -2.540932, 53.477101 ], [ -2.540469, 53.477065 ], [ -2.543106, 53.477288 ], [ -2.550493, 53.47701 ], [ -2.552594, 53.476254 ], [ -2.56094, 53.471747 ], [ -2.56083, 53.470478 ], [ -2.559708, 53.469736 ], [ -2.561912, 53.470064 ], [ -2.56083, 53.470478 ], [ -2.560375, 53.471138 ], [ -2.56094, 53.471747 ], [ -2.562714, 53.471129 ], [ -2.562153, 53.472485 ], [ -2.56489, 53.47344 ], [ -2.564996, 53.474789 ], [ -2.562153, 53.472485 ], [ -2.562714, 53.471129 ], [ -2.566518, 53.471086 ], [ -2.56577, 53.47058 ], [ -2.566986, 53.470533 ], [ -2.567962, 53.470094 ], [ -2.568558, 53.470467 ], [ -2.569816, 53.46983 ], [ -2.571886, 53.469235 ], [ -2.572738, 53.468901 ], [ -2.581313, 53.475084 ], [ -2.580707, 53.475485 ], [ -2.575209, 53.478555 ], [ -2.57244, 53.479774 ], [ -2.567465, 53.478048 ], [ -2.571909, 53.474405 ], [ -2.575901, 53.47812 ], [ -2.581313, 53.475084 ], [ -2.572738, 53.468901 ], [ -2.565097, 53.469981 ], [ -2.562714, 53.471129 ], [ -2.56094, 53.471747 ], [ -2.558883, 53.472168 ], [ -2.552594, 53.476254 ], [ -2.550602, 53.476987 ], [ -2.550493, 53.47701 ], [ -2.549104, 53.477062 ], [ -2.546629, 53.47675 ], [ -2.543106, 53.477288 ], [ -2.542837, 53.476787 ], [ -2.543523, 53.475943 ], [ -2.542572, 53.475685 ], [ -2.540254, 53.47638 ], [ -2.543106, 53.477288 ], [ -2.535418, 53.482785 ], [ -2.523023, 53.486684 ], [ -2.518106, 53.49488 ] ] } },
{ "type": "Feature", "properties": { "fid": 720, "route_id": "9551", "route_short_name": "634", "route_type": 3, "route_type_name": "Bus", "geometry_method": "osm_routed", "n_stops_covered": 0, "n_trips_observed": 0 }, "bbox": [ -2.635117, 53.526842, -2.554456, 53.54857 ], "geometry": { "type": "LineString", "coordinates": [ [ -2.635117, 53.547391 ], [ -2.623883, 53.542981 ], [ -2.61452, 53.545342 ], [ -2.614021, 53.545338 ], [ -2.612163, 53.545229 ], [ -2.611662, 53.545192 ], [ -2.609666, 53.544999 ], [ -2.604653, 53.543322 ], [ -2.60031, 53.545873 ], [ -2.602937, 53.547117 ], [ -2.603474, 53.547441 ], [ -2.601616, 53.54857 ], [ -2.597774, 53.546814 ], [ -2.595138, 53.546544 ], [ -2.593798, 53.543799 ], [ -2.595305, 53.540901 ], [ -2.596257, 53.539944 ], [ -2.586081, 53.536311 ], [ -2.58802, 53.536342 ], [ -2.586081, 53.536311 ], [ -2.582042, 53.53459 ], [ -2.58032, 53.534115 ], [ -2.56544, 53.540308 ], [ -2.556137, 53.536315 ], [ -2.559768, 53.533647 ], [ -2.555058, 53.533441 ], [ -2.557244, 53.531883 ], [ -2.554456, 53.533402 ], [ -2.558389, 53.526842 ], [ -2.58348, 53.533532 ], [ -2.581125, 53.533821 ], [ -2.582042, 53.53459 ], [ -2.582662, 53.535033 ], [ -2.583337, 53.535334 ], [ -2.585653, 53.536178 ], [ -2.586081, 53.536311 ], [ -2.586873, 53.536533 ], [ -2.589466, 53.53714 ], [ -2.59275, 53.538275 ], [ -2.596604, 53.540103 ], [ -2.593798, 53.543799 ], [ -2.596226, 53.544418 ], [ -2.595138, 53.546544 ], [ -2.596851, 53.547311 ], [ -2.601616, 53.54857 ], [ -2.603474, 53.547441 ], [ -2.60031, 53.545873 ], [ -2.603601, 53.544052 ], [ -2.606028, 53.543908 ], [ -2.609666, 53.544999 ], [ -2.614021, 53.545338 ], [ -2.624109, 53.542039 ], [ -2.635117, 53.547391 ] ] } },
{ "type": "Feature", "properties": { "fid": 721, "route_id": "95542", "route_short_name": "918", "route_type": 3, "route_type_name": "Bus", "geometry_method": "osm_routed", "n_stops_covered": 0, "n_trips_observed": 0 }, "bbox": [ -2.439637, 53.586256, -2.381869, 53.601985 ], "geometry": { "type": "LineString", "coordinates": [ [ -2.387411, 53.59053 ], [ -2.381869, 53.589595 ], [ -2.382371, 53.586904 ], [ -2.390748, 53.586256 ], [ -2.39526, 53.590945 ], [ -2.40592, 53.589664 ], [ -2.409341, 53.595019 ], [ -2.411859, 53.594266 ], [ -2.410321, 53.596818 ], [ -2.439637, 53.601985 ] ] } },
{ "type": "Feature", "properties": { "fid": 722, "route_id": "95573", "route_short_name": "949", "route_type": 3, "route_type_name": "Bus", "geometry_method": "osm_routed", "n_stops_covered": 32, "n_trips_observed": 1 }, "bbox": [ -2.6856, 53.520168, -2.637111, 53.558654 ], "geometry": { "type": "LineString", "coordinates": [ [ -2.67411, 53.523283 ], [ -2.667654, 53.520168 ], [ -2.656216, 53.521893 ], [ -2.637111, 53.535577 ], [ -2.639778, 53.541602 ], [ -2.650826, 53.539209 ], [ -2.659008, 53.544679 ], [ -2.667883, 53.539991 ], [ -2.668365, 53.543496 ], [ -2.6856, 53.546421 ], [ -2.684429, 53.548742 ], [ -2.671805, 53.548537 ], [ -2.664981, 53.551642 ], [ -2.661381, 53.557693 ], [ -2.653424, 53.558654 ] ] } },
{ "type": "Feature", "properties": { "fid": 723, "route_id": "95574", "route_short_name": "966", "route_type": 3, "route_type_name": "Bus", "geometry_method": "osm_routed", "n_stops_covered": 43, "n_trips_observed": 1 }, "bbox": [ -2.382245, 53.524625, -2.297795, 53.591701 ], "geometry": { "type": "LineString", "coordinates": [ [ -2.33626, 53.524625 ], [ -2.382245, 53.542038 ], [ -2.366198, 53.546083 ], [ -2.361764, 53.54566 ], [ -2.36195, 53.545387 ], [ -2.360347, 53.542524 ], [ -2.360531, 53.541299 ], [ -2.360715, 53.541243 ], [ -2.362194, 53.545699 ], [ -2.361764, 53.54566 ], [ -2.361341, 53.545654 ], [ -2.358483, 53.545907 ], [ -2.351664, 53.548314 ], [ -2.325472, 53.548235 ], [ -2.324656, 53.559457 ], [ -2.307113, 53.57887 ], [ -2.302735, 53.577927 ], [ -2.305911, 53.579568 ], [ -2.298927, 53.583096 ], [ -2.301375, 53.588816 ], [ -2.297795, 53.591701 ] ] } },
{ "type": "Feature", "properties": { "fid": 724, "route_id": "95575", "route_short_name": "918", "route_type": 3, "route_type_name": "Bus", "geometry_method": "osm_routed", "n_stops_covered": 23, "n_trips_observed": 1 }, "bbox": [ -2.439637, 53.586269, -2.381869, 53.601985 ], "geometry": { "type": "LineString", "coordinates": [ [ -2.439637, 53.601985 ], [ -2.410949, 53.59707 ], [ -2.405776, 53.589709 ], [ -2.39526, 53.590945 ], [ -2.390939, 53.586269 ], [ -2.382371, 53.586904 ], [ -2.381869, 53.589595 ], [ -2.387411, 53.59053 ] ] } },
{ "type": "Feature", "properties": { "fid": 725, "route_id": "95576", "route_short_name": "952", "route_type": 3, "route_type_name": "Bus", "geometry_method": "osm_routed", "n_stops_covered": 36, "n_trips_observed": 1 }, "bbox": [ -2.689472, 53.482264, -2.638179, 53.537339 ], "geometry": { "type": "LineString", "coordinates": [ [ -2.638179, 53.482264 ], [ -2.639503, 53.486265 ], [ -2.654016, 53.486604 ], [ -2.66425, 53.483039 ], [ -2.66016, 53.48507 ], [ -2.675175, 53.484855 ], [ -2.665607, 53.495926 ], [ -2.669824, 53.499071 ], [ -2.680627, 53.498582 ], [ -2.685798, 53.510303 ], [ -2.689472, 53.511928 ], [ -2.676642, 53.522891 ], [ -2.670468, 53.52254 ], [ -2.673926, 53.518062 ], [ -2.672651, 53.516549 ], [ -2.66649, 53.519014 ], [ -2.669967, 53.522356 ], [ -2.670468, 53.52254 ], [ -2.671131, 53.522745 ], [ -2.672264, 53.522897 ], [ -2.676642, 53.522891 ], [ -2.676046, 53.528118 ], [ -2.655036, 53.537339 ] ] } },
{ "type": "Feature", "properties": { "fid": 726, "route_id": "95577", "route_short_name": "953", "route_type": 3, "route_type_name": "Bus", "geometry_method": "osm_routed", "n_stops_covered": 44, "n_trips_observed": 2 }, "bbox": [ -2.67411, 53.4819, -2.638004, 53.523283 ], "geometry": { "type": "LineString", "coordinates": [ [ -2.67411, 53.523283 ], [ -2.670468, 53.52254 ], [ -2.673926, 53.518062 ], [ -2.671072, 53.516921 ], [ -2.67158, 53.516263 ], [ -2.673926, 53.518062 ], [ -2.65288, 53.522993 ], [ -2.651317, 53.505182 ], [ -2.638407, 53.488731 ], [ -2.638004, 53.4819 ] ] } },
{ "type": "Feature", "properties": { "fid": 727, "route_id": "9709", "route_short_name": "544", "route_type": 3, "route_type_name": "Bus", "geometry_method": "osm_routed", "n_stops_covered": 53, "n_trips_observed": 4 }, "bbox": [ -2.42926, 53.555711, -2.356629, 53.577106 ], "geometry": { "type": "LineString", "coordinates": [ [ -2.426907, 53.576301 ], [ -2.425629, 53.576649 ], [ -2.424944, 53.575695 ], [ -2.424245, 53.574931 ], [ -2.417148, 53.577106 ], [ -2.414382, 53.576731 ], [ -2.412766, 53.575101 ], [ -2.405883, 53.571469 ], [ -2.403428, 53.568879 ], [ -2.396962, 53.570546 ], [ -2.395678, 53.570659 ], [ -2.39431, 53.570669 ], [ -2.390052, 53.570576 ], [ -2.377621, 53.565764 ], [ -2.378252, 53.565283 ], [ -2.38171, 53.565911 ], [ -2.382618, 53.565918 ], [ -2.381777, 53.56629 ], [ -2.378252, 53.565283 ], [ -2.375684, 53.565792 ], [ -2.373147, 53.563113 ], [ -2.379098, 53.562835 ], [ -2.373423, 53.558721 ], [ -2.37509, 53.555711 ], [ -2.356629, 53.560028 ], [ -2.360448, 53.562664 ], [ -2.371565, 53.562278 ], [ -2.373556, 53.566111 ], [ -2.368806, 53.569642 ], [ -2.378252, 53.565283 ], [ -2.390052, 53.570576 ], [ -2.403428, 53.568879 ], [ -2.405883, 53.571469 ], [ -2.414382, 53.576731 ], [ -2.423699, 53.574307 ], [ -2.42926, 53.575656 ] ] } },
{ "type": "Feature", "properties": { "fid": 728, "route_id": "97626", "route_short_name": "171", "route_type": 200, "route_type_name": "Coach", "geometry_method": "osm_routed", "n_stops_covered": 0, "n_trips_observed": 0 }, "bbox": [ -2.986833, 53.365431, -1.533121, 53.808407 ], "geometry": { "type": "LineString", "coordinates": [ [ -1.536337, 53.797804 ], [ -1.533121, 53.802363 ], [ -1.541637, 53.805048 ], [ -1.548559, 53.805004 ], [ -1.55966, 53.797605 ], [ -1.575602, 53.804272 ], [ -1.587281, 53.798313 ], [ -1.656583, 53.808407 ], [ -1.740143, 53.796795 ], [ -1.746134, 53.790298 ], [ -1.758755, 53.78714 ], [ -1.792078, 53.761115 ], [ -1.815703, 53.753257 ], [ -1.828436, 53.73976 ], [ -1.831417, 53.740252 ], [ -1.830629, 53.734615 ], [ -1.833301, 53.732147 ], [ -1.838451, 53.732926 ], [ -1.850334, 53.727231 ], [ -1.8587, 53.728067 ], [ -1.879607, 53.714964 ], [ -1.891419, 53.714914 ], [ -1.891717, 53.71244 ], [ -1.911902, 53.708384 ], [ -1.933576, 53.698362 ], [ -1.935878, 53.695858 ], [ -1.935126, 53.681471 ], [ -1.949551, 53.66607 ], [ -1.952137, 53.646614 ], [ -2.017686, 53.631649 ], [ -2.024205, 53.62679 ], [ -2.039224, 53.593156 ], [ -2.057957, 53.573291 ], [ -2.072665, 53.565208 ], [ -2.109366, 53.567403 ], [ -2.120233, 53.560941 ], [ -2.138505, 53.556537 ], [ -2.153379, 53.531497 ], [ -2.16759, 53.519105 ], [ -2.170234, 53.505844 ], [ -2.216286, 53.493861 ], [ -2.234544, 53.480722 ], [ -2.231406, 53.476544 ], [ -2.235588, 53.478606 ], [ -2.248115, 53.474238 ], [ -2.24453, 53.463362 ], [ -2.243972, 53.438539 ], [ -2.26656, 53.410379 ], [ -2.268832, 53.39594 ], [ -2.2838, 53.373633 ], [ -2.274074, 53.365431 ], [ -2.295727, 53.374727 ], [ -2.312155, 53.373686 ], [ -2.316148, 53.370749 ], [ -2.330737, 53.378649 ], [ -2.367004, 53.377544 ], [ -2.394204, 53.383478 ], [ -2.39168, 53.387272 ], [ -2.454286, 53.402168 ], [ -2.465601, 53.409772 ], [ -2.477495, 53.404417 ], [ -2.507361, 53.398318 ], [ -2.565885, 53.39724 ], [ -2.574209, 53.405765 ], [ -2.581842, 53.407434 ], [ -2.583795, 53.412701 ], [ -2.59722, 53.416904 ], [ -2.595674, 53.414767 ], [ -2.598133, 53.41396 ], [ -2.625369, 53.416849 ], [ -2.635311, 53.413962 ], [ -2.653876, 53.414746 ], [ -2.758267, 53.400761 ], [ -2.798795, 53.400636 ], [ -2.817963, 53.396113 ], [ -2.868267, 53.407173 ], [ -2.896571, 53.405943 ], [ -2.916492, 53.409841 ], [ -2.918274, 53.409756 ], [ -2.922507, 53.410121 ], [ -2.929982, 53.410184 ], [ -2.929985, 53.410282 ], [ -2.925958, 53.410308 ], [ -2.923305, 53.410139 ], [ -2.929982, 53.410184 ], [ -2.943841, 53.408236 ], [ -2.946039, 53.412124 ], [ -2.961507, 53.410873 ], [ -2.961533, 53.406227 ], [ -2.986833, 53.402127 ] ] } },
{ "type": "Feature", "properties": { "fid": 729, "route_id": "97886", "route_short_name": "130", "route_type": 3, "route_type_name": "Bus", "geometry_method": "osm_routed", "n_stops_covered": 0, "n_trips_observed": 0 }, "bbox": [ -2.239724, 53.255982, -2.122529, 53.356186 ], "geometry": { "type": "LineString", "coordinates": [ [ -2.203614, 53.348131 ], [ -2.200729, 53.355531 ], [ -2.218325, 53.356186 ], [ -2.215254, 53.347364 ], [ -2.200652, 53.334909 ], [ -2.210811, 53.335368 ], [ -2.211761, 53.333936 ], [ -2.208579, 53.334556 ], [ -2.211761, 53.333936 ], [ -2.209902, 53.33857 ], [ -2.212059, 53.340811 ], [ -2.218309, 53.336903 ], [ -2.2227, 53.339056 ], [ -2.229086, 53.327349 ], [ -2.237431, 53.320374 ], [ -2.237841, 53.304328 ], [ -2.234504, 53.294665 ], [ -2.239724, 53.273491 ], [ -2.234348, 53.263985 ], [ -2.176359, 53.259163 ], [ -2.161335, 53.259397 ], [ -2.155936, 53.263835 ], [ -2.137122, 53.263121 ], [ -2.136965, 53.259937 ], [ -2.128141, 53.260907 ], [ -2.129246, 53.257808 ], [ -2.122981, 53.255982 ], [ -2.122529, 53.257547 ], [ -2.12316, 53.259535 ], [ -2.125056, 53.257899 ] ] } },
{ "type": "Feature", "properties": { "fid": 730, "route_id": "979354", "route_short_name": "M11", "route_type": 200, "route_type_name": "Coach", "geometry_method": "mixed", "n_stops_covered": 0, "n_trips_observed": 0 }, "bbox": [ -4.254958, 51.493112, -0.144614, 55.865067 ], "geometry": { "type": "LineString", "coordinates": [ [ -4.253853, 55.865067 ], [ -4.254958, 55.862147 ], [ -4.245447, 55.861011 ], [ -4.245751, 55.858246 ], [ -4.231307, 55.850473 ], [ -4.231909, 55.847269 ], [ -4.222623, 55.846685 ], [ -4.210531, 55.838497 ], [ -4.207982, 55.833114 ], [ -4.192437, 55.826168 ], [ -4.078039, 55.790067 ], [ -4.074568, 55.783919 ], [ -4.044484, 55.774284 ], [ -4.046165, 55.772965 ], [ -4.031483, 55.774239 ], [ -4.010435, 55.768014 ], [ -3.980504, 55.748047 ], [ -3.968125, 55.732348 ], [ -3.954249, 55.703407 ], [ -3.930024, 55.674616 ], [ -3.889963, 55.650363 ], [ -3.809357, 55.570713 ], [ -3.697613, 55.507256 ], [ -3.676684, 55.466819 ], [ -3.651219, 55.441235 ], [ -3.447736, 55.309274 ], [ -3.412958, 55.226405 ], [ -3.412651, 55.21352 ], [ -3.366122, 55.128047 ], [ -3.34344, 55.100917 ], [ -3.279179, 55.066541 ], [ -3.135368, 55.027755 ], [ -3.110743, 55.015995 ], [ -3.061827, 55.00302 ], [ -2.983371, 54.954546 ], [ -2.952379, 54.931245 ], [ -2.945283, 54.930877 ], [ -2.950657, 54.928711 ], [ -2.944786, 54.923051 ], [ -2.937764, 54.909818 ], [ -2.937362, 54.901652 ], [ -2.929623, 54.890321 ], [ -2.882606, 54.862115 ], [ -2.863214, 54.847079 ], [ -2.850914, 54.82756 ], [ -2.808786, 54.782245 ], [ -2.780695, 54.726257 ], [ -2.760193, 54.670151 ], [ -2.741941, 54.655296 ], [ -2.739752, 54.648652 ], [ -2.719163, 54.628898 ], [ -2.715567, 54.621344 ], [ -2.717034, 54.608409 ], [ -2.701159, 54.596254 ], [ -2.677837, 54.531528 ], [ -2.669979, 54.51878 ], [ -2.669502, 54.506974 ], [ -2.701713, 54.404907 ], [ -2.72948, 54.386836 ], [ -2.725916, 54.370457 ], [ -2.722878, 54.368291 ], [ -2.727067, 54.353715 ], [ -2.735468, 54.34525 ], [ -2.738952, 54.332349 ], [ -2.744411, 54.32748 ], [ -2.738465, 54.288763 ], [ -2.747556, 54.275767 ], [ -2.746745, 54.251738 ], [ -2.754117, 54.243806 ], [ -2.758768, 54.229521 ], [ -2.772929, 54.20975 ], [ -2.753153, 54.194124 ], [ -2.748314, 54.175258 ], [ -2.751692, 54.165638 ], [ -2.745421, 54.150376 ], [ -2.77563, 54.120632 ], [ -2.787707, 54.112617 ], [ -2.802167, 54.077566 ], [ -2.801004, 54.057977 ], [ -2.792497, 54.055259 ], [ -2.799083, 54.044604 ], [ -2.79425, 54.032077 ], [ -2.795327, 54.013703 ], [ -2.786356, 54.005822 ], [ -2.782416, 54.009566 ], [ -2.696017, 53.76009 ], [ -2.698132, 53.759864 ], [ -2.687183, 53.760314 ], [ -2.671616, 53.747507 ], [ -2.645311, 53.74387 ], [ -2.636848, 53.738 ], [ -2.622603, 53.735307 ], [ -2.601125, 53.725569 ], [ -2.575683, 53.72434 ], [ -2.562068, 53.716484 ], [ -2.545796, 53.699431 ], [ -2.533093, 53.69156 ], [ -2.509658, 53.666339 ], [ -2.493087, 53.636746 ], [ -2.463349, 53.623138 ], [ -2.432586, 53.602324 ], [ -2.426178, 53.583052 ], [ -2.390704, 53.545057 ], [ -2.337648, 53.526655 ], [ -2.333858, 53.519582 ], [ -2.313544, 53.508303 ], [ -2.307289, 53.500747 ], [ -2.275474, 53.485387 ], [ -2.257127, 53.483361 ], [ -2.244439, 53.48692 ], [ -2.237298, 53.484456 ], [ -2.238914, 53.483241 ], [ -2.234064, 53.481706 ], [ -2.230071, 53.475258 ], [ -2.246351, 53.469809 ], [ -2.243972, 53.438539 ], [ -2.26656, 53.410379 ], [ -2.268832, 53.39594 ], [ -2.2838, 53.373633 ], [ -2.273856, 53.364791 ], [ -2.271275, 53.364794 ], [ -2.271806, 53.367387 ], [ -2.243431, 53.362174 ], [ -2.245078, 53.355117 ], [ -2.242179, 53.348292 ], [ -2.236263, 53.334567 ], [ -2.230556, 53.333625 ], [ -2.229527, 53.329725 ], [ -2.237431, 53.320374 ], [ -2.237841, 53.304328 ], [ -2.234504, 53.294665 ], [ -2.239724, 53.273491 ], [ -2.234348, 53.263985 ], [ -2.235756, 53.245035 ], [ -2.233503, 53.237954 ], [ -2.236498, 53.222942 ], [ -2.226699, 53.21167 ], [ -2.250413, 53.193368 ], [ -2.256161, 53.193587 ], [ -2.257557, 53.187656 ], [ -2.252906, 53.176503 ], [ -2.259334, 53.170761 ], [ -2.25942, 53.158175 ], [ -2.257957, 53.144452 ], [ -2.251313, 53.139724 ], [ -2.254063, 53.135959 ], [ -2.25111, 53.106317 ], [ -2.261798, 53.081472 ], [ -2.252307, 53.071253 ], [ -2.252681, 53.064938 ], [ -2.238746, 53.032218 ], [ -2.231089, 53.021478 ], [ -2.231184, 53.008551 ], [ -2.222294, 53.000755 ], [ -2.225158, 52.99336 ], [ -2.221649, 52.984503 ], [ -2.225863, 52.972396 ], [ -2.16472, 52.876854 ], [ -2.165261, 52.871003 ], [ -2.144379, 52.830853 ], [ -2.147759, 52.824033 ], [ -2.110874, 52.766348 ], [ -2.103817, 52.760353 ], [ -2.10523, 52.695415 ], [ -2.099828, 52.684983 ], [ -2.046412, 52.648126 ], [ -2.043048, 52.639863 ], [ -2.015927, 52.624685 ], [ -1.99472, 52.608137 ], [ -1.984922, 52.589475 ], [ -1.975885, 52.585958 ], [ -1.973189, 52.579369 ], [ -1.937446, 52.558472 ], [ -1.935045, 52.548012 ], [ -1.929137, 52.542856 ], [ -1.931515, 52.520008 ], [ -1.918845, 52.510872 ], [ -1.919066, 52.498646 ], [ -1.914727, 52.495392 ], [ -1.918607, 52.485687 ], [ -1.895522, 52.475352 ], [ -1.87829, 52.47249 ], [ -1.868991, 52.474283 ], [ -1.839213, 52.464276 ], [ -1.80425, 52.461092 ], [ -1.782064, 52.451868 ], [ -1.763669, 52.451559 ], [ -1.73209, 52.442975 ], [ -1.677969, 52.44606 ], [ -1.614082, 52.438375 ], [ -1.569235, 52.422365 ], [ -1.538402, 52.416333 ], [ -1.518911, 52.409886 ], [ -1.516394, 52.404323 ], [ -1.501966, 52.404874 ], [ -1.494309, 52.393308 ], [ -1.481898, 52.390566 ], [ -1.460673, 52.375132 ], [ -1.398621, 52.357161 ], [ -1.281876, 52.333566 ], [ -1.255429, 52.319826 ], [ -1.218317, 52.289708 ], [ -1.173945, 52.262919 ], [ -1.167821, 52.252793 ], [ -1.162985, 52.250285 ], [ -1.115949, 52.236731 ], [ -1.075926, 52.233513 ], [ -1.066128, 52.227211 ], [ -1.041377, 52.201295 ], [ -0.996369, 52.139201 ], [ -0.986858, 52.130363 ], [ -0.835999, 52.047783 ], [ -0.702542, 51.992925 ], [ -0.675602, 51.985778 ], [ -0.663527, 51.974867 ], [ -0.552745, 51.90996 ], [ -0.544924, 51.901811 ], [ -0.493354, 51.868898 ], [ -0.464317, 51.839878 ], [ -0.45111, 51.83197 ], [ -0.414676, 51.819472 ], [ -0.403278, 51.809763 ], [ -0.376047, 51.772711 ], [ -0.352975, 51.757549 ], [ -0.362071, 51.748985 ], [ -0.348537, 51.740954 ], [ -0.297326, 51.64915 ], [ -0.304435, 51.636401 ], [ -0.303965, 51.631507 ], [ -0.201435, 51.544825 ], [ -0.179872, 51.546791 ], [ -0.180959, 51.548535 ], [ -0.163664, 51.534945 ], [ -0.167527, 51.530042 ], [ -0.161388, 51.525658 ], [ -0.151321, 51.501713 ], [ -0.144614, 51.49701 ], [ -0.148261, 51.493112 ] ] } },
{ "type": "Feature", "properties": { "fid": 731, "route_id": "979357", "route_short_name": "M19", "route_type": 200, "route_type_name": "Coach", "geometry_method": "osm_routed", "n_stops_covered": 0, "n_trips_observed": 0 }, "bbox": [ -4.254958, 51.45917, -1.894624, 55.865067 ], "geometry": { "type": "LineString", "coordinates": [ [ -4.253853, 55.865067 ], [ -4.254958, 55.862147 ], [ -4.245447, 55.861011 ], [ -4.245751, 55.858246 ], [ -4.231307, 55.850473 ], [ -4.231909, 55.847269 ], [ -4.222623, 55.846685 ], [ -4.210531, 55.838497 ], [ -4.207982, 55.833114 ], [ -4.192437, 55.826168 ], [ -4.078039, 55.790067 ], [ -4.074568, 55.783919 ], [ -4.044484, 55.774284 ], [ -4.046165, 55.772965 ], [ -4.031483, 55.774239 ], [ -4.010435, 55.768014 ], [ -3.980504, 55.748047 ], [ -3.968125, 55.732348 ], [ -3.954249, 55.703407 ], [ -3.930024, 55.674616 ], [ -3.889963, 55.650363 ], [ -3.809357, 55.570713 ], [ -3.697613, 55.507256 ], [ -3.676684, 55.466819 ], [ -3.651219, 55.441235 ], [ -3.447736, 55.309274 ], [ -3.412958, 55.226405 ], [ -3.412651, 55.21352 ], [ -3.366122, 55.128047 ], [ -3.34344, 55.100917 ], [ -3.279179, 55.066541 ], [ -3.135368, 55.027755 ], [ -3.110743, 55.015995 ], [ -3.061827, 55.00302 ], [ -2.983371, 54.954546 ], [ -2.952379, 54.931245 ], [ -2.945283, 54.930877 ], [ -2.937362, 54.901652 ], [ -2.929623, 54.890321 ], [ -2.882606, 54.862115 ], [ -2.863214, 54.847079 ], [ -2.850914, 54.82756 ], [ -2.808786, 54.782245 ], [ -2.780695, 54.726257 ], [ -2.760193, 54.670151 ], [ -2.754573, 54.666449 ], [ -2.760184, 54.655895 ], [ -2.60992, 54.453698 ], [ -2.590447, 54.435843 ], [ -2.606421, 54.406623 ], [ -2.596777, 54.384288 ], [ -2.592161, 54.362368 ], [ -2.574058, 54.323766 ], [ -2.584854, 54.319336 ], [ -2.582777, 54.311636 ], [ -2.575169, 54.306173 ], [ -2.569392, 54.295867 ], [ -2.580591, 54.272946 ], [ -2.583833, 54.24799 ], [ -2.580315, 54.237091 ], [ -2.581312, 54.223749 ], [ -2.577175, 54.216536 ], [ -2.571471, 54.213779 ], [ -2.569099, 54.188712 ], [ -2.53337, 54.170394 ], [ -2.530313, 54.148819 ], [ -2.532491, 54.142181 ], [ -2.51051, 54.136397 ], [ -2.507579, 54.12152 ], [ -2.51022, 54.113099 ], [ -2.495249, 54.063365 ], [ -2.440671, 53.967013 ], [ -2.461711, 53.948532 ], [ -2.426774, 53.910255 ], [ -2.421787, 53.896654 ], [ -2.389041, 53.872291 ], [ -2.397576, 53.860343 ], [ -2.395436, 53.848375 ], [ -2.390795, 53.846532 ], [ -2.397789, 53.831982 ], [ -2.39658, 53.821854 ], [ -2.387378, 53.811975 ], [ -2.388339, 53.793129 ], [ -2.382415, 53.783906 ], [ -2.382395, 53.772527 ], [ -2.361303, 53.753676 ], [ -2.350278, 53.737611 ], [ -2.326422, 53.723574 ], [ -2.325342, 53.706749 ], [ -2.312073, 53.693012 ], [ -2.31466, 53.687063 ], [ -2.308335, 53.682717 ], [ -2.30591, 53.675006 ], [ -2.301149, 53.633778 ], [ -2.289936, 53.60076 ], [ -2.289508, 53.593649 ], [ -2.301399, 53.588205 ], [ -2.291208, 53.563259 ], [ -2.297259, 53.553306 ], [ -2.285354, 53.532912 ], [ -2.263867, 53.512182 ], [ -2.244777, 53.486938 ], [ -2.237298, 53.484456 ], [ -2.238914, 53.483241 ], [ -2.234064, 53.481706 ], [ -2.230071, 53.475258 ], [ -2.246351, 53.469809 ], [ -2.243972, 53.438539 ], [ -2.26656, 53.410379 ], [ -2.268832, 53.39594 ], [ -2.2838, 53.373633 ], [ -2.273856, 53.364791 ], [ -2.271275, 53.364794 ], [ -2.271806, 53.367387 ], [ -2.243431, 53.362174 ], [ -2.245078, 53.355117 ], [ -2.242179, 53.348292 ], [ -2.236263, 53.334567 ], [ -2.230556, 53.333625 ], [ -2.229527, 53.329725 ], [ -2.237431, 53.320374 ], [ -2.237841, 53.304328 ], [ -2.234504, 53.294665 ], [ -2.239724, 53.273491 ], [ -2.234348, 53.263985 ], [ -2.235756, 53.245035 ], [ -2.233503, 53.237954 ], [ -2.236498, 53.222942 ], [ -2.226699, 53.21167 ], [ -2.250413, 53.193368 ], [ -2.256161, 53.193587 ], [ -2.257557, 53.187656 ], [ -2.252906, 53.176503 ], [ -2.259334, 53.170761 ], [ -2.25942, 53.158175 ], [ -2.257957, 53.144452 ], [ -2.251313, 53.139724 ], [ -2.254063, 53.135959 ], [ -2.25111, 53.106317 ], [ -2.261798, 53.081472 ], [ -2.252307, 53.071253 ], [ -2.252681, 53.064938 ], [ -2.238746, 53.032218 ], [ -2.231089, 53.021478 ], [ -2.231184, 53.008551 ], [ -2.222294, 53.000755 ], [ -2.225158, 52.99336 ], [ -2.221649, 52.984503 ], [ -2.225863, 52.972396 ], [ -2.16472, 52.876854 ], [ -2.165261, 52.871003 ], [ -2.144379, 52.830853 ], [ -2.147759, 52.824033 ], [ -2.110874, 52.766348 ], [ -2.103817, 52.760353 ], [ -2.10523, 52.695415 ], [ -2.099828, 52.684983 ], [ -2.046412, 52.648126 ], [ -2.043048, 52.639863 ], [ -2.015927, 52.624685 ], [ -1.99472, 52.608137 ], [ -1.984922, 52.589475 ], [ -1.975885, 52.585958 ], [ -1.973189, 52.579369 ], [ -1.937446, 52.558472 ], [ -1.935045, 52.548012 ], [ -1.929137, 52.542856 ], [ -1.931515, 52.520008 ], [ -1.918845, 52.510872 ], [ -1.919066, 52.498646 ], [ -1.914727, 52.495392 ], [ -1.918607, 52.485687 ], [ -1.894624, 52.474091 ], [ -1.899576, 52.472 ], [ -1.912683, 52.453099 ], [ -1.934275, 52.445205 ], [ -1.9566, 52.424217 ], [ -1.969847, 52.416508 ], [ -1.974035, 52.409514 ], [ -2.001635, 52.385052 ], [ -2.001472, 52.38114 ], [ -2.044402, 52.358189 ], [ -2.052402, 52.341521 ], [ -2.077596, 52.3219 ], [ -2.082611, 52.314107 ], [ -2.117464, 52.290567 ], [ -2.176368, 52.173462 ], [ -2.184764, 52.163625 ], [ -2.145832, 52.059692 ], [ -2.131813, 52.04163 ], [ -2.122758, 52.000533 ], [ -2.136885, 51.931514 ], [ -2.134537, 51.926776 ], [ -2.143943, 51.912349 ], [ -2.140721, 51.910269 ], [ -2.14135, 51.906419 ], [ -2.146841, 51.901056 ], [ -2.129102, 51.894308 ], [ -2.149245, 51.889277 ], [ -2.166085, 51.862367 ], [ -2.221551, 51.821733 ], [ -2.292476, 51.795193 ], [ -2.31858, 51.762811 ], [ -2.420075, 51.660846 ], [ -2.433274, 51.654744 ], [ -2.542902, 51.553906 ], [ -2.555119, 51.550919 ], [ -2.55877, 51.550035 ], [ -2.567575, 51.546904 ], [ -2.566465, 51.538711 ], [ -2.571652, 51.526 ], [ -2.571124, 51.517372 ], [ -2.593612, 51.470482 ], [ -2.589729, 51.464229 ], [ -2.588277, 51.464571 ], [ -2.587099, 51.463428 ], [ -2.586037, 51.462386 ], [ -2.584881, 51.45946 ], [ -2.582331, 51.460236 ], [ -2.584445, 51.459466 ], [ -2.591319, 51.45917 ], [ -2.590339, 51.462004 ], [ -2.587099, 51.463428 ], [ -2.583313, 51.465318 ], [ -2.579936, 51.466328 ], [ -2.549216, 51.486731 ], [ -2.539905, 51.490177 ], [ -2.544629, 51.504844 ], [ -2.527795, 51.505946 ], [ -2.519639, 51.514622 ], [ -2.523013, 51.519726 ], [ -2.548465, 51.546555 ], [ -2.556936, 51.557029 ], [ -2.576029, 51.568858 ], [ -2.666121, 51.56947 ], [ -2.814571, 51.5873 ], [ -2.832535, 51.585974 ], [ -2.922185, 51.601573 ], [ -2.959939, 51.588294 ], [ -2.990576, 51.59122 ], [ -3.003535, 51.587113 ], [ -3.006274, 51.583986 ], [ -3.005788, 51.576766 ], [ -3.016133, 51.569322 ], [ -3.034108, 51.566114 ], [ -3.035759, 51.559153 ], [ -3.045463, 51.554372 ], [ -3.073804, 51.548916 ], [ -3.111791, 51.525602 ], [ -3.137947, 51.50358 ], [ -3.145114, 51.493449 ], [ -3.158762, 51.488165 ], [ -3.176434, 51.489383 ], [ -3.172997, 51.486445 ], [ -3.18009, 51.483782 ] ] } },
{ "type": "Feature", "properties": { "fid": 732, "route_id": "979696", "route_short_name": "MC101", "route_type": 3, "route_type_name": "Bus", "geometry_method": "osm_routed", "n_stops_covered": 0, "n_trips_observed": 0 }, "bbox": [ -2.239996, 53.466668, -2.191352, 53.476921 ], "geometry": { "type": "LineString", "coordinates": [ [ -2.239996, 53.466668 ], [ -2.216141, 53.472097 ], [ -2.214201, 53.475194 ], [ -2.195276, 53.474233 ], [ -2.191352, 53.476921 ] ] } },
{ "type": "Feature", "properties": { "fid": 733, "route_id": "979700", "route_short_name": "MC102", "route_type": 3, "route_type_name": "Bus", "geometry_method": "osm_routed", "n_stops_covered": 0, "n_trips_observed": 0 }, "bbox": [ -2.241608, 53.481392, -2.201979, 53.485779 ], "geometry": { "type": "LineString", "coordinates": [ [ -2.241608, 53.485779 ], [ -2.201979, 53.481392 ] ] } },
{ "type": "Feature", "properties": { "fid": 734, "route_id": "99306", "route_short_name": "789", "route_type": 3, "route_type_name": "Bus", "geometry_method": "osm_routed", "n_stops_covered": 0, "n_trips_observed": 0 }, "bbox": [ -2.393556, 53.386223, -2.311669, 53.460282 ], "geometry": { "type": "LineString", "coordinates": [ [ -2.342728, 53.457333 ], [ -2.379237, 53.460282 ], [ -2.393556, 53.456156 ], [ -2.391223, 53.448092 ], [ -2.353008, 53.448579 ], [ -2.350671, 53.445463 ], [ -2.336724, 53.446672 ], [ -2.311669, 53.442006 ], [ -2.318981, 53.431152 ], [ -2.332926, 53.431259 ], [ -2.337824, 53.426586 ], [ -2.353124, 53.430138 ], [ -2.353549, 53.422702 ], [ -2.359069, 53.420614 ], [ -2.361569, 53.418489 ], [ -2.36003, 53.411846 ], [ -2.353238, 53.413721 ], [ -2.34117, 53.41149 ], [ -2.352508, 53.400051 ], [ -2.352262, 53.395172 ], [ -2.347676, 53.39108 ], [ -2.341648, 53.391273 ], [ -2.345147, 53.390412 ], [ -2.345789, 53.386223 ], [ -2.341446, 53.386268 ] ] } },
{ "type": "Feature", "properties": { "fid": 735, "route_id": "99346", "route_short_name": "789", "route_type": 3, "route_type_name": "Bus", "geometry_method": "osm_routed", "n_stops_covered": 65, "n_trips_observed": 1 }, "bbox": [ -2.393556, 53.386223, -2.311669, 53.460282 ], "geometry": { "type": "LineString", "coordinates": [ [ -2.342728, 53.457333 ], [ -2.379237, 53.460282 ], [ -2.393556, 53.456156 ], [ -2.391223, 53.448092 ], [ -2.353008, 53.448579 ], [ -2.350671, 53.445463 ], [ -2.336724, 53.446672 ], [ -2.311669, 53.442006 ], [ -2.318981, 53.431152 ], [ -2.332926, 53.431259 ], [ -2.337824, 53.426586 ], [ -2.353124, 53.430138 ], [ -2.353549, 53.422702 ], [ -2.359069, 53.420614 ], [ -2.361569, 53.418489 ], [ -2.36003, 53.411846 ], [ -2.353238, 53.413721 ], [ -2.34117, 53.41149 ], [ -2.352508, 53.400051 ], [ -2.352262, 53.395172 ], [ -2.347676, 53.39108 ], [ -2.341648, 53.391273 ], [ -2.345147, 53.390412 ], [ -2.345789, 53.386223 ], [ -2.341446, 53.386268 ] ] } },
{ "type": "Feature", "properties": { "fid": 736, "route_id": "9937", "route_short_name": "197", "route_type": 3, "route_type_name": "Bus", "geometry_method": "mixed", "n_stops_covered": 84, "n_trips_observed": 38 }, "bbox": [ -2.241221, 53.408196, -2.164023, 53.478302 ], "geometry": { "type": "LineString", "coordinates": [ [ -2.23733, 53.478302 ], [ -2.241221, 53.474675 ], [ -2.234167, 53.471194 ], [ -2.238816, 53.471436 ], [ -2.236351, 53.469434 ], [ -2.239086, 53.467325 ], [ -2.232239, 53.469508 ], [ -2.228454, 53.466288 ], [ -2.232471, 53.464974 ], [ -2.230108, 53.462966 ], [ -2.22228, 53.46477 ], [ -2.196585, 53.457548 ], [ -2.191638, 53.444261 ], [ -2.199103, 53.443283 ], [ -2.199088, 53.432382 ], [ -2.20253, 53.425001 ], [ -2.194086, 53.419706 ], [ -2.187774, 53.419559 ], [ -2.189706, 53.412608 ], [ -2.164023, 53.408196 ] ] } },
{ "type": "Feature", "properties": { "fid": 737, "route_id": "9947", "route_short_name": "356", "route_type": 3, "route_type_name": "Bus", "geometry_method": "mixed", "n_stops_covered": 209, "n_trips_observed": 13 }, "bbox": [ -2.115863, 53.484427, -1.996708, 53.593481 ], "geometry": { "type": "LineString", "coordinates": [ [ -2.115863, 53.54365 ], [ -2.103011, 53.541416 ], [ -2.089582, 53.547201 ], [ -2.082875, 53.555662 ], [ -2.075481, 53.557732 ], [ -2.078376, 53.559193 ], [ -2.074655, 53.562991 ], [ -2.065748, 53.564687 ], [ -2.071515, 53.566512 ], [ -2.069996, 53.568204 ], [ -2.057957, 53.573291 ], [ -2.061959, 53.571348 ], [ -2.057794, 53.573648 ], [ -2.045506, 53.58683 ], [ -2.03866, 53.589997 ], [ -2.04003, 53.592098 ], [ -2.041644, 53.593481 ], [ -2.040322, 53.592863 ], [ -2.041158, 53.593427 ], [ -2.041644, 53.593481 ], [ -2.041693, 53.593296 ], [ -2.041828, 53.593407 ], [ -2.041644, 53.593481 ], [ -2.041158, 53.593427 ], [ -2.040322, 53.592863 ], [ -2.041644, 53.593481 ], [ -2.04003, 53.592098 ], [ -2.03866, 53.589997 ], [ -2.03819, 53.588366 ], [ -2.041971, 53.57925 ], [ -2.046282, 53.580677 ], [ -2.045327, 53.581713 ], [ -2.046282, 53.580677 ], [ -2.041981, 53.57913 ], [ -2.041037, 53.579016 ], [ -2.035493, 53.57154 ], [ -2.023647, 53.568917 ], [ -2.0233, 53.567076 ], [ -2.020846, 53.56397 ], [ -2.020167, 53.564066 ], [ -2.024288, 53.560736 ], [ -2.019696, 53.553868 ], [ -2.005514, 53.557963 ], [ -2.004892, 53.558624 ], [ -2.001701, 53.56241 ], [ -1.999386, 53.565582 ], [ -1.996708, 53.567963 ], [ -2.002578, 53.564325 ], [ -2.004892, 53.558624 ], [ -2.008276, 53.554135 ], [ -2.004644, 53.541752 ], [ -2.005921, 53.539171 ], [ -2.01108, 53.537754 ], [ -2.006772, 53.537852 ], [ -2.030374, 53.536763 ], [ -2.026654, 53.534128 ], [ -2.030374, 53.536763 ], [ -2.037619, 53.528449 ], [ -2.037762, 53.522595 ], [ -2.04473, 53.520488 ], [ -2.046284, 53.51941 ], [ -2.046272, 53.518201 ], [ -2.047512, 53.518149 ], [ -2.046284, 53.51941 ], [ -2.04332, 53.519856 ], [ -2.041615, 53.514703 ], [ -2.04103, 53.514736 ], [ -2.040967, 53.517747 ], [ -2.039924, 53.510654 ], [ -2.042621, 53.502925 ], [ -2.04218, 53.501166 ], [ -2.043648, 53.503468 ], [ -2.042352, 53.497684 ], [ -2.053428, 53.48559 ], [ -2.070835, 53.484427 ], [ -2.08372, 53.490434 ], [ -2.098527, 53.490037 ] ] } }
]
}
