{"type":"FeatureCollection","features":[{"type":"Feature","properties":{"LADNM":"Bolton"},"geometry":{"type":"Polygon","coordinates":[[[-2.5154637590536626,53.53532451087603],[-2.5152362846190037,53.534995732087765],[-2.5155306250378264,53.53473576605483],[-2.5152822154893975,53.534422196212276],[-2.515830292831065,53.534447678361744],[-2.516010332932356,53.53424803153868],[-2.5159722375979547,53.53394540172752],[-2.516110225182901,53.53393289175849],[-2.5161503173608772,53.53385642906735],[-2.516024135234281,53.53362206047801],[-2.5161523279722253,53.5334016671585],[-2.5159230456020096,53.53315827878928],[-2.5160142980484768,53.53294665599583],[-2.5158518389485423,53.53261393924813],[-2.516047917568403,53.53237658837313],[-2.5160181523705796,53.5321385226057],[-2.5156100567250648,53.53134031053162],[-2.5154582770154286,53.53126371835378],[-2.5153876368372443,53.53103846645273],[-2.515586075986558,53.53072386820082],[-2.515573176393961,53.5305514792354],[-2.5153501691380904,53.53020439054966],[-2.5156509431788385,53.53000984123051],[-2.5157560719441237,53.52935041612147],[-2.515853375561735,53.529173040217096],[-2.5163492127676217,53.52885461284501],[-2.5177258742176263,53.52832176218409],[-2.5178154473939705,53.52847968805151],[-2.5179714320363096,53.52854901433144],[-2.5180985676847008,53.52845970212878],[-2.518340146457368,53.52846967450928],[-2.5184326953137024,53.52825853840454],[-2.5186436040950047,53.52823515216512],[-2.5184575791319563,53.5280542573529],[-2.5188146132402776,53.52791700007013],[-2.519437366941142,53.52776345953779],[-2.5194617995303665,53.527913352957434],[-2.5196792546436626,53.527923355568966],[-2.5199294126502307,53.52767958781626],[-2.5201181882186594,53.527695610827465],[-2.5200929624721193,53.52748364659487],[-2.5203110126048918,53.527427930743386],[-2.520560864877637,53.527237239899705],[-2.5206461830796063,53.52731327027308],[-2.5207393241821743,53.52729657736957],[-2.520772500420091,53.52717586143672],[-2.520991564102494,53.52718508163819],[-2.521066325706874,53.52724655146337],[-2.5210349493302795,53.52747877062373],[-2.521208634774371,53.52754845596105],[-2.521346954377482,53.52737570543344],[-2.5215047052388035,53.52732470870494],[-2.521509694299619,53.52722986753189],[-2.5217761675484134,53.52707998117925],[-2.522360766644838,53.5270136722598],[-2.5226038068755248,53.527150241269744],[-2.5227356182077383,53.52709629126473],[-2.522883329362299,53.52695547884543],[-2.522840740852252,53.52680702276631],[-2.5230420761519396,53.52687051726495],[-2.52317062151606,53.526823403320385],[-2.523165976629468,53.52663263429025],[-2.5234312327783326,53.52662332030394],[-2.5242351493101736,53.5263636251632],[-2.5248888488075605,53.526286034785265],[-2.525389049172679,53.526364733207195],[-2.5266249467162476,53.52567278981387],[-2.526592168898558,53.52557316213932],[-2.5266843837083246,53.525449514769775],[-2.5270142692513,53.525442721375526],[-2.5275592458540745,53.525593957014834],[-2.527797362173831,53.52556680313364],[-2.52758102668854,53.52514980306145],[-2.5276876213008,53.52496617422003],[-2.5274894114331485,53.524746211273396],[-2.5274934169001053,53.524646754045456],[-2.527818271280021,53.52472446604256],[-2.527959015310326,53.52467394662333],[-2.5279595841303992,53.52443352923774],[-2.5280356794745384,53.524336279257554],[-2.527858231156359,53.52415734297309],[-2.52811644489298,53.5239331305916],[-2.5283115338928734,53.52408056029568],[-2.528701524300457,53.52390357826133],[-2.528243194075998,53.52370167431814],[-2.5285298819835957,53.52333160040486],[-2.5287654472123955,53.52339433616752],[-2.5289809562688395,53.523334593299886],[-2.5289627144787934,53.52307576080608],[-2.530182721106456,53.523199564152634],[-2.5313566724186654,53.52299469819374],[-2.5312358331621807,53.523319602800434],[-2.531361007736465,53.52334096024339],[-2.5319574019958484,53.52327510008353],[-2.5320429936453883,53.52322275664881],[-2.5320619507955087,53.52304205765921],[-2.532277467462122,53.52293773041235],[-2.532403954958659,53.52325256390685],[-2.532859678210155,53.52328288240237],[-2.532903928292715,53.52309027760671],[-2.5337472983418996,53.52309915180086],[-2.533830566316337,53.52323641156215],[-2.5337943819309903,53.52373177573534],[-2.534034251538348,53.52395177587565],[-2.5339409349910222,53.52410219263069],[-2.534258579067746,53.52428615155067],[-2.534564672503417,53.524151654393044],[-2.534967010066624,53.52424180628516],[-2.5349212202101192,53.524352290945195],[-2.5347020856998976,53.5244305185863],[-2.534579087600756,53.52469369430981],[-2.5346351668154576,53.524844288166975],[-2.535156795132047,53.52531469377981],[-2.535103902627516,53.525419412722],[-2.5348874136448987,53.52548414611113],[-2.5352956679455,53.52567278418024],[-2.535436101031627,53.525819602153746],[-2.535135833609439,53.526044814113526],[-2.535286134960351,53.5261140804004],[-2.53538652867744,53.52629986304057],[-2.5357531490570655,53.52614359130503],[-2.5359594396960166,53.526275668929806],[-2.5360656270843385,53.526435007875605],[-2.5362593623887726,53.5265080240594],[-2.5361704323443663,53.52696960399174],[-2.536723572443208,53.52718427390303],[-2.5363437499094315,53.52744160237579],[-2.536265667252712,53.52760374537814],[-2.536336981515522,53.52773199657372],[-2.5366730511812614,53.527834772302484],[-2.5371957845704776,53.52779197574465],[-2.537277796320596,53.52782840592884],[-2.5372543341995675,53.52809730286805],[-2.5375147966826637,53.528191373671284],[-2.5376996111122194,53.52813218015571],[-2.5379084782743027,53.528194941643854],[-2.5382303485487476,53.52843713877521],[-2.538474954426109,53.52818837742259],[-2.5386240856010733,53.52823216694382],[-2.538761329423939,53.52834839858069],[-2.538549295911959,53.52858425010769],[-2.539154599651221,53.5286530783475],[-2.539320300712834,53.528894174744735],[-2.539879111125341,53.52905625784215],[-2.5398994278352696,53.529304351430596],[-2.5398160528497034,53.529417888469936],[-2.540150794421944,53.52943595302359],[-2.5401483913466056,53.52958254797849],[-2.5402622043689127,53.529635119513614],[-2.5406394645906145,53.529644091905546],[-2.540859354846446,53.5299919578336],[-2.5408283285863478,53.53014743709399],[-2.5412458429661124,53.53035508649155],[-2.5413994059349627,53.5306779761492],[-2.5415216787089046,53.530690904936826],[-2.541602134753536,53.53049363881106],[-2.54249054263105,53.530531399860934],[-2.542549059842685,53.53058905329448],[-2.5424791321879097,53.53101829182477],[-2.5429242278428035,53.53118634447507],[-2.542984454754087,53.531601093091965],[-2.54321739219351,53.53163772331961],[-2.543368684548799,53.53179002846144],[-2.5432096129584485,53.531955114783656],[-2.543586494749167,53.5320800759132],[-2.543509735152997,53.532308076098786],[-2.543633936756275,53.53247170372155],[-2.544458199679264,53.53288144865556],[-2.5452629924574324,53.53299118752629],[-2.5453325652840304,53.53316423082864],[-2.5449979713864486,53.533322201344795],[-2.5449959543710277,53.53338598376519],[-2.54519921898332,53.533464263201736],[-2.545522856006841,53.533406887209075],[-2.5459076931976257,53.53352479371377],[-2.546283970468776,53.533821375038336],[-2.5471059133684046,53.53391031370594],[-2.547515208972716,53.534060389688776],[-2.5474726417082545,53.53415581755232],[-2.547532398273578,53.53422207651438],[-2.5479007950234114,53.53412324094408],[-2.5484406083890465,53.53444884455644],[-2.549094159787841,53.53448994143937],[-2.5492758654641747,53.53465005417927],[-2.5493007070395715,53.53493027253975],[-2.5494409141083643,53.5349405131614],[-2.549597791657514,53.53478875860041],[-2.5499952707274067,53.53486163349645],[-2.5503052551996075,53.53513322263069],[-2.55033493314351,53.5353978279948],[-2.550426696831645,53.535440204073296],[-2.550541289665147,53.535299546016354],[-2.5505539666516683,53.53511494527194],[-2.551059627579678,53.535238732363304],[-2.5511491596465414,53.53534273416581],[-2.550979118766314,53.535430396204276],[-2.5509682241226814,53.53553485653205],[-2.551402052855109,53.53561186468099],[-2.5514548618114388,53.53583014881744],[-2.5520812652708824,53.53607075495236],[-2.5537013171492178,53.536172003819395],[-2.553576700147242,53.53634167218768],[-2.5537934145843293,53.53640078323111],[-2.553904599467744,53.53671851392848],[-2.554086200897695,53.536804986270944],[-2.554104726423608,53.53691448785422],[-2.554443321114865,53.536953365882475],[-2.5545821979694905,53.537068987514395],[-2.554486253045356,53.53735315376227],[-2.554974589106302,53.5374138067499],[-2.5553839957341027,53.53734983080695],[-2.555800161631853,53.537662474987435],[-2.5561524412533907,53.5377364115043],[-2.5564688441378003,53.53791639821592],[-2.5567900851263756,53.53777160804668],[-2.556848073173207,53.53785451724379],[-2.5568102481235377,53.53803919532746],[-2.5568919361382187,53.53807172606681],[-2.5570809279070428,53.537992753568],[-2.557992298008476,53.53809524973449],[-2.5580725245150635,53.53802407299882],[-2.558714502766,53.53793653740702],[-2.5596188968661857,53.538008708703956],[-2.559937083568447,53.53796592556233],[-2.560452684455522,53.53805508373657],[-2.561075033624838,53.53833530102589],[-2.5611309369707063,53.53856789400391],[-2.561769037134091,53.53889831526049],[-2.5619341848308523,53.539189664378455],[-2.5617157664139674,53.53943337973348],[-2.561812374480696,53.5395705482122],[-2.5615677855221306,53.539759349861825],[-2.5617171038769935,53.540210031341005],[-2.561687811503668,53.54041942958164],[-2.5613577862833883,53.54067377163573],[-2.5607037245065545,53.540847613361734],[-2.5608013202817146,53.541134804536384],[-2.560452946412808,53.541393454700916],[-2.5604366865076518,53.54166121651999],[-2.55944274668437,53.542136086085684],[-2.5591517146744334,53.54238098130461],[-2.559140935655341,53.5426004042406],[-2.5593986542948324,53.54268992806015],[-2.55953044397809,53.543067716694594],[-2.5591107657612544,53.54351238476017],[-2.5593773298838087,53.543718362251404],[-2.5593678000346785,53.54378300694213],[-2.5585625318588536,53.544051977003605],[-2.5585374193614374,53.544219180897],[-2.5580211546334604,53.54446170978232],[-2.5589865938161513,53.545881915411165],[-2.5596206108380057,53.54635898679744],[-2.563098008827206,53.54740049145846],[-2.5638839535975073,53.54727375272987],[-2.5648796982529922,53.54724742547577],[-2.5658086572199528,53.54741549391478],[-2.5665435301468422,53.54738421216811],[-2.5676100908618658,53.548031166886325],[-2.5688717184406147,53.547822578984224],[-2.5693322857938323,53.547601885875586],[-2.5696041858409577,53.547839369181034],[-2.569539296192997,53.54795059598222],[-2.56905268637307,53.54812928491303],[-2.5687328063263393,53.54857742586017],[-2.568203944055067,53.548777695850355],[-2.5677879588693986,53.54916532221016],[-2.56781235816607,53.549614575403],[-2.5680339370336847,53.549498470482746],[-2.5682118737081394,53.54975684307823],[-2.568027082398487,53.54997483749032],[-2.567729423427116,53.55007792888092],[-2.5669609977775174,53.549964725662996],[-2.5666120106685204,53.550145070794535],[-2.56662214222783,53.55023233666006],[-2.5669666326817007,53.55049221359531],[-2.566945869326297,53.55073864974403],[-2.5638763324022165,53.55124022468446],[-2.5636054875871768,53.55151678229696],[-2.563757545762886,53.55171011709357],[-2.5636964590310325,53.55175987759736],[-2.5628773813526955,53.5518131733606],[-2.562566371715984,53.55190621165113],[-2.5624969133661093,53.55225342987621],[-2.5626515238157865,53.55263584413009],[-2.5626463741534278,53.55281648233791],[-2.5610491636415396,53.55327509206305],[-2.5610491015872756,53.55337761462909],[-2.5612211225103483,53.5534784306528],[-2.561051087943602,53.553633776159934],[-2.561009858744477,53.55394125779685],[-2.5611172386440972,53.5540710863897],[-2.5610307338375984,53.554484125130486],[-2.561194771195441,53.5547603163275],[-2.560134420109163,53.55519307621526],[-2.5598568181885892,53.55546121655662],[-2.559827195655719,53.55561163312256],[-2.5601896065318854,53.5561925037648],[-2.5607733854391506,53.55649705501143],[-2.561265264710856,53.556593619770695],[-2.5614813610740335,53.55695298786084],[-2.561905103006785,53.55738414128443],[-2.562284929089856,53.55750155132231],[-2.562175079379864,53.55782610135154],[-2.5622865470827256,53.5579597926259],[-2.5625691371850587,53.55805092739279],[-2.562510495243402,53.55828910946473],[-2.5626159408511398,53.558947583104086],[-2.5628870897402867,53.55936511436876],[-2.5633797440631576,53.55952392976362],[-2.563193808783608,53.55993808536722],[-2.5630815017805806,53.56000602765566],[-2.563220035421388,53.5602076150865],[-2.563148095953747,53.56026188460315],[-2.5623773771188656,53.56041550242162],[-2.5614328389948557,53.56080475460439],[-2.560169757730199,53.56108034122736],[-2.5596789266897497,53.561066910084556],[-2.5596028260749,53.561234109695505],[-2.5599848857740968,53.561727529913064],[-2.560025907801467,53.56204421167248],[-2.5602706112961062,53.56220790870137],[-2.561390551402071,53.56217121389877],[-2.5617664806615608,53.56251998829065],[-2.5625595909981174,53.56266373256884],[-2.5628502822371457,53.563085621034844],[-2.5632373020427823,53.562998453301354],[-2.5633075185991965,53.56306297408768],[-2.563231750948358,53.56314763358481],[-2.5633899572295573,53.563231424476584],[-2.56395200959857,53.5631695050101],[-2.5643913486209184,53.563495509952844],[-2.5644354409731913,53.56365356123088],[-2.5648436688164575,53.56369730365853],[-2.5652648892443186,53.56390120216795],[-2.5658121565363614,53.56396855266845],[-2.5668604584756762,53.56445710644666],[-2.5674403589811208,53.56456588429548],[-2.567951561049347,53.56449974710101],[-2.568146800652577,53.56467538571239],[-2.5683533785845434,53.56463990002481],[-2.568471661183506,53.56469860747746],[-2.5684423832349155,53.56487289764818],[-2.5677616475102227,53.565443518099194],[-2.5677888034952847,53.56552699059185],[-2.5680647678641986,53.565636183647975],[-2.5678315398010327,53.565800764157046],[-2.567878144327385,53.566251034212726],[-2.5677715972944926,53.56629203309474],[-2.567645350377815,53.56669516156993],[-2.567357464530683,53.566923517345785],[-2.5674295640060487,53.567035229522425],[-2.567379000451402,53.56710089627226],[-2.5671679505831704,53.567232238819],[-2.567239620648009,53.56740435990529],[-2.5671986830788054,53.567589095618374],[-2.566995162849592,53.567614221772764],[-2.566897195225862,53.56776748963642],[-2.5665850901917806,53.567893962080305],[-2.5663052723517032,53.56831689902723],[-2.5659964681395397,53.56858351986695],[-2.565703024909665,53.56865850579174],[-2.5657045492034927,53.56958241926744],[-2.565786667258354,53.56972857808241],[-2.5657332954432026,53.57003896734854],[-2.567265107762808,53.57131785536068],[-2.567853741165879,53.57150664078881],[-2.568544932071493,53.57160222011799],[-2.568606839251439,53.57171428109458],[-2.568512511901681,53.5719995458821],[-2.5686088439049173,53.57210891743047],[-2.5689100167706975,53.572151582145395],[-2.5693750068019976,53.57237408862189],[-2.5695882918408026,53.5723739087865],[-2.570399792128986,53.57277985890699],[-2.5704279241021757,53.572942361295695],[-2.570988111473754,53.57304922965692],[-2.5709814016951333,53.573215817231414],[-2.5714060965789827,53.57346094333314],[-2.5717508819507273,53.57351495161964],[-2.57195244288589,53.57369291131924],[-2.5721431219603588,53.57370014265644],[-2.572224760342123,53.5740589744461],[-2.5726513416758263,53.57401182845006],[-2.573321973335193,53.57421751501054],[-2.5734564651382548,53.574460402518376],[-2.5739549825776877,53.574924564000334],[-2.574335278698903,53.57544125333267],[-2.574320246743617,53.57555002254065],[-2.57452301541568,53.57572030946167],[-2.574409781153156,53.575923744625364],[-2.5745827468450937,53.57621868672537],[-2.574983670332829,53.57637660078992],[-2.5748723067108465,53.5765147489553],[-2.575062253658551,53.57670625083959],[-2.576981018589794,53.57721019338553],[-2.5776231879998197,53.57712148752616],[-2.5778087644417904,53.577343557823745],[-2.5785508339276393,53.577491083362986],[-2.578619011256066,53.57771461916366],[-2.579135831033818,53.57795733055148],[-2.5790327535965196,53.578461181340636],[-2.5785376756330676,53.57860207106746],[-2.577836492733091,53.57923660114116],[-2.5776764109903825,53.579473608188806],[-2.577676211698515,53.579804490848076],[-2.577965593555041,53.57998118017115],[-2.5777849893185305,53.580789886991234],[-2.5775640053773112,53.5808521835537],[-2.5777876044912857,53.58108564722416],[-2.5781900539710296,53.58134886045415],[-2.580015726232157,53.58199982358533],[-2.580721460470246,53.58234947270375],[-2.5810151278761007,53.582389339116794],[-2.582185496991599,53.5828179047454],[-2.5824052838233396,53.58297693628043],[-2.5830288884720396,53.583735108756336],[-2.5835575192758133,53.584176612131586],[-2.585087706477161,53.58505280491673],[-2.5888174560919692,53.58634849848082],[-2.5903413730443887,53.58676147306329],[-2.5912514255695083,53.586924395754245],[-2.5923412291131114,53.58731363955162],[-2.595420334512093,53.58806854930041],[-2.5955215653652144,53.58831887599789],[-2.5958138348788187,53.58835421892463],[-2.5959516753753435,53.5886905977193],[-2.5960934695300346,53.58880224627938],[-2.6016858620586354,53.58882865616863],[-2.601886658559549,53.58877940770255],[-2.6021495489492747,53.58854354965361],[-2.6032576327721384,53.588184882649664],[-2.6047391247764984,53.5882571731565],[-2.6051008429329907,53.58839578770573],[-2.6062501694126965,53.58828294225083],[-2.6066945391899456,53.58842451265545],[-2.6069090871003042,53.58863746538577],[-2.6077162769049935,53.58905834812549],[-2.6084598503901146,53.589289947359305],[-2.6090428775520436,53.58928979325051],[-2.609219700933077,53.589404897244314],[-2.609256551171745,53.58953954482086],[-2.6124742993493206,53.590479523252874],[-2.6133827929382427,53.59042430769086],[-2.613792311128035,53.590535685612956],[-2.613938532119538,53.59049365132359],[-2.6143181981121804,53.59062989883587],[-2.6146058963340884,53.59057813957688],[-2.6152009163924794,53.59068574593884],[-2.6155040854053597,53.59062576143258],[-2.6157979558107014,53.59080318127118],[-2.6163102125268813,53.59070672162781],[-2.6168785767385767,53.59092962565523],[-2.617399360640925,53.590899973249726],[-2.6180623462142782,53.59109962451296],[-2.6184101035756124,53.59099250063962],[-2.619045958386561,53.59098837539046],[-2.619064288646982,53.59091636414815],[-2.6199164721467283,53.59091756806817],[-2.6204989271861745,53.590651079109186],[-2.620753294428375,53.59038628153535],[-2.6229600304487697,53.589943363709786],[-2.62352415991137,53.58978060089829],[-2.6237496151075255,53.589605840838814],[-2.6242812512854865,53.589576937750365],[-2.6255042990768915,53.589342466354765],[-2.6263753914729486,53.58933878391061],[-2.6270257054343227,53.58945837854631],[-2.627466047832417,53.58938584263804],[-2.627679198945528,53.58949820313186],[-2.6276105307366917,53.58967106041905],[-2.6283092932742034,53.590027737808114],[-2.62826076519753,53.590233692909315],[-2.6286170240958016,53.59040475838369],[-2.628466965395456,53.59066255307998],[-2.6284633750745883,53.59093566733658],[-2.628195393934053,53.59110161727374],[-2.628290503293108,53.591210938301764],[-2.62822884905603,53.5915418834457],[-2.6279301223450693,53.591645965119135],[-2.62793957402724,53.59190123173082],[-2.627693703510203,53.59200505326977],[-2.627728458172027,53.592120596848225],[-2.627504171232608,53.592181322064356],[-2.6267992800183566,53.59262798562231],[-2.626660815830358,53.5928742119702],[-2.6267609961416576,53.59300765051867],[-2.626377196634322,53.59320376604475],[-2.6263498906363063,53.59349854953175],[-2.6260103544496456,53.59352309475098],[-2.625908175422034,53.59366825320136],[-2.6252943543506944,53.59363553699172],[-2.624117465007668,53.59383859308973],[-2.6228928106278944,53.5935573475693],[-2.622678739121967,53.593640760183256],[-2.622523905766793,53.59389970457158],[-2.622034184690729,53.594278085165804],[-2.6213327598056013,53.594452501849624],[-2.621210541612264,53.594456507324914],[-2.6207643092626034,53.59413273322899],[-2.6200177627617935,53.59419498069695],[-2.6198132479109995,53.594283142924915],[-2.61967933728749,53.59461753177193],[-2.619047555567239,53.595035115332095],[-2.618723594261721,53.59538621623177],[-2.6173970548045133,53.59582113505241],[-2.617426048845701,53.59602254159197],[-2.617885412726016,53.596545003004145],[-2.6179400851807344,53.59689417210166],[-2.61786427711953,53.59697374264382],[-2.617148405881197,53.59710048072778],[-2.617223598966072,53.59736720138804],[-2.61713961559888,53.59753392034348],[-2.6167597850211393,53.59781227309826],[-2.6162853009036877,53.598011906466716],[-2.6160278034446622,53.598292997153],[-2.615949857269029,53.59851783016236],[-2.615928753251381,53.599144314102816],[-2.6157466430722667,53.59931799991234],[-2.6155587685368054,53.59967934811405],[-2.6153038237645845,53.599844976890445],[-2.6153435018420916,53.6000734108947],[-2.6158177568546703,53.60057064478084],[-2.615482119558637,53.60087070643004],[-2.6152183677797645,53.601340583877274],[-2.615242908430292,53.60166487615328],[-2.6154682533498805,53.60231960076778],[-2.615364069061107,53.602624888589226],[-2.6151599170530666,53.60280852006522],[-2.614148520375529,53.60311370491071],[-2.6137583216064493,53.60336653793449],[-2.613502064556993,53.60364483903986],[-2.612777507224968,53.60382744900666],[-2.612249166782371,53.603867231479605],[-2.6120554480003646,53.604024387270144],[-2.611941607802416,53.604414284219516],[-2.6112737808052815,53.60496740215791],[-2.610311708090345,53.60522539178341],[-2.609548806372683,53.60583655564002],[-2.6089263438468757,53.606066404133266],[-2.6086485551082172,53.60632314217904],[-2.608074418975386,53.606534484873904],[-2.607406464920768,53.60642552341655],[-2.6048905304121925,53.60701520977965],[-2.604714522879395,53.607355977673066],[-2.6045217533876657,53.607517053191685],[-2.6039392400073544,53.60770313391334],[-2.6036185975262773,53.607906155111436],[-2.6030660460518384,53.60857154797589],[-2.6026470690334595,53.60874438483278],[-2.6021131016664096,53.60841710090394],[-2.601847798448029,53.60835915752975],[-2.6007360875792576,53.60840237980526],[-2.5997899765750496,53.608631000944165],[-2.5994712874279116,53.608639896942435],[-2.5984664152828447,53.60895502760973],[-2.597600103899144,53.60904924226382],[-2.597410307493194,53.60922209309925],[-2.5973363657767448,53.609437060010855],[-2.596959660348769,53.60972010604744],[-2.5967964343773082,53.610035801495314],[-2.595927725243723,53.61079965038538],[-2.5944306410128877,53.61054727152438],[-2.593479991858272,53.609986289728205],[-2.591682252893255,53.60974492238228],[-2.591189405227779,53.609427147928066],[-2.591470424073938,53.60898703591532],[-2.5905014904272754,53.60866568823572],[-2.5899018075982556,53.60867735663555],[-2.589759271874352,53.608107369066204],[-2.5891151885696684,53.60818715066929],[-2.58884890733985,53.608397441592594],[-2.5886545010581554,53.6084444548501],[-2.5885068016062887,53.60835275402979],[-2.5887413978847933,53.608071305988794],[-2.5886644800035223,53.60787225029359],[-2.5880366387627323,53.6076916426252],[-2.587684582191948,53.607883252269865],[-2.587422077641252,53.60789403332273],[-2.58738231635481,53.60781423196686],[-2.5875046087348386,53.60767543505215],[-2.587136789180914,53.60764943087615],[-2.586796488748416,53.607393250923074],[-2.5869117321624735,53.60724524912615],[-2.587251121297038,53.607281181907936],[-2.58722956546902,53.607153490901595],[-2.587369134745967,53.60690390836772],[-2.5869210958857938,53.60659867778727],[-2.5870459702136164,53.60634656107452],[-2.586733662203764,53.60602985058338],[-2.5862970048588725,53.60573790058986],[-2.5858409063720056,53.60574744272215],[-2.5857498321602934,53.60568497002688],[-2.5858734951391567,53.605588458365624],[-2.5858216868450827,53.60555344167542],[-2.5851940788167735,53.60531747650278],[-2.584911502405567,53.605306778155416],[-2.58469163451856,53.605515203374296],[-2.5845244555407363,53.605530512371345],[-2.5844085344837726,53.605337558848284],[-2.584543884775345,53.60519204071995],[-2.5840041277749766,53.60525142974331],[-2.5838416209978137,53.60498590617187],[-2.5834462771381914,53.604810871784586],[-2.583429105927949,53.604663761749556],[-2.582837446912739,53.60459895447694],[-2.5830510380134517,53.60429990368957],[-2.5830662238430824,53.604061745322056],[-2.583425916910413,53.60390415088942],[-2.5833735004399876,53.60376497868882],[-2.5828887949499695,53.60373301492604],[-2.582783962117468,53.60356190147547],[-2.5824281106032454,53.603509965000114],[-2.5823111664456335,53.60328219338737],[-2.5819289126902456,53.60295850324694],[-2.582170136877254,53.60278762873508],[-2.5818419370578947,53.60267888416545],[-2.5815021002866345,53.602690927280854],[-2.581484628917443,53.60261599513759],[-2.58185274686319,53.602460517144884],[-2.581672095967024,53.60231287612623],[-2.581015891670995,53.60229037648552],[-2.5812261040194358,53.60199498555172],[-2.5810542691876512,53.601953134530966],[-2.5806891946548847,53.60202524150001],[-2.5805382573460527,53.601797057889065],[-2.5806773696713443,53.601507064422115],[-2.580045487110803,53.60115890896207],[-2.580047673137521,53.60106647525772],[-2.580173597769978,53.60099773705909],[-2.5804489276340132,53.60110257215307],[-2.580484819028903,53.600793143473766],[-2.5806463046152572,53.60055136299204],[-2.5806299770090657,53.600461594307546],[-2.580943291905597,53.600066507368986],[-2.58089188147283,53.6000024361261],[-2.580516398135526,53.59999751773021],[-2.5805800669113093,53.599784291720155],[-2.5803586781311165,53.59951543572449],[-2.579571980654513,53.599238362935246],[-2.5794959467593217,53.599176774345054],[-2.5795633315607978,53.59909283335515],[-2.5794790938909777,53.59897337679203],[-2.5792482741452716,53.59897404538324],[-2.5788966515865144,53.59912905096467],[-2.5788993177420965,53.59891157562584],[-2.578439125758016,53.59882308213635],[-2.5783032647149957,53.59838386517871],[-2.5778877740012685,53.59828083493736],[-2.578181190288989,53.59808868330282],[-2.5781712719854917,53.59791458114711],[-2.577810222378752,53.59789746817697],[-2.57738453735198,53.59754846864688],[-2.576946081182831,53.59737163894352],[-2.5768792700825167,53.59725118415888],[-2.576905774520987,53.59697859117091],[-2.576715549546074,53.596872717417476],[-2.5769017431774244,53.59666286183876],[-2.5767316199479193,53.59660388696805],[-2.5763876061916644,53.59665301293825],[-2.5762383856779563,53.596340261699964],[-2.575579668891077,53.59637819148637],[-2.5759843251024512,53.59609876282402],[-2.575863585444616,53.596001074080576],[-2.5754116575038855,53.59596195637902],[-2.5752546488839854,53.59587479612938],[-2.57526084064204,53.59567000174264],[-2.5754583586581328,53.59529940387748],[-2.575394093469754,53.59516116593233],[-2.5749488202095496,53.59515410305415],[-2.574785274915081,53.594932426320625],[-2.574254517782292,53.5948942493338],[-2.5739539466798353,53.59479186260474],[-2.5741072499651803,53.594620243979925],[-2.5740227084095597,53.59451278900078],[-2.5740048467410244,53.59427524850638],[-2.5727029954479983,53.59478933346603],[-2.571530494001286,53.59512891465636],[-2.5708185223715683,53.59520309821199],[-2.570247536119858,53.59533250425083],[-2.5699898442724876,53.59548035121481],[-2.5692791784335616,53.59558148454065],[-2.565249599855997,53.59716486293002],[-2.564975706325963,53.597339462074856],[-2.5641700733969754,53.59757072487655],[-2.563702938979127,53.59789010948386],[-2.5625885009220855,53.59816950219365],[-2.5617123653792375,53.598616001188674],[-2.5602815606798446,53.59886260286952],[-2.559591185904476,53.598897572701496],[-2.559402633505795,53.59902764469596],[-2.5594936951872542,53.59909549453065],[-2.559069203978866,53.599526395948864],[-2.5590651693303963,53.599685392301666],[-2.558969607132529,53.59977909336993],[-2.5590335642063637,53.59990210606407],[-2.5589813698922157,53.600312723480734],[-2.5581490561795066,53.60046177252273],[-2.5578040540988014,53.6008446060165],[-2.557685947585334,53.601306934663185],[-2.5577111170427687,53.60153236267222],[-2.5575579608105605,53.60180750980977],[-2.557261067166653,53.6017824944821],[-2.55715581993677,53.60236133285568],[-2.5571853729336107,53.60256061130475],[-2.5573599461110152,53.60269266416346],[-2.5572792854359467,53.60280503963375],[-2.5572718081334505,53.60306404304189],[-2.55707208203164,53.603166910522766],[-2.5568454896177304,53.60313915784173],[-2.5566603647649258,53.60328830970485],[-2.5566149033107917,53.60364183627016],[-2.556434261530274,53.60380000920727],[-2.5558701837367135,53.603892236939345],[-2.5557782534802813,53.60422804726638],[-2.5559089614531874,53.60430402082346],[-2.5556395083141625,53.604378959445334],[-2.555311217905154,53.604319484353674],[-2.5532167349032915,53.60473707717998],[-2.5527909299457705,53.60488109791254],[-2.5525729079775017,53.605051841635834],[-2.5525115573081716,53.605236395595334],[-2.5526120242590093,53.60551737532765],[-2.552443966552402,53.605847071968206],[-2.5524619694426747,53.606286007699325],[-2.552092173584002,53.606792753409756],[-2.5522188044928353,53.60734018961789],[-2.5519878782063,53.60748679506306],[-2.5519801078366804,53.60768705575684],[-2.55170124802373,53.60788889060355],[-2.5514660322219425,53.607889975194226],[-2.5514342918283623,53.607663731557395],[-2.550677989780176,53.607616089753826],[-2.5504032900283966,53.60766762594232],[-2.550085930342898,53.607777791038835],[-2.549812297894284,53.60812791442021],[-2.5492652791114816,53.60812171767039],[-2.548769224367372,53.60832876725425],[-2.5481108500903744,53.60840002539047],[-2.547975484505836,53.60856413488906],[-2.5473926003719045,53.608742921550224],[-2.5472797682154096,53.608855792339426],[-2.5474017279774617,53.60908274772028],[-2.5472865582699193,53.6091622014883],[-2.5461117387354757,53.6089465602924],[-2.545667805343456,53.60918954162739],[-2.5449328908191116,53.60915413390771],[-2.543285833939738,53.60962564963776],[-2.543044963562176,53.60992054581608],[-2.542731659692268,53.610033908691165],[-2.542118372312264,53.61003962877924],[-2.54104752394419,53.610255703301384],[-2.54057737526397,53.610240696998865],[-2.5402465808444767,53.610379973906426],[-2.540147304889741,53.61051762947386],[-2.53902030591947,53.610812587429685],[-2.5380502301690364,53.61130372790913],[-2.537491382677206,53.611818576334024],[-2.5373848639680676,53.61220864604928],[-2.53716713292521,53.61247084343177],[-2.537153506587315,53.612701186192396],[-2.536777048158617,53.612812470953564],[-2.5365558558192776,53.6131002455843],[-2.5363321390870808,53.61311643910557],[-2.5360388592816996,53.61349158809749],[-2.535587065316802,53.61361689588212],[-2.535233969246934,53.61401651626042],[-2.5344515175061426,53.61453153239391],[-2.5341516642787485,53.61460729514904],[-2.534071551483105,53.614733202066404],[-2.533496381744081,53.61504838316094],[-2.5329538712370065,53.615032554944264],[-2.5319563684567403,53.61519512665379],[-2.5311147289050124,53.615471329902824],[-2.5296498601212303,53.61641429297337],[-2.5293762090931886,53.61700789888593],[-2.528649784834306,53.61716924302504],[-2.5279199376231563,53.617701097239284],[-2.5275442100160337,53.61784010549566],[-2.5265091284592653,53.61802808145728],[-2.525159826010131,53.61866797763224],[-2.5219913534839553,53.62042551847211],[-2.52201505470666,53.620517042129386],[-2.5205285746174235,53.62134875570811],[-2.519771437567866,53.62197954988209],[-2.518111657289821,53.62301843874261],[-2.511864559845334,53.62660726707532],[-2.5112916404294,53.62700792632959],[-2.5103843364392193,53.62637815067506],[-2.508168085268192,53.62550058117068],[-2.496954224552149,53.62273150233417],[-2.4948291676000616,53.622127451133835],[-2.4852550547834205,53.619190411347645],[-2.4791970742383094,53.617019991181444],[-2.478166427495949,53.61690726711097],[-2.4730271249818006,53.6165667644832],[-2.4717932299143173,53.61813420240302],[-2.4716887454058005,53.618123936310184],[-2.471329844578796,53.61873290716303],[-2.470444493698666,53.61987509475241],[-2.4684995375609224,53.62061446605079],[-2.4670850781878855,53.620952537604296],[-2.466590709258029,53.62149376541617],[-2.4659063577872686,53.62171293401515],[-2.465551939292261,53.62163459647031],[-2.465265230319542,53.62168402403708],[-2.4643433078024017,53.62210749483029],[-2.4642033128707914,53.62204318748995],[-2.4638216674606994,53.62209522700772],[-2.4634683039307377,53.622304109568105],[-2.463365728071337,53.62218042333232],[-2.4634419424351,53.62210737674596],[-2.463410394852159,53.62198783761321],[-2.461331417313501,53.620978504233925],[-2.4597019718706266,53.62002669503476],[-2.458872487643543,53.620375884623954],[-2.45881196077768,53.62034021747432],[-2.457525754749779,53.620968689439955],[-2.455730609160716,53.6214656829162],[-2.4550246659899333,53.6213406687909],[-2.453782798446046,53.62195844676864],[-2.4543496805870126,53.62239669505275],[-2.4534146616358963,53.62261150363867],[-2.4531553498886547,53.622795622856344],[-2.453147472290607,53.62294227887872],[-2.4534508383338816,53.62316668184391],[-2.453558283753568,53.62344940605401],[-2.454264134604913,53.623447563796425],[-2.4545492211953026,53.62377090470616],[-2.4551033036262937,53.62384716715989],[-2.455125706420276,53.624042020223996],[-2.455266344639365,53.624113382527646],[-2.4559108074890204,53.62402470348485],[-2.4562074257393656,53.6238850899549],[-2.4564847926707962,53.62393009696995],[-2.458290957983621,53.62461529080967],[-2.458120838877913,53.624787565013484],[-2.4577699342941894,53.62493356596145],[-2.4575301907970317,53.62526424586774],[-2.457202915569611,53.62536717270827],[-2.456818252333573,53.625713001896315],[-2.4565896424200164,53.62611385393512],[-2.4565182363099893,53.62650231308519],[-2.456355651432977,53.62671697172927],[-2.4559884826466027,53.62684588872443],[-2.4549184595634332,53.62691091193198],[-2.454193380059425,53.627463211317234],[-2.453739348486176,53.62764176090251],[-2.453462645542588,53.62792425152333],[-2.4532390405801987,53.627958247679096],[-2.452589230903837,53.627817730871975],[-2.45190217147205,53.62777371476077],[-2.4521171964189654,53.62821696905613],[-2.450663357276767,53.627742425531665],[-2.4493817015401276,53.631060276914376],[-2.4487774278718186,53.631695374524504],[-2.4484995697533294,53.63186890169175],[-2.4488373657515075,53.632087821002564],[-2.4492111363428783,53.63252965762203],[-2.4496568613282834,53.633071774607956],[-2.449738777914128,53.63335290792235],[-2.4496445619548726,53.633602974589216],[-2.449426911075213,53.63362260484337],[-2.4492433876559137,53.6355639184632],[-2.4484450436251195,53.63626631852336],[-2.4484665204556935,53.63646309036204],[-2.448176785367455,53.63650803881119],[-2.447999406182691,53.63662299807859],[-2.4480876858650937,53.63667019752501],[-2.4480093783939614,53.63671197167726],[-2.448737214268303,53.637032040264934],[-2.449015551657691,53.6378784110226],[-2.4485867506659553,53.637897411755965],[-2.4489281378344754,53.63903205191997],[-2.449452367422069,53.63983875911489],[-2.4495927053007143,53.64036685034079],[-2.450272209220107,53.641415923328665],[-2.449699427609318,53.6415285208038],[-2.449941661173891,53.641888206210744],[-2.4488482184925453,53.64205494671294],[-2.4481900527304066,53.64190292337851],[-2.447247152326432,53.641421084768965],[-2.446745292767485,53.641431947856155],[-2.445865445129249,53.64190167602407],[-2.44598485635857,53.64162157890705],[-2.4456216484104765,53.641607768919144],[-2.4452886835359364,53.641719447393044],[-2.4452656637710053,53.642000919880495],[-2.443933291573316,53.6421480020876],[-2.443079850020044,53.64239383971774],[-2.443033705709838,53.643042010863375],[-2.442287809445392,53.6437666360492],[-2.4387263335259957,53.64602934819635],[-2.436895097168205,53.64489537488778],[-2.4326531995656033,53.6413660408772],[-2.4321811016818753,53.64073042489716],[-2.4319671438937474,53.64023684274775],[-2.431612219032993,53.639825508101],[-2.4314405599315227,53.63944581553345],[-2.4305826422570167,53.6383739627794],[-2.428574528024179,53.63694388508341],[-2.426145429523622,53.63499424149051],[-2.4260467216996244,53.63223413139333],[-2.4258949513035817,53.63217984326584],[-2.426023875188012,53.631758872090145],[-2.42603499185529,53.62985221583448],[-2.4258849524543145,53.62818739183749],[-2.4260241116661962,53.62788298445871],[-2.426205716927287,53.626725652998246],[-2.4263565304139667,53.626499563519246],[-2.4258443774084064,53.62594130949464],[-2.4245687239442977,53.62556471320607],[-2.4216106898096985,53.62385023227409],[-2.4199170889862303,53.62363626370293],[-2.4165327685571687,53.62369042146198],[-2.41599960505869,53.623804396635585],[-2.4138098374608035,53.62469652882659],[-2.411719583127033,53.624894184910644],[-2.4098234466449493,53.62537875569624],[-2.4090995401598865,53.62542280430721],[-2.408558624962136,53.625433641185666],[-2.4045468670181247,53.62507058528215],[-2.404241842373769,53.62493316990081],[-2.404079802023263,53.62463711301748],[-2.403866487751838,53.62446704701118],[-2.4033348891771986,53.62436294061353],[-2.4023688533120238,53.62438305588968],[-2.402144460108885,53.6245860378196],[-2.4015948024697336,53.62466878788019],[-2.4012112654144153,53.62458299636962],[-2.401067115757855,53.62582296372861],[-2.400822478189333,53.625836196483185],[-2.400624853420437,53.6262216737113],[-2.4004773867113767,53.626765958365226],[-2.400110620485248,53.62760394037526],[-2.400013850125537,53.62826405743979],[-2.4000294285247965,53.62846259232058],[-2.4002593058459705,53.62893454379498],[-2.40079526808542,53.62904707124259],[-2.4003522784898546,53.62952128389026],[-2.3998720693864537,53.63035879943173],[-2.398731112441348,53.63168782047088],[-2.3978474197584654,53.63219213719691],[-2.3975494176465593,53.63216138127648],[-2.3859507344183974,53.63299847313017],[-2.385017329930686,53.63180240125127],[-2.3846827143084095,53.6315905636532],[-2.383832963821245,53.63126971549852],[-2.383001595874577,53.63114205918387],[-2.3814719828745674,53.631210700335096],[-2.380153809138684,53.630925582149416],[-2.3791339104566496,53.63085410835531],[-2.379020534608868,53.630494092082294],[-2.379049362143853,53.6301794114153],[-2.379173169310291,53.629969475590606],[-2.3794111851166373,53.6287401415298],[-2.3790993281147914,53.62700358073925],[-2.3794840243986597,53.62706444296877],[-2.379622308996316,53.62699293394164],[-2.3811257270104815,53.62734768431314],[-2.3829006603280765,53.626166502849074],[-2.382827087793551,53.62607490512858],[-2.3834106819974905,53.62556181892868],[-2.3813100124445743,53.624467478786045],[-2.3793302605679676,53.62388950830429],[-2.3781665822595537,53.623201122518324],[-2.3779895506668858,53.6232532882555],[-2.377212710758908,53.62254861028931],[-2.376972930572172,53.62243638354581],[-2.3767679016824466,53.62206623608713],[-2.3763033399109235,53.622046396244215],[-2.3763026727244823,53.62197823124116],[-2.377206600220974,53.62188152854011],[-2.377200068961915,53.62173494581479],[-2.376793956626801,53.62119320337737],[-2.3779191191319877,53.62111298374195],[-2.378190679305377,53.62092420747624],[-2.3796107573316743,53.62081353058788],[-2.379424310643144,53.620411608937104],[-2.3793508811606765,53.62032725311847],[-2.377571967249236,53.62052670491308],[-2.3762305465344324,53.618794912485136],[-2.376286838096699,53.6187415742106],[-2.375950470660467,53.61823791283728],[-2.3753390357005384,53.61843541812779],[-2.374925470494687,53.61806042967786],[-2.376218347022801,53.617503653529816],[-2.3750277621536444,53.617054032331644],[-2.3741210382424676,53.61617770967409],[-2.370346815784847,53.61550185166621],[-2.369417404408025,53.61525795247318],[-2.3685408702904756,53.61555236237503],[-2.365025479064355,53.612116988458716],[-2.3630091089702554,53.61032440678704],[-2.3645546140467393,53.60905537653974],[-2.363837615092232,53.608118283153324],[-2.3636560440411207,53.60776548752137],[-2.36391681995824,53.60733410096499],[-2.3640154600244956,53.606666132081685],[-2.3639369193296074,53.60648548162388],[-2.363732458269308,53.60643498719983],[-2.363721486980153,53.60603784564672],[-2.3640340024615956,53.6056386052723],[-2.3645019888487377,53.60470239661947],[-2.365159848071034,53.60426276730602],[-2.3649777110757855,53.60395407179689],[-2.3650707892188203,53.60373891334258],[-2.3648687332214684,53.60358391550683],[-2.364661018442392,53.60298964026069],[-2.364828736327106,53.60283267831101],[-2.3652645618840475,53.60271730434539],[-2.365633042425457,53.60251394146668],[-2.365784470796767,53.60238567368733],[-2.365816605664945,53.602225754345504],[-2.3664346656123048,53.60185664760281],[-2.366521551527993,53.60161239108206],[-2.3664399498665416,53.601134292479564],[-2.3667734106254272,53.60070744916884],[-2.3668974067458604,53.60019279378386],[-2.3671772168339844,53.5998953028201],[-2.3673825656195975,53.599835403227814],[-2.3673751266056344,53.599683469728724],[-2.3675713574160655,53.59949776148786],[-2.367806665926918,53.59938720982649],[-2.3679304345154537,53.59891603938034],[-2.3683108973958866,53.59869187718534],[-2.3685662431323924,53.59835318389122],[-2.368456314982155,53.59803893173831],[-2.368508690090557,53.59798034632204],[-2.369416462981447,53.59741325021169],[-2.3691754991840397,53.5968530606765],[-2.3684058756902875,53.596421190772766],[-2.368289475314283,53.59606566599475],[-2.36874183485264,53.59563732696438],[-2.3722221911782504,53.59429797195725],[-2.3725693060420405,53.59426092870132],[-2.3730259772704843,53.59399630902906],[-2.373332895153902,53.594001535169646],[-2.3734057172974503,53.59385922942401],[-2.374439330761721,53.59370426548753],[-2.3748660629541796,53.59356085460386],[-2.3753221294525124,53.593590833703125],[-2.3764673774826073,53.59340661331748],[-2.3769017102712193,53.593269516979085],[-2.37683162947419,53.59311504433533],[-2.3769271625886095,53.59297458833541],[-2.376663966705687,53.59242009214832],[-2.3767054260839213,53.59237287621634],[-2.376402868701164,53.592100714290375],[-2.37633376685284,53.59182058597903],[-2.3759779941552273,53.5915725757739],[-2.375929950622152,53.59126631485446],[-2.3757232359558182,53.59111525961788],[-2.3748030266881504,53.59078895011777],[-2.374679804011768,53.5904674374083],[-2.374939438855104,53.59014501230047],[-2.374951950599195,53.58985200756989],[-2.3750844377529523,53.58962154482505],[-2.3758579573083907,53.589378965788335],[-2.3759464845760263,53.58919528965396],[-2.3761917796413234,53.58911921396887],[-2.3765878102490396,53.5887952144686],[-2.376435481502179,53.588493758191504],[-2.376660960062087,53.58799588566916],[-2.3766260002228385,53.587834205856666],[-2.376430353547141,53.58770645960559],[-2.376025454101045,53.58772149474326],[-2.3761741824176816,53.587626937095884],[-2.3759475651250703,53.58644402148777],[-2.3756518212170232,53.585994662528485],[-2.37525252329101,53.585893395425785],[-2.3754232481282807,53.585397656302135],[-2.375691136316768,53.58510552996012],[-2.3753928226647596,53.584201449519355],[-2.376101162843842,53.583012772147534],[-2.3761057458460533,53.58283664025594],[-2.3759660312560285,53.58256999122025],[-2.376046614614758,53.58235116929323],[-2.3765856342456257,53.58207730500628],[-2.3765533743012415,53.581899320657854],[-2.3760709297448095,53.58130957716515],[-2.3758009186261746,53.581306776882094],[-2.375654587575525,53.580986460867216],[-2.3754739821740323,53.58089883458678],[-2.3752581388606315,53.58057418824763],[-2.3744862886252194,53.58022608998816],[-2.374665846614125,53.579876698924984],[-2.3744879771132883,53.57940259085513],[-2.3747042771885423,53.57877831095696],[-2.374582413980721,53.57828882811718],[-2.374800879961705,53.57806874697193],[-2.3747741044031727,53.57792392082452],[-2.374721595726354,53.57780833351292],[-2.374469965530337,53.57768865113414],[-2.3745686800445096,53.5774293876989],[-2.374520914663824,53.577313785430675],[-2.3741853206959567,53.5773038884243],[-2.3739322640964584,53.577191480946276],[-2.373766263681859,53.577016996942895],[-2.3738634299066055,53.57693187911013],[-2.3734738786844316,53.576428904373834],[-2.3736625015968382,53.57625022889454],[-2.373509327223416,53.57616728668857],[-2.3732853035719566,53.57571538715255],[-2.3733782066996736,53.57532082319021],[-2.373127506986918,53.5742916040811],[-2.37316654151821,53.57395188443107],[-2.373019546832975,53.57387510627467],[-2.3725109127870425,53.57385607741696],[-2.372758845675676,53.57358463395809],[-2.3727467504589907,53.573224409600165],[-2.372569753588032,53.572850713358775],[-2.3732309144827166,53.572477593957444],[-2.373358391025034,53.57221995826615],[-2.37376762394505,53.57206582360171],[-2.373727493676442,53.57179287391198],[-2.37399001141051,53.57143960164937],[-2.3738764589854506,53.57117661603358],[-2.373994965257025,53.57093005433749],[-2.3737044511960828,53.57073870641516],[-2.373837467691955,53.57056561075863],[-2.3736291499477242,53.57038824763202],[-2.3709761723968805,53.5707551989342],[-2.369514721726452,53.57045489948188],[-2.3690210375780745,53.570254252967565],[-2.3687714135407343,53.56985673130233],[-2.368029239583975,53.56928936346805],[-2.367089114555969,53.568997337094935],[-2.366161461875232,53.56840161151561],[-2.364615414340783,53.56842880793331],[-2.361752215922443,53.56821365161996],[-2.360978202914082,53.568289848691606],[-2.357870272606139,53.56397915967961],[-2.3580090623783976,53.56384359959626],[-2.357607795047097,53.563168540715],[-2.357346653859764,53.563206837295425],[-2.3568078474891414,53.562528194143184],[-2.356271001033171,53.561523089813015],[-2.355996766012518,53.5605531725351],[-2.35605194711568,53.559933655881224],[-2.3563026482989278,53.559227322084894],[-2.3568593155819872,53.55861164807728],[-2.35695444664602,53.55825632347568],[-2.3572540492892173,53.557816939792076],[-2.3565246268345503,53.55741012893293],[-2.356408396569525,53.55721698292984],[-2.356145666112549,53.557052604757324],[-2.3559175552890648,53.55668198363558],[-2.356386740777311,53.55643870854564],[-2.3566573329485636,53.55611520990289],[-2.356962654586564,53.55458201457086],[-2.3574727788761614,53.55382350703083],[-2.358078165083881,53.55334446606426],[-2.35898022774581,53.552920987285376],[-2.359499861808506,53.552790217531765],[-2.3599141113755584,53.552799500715494],[-2.360349706558365,53.552940460762116],[-2.3609763150725525,53.55335288022035],[-2.3612013137885257,53.553686460242005],[-2.3613438207700805,53.55413460340986],[-2.361477459923393,53.55547880629327],[-2.361885192606985,53.555997208373725],[-2.3621879703117776,53.556099666568834],[-2.3629070461303683,53.55600843766566],[-2.3639273595635233,53.55545704461461],[-2.3643743778620334,53.55516356053487],[-2.365784463767973,53.55375791172363],[-2.366207727248113,53.55350157042205],[-2.366716616335636,53.55333091180316],[-2.367407366352142,53.55324340089824],[-2.368205837346073,53.55328588570497],[-2.3693774877053455,53.55366147235166],[-2.370067145567735,53.553988250823785],[-2.3717725838357753,53.554301245917],[-2.3722492095117524,53.55425674410495],[-2.3735908335829277,53.55389835321058],[-2.3672228031056184,53.551650220404774],[-2.3623298173593845,53.55132868707309],[-2.3624306260479164,53.55044073833495],[-2.3608350473510615,53.55022338230281],[-2.3588543107925055,53.5498043661898],[-2.3558617594579863,53.54930911965006],[-2.353511625434854,53.548358831437824],[-2.351280488880913,53.54775420007608],[-2.349255805322682,53.54764132555028],[-2.347547426893124,53.547338157080496],[-2.345609841196422,53.54639438706837],[-2.344265987356048,53.545610110391806],[-2.3438559602469344,53.54525177345044],[-2.341542526034306,53.54584711055674],[-2.3418209625207616,53.54312733701058],[-2.3416591252664487,53.542122781200284],[-2.341411101055648,53.54131477770738],[-2.3411547919688362,53.541156289353495],[-2.3400873608174764,53.53959001278666],[-2.33886885655769,53.53852301073076],[-2.338762447322449,53.5380693985611],[-2.3385154340312164,53.537960278362775],[-2.337974081058755,53.537960093909],[-2.3374124543081307,53.53753391437632],[-2.337293252303593,53.53718263389064],[-2.337752405729246,53.53705739601338],[-2.337479759236739,53.53668769163852],[-2.33758149821329,53.536617447580674],[-2.3372825760058054,53.53638096207371],[-2.337253707004797,53.53618865592346],[-2.337042536710035,53.535841490667046],[-2.337167039925343,53.535547048070626],[-2.3371192384436035,53.5354061819496],[-2.3371923954500504,53.53511919171889],[-2.3374402380394685,53.53480220833362],[-2.337294740725562,53.53470824093463],[-2.3372966528165433,53.53459391209522],[-2.337803028871002,53.53454971935251],[-2.338238115348535,53.533631478563734],[-2.3398064245275543,53.53483679569731],[-2.341301144607172,53.535728562312734],[-2.3417787161310613,53.53636818693597],[-2.3429723538904854,53.53680687928478],[-2.344035557107247,53.53709061581712],[-2.3462857551255314,53.53751302464704],[-2.348160387262487,53.53744185446708],[-2.3486628546857817,53.53724798383831],[-2.3488672448067285,53.53693279338111],[-2.3488346788948427,53.536699190088115],[-2.3481011511460683,53.53625640337243],[-2.348045127308186,53.536149550677],[-2.3483529316557292,53.53585484097405],[-2.348741530306738,53.53566786336],[-2.3495589464221878,53.5355608769999],[-2.3514476414119634,53.5357685151031],[-2.3522862314810333,53.53512423801955],[-2.3531617888110996,53.53518457243314],[-2.3536840890984028,53.53505183297362],[-2.3537892232945636,53.53477009486434],[-2.3521492573896783,53.534243778286346],[-2.352669430667988,53.53369113822436],[-2.35339853383742,53.53389765898687],[-2.35389349417322,53.53393301965822],[-2.354679200820346,53.53277568008048],[-2.3536653556831166,53.53258094008996],[-2.352827481585622,53.532311232768784],[-2.353271619461301,53.5313290668913],[-2.352752050339145,53.531264231424366],[-2.3530224811291287,53.53061634826354],[-2.353466396798385,53.5306571376602],[-2.353604891125868,53.53024862714826],[-2.3516775079453685,53.52977511613345],[-2.3508682569655406,53.52967968325999],[-2.3519919633555126,53.52875429323547],[-2.3544224502332356,53.52625363282513],[-2.3660177302185117,53.52871215347973],[-2.3681841858213977,53.529238322086904],[-2.3682372195228725,53.5289350962532],[-2.36859734242294,53.52816969187743],[-2.3695115422808977,53.52850983040597],[-2.370875304386661,53.52888115048682],[-2.3827087356775447,53.53089769101917],[-2.385202856319053,53.53144890070513],[-2.387420948292234,53.53215436791458],[-2.389160201155021,53.532980432841285],[-2.390989363311599,53.53419407339092],[-2.3929765635184386,53.53596725230832],[-2.3938210490694223,53.53657935174492],[-2.3949001945622523,53.53712127049788],[-2.3961757291546593,53.537635563403555],[-2.398214701122066,53.538052365750374],[-2.3983560707159803,53.53829366490755],[-2.399838433282495,53.53853119508358],[-2.40224051570159,53.538692233574125],[-2.4022850305558343,53.538453881837306],[-2.404997355089872,53.53837562732763],[-2.4069473088398654,53.53844540507349],[-2.40779445557187,53.53832734895787],[-2.4101027529574317,53.538301482639554],[-2.410080508861818,53.538482172173666],[-2.412725712789198,53.53881546230459],[-2.4140305138792693,53.53910226379982],[-2.4179380067224114,53.54024897801353],[-2.4213829798160544,53.54104351112418],[-2.421417272600826,53.54068450977439],[-2.4231294558361354,53.540939810309546],[-2.425425306157966,53.54100652218885],[-2.4254688728617264,53.541119567217685],[-2.4296586187382547,53.541207945907416],[-2.4326010574260386,53.54147597305584],[-2.437204025856091,53.542122677485814],[-2.4381028206360265,53.54002143517252],[-2.4383444331574644,53.53990173134598],[-2.4385369218344497,53.53968362226131],[-2.439783652448304,53.53945264092391],[-2.4405264240924858,53.538871842002656],[-2.440982773947408,53.53868140219076],[-2.440991559044304,53.53834795313306],[-2.4416392798648907,53.537245324134595],[-2.4418745484525957,53.536474254125366],[-2.4419145717524104,53.53615221253239],[-2.4412510526885045,53.535145146582536],[-2.441477916603931,53.534338163367124],[-2.4418332584161857,53.534139949634124],[-2.441975104426865,53.53368185102415],[-2.4421719701987796,53.53357694688782],[-2.4422588003078354,53.53370606802643],[-2.4424679748297793,53.53365306200755],[-2.4423780651965856,53.533393620135236],[-2.442719203582788,53.53328556533958],[-2.442971789089851,53.53277679186156],[-2.4432458513256674,53.53256539242958],[-2.443256580122564,53.53246452037414],[-2.4431105338532713,53.53233392967613],[-2.443568310120974,53.53223289132064],[-2.4437984292615855,53.53202684000751],[-2.4438717773009433,53.53169202700334],[-2.4443603279505157,53.531523934398635],[-2.44462334805839,53.531113982259086],[-2.4446089286176025,53.530908425390585],[-2.4449424534094923,53.53083780236842],[-2.4452702909922617,53.530541643726586],[-2.445606794742241,53.53040025074969],[-2.445766139701001,53.5302170563609],[-2.4462113743286564,53.5302344682847],[-2.4464496400277076,53.529940357551084],[-2.446778255566576,53.52976413354472],[-2.446862945282309,53.52961354815643],[-2.4474497387584395,53.52951078991506],[-2.447808697585301,53.52935299259415],[-2.447843234231559,53.52918487819331],[-2.448000072697222,53.52903852479426],[-2.447952997839741,53.52886346258882],[-2.4480670952160772,53.528686879367406],[-2.448007345925421,53.52816296030129],[-2.448130223938506,53.528090223519364],[-2.448489016907949,53.52819710741376],[-2.448986840604224,53.52819805151123],[-2.4498406755668887,53.52834118146086],[-2.451921518626574,53.5288288187663],[-2.4550446099960257,53.52939307332216],[-2.4559945171658444,53.529389452673975],[-2.4588153911727892,53.530074415764815],[-2.458834469317726,53.530140857007616],[-2.4610138969190944,53.53052717930196],[-2.4615484894229396,53.530699267037555],[-2.4642043907728692,53.530637009400564],[-2.4646277198567454,53.530720754605746],[-2.466066731943653,53.53069352530201],[-2.466427289124103,53.53098424317596],[-2.4678190192368463,53.531456880983434],[-2.4682773059177494,53.53171575112932],[-2.4694561166984075,53.53203021634733],[-2.4698413090666174,53.5320711101686],[-2.47088350863107,53.53188611601444],[-2.470992370958503,53.53192529913306],[-2.471741207700096,53.53168498781003],[-2.4724186076791446,53.531720234352136],[-2.4730822245064483,53.53195749303267],[-2.4731281353610006,53.53188735421067],[-2.474020879575357,53.532124563305935],[-2.473998510444613,53.5323788093432],[-2.4783920740546743,53.53348882360581],[-2.4790363624624265,53.53351208476862],[-2.481153028093476,53.53336538489572],[-2.482281259036655,53.533419213036616],[-2.4843787848773937,53.53364897399896],[-2.487699734982704,53.534211565604465],[-2.4888723122336747,53.53449806383647],[-2.489742264388517,53.53458607663928],[-2.489755869301105,53.53494640376647],[-2.4901723988997615,53.53525226298267],[-2.490164129768665,53.535555099738744],[-2.491271456142228,53.535657569883774],[-2.492347693515451,53.53596689216499],[-2.493033472435613,53.53602502493668],[-2.49307494262762,53.53610490498542],[-2.493423912961973,53.53615009691792],[-2.4935453538154206,53.53609144924153],[-2.496481245399391,53.536687349639124],[-2.4963985414164163,53.53710014608193],[-2.497118609176291,53.53715496709315],[-2.4980697964079055,53.537448749556084],[-2.49921114997283,53.53803273137238],[-2.500441886352197,53.538117469242565],[-2.5015520999720935,53.53781956761611],[-2.502180137772208,53.537856533718774],[-2.502956027505931,53.53799625062628],[-2.503080632827472,53.53832464954477],[-2.503630688916522,53.538543673687855],[-2.5040965585131354,53.53862344179485],[-2.505246101874072,53.53861858816787],[-2.5052437087360038,53.538892701042236],[-2.505867346577483,53.53895639805671],[-2.5059711719363094,53.53868546919324],[-2.507011938405599,53.53877262434732],[-2.5071889068146516,53.53791741346175],[-2.50770266517834,53.53746749057398],[-2.507712376101009,53.53729301942043],[-2.507559018401671,53.53692878450769],[-2.5077565765192054,53.53669228615967],[-2.5079861133893497,53.536713557263575],[-2.5081096724716203,53.53641131664591],[-2.5085612553385053,53.535968952825584],[-2.5091144868825626,53.53566828876493],[-2.509187389598165,53.53533877602284],[-2.508965970955272,53.53500012623181],[-2.5092626369529487,53.53481631600486],[-2.5092645962228883,53.53462133903812],[-2.5095371413941447,53.534310075682306],[-2.509720267436392,53.534362335744206],[-2.5101801683837435,53.534075376509264],[-2.5109225642084816,53.534718475423944],[-2.5110736492246595,53.534735806404015],[-2.5128566854386545,53.53620677017177],[-2.5130629987004753,53.53630389487425],[-2.514764048135933,53.53586683389091],[-2.515531224180218,53.53578819513003],[-2.515744354607754,53.53556707642542],[-2.5154637590536626,53.53532451087603]]]}},{"type":"Feature","properties":{"LADNM":"Bury"},"geometry":{"type":"Polygon","coordinates":[[[-2.3444603197462675,53.545730893610745],[-2.345609841196422,53.54639438706837],[-2.347547426893124,53.547338157080496],[-2.349255805322682,53.54764132555028],[-2.351280488880913,53.54775420007608],[-2.353511625434854,53.548358831437824],[-2.3558617594579863,53.54930911965006],[-2.3588543107925055,53.5498043661898],[-2.3608350473510615,53.55022338230281],[-2.3624306260479164,53.55044073833495],[-2.3623298173593845,53.55132868707309],[-2.3672228031056184,53.551650220404774],[-2.3735908335829277,53.55389835321058],[-2.3722492095117524,53.55425674410495],[-2.3717725838357753,53.554301245917],[-2.370067145567735,53.553988250823785],[-2.3693774877053455,53.55366147235166],[-2.368205837346073,53.55328588570497],[-2.367407366352142,53.55324340089824],[-2.366716616335636,53.55333091180316],[-2.366207727248113,53.55350157042205],[-2.365784463767973,53.55375791172363],[-2.3643743778620334,53.55516356053487],[-2.3639273595635233,53.55545704461461],[-2.3629070461303683,53.55600843766566],[-2.3621879703117776,53.556099666568834],[-2.361885192606985,53.555997208373725],[-2.361477459923393,53.55547880629327],[-2.3613438207700805,53.55413460340986],[-2.3612013137885257,53.553686460242005],[-2.3610158049413923,53.55339405355331],[-2.3602498115588233,53.552897509822095],[-2.359803090152453,53.55278200653208],[-2.359371733160748,53.55281026941934],[-2.358297357631495,53.5532171270066],[-2.357540963603877,53.553745212076954],[-2.356962654586564,53.55458201457086],[-2.3566227842137053,53.556178474276315],[-2.3562948372675394,53.55650471449281],[-2.3559175552890648,53.55668198363558],[-2.356145666112549,53.557052604757324],[-2.356408396569525,53.55721698292984],[-2.3565246268345503,53.55741012893293],[-2.3572540492892173,53.557816939792076],[-2.35695444664602,53.55825632347568],[-2.3568593155819872,53.55861164807728],[-2.3563026482989278,53.559227322084894],[-2.35605194711568,53.559933655881224],[-2.355996766012518,53.5605531725351],[-2.356271001033171,53.561523089813015],[-2.3568078474891414,53.562528194143184],[-2.3571559176978893,53.56301702036889],[-2.3572313419129527,53.56300587412753],[-2.357346653859764,53.563206837295425],[-2.357607795047097,53.563168540715],[-2.3580090623783976,53.56384359959626],[-2.357870272606139,53.56397915967961],[-2.360978202914082,53.568289848691606],[-2.3620906022658548,53.56822160650612],[-2.364615414340783,53.56842880793331],[-2.3659213745914176,53.56835909468988],[-2.366161461875232,53.56840161151561],[-2.367352968753311,53.56911590092822],[-2.368029239583975,53.56928936346805],[-2.3687714135407343,53.56985673130233],[-2.3690210375780745,53.570254252967565],[-2.369514721726452,53.57045489948188],[-2.3709761723968805,53.5707551989342],[-2.3736291499477242,53.57038824763202],[-2.373837467691955,53.57056561075863],[-2.3737044511960828,53.57073870641516],[-2.373994965257025,53.57093005433749],[-2.3738764589854506,53.57117661603358],[-2.37399001141051,53.57143960164937],[-2.373727493676442,53.57179287391198],[-2.37376762394505,53.57206582360171],[-2.373358391025034,53.57221995826615],[-2.3732309144827166,53.572477593957444],[-2.372569753588032,53.572850713358775],[-2.3727467504589907,53.573224409600165],[-2.372758845675676,53.57358463395809],[-2.3725109127870425,53.57385607741696],[-2.373019546832975,53.57387510627467],[-2.37316654151821,53.57395188443107],[-2.373127506986918,53.5742916040811],[-2.3733782066996736,53.57532082319021],[-2.3732853035719566,53.57571538715255],[-2.373509327223416,53.57616728668857],[-2.3736625015968382,53.57625022889454],[-2.3734738786844316,53.576428904373834],[-2.3738634299066055,53.57693187911013],[-2.373766263681859,53.577016996942895],[-2.3739322640964584,53.577191480946276],[-2.3741853206959567,53.5773038884243],[-2.374520914663824,53.577313785430675],[-2.3745686800445096,53.5774293876989],[-2.374469965530337,53.57768865113414],[-2.374721595726354,53.57780833351292],[-2.3747741044031727,53.57792392082452],[-2.374800879961705,53.57806874697193],[-2.374582413980721,53.57828882811718],[-2.3747042771885423,53.57877831095696],[-2.3744879771132883,53.57940259085513],[-2.374665846614125,53.579876698924984],[-2.3744862886252194,53.58022608998816],[-2.3752581388606315,53.58057418824763],[-2.3754739821740323,53.58089883458678],[-2.375654587575525,53.580986460867216],[-2.3758009186261746,53.581306776882094],[-2.3760709297448095,53.58130957716515],[-2.3765533743012415,53.581899320657854],[-2.3765856342456257,53.58207730500628],[-2.3760518223017715,53.58234177717899],[-2.3759660312560285,53.58256999122025],[-2.3761057458460533,53.58283664025594],[-2.376101162843842,53.583012772147534],[-2.3753928226647596,53.584201449519355],[-2.375691136316768,53.58510552996012],[-2.3754232481282807,53.585397656302135],[-2.37525252329101,53.585893395425785],[-2.3756518212170232,53.585994662528485],[-2.3759475651250703,53.58644402148777],[-2.3761741824176816,53.587626937095884],[-2.376025454101045,53.58772149474326],[-2.376430353547141,53.58770645960559],[-2.3766260002228385,53.587834205856666],[-2.376660960062087,53.58799588566916],[-2.376435481502179,53.588493758191504],[-2.3765878102490396,53.5887952144686],[-2.3761917796413234,53.58911921396887],[-2.3759464845760263,53.58919528965396],[-2.3758579573083907,53.589378965788335],[-2.3750844377529523,53.58962154482505],[-2.374951950599195,53.58985200756989],[-2.374939438855104,53.59014501230047],[-2.374679804011768,53.5904674374083],[-2.3748030266881504,53.59078895011777],[-2.3757232359558182,53.59111525961788],[-2.375929950622152,53.59126631485446],[-2.3759779941552273,53.5915725757739],[-2.37633376685284,53.59182058597903],[-2.376402868701164,53.592100714290375],[-2.3767054260839213,53.59237287621634],[-2.376663966705687,53.59242009214832],[-2.3769271625886095,53.59297458833541],[-2.37683162947419,53.59311504433533],[-2.3769017102712193,53.593269516979085],[-2.3764673774826073,53.59340661331748],[-2.3753221294525124,53.593590833703125],[-2.3748660629541796,53.59356085460386],[-2.374439330761721,53.59370426548753],[-2.3734057172974503,53.59385922942401],[-2.373332895153902,53.594001535169646],[-2.3730259772704843,53.59399630902906],[-2.3725693060420405,53.59426092870132],[-2.3722221911782504,53.59429797195725],[-2.36874183485264,53.59563732696438],[-2.368289475314283,53.59606566599475],[-2.3684058756902875,53.596421190772766],[-2.3691754991840397,53.5968530606765],[-2.369416462981447,53.59741325021169],[-2.368508690090557,53.59798034632204],[-2.368456314982155,53.59803893173831],[-2.3685662431323924,53.59835318389122],[-2.3683108973958866,53.59869187718534],[-2.3679304345154537,53.59891603938034],[-2.367806665926918,53.59938720982649],[-2.3675713574160655,53.59949776148786],[-2.3673751266056344,53.599683469728724],[-2.3673825656195975,53.599835403227814],[-2.3671772168339844,53.5998953028201],[-2.3668974067458604,53.60019279378386],[-2.3667734106254272,53.60070744916884],[-2.3664399498665416,53.601134292479564],[-2.366521551527993,53.60161239108206],[-2.3664346656123048,53.60185664760281],[-2.365816605664945,53.602225754345504],[-2.365784470796767,53.60238567368733],[-2.365633042425457,53.60251394146668],[-2.3652645618840475,53.60271730434539],[-2.364828736327106,53.60283267831101],[-2.364661018442392,53.60298964026069],[-2.3648687332214684,53.60358391550683],[-2.3650707892188203,53.60373891334258],[-2.3649777110757855,53.60395407179689],[-2.365159848071034,53.60426276730602],[-2.3645019888487377,53.60470239661947],[-2.3640340024615956,53.6056386052723],[-2.363721486980153,53.60603784564672],[-2.363732458269308,53.60643498719983],[-2.3639369193296074,53.60648548162388],[-2.3640154600244956,53.606666132081685],[-2.36391681995824,53.60733410096499],[-2.3636560440411207,53.60776548752137],[-2.363837615092232,53.608118283153324],[-2.3645546140467393,53.60905537653974],[-2.3630091089702554,53.61032440678704],[-2.365025479064355,53.612116988458716],[-2.3685408702904756,53.61555236237503],[-2.369417404408025,53.61525795247318],[-2.370346815784847,53.61550185166621],[-2.374058953959051,53.61615543313504],[-2.374196967280975,53.616215124083695],[-2.3750277621536444,53.617054032331644],[-2.376218347022801,53.617503653529816],[-2.374925470494687,53.61806042967786],[-2.3753390357005384,53.61843541812779],[-2.375950470660467,53.61823791283728],[-2.376286838096699,53.6187415742106],[-2.3762305465344324,53.618794912485136],[-2.377571967249236,53.62052670491308],[-2.3793508811606765,53.62032725311847],[-2.3796107573316743,53.62081353058788],[-2.378190679305377,53.62092420747624],[-2.3779191191319877,53.62111298374195],[-2.376793956626801,53.62119320337737],[-2.377200068961915,53.62173494581479],[-2.377206600220974,53.62188152854011],[-2.3763026727244823,53.62197823124116],[-2.3763033399109235,53.622046396244215],[-2.3767679016824466,53.62206623608713],[-2.376972930572172,53.62243638354581],[-2.377212710758908,53.62254861028931],[-2.3779895506668858,53.6232532882555],[-2.3781665822595537,53.623201122518324],[-2.3793302605679676,53.62388950830429],[-2.3813100124445743,53.624467478786045],[-2.3834106819974905,53.62556181892868],[-2.382827087793551,53.62607490512858],[-2.3829006603280765,53.626166502849074],[-2.3811257270104815,53.62734768431314],[-2.379622308996316,53.62699293394164],[-2.3794840243986597,53.62706444296877],[-2.3790993281147914,53.62700358073925],[-2.3794111851166373,53.6287401415298],[-2.379173169310291,53.629969475590606],[-2.379049362143853,53.6301794114153],[-2.379020534608868,53.630494092082294],[-2.3791339104566496,53.63085410835531],[-2.3774227869011426,53.63091344871943],[-2.3766459014420125,53.63112543167528],[-2.3762903764091075,53.63179702107136],[-2.3725724999455284,53.631882235749195],[-2.3709223631666716,53.631998889940725],[-2.3710199627407,53.63175781871303],[-2.371041793625718,53.631498826135946],[-2.3709448304470904,53.631490138579586],[-2.371001435506299,53.6313750930495],[-2.370329820644291,53.63151815494432],[-2.370505881841182,53.63160385215778],[-2.370528568787797,53.631764698743396],[-2.3704297078087477,53.63186390275259],[-2.3701414357395305,53.63191592027643],[-2.3700502387330276,53.63207882702664],[-2.370133448504874,53.63240771072916],[-2.369835236603428,53.63256682641734],[-2.3701623235459595,53.63295230097142],[-2.3702225529307746,53.63324705534495],[-2.369933157045732,53.633712526744524],[-2.3697392919583162,53.63386227723959],[-2.3696355965721234,53.63410977478399],[-2.3694020291266544,53.634205717838356],[-2.3685611888707574,53.63506219568033],[-2.368633436836141,53.6355428537554],[-2.36834573729924,53.63636980548305],[-2.368356201885322,53.63686412722325],[-2.368780491962257,53.636959722431506],[-2.3690026110577302,53.63711998119321],[-2.3687903682150684,53.63738776653008],[-2.368762012430657,53.637658337422444],[-2.368499053152709,53.63800239104605],[-2.3700042780119315,53.63800784801112],[-2.370107405568231,53.638069377181864],[-2.3700606862337055,53.63823687396889],[-2.3704402380754206,53.63861854492441],[-2.370704532736859,53.63905899548085],[-2.3708793624774738,53.63916097362018],[-2.371110687815789,53.639829880931266],[-2.3714147421053373,53.64038171473245],[-2.3716064886112336,53.640526630073815],[-2.3717495023346973,53.64109437791146],[-2.372047000724004,53.64122267718939],[-2.3721973247673787,53.64149298059745],[-2.372180613322473,53.64163404021213],[-2.372506338808018,53.64201250130898],[-2.372496362033922,53.642277398026785],[-2.372417713740775,53.64247201369468],[-2.3717637730785954,53.64325069479566],[-2.3715172115139516,53.643267468740056],[-2.3715067607447864,53.6434275998051],[-2.370785282303446,53.6444893271126],[-2.3704769993494983,53.64469618476102],[-2.3692097389026334,53.645083774179284],[-2.368848958686328,53.64496382433752],[-2.367057122680473,53.645045734973316],[-2.3669942443036374,53.64586105338163],[-2.366680243404587,53.6467717337383],[-2.3669758612857374,53.64684616680619],[-2.367069818608387,53.64759470662837],[-2.366141703871462,53.650633605203026],[-2.3654577104539984,53.65201286405448],[-2.362971096557198,53.65490026999931],[-2.3627482611058603,53.655385231275105],[-2.36264312465758,53.65597259779473],[-2.363637701772369,53.65742202220777],[-2.367739978579484,53.661797695740944],[-2.368974175697098,53.66330279323567],[-2.3701334148499322,53.66504124585456],[-2.371237986609413,53.667064665857346],[-2.3616083275860364,53.66505495099268],[-2.3555717213591776,53.66449105336682],[-2.3554019444432153,53.65943765695609],[-2.3550259101567153,53.659199740609516],[-2.353340130285878,53.65846685176664],[-2.34844433686094,53.65781074149885],[-2.3334041057864576,53.65517033409346],[-2.3320204386382564,53.65532444668743],[-2.3299407309689513,53.65536334824773],[-2.3265638915312237,53.655621478197126],[-2.3255361148430733,53.65539817147688],[-2.324344383699368,53.65561852727587],[-2.322681417254654,53.65561628259825],[-2.320952994993201,53.656000063344585],[-2.3204085749711556,53.65601412398703],[-2.3201579594074873,53.65568232991095],[-2.31980613972763,53.65555631232909],[-2.3195002311553528,53.655552635507036],[-2.3184429881965296,53.65518075351519],[-2.3174455410268506,53.65514858379858],[-2.3167590739263355,53.654971474859444],[-2.3166501485258246,53.65500153214815],[-2.3166658014430306,53.655268899002266],[-2.3155612380393253,53.65506173591673],[-2.3157380109135213,53.65544465270564],[-2.3155836227759097,53.65579138477211],[-2.3146356191159536,53.65636743716948],[-2.3139687679704934,53.656944061291654],[-2.3136697583238206,53.65766147085573],[-2.313364495987764,53.65813415159547],[-2.3133419194756195,53.65834206298724],[-2.313467644979562,53.658608597983715],[-2.3127796503319304,53.6588474309469],[-2.3123156760187316,53.658912477182874],[-2.3118939059555204,53.65915815541227],[-2.3117568908684936,53.659298081332764],[-2.311686096793971,53.65970500895586],[-2.311776145727973,53.659796903428415],[-2.31039399355028,53.66002773674417],[-2.3101980595580103,53.66029929310669],[-2.3098699587042746,53.66050518214068],[-2.3090727507050293,53.6605791497214],[-2.307737625897263,53.66094773677353],[-2.3075513463671378,53.661083038744884],[-2.3074295534899476,53.66139599729337],[-2.306958244983212,53.66152499258485],[-2.306947094106523,53.66187695413133],[-2.3064047302087185,53.66227494852575],[-2.3061966213633136,53.6627277044724],[-2.3059897037120436,53.66295293874331],[-2.3047279348842205,53.663734482732615],[-2.304012108586911,53.66388655032204],[-2.3039759221659426,53.66411951740327],[-2.3041001499602456,53.66429530743775],[-2.3039722065241772,53.66445883118745],[-2.3031494441782163,53.664939539868364],[-2.3029835218419494,53.66521241023964],[-2.301799081877781,53.66591058632532],[-2.301137364280481,53.66610156281095],[-2.300817522149421,53.666614415576504],[-2.3002105936042296,53.66686310612389],[-2.3001053660703397,53.66701049327296],[-2.2991993179088883,53.66678307361254],[-2.298819686885579,53.66658197228144],[-2.297903840827994,53.66577147641473],[-2.2956932524710476,53.664280992197696],[-2.2956419220713022,53.664177754825786],[-2.2957321852098875,53.66322393836603],[-2.2959030006662835,53.662697985293285],[-2.295619227695158,53.66174790643946],[-2.294782216714603,53.660194456177464],[-2.2938742134652017,53.65821562775497],[-2.2938270243607812,53.65795565207116],[-2.2939000803871457,53.65765155455923],[-2.294198136811979,53.65740168700966],[-2.29426479912461,53.65719676282015],[-2.293834085667443,53.6563896920572],[-2.293865860114123,53.656130951473905],[-2.2953588681933814,53.65569471753929],[-2.296420418483505,53.654966015826076],[-2.295680838447997,53.65494790113415],[-2.295611776975711,53.6548778469395],[-2.295744449715465,53.654350028132484],[-2.2955648500178696,53.65377233246247],[-2.2956897164458967,53.6533811177259],[-2.295599626175745,53.65307321555926],[-2.2958683938005926,53.652825366418995],[-2.2967695932115757,53.652705173000264],[-2.2971907366757605,53.65255414129013],[-2.2976195593597613,53.65188316590451],[-2.2976413768945516,53.65169015269381],[-2.297346322910695,53.650207202079166],[-2.297425366183782,53.64955149509339],[-2.2975134347821897,53.64944065814003],[-2.297595161298209,53.648421361928804],[-2.2962724986146124,53.64445999520756],[-2.2962013183737433,53.643339205197954],[-2.295809303970191,53.642645520294955],[-2.2957392290553225,53.64147947123108],[-2.295274454651568,53.64037872561239],[-2.295042934762189,53.64010389307087],[-2.294786868669752,53.6398678778112],[-2.293836420340342,53.63933176747649],[-2.293344359813927,53.638802849404236],[-2.292319423584531,53.63799285846162],[-2.2913063291559594,53.63631622036538],[-2.2897326343434465,53.635024622390155],[-2.289358604475503,53.63458060118545],[-2.288934021965072,53.633930259100715],[-2.2887088885952207,53.63335275123809],[-2.288686956529111,53.63318060302534],[-2.2889003555462573,53.63280850052005],[-2.2883476164236365,53.632418845974215],[-2.286981245298482,53.63190783422424],[-2.285910194092974,53.6307599046377],[-2.2857687414930554,53.63017797544657],[-2.2853462015546677,53.629604860340734],[-2.2847770591894627,53.628452908426404],[-2.284869132264535,53.62809203585309],[-2.283514019581686,53.626978187820804],[-2.2843640839315316,53.625928193983164],[-2.284498221183851,53.62535881099884],[-2.282819156067122,53.62319493548123],[-2.282459843847335,53.62308961544899],[-2.2825559714436805,53.622768615636964],[-2.2826999188753723,53.62260368257119],[-2.2824310814970596,53.62196418340305],[-2.282424876130455,53.62174595427713],[-2.282824756652284,53.62092510967156],[-2.2831671063079146,53.620759985235566],[-2.282846087144983,53.620231282751796],[-2.282236117516188,53.62036417713158],[-2.2807291366134135,53.62090918571743],[-2.280155091506289,53.62072915791781],[-2.2800609128563467,53.62063444456727],[-2.2793676398412397,53.62053129005936],[-2.278489548873615,53.62026930818439],[-2.278291464578937,53.62032314157482],[-2.2781326469717595,53.61959433884959],[-2.277747297846785,53.61869274163365],[-2.2760250406629843,53.618203516780895],[-2.2758099524496567,53.61883374832368],[-2.272553271770256,53.6184962730654],[-2.27226698066968,53.61629482005433],[-2.271851950402683,53.61456384332622],[-2.269669858899938,53.61276292551411],[-2.269438069251647,53.61248121654053],[-2.2688108512668848,53.611302361142826],[-2.268554064344576,53.61103076446787],[-2.266510543295156,53.60912419740659],[-2.265062350180103,53.608130842266014],[-2.2649859540441044,53.60799872224217],[-2.264350398131938,53.607645928342954],[-2.263979517836668,53.60777736532378],[-2.261917847684106,53.606771276266905],[-2.2616490178281174,53.60652750073763],[-2.2594074964746373,53.60605516185003],[-2.2585151753076675,53.60594475018862],[-2.255727813934189,53.60610634068612],[-2.2528508280094406,53.60691775494393],[-2.2519478787136036,53.60708846987284],[-2.2509843730646244,53.60716156668481],[-2.2504913554668873,53.60485906874371],[-2.2503875316679216,53.60487164510821],[-2.250033780729209,53.604356921528655],[-2.2489744503201017,53.60333844649593],[-2.249078250621144,53.60275793828023],[-2.248190431139501,53.602113177197666],[-2.2478208724000974,53.60198558229021],[-2.246637315226866,53.601867951065714],[-2.2453543153937656,53.60140362773675],[-2.244933759438051,53.600783445162094],[-2.2451244775906805,53.60004068542212],[-2.245357314690109,53.599802863279166],[-2.2452665920134556,53.59954518471423],[-2.2455824833994065,53.599078330302554],[-2.2471404471450955,53.599329264976234],[-2.249243671114994,53.59925636273236],[-2.250114737247507,53.599150342305755],[-2.2515142878574257,53.5987448927418],[-2.2522912158652133,53.598218286015],[-2.253940257234876,53.59753617907224],[-2.2555419586366097,53.597075208364195],[-2.2562956305678017,53.596309590644644],[-2.2582580828748204,53.595009328009425],[-2.2583457401902542,53.593981705219356],[-2.258467151802328,53.593605615381826],[-2.2591084299603965,53.59223632593947],[-2.2592241331682072,53.59216584955879],[-2.2623507635875515,53.59250620142898],[-2.264480757974411,53.59246723556295],[-2.2649634598310056,53.59234651447658],[-2.2656379785744423,53.59149562366526],[-2.2665179921556735,53.59134283233891],[-2.2672478026979563,53.59140581088601],[-2.2692606468408085,53.591959404346916],[-2.2699553931842185,53.59192554254585],[-2.270098029341566,53.59178870612261],[-2.2700777498852442,53.59142107669255],[-2.269889012813572,53.5909928600561],[-2.2694260375127153,53.59042737201168],[-2.269320766623587,53.589978275208885],[-2.269403407709858,53.589689537638634],[-2.2695892951810306,53.58944924782969],[-2.2698712831741927,53.58917699413107],[-2.2701578974654986,53.589111747827104],[-2.2705470806660597,53.589213388208044],[-2.2710485605314954,53.589674304742225],[-2.27180851612496,53.5901697579987],[-2.2755108831352278,53.59150478153353],[-2.276269454609542,53.591550731797255],[-2.276756715562651,53.591413099478864],[-2.2772225607285876,53.591032552135914],[-2.2777017446835552,53.59038146908485],[-2.2784848063361713,53.589598119253054],[-2.2787508434328774,53.58889090634274],[-2.2788074202708373,53.588522020303024],[-2.278729113644166,53.588316541547634],[-2.2780592755789777,53.58731222039851],[-2.2780525068470365,53.58679010551021],[-2.2778885624846534,53.58619445420229],[-2.278107564783763,53.58568610557799],[-2.278425074934893,53.58551458863908],[-2.278825455547943,53.5855271378885],[-2.279773417339455,53.585889812351745],[-2.2814574865703574,53.586788321060475],[-2.281890507451421,53.58687998816379],[-2.28229318359212,53.58680882130138],[-2.2825155471944374,53.58659875160978],[-2.2825873629054843,53.58632528340893],[-2.282365594143029,53.58542193423643],[-2.2823664664021868,53.58422468938392],[-2.2822290035240353,53.58376727530886],[-2.281411720961191,53.58282009035367],[-2.2808754204747226,53.582802521179985],[-2.2806887277103973,53.58268867331673],[-2.2806600508781574,53.58263957458291],[-2.2808253537546914,53.58258244314044],[-2.2804297442781407,53.58214826564903],[-2.2798551627311228,53.582055243929425],[-2.2791454062797163,53.58207768446979],[-2.278800625504873,53.58197316407311],[-2.2787138595174974,53.58189872746242],[-2.278638872778902,53.581493502394416],[-2.2775667495666987,53.58088760475343],[-2.277574019302167,53.580123581124234],[-2.2757367554884538,53.5797882459086],[-2.274963597579553,53.579566154971594],[-2.2734093578140517,53.579345857201524],[-2.2721235008789824,53.57946563063368],[-2.271010644309898,53.57999313949093],[-2.2690220982897182,53.580356040603306],[-2.26838209909125,53.580878810436374],[-2.268142603217269,53.58122089480017],[-2.2681368474827996,53.58150685285961],[-2.267895159189702,53.581720570552164],[-2.268006240304452,53.582048125226606],[-2.2677962174524677,53.58227779784994],[-2.267962624349984,53.58358551149059],[-2.2675617482865524,53.58438720473638],[-2.2673718093718853,53.584508135965066],[-2.2668403855455095,53.58462680512109],[-2.266430035270703,53.585097004391216],[-2.2660984039245284,53.58520644766667],[-2.2652783222735113,53.585711615512324],[-2.264760393290849,53.58569928135315],[-2.263889103652443,53.58549640053065],[-2.2632942489086814,53.58509861359531],[-2.262492468338411,53.584906283533435],[-2.2610293497462415,53.58478899037652],[-2.2602031025457507,53.58499022435192],[-2.2594858964942555,53.585283049441976],[-2.25913256049751,53.58526275636709],[-2.2582659542832966,53.584623379389356],[-2.2560769424261733,53.58358178753572],[-2.2548758476009647,53.582831862772366],[-2.254461565002301,53.58246619333817],[-2.254649107215631,53.581548141661315],[-2.254621599385035,53.58121367340076],[-2.2545236989813557,53.581023437630584],[-2.2524286573979952,53.579468408912184],[-2.250601104393759,53.57842596139876],[-2.2506705884439633,53.57717025621556],[-2.250467377196529,53.576796597601735],[-2.249003659053707,53.57572549855372],[-2.2465438709743624,53.57369390846985],[-2.243414429978804,53.57177878256645],[-2.243252033756371,53.57160468587779],[-2.243975595696327,53.570137287452816],[-2.2450563608080376,53.570266233734294],[-2.2454498606934354,53.56863124090549],[-2.2431803131205474,53.56782244633498],[-2.244448808074971,53.56654434263806],[-2.2451193543019214,53.56606575172279],[-2.2458866572069183,53.56535409726168],[-2.246080042508441,53.565100336109786],[-2.246468689712359,53.56410183028392],[-2.2471041817595276,53.56342592096736],[-2.248165566598197,53.56334498814155],[-2.248169123256568,53.5632227933367],[-2.247819000467636,53.562971001676274],[-2.247767531801721,53.56264303417285],[-2.2472567592792236,53.562341041414996],[-2.247225805396308,53.56197817443038],[-2.2470410777379826,53.56185159622367],[-2.246763036237692,53.561823524888595],[-2.246709541531557,53.561708521721016],[-2.246439956124474,53.56159751477157],[-2.245096353016932,53.56170649338294],[-2.244442842035285,53.56183278787479],[-2.2440645870007954,53.561999786842264],[-2.2426260718178277,53.561529008584564],[-2.241727938294747,53.56153888239829],[-2.2416404582772644,53.56150310599205],[-2.2415804704871816,53.56132711881966],[-2.2408769147557455,53.56155408346557],[-2.2407497352638486,53.56150856217943],[-2.240809352045563,53.56137024638664],[-2.2406948219933627,53.56114098694723],[-2.240084830585895,53.56114333766243],[-2.2393043501166936,53.56086514132444],[-2.2390328804779602,53.56091343073616],[-2.238667069367803,53.56062934854829],[-2.2382904495384164,53.56014052797488],[-2.2380890262385376,53.56009121949631],[-2.2380827492937185,53.56000584279849],[-2.23771008302088,53.560082131740025],[-2.2372882038626742,53.559725117607954],[-2.2372190415711484,53.559422177170504],[-2.2370432330129417,53.55934981042136],[-2.2369108701004525,53.55940396701179],[-2.236631317103172,53.55935255938397],[-2.236461432048666,53.55925936305763],[-2.2364403090786986,53.55919114741687],[-2.2416543859246776,53.55714624558163],[-2.2373679854708706,53.55367383633981],[-2.2362635484321753,53.551098337815226],[-2.235853701698038,53.549072274215746],[-2.2355873349982707,53.54722401201406],[-2.234656587768176,53.5451394212475],[-2.234108617768382,53.54326642314208],[-2.2343589458787005,53.542143222883745],[-2.234603238478939,53.54180763920038],[-2.2343508325064936,53.541693829586485],[-2.23547253337222,53.54113220600471],[-2.236360881501981,53.540560984756375],[-2.2364454556368756,53.540419807897365],[-2.2363667309325055,53.5399801332283],[-2.2365598018831947,53.53978674654092],[-2.237206455919063,53.53940433049786],[-2.237230271179991,53.538787717057424],[-2.2377562242177476,53.53871475548966],[-2.238141673405576,53.538836175621135],[-2.238476674090719,53.53879252495308],[-2.2390372533917025,53.53919841590768],[-2.2387422978710583,53.539389658028604],[-2.2388742893065765,53.53948188448608],[-2.238830501725376,53.539744558228804],[-2.239378570242583,53.540101899404966],[-2.2402484917789804,53.54047242432184],[-2.2419890718844404,53.54142973172403],[-2.244176749838592,53.54243450308799],[-2.2452384922505755,53.54304635049256],[-2.2464441574375953,53.54358597574192],[-2.247939880199344,53.544127521933866],[-2.249838325449544,53.544417378671454],[-2.2516728871770844,53.54458795643023],[-2.25202150024929,53.54428779221251],[-2.2531040746073097,53.54394142013981],[-2.2581949827666135,53.543266232646204],[-2.258886175711025,53.54308609314878],[-2.2594401089332603,53.54282843548211],[-2.2669891367548343,53.53842098469039],[-2.267886499823793,53.53783136086685],[-2.268324443866994,53.53744472277802],[-2.2685412255760906,53.53712879757754],[-2.26871926914667,53.536652831132024],[-2.268705869298135,53.53595263954552],[-2.2686424664439926,53.5356949234791],[-2.268515831960883,53.535725543945354],[-2.268322038593717,53.535350435819005],[-2.268547130813213,53.53523585852437],[-2.2684745843072043,53.535168357040426],[-2.2679935497224557,53.535450845282305],[-2.2678254652010854,53.5351105625745],[-2.2682711349638454,53.534981181601765],[-2.2676651769045115,53.534367681512194],[-2.267471748974415,53.53405071696482],[-2.2672595374247893,53.53344363112464],[-2.2671439323097102,53.53252991483558],[-2.266337447790202,53.53143313708021],[-2.2662252115621824,53.53112890565669],[-2.2660509191123053,53.53025097569108],[-2.2661591821983706,53.52947322094024],[-2.26611638069349,53.52873457851486],[-2.2659096966724164,53.52697584872392],[-2.2658082248634024,53.52673085321176],[-2.26454671670147,53.52566291113878],[-2.2640866922222047,53.52469150149895],[-2.2627801804506245,53.52493706942862],[-2.262297101398331,53.5251007671664],[-2.2570914762211136,53.52709065417452],[-2.2465330858559627,53.52927625483596],[-2.248747302706609,53.52482249270264],[-2.251035709925121,53.52562831444439],[-2.25127969446214,53.52559465224929],[-2.2517077742280067,53.52577069644303],[-2.2519628195435275,53.52553198432403],[-2.2514543781928587,53.52532378797482],[-2.2514575171591855,53.52402389788694],[-2.2534800064198226,53.52423725013272],[-2.2530757751653825,53.523481113618985],[-2.252876727390441,53.52249843832504],[-2.2534797485883864,53.52245754830448],[-2.253454802972847,53.52226601355028],[-2.253563376189326,53.522254286958784],[-2.2534682746524832,53.52179945116356],[-2.25398990786885,53.521777822593066],[-2.2539851417978256,53.521689674516246],[-2.2543921768360566,53.52166350598198],[-2.2543346637452206,53.52110466688996],[-2.2542318950416207,53.52110038248189],[-2.2541752138399196,53.52066983292731],[-2.2554346387870647,53.52045795025093],[-2.2556331427736644,53.520626345723294],[-2.2565033864141313,53.52025458493084],[-2.25625981170236,53.51997081809609],[-2.256378892573101,53.51994444226397],[-2.256346245787589,53.51984563991497],[-2.2567449943000217,53.51969198064705],[-2.2566592219755286,53.51945762161558],[-2.2567500108695464,53.518494822454564],[-2.2566653529062672,53.51820992817879],[-2.2569274712303193,53.51792347944495],[-2.257554744626872,53.518142542165045],[-2.2577438283716127,53.51800197810234],[-2.258364084657143,53.518085740276405],[-2.258552208265392,53.5180207335402],[-2.2585746003710514,53.51821309086013],[-2.2589860110471744,53.5184278673028],[-2.259410252898452,53.51822701760246],[-2.2610344688285586,53.51823919981038],[-2.2650568848659587,53.51798934445726],[-2.2691269173246393,53.517452731961605],[-2.269231830551967,53.51757271549275],[-2.2703546075234318,53.51744911464971],[-2.270839301039417,53.51730873225333],[-2.2716111053333883,53.51746801608935],[-2.271905935363728,53.517350091529856],[-2.2722087780990314,53.51709772632133],[-2.2729340536966642,53.516800577342416],[-2.274668347653409,53.516357014783274],[-2.275720337551839,53.51622959829363],[-2.2774327292072822,53.51616808057132],[-2.27934020659352,53.51586438384838],[-2.279423888211195,53.51597633654901],[-2.2807962915571705,53.515769198151474],[-2.282597796145499,53.51518970021366],[-2.2834064163543033,53.514602683554735],[-2.283992471208147,53.51429203621153],[-2.284489267771351,53.51388384056679],[-2.2850810370400634,53.5135846883836],[-2.285886524604353,53.5133951300505],[-2.2872460725451096,53.51325508266852],[-2.2883023957730506,53.51294327328495],[-2.2894470483641793,53.51273658481018],[-2.289611125228018,53.51268056677014],[-2.2902604204155645,53.51211974922402],[-2.290797442840327,53.5120044429159],[-2.2915212050077245,53.513731781086605],[-2.2917656488373566,53.51398567336728],[-2.2926730729227804,53.514570505076854],[-2.294356007036923,53.51539414918439],[-2.2959824651514555,53.51574601765153],[-2.297737118037752,53.51562648859113],[-2.3015238673454217,53.5166975689573],[-2.302261244328829,53.517070405605516],[-2.3025124771991283,53.51740599934064],[-2.302620999404057,53.517820027510844],[-2.3020727976204785,53.520058693960095],[-2.3020722689335402,53.52038058828495],[-2.3022834309006575,53.52104435164229],[-2.302832457065124,53.52189208724939],[-2.304064334115014,53.52290748875144],[-2.3068712596736214,53.52474206333315],[-2.3092635563275703,53.52617319453132],[-2.310474308449803,53.52717029286865],[-2.3116590947911293,53.52744867101678],[-2.312911405509257,53.52748414675992],[-2.315900773328142,53.5274456656933],[-2.3193973275951607,53.52702739719655],[-2.3218215847527195,53.52700909914218],[-2.324544578876283,53.52727868441798],[-2.3263239566798797,53.52817632774874],[-2.3269580021958385,53.52860491429102],[-2.3277403325270742,53.529308360688745],[-2.3283622581386756,53.529566480943295],[-2.3312563344940425,53.53022812862715],[-2.33372256768876,53.530968435986125],[-2.334585295412794,53.531086234223444],[-2.335635742304992,53.53157146634101],[-2.338238115348535,53.533631478563734],[-2.337803028871002,53.53454971935251],[-2.3372966528165433,53.53459391209522],[-2.337294740725562,53.53470824093463],[-2.3374402380394685,53.53480220833362],[-2.3371923954500504,53.53511919171889],[-2.3371192384436035,53.5354061819496],[-2.337167039925343,53.535547048070626],[-2.337042536710035,53.535841490667046],[-2.337253707004797,53.53618865592346],[-2.3372825760058054,53.53638096207371],[-2.33758149821329,53.536617447580674],[-2.337479759236739,53.53668769163852],[-2.337752405729246,53.53705739601338],[-2.337293252303593,53.53718263389064],[-2.3374124543081307,53.53753391437632],[-2.337896469725593,53.537919038686844],[-2.3385154340312164,53.537960278362775],[-2.338762447322449,53.5380693985611],[-2.33886885655769,53.53852301073076],[-2.3400873608174764,53.53959001278666],[-2.3411547919688362,53.541156289353495],[-2.341411101055648,53.54131477770738],[-2.3416591252664487,53.542122781200284],[-2.3418209625207616,53.54312733701058],[-2.341542526034306,53.54584711055674],[-2.3438559602469344,53.54525177345044],[-2.3444603197462675,53.545730893610745]]]}},{"type":"Feature","properties":{"LADNM":"Manchester"},"geometry":{"type":"Polygon","coordinates":[[[-2.258568140157005,53.35787234796882],[-2.2584505736796556,53.35734205692635],[-2.2580421205168966,53.35703563765629],[-2.261104387576507,53.35612449747288],[-2.261414013190172,53.35597305242942],[-2.261312386091425,53.35576647330506],[-2.262392964756595,53.3553227934758],[-2.2646156071363266,53.3539556063342],[-2.263929645986308,53.35366902232778],[-2.264205089355604,53.3529534816556],[-2.266224477071128,53.35176996580941],[-2.2668353559713754,53.351701248278886],[-2.267083441209075,53.350769458788605],[-2.2670701020326667,53.350565482046996],[-2.2683274000973777,53.35053183710632],[-2.271808854801456,53.35068323066305],[-2.2726690767353017,53.35056440503167],[-2.2733451863047165,53.350359767176926],[-2.2747895757256837,53.349761226995504],[-2.278370919526325,53.34859567146318],[-2.2793028495306036,53.34754768147774],[-2.2804294833274645,53.34597931888644],[-2.281105424856157,53.345980253018844],[-2.282896835670229,53.3463636525385],[-2.284618431386307,53.346492506882534],[-2.2867035183636197,53.345503189123185],[-2.285868040144423,53.345002683413824],[-2.286282321121954,53.34470502729134],[-2.2868944900727146,53.343739241988814],[-2.287760177431484,53.343346148502995],[-2.2879339645471513,53.34307101255824],[-2.2883326511996,53.342973425336545],[-2.2899083528540283,53.34228926954738],[-2.290234326948876,53.34232330763624],[-2.2906552791543295,53.342797837170664],[-2.2912800029549656,53.34300417579659],[-2.2922634145339207,53.342948403565444],[-2.2940571341012443,53.34304493621754],[-2.294119558909844,53.3429188418918],[-2.294464142435057,53.34279268024769],[-2.2956495874944265,53.343049034163826],[-2.295857797472175,53.34301088212356],[-2.296744148817222,53.342036895519406],[-2.2971491978213847,53.342091670514144],[-2.2972780118061,53.34194385418143],[-2.2978461902774225,53.34188937606001],[-2.301344361626028,53.34010535769168],[-2.3015061004208897,53.3402694686824],[-2.30164823416333,53.340209352419535],[-2.3028364658911475,53.34097709301159],[-2.2990197422269016,53.34282456926965],[-2.299080293987406,53.342892111142014],[-2.2987416271623577,53.34319234874114],[-2.297456387919243,53.3438013151747],[-2.298146451134835,53.34442707323438],[-2.297659501617192,53.34440220468577],[-2.29693988986857,53.344798619749405],[-2.2964554768304755,53.344931913682956],[-2.2964378283313613,53.34563301123813],[-2.2967123753804843,53.34603064346865],[-2.297316812799447,53.34634991665391],[-2.2982394297685187,53.34658244169201],[-2.2983182784970877,53.346716238597544],[-2.2981603737358,53.34709218925743],[-2.297369822144789,53.347689384222626],[-2.2971505302022464,53.34808514476658],[-2.296898318978462,53.3483357748864],[-2.296931385300728,53.34856742944369],[-2.297753364385558,53.34904009836486],[-2.2988714225148414,53.34899867701054],[-2.2989331401680286,53.34911995023894],[-2.2986396979152013,53.34971848590127],[-2.2987508734924362,53.34990696944769],[-2.2990698412232784,53.350005890177904],[-2.2994739854788744,53.349997577094314],[-2.3000497691813067,53.34983264378284],[-2.30106889974568,53.34902923857171],[-2.301451548291304,53.34903726051953],[-2.3016513401922687,53.34921175568989],[-2.301539825783662,53.34984039963601],[-2.30135921661221,53.35018973339323],[-2.301437192391921,53.35039543073556],[-2.3020075146194725,53.35064118503915],[-2.3025165778234915,53.35067948977332],[-2.303076946966939,53.350525268503894],[-2.303583367995434,53.35070711544159],[-2.303978932953033,53.3510100415706],[-2.3043380507923406,53.35147204195526],[-2.304525688924555,53.35223924896773],[-2.305349760943901,53.35266150560598],[-2.3055637197857615,53.3530958651268],[-2.306186794439674,53.35323807661505],[-2.307172858376565,53.35332458247507],[-2.3079056879705186,53.353516793814045],[-2.308186067036195,53.35365989718011],[-2.3087040358109747,53.354167320357206],[-2.3092343012579897,53.35435464104474],[-2.3103320562461964,53.35456133317656],[-2.312044156505665,53.354668387926125],[-2.312392707197391,53.35488768867441],[-2.3125596105297404,53.35509321758816],[-2.312637490671609,53.3558721507372],[-2.3127456246311713,53.35608394570403],[-2.314196604016709,53.35662113237496],[-2.31432954552004,53.35675842542793],[-2.3143279486471013,53.35692107047179],[-2.3139951701289325,53.357415667261876],[-2.3137356814821506,53.357416350179236],[-2.3136385484803252,53.35757822177363],[-2.3119635169921002,53.35757642195865],[-2.3077035426620136,53.35816810273045],[-2.307141225057621,53.358321442591965],[-2.3067227948461464,53.35824955856219],[-2.3041082541842437,53.35881804531229],[-2.30147071386328,53.359596930226175],[-2.3000271702529895,53.36020952038361],[-2.2996044730257004,53.360229994037994],[-2.2984491350910554,53.36087081552828],[-2.2975970632709877,53.36150241103143],[-2.2971537696417634,53.36197009022764],[-2.2971590259389827,53.36215589677766],[-2.2963623120813077,53.3630625894099],[-2.2964428345013,53.36310495951968],[-2.2961830136507126,53.363710118531756],[-2.2955734224011595,53.36465095332588],[-2.295058404990562,53.36579408299794],[-2.2949497753294503,53.365801475197046],[-2.294868883361462,53.36594970468668],[-2.294986315768784,53.365998258573434],[-2.2947397866526904,53.36660775869976],[-2.293403395732618,53.36895821236283],[-2.2928913035526572,53.369683056326465],[-2.2927106508261264,53.37022153262062],[-2.2920930637023966,53.37073921908917],[-2.2908295000775043,53.37237008547011],[-2.290582783403775,53.37244759983504],[-2.290343213964529,53.372700860890994],[-2.290119372996689,53.372723495141805],[-2.288275259049034,53.3743071609761],[-2.286399594451012,53.37565149742038],[-2.286492657052797,53.37574836007203],[-2.285641954962381,53.376207292241915],[-2.2863621923961044,53.376344879915656],[-2.287221662777594,53.376330512409936],[-2.2874304998535155,53.376504105519686],[-2.2886203754343857,53.37690874051238],[-2.2889010442485316,53.377237907593525],[-2.2893279262028057,53.37742984065804],[-2.289669162832488,53.37787226844448],[-2.2899674533356844,53.37801086732711],[-2.290261613349607,53.378370541710176],[-2.2906360092528257,53.378591756883736],[-2.29146774568137,53.37950915554703],[-2.292534545518286,53.380326189384405],[-2.2927766828427503,53.3808236547454],[-2.293830390735613,53.381239843575145],[-2.2943221596416437,53.38169986420102],[-2.294588514665569,53.38170116621629],[-2.296519234120247,53.38222221663041],[-2.296568332916895,53.382392878320054],[-2.296886215245758,53.38269040183443],[-2.297184212406817,53.38272476933142],[-2.2973778044733204,53.382865300304864],[-2.297749159617986,53.38289414425176],[-2.2980956338202434,53.38320248736772],[-2.298069402118992,53.38333188114275],[-2.2981665213176243,53.383456580204474],[-2.298544074305328,53.38349804418586],[-2.299185238736204,53.38401581806391],[-2.299943932672078,53.38434199728547],[-2.299996273200231,53.38456938551445],[-2.3002345998197224,53.384853617170705],[-2.3002267137538173,53.38500194917071],[-2.299596246689251,53.38540717698322],[-2.299780264949919,53.38545977447325],[-2.2998393389985363,53.38556920620111],[-2.299176189709714,53.38614164816209],[-2.2991688284960965,53.38636105170178],[-2.2994186586398273,53.38661490151173],[-2.2992906415299275,53.38683432917621],[-2.2995422252720887,53.386881445223985],[-2.299746282923144,53.3870418557847],[-2.299381520674173,53.38754615198662],[-2.2997150188163067,53.38771796780574],[-2.299754690201396,53.38782921005095],[-2.2996266352862094,53.3879921806614],[-2.2999626489796996,53.38813516298931],[-2.300005612141232,53.388232221829014],[-2.29997470909418,53.388314886891436],[-2.299785542671665,53.38834234622246],[-2.2997943648295602,53.38853210956113],[-2.2998992020406033,53.38858345415555],[-2.2999041479829945,53.388706239611615],[-2.300192774527916,53.38873595808319],[-2.300405409245405,53.389025862767],[-2.3001556804616237,53.38904980781606],[-2.30023344256887,53.38916028887794],[-2.300138770570733,53.38936989427181],[-2.3004809524868874,53.38954250852799],[-2.2999378174972596,53.38981178079503],[-2.2998977392609588,53.38999678620287],[-2.3001262101708684,53.390412501003446],[-2.300008825796047,53.39079888388172],[-2.3001280071584262,53.3910714152689],[-2.3002979133417445,53.39110868591373],[-2.300123986319422,53.39136529886095],[-2.300067376165484,53.39166483372935],[-2.299880553904829,53.39182883317932],[-2.300101546020037,53.39205017016278],[-2.3000543590369884,53.39215472744871],[-2.3004751597790154,53.392321701302585],[-2.300718031888995,53.392644679086445],[-2.300667507166157,53.392703353702835],[-2.301151951959163,53.39300312866441],[-2.301483474870877,53.39350200373259],[-2.301719526369508,53.39352218862899],[-2.3018404794975114,53.393814012251106],[-2.302515763065323,53.3940137094472],[-2.302943331411541,53.394333400732314],[-2.303501533421505,53.39498365559616],[-2.3036402061481316,53.39504795774713],[-2.3039065845123288,53.395504808247054],[-2.3046003214402595,53.39618358393698],[-2.3046157302329884,53.39668780499632],[-2.304859121080615,53.3968147135537],[-2.304982198661447,53.3970039954999],[-2.3052939264038925,53.39708858991216],[-2.3055704110735773,53.397044062682205],[-2.3058631894645645,53.39717449206012],[-2.3066074476730978,53.397151800080856],[-2.3073777000600395,53.39740963356942],[-2.3091609074898525,53.39963419815134],[-2.309396024382273,53.40010466296633],[-2.3100321166938147,53.40051563320947],[-2.3198962799007283,53.41163712419415],[-2.318962502763022,53.41150842647103],[-2.3182153784292048,53.41116803716647],[-2.3167858487234434,53.41111790926159],[-2.3160337236882413,53.410935637700625],[-2.3149519679707087,53.41063310177983],[-2.3128003855213812,53.40986187829001],[-2.311991265010594,53.40991708313026],[-2.3110310510744947,53.409822405334815],[-2.3090415159049904,53.40993628253104],[-2.3082661490046648,53.40984839336799],[-2.3075417635263245,53.40992049033967],[-2.3072141592615334,53.40978823136273],[-2.3065479021767104,53.41003305896152],[-2.3058581293911087,53.410089982939226],[-2.305377385135568,53.40998250637426],[-2.3044773838211636,53.40995251033641],[-2.3036175028303627,53.40960780518833],[-2.301863251753752,53.40976869322888],[-2.3007321856794225,53.409769589752],[-2.300299022801133,53.40960636049416],[-2.2995166374256915,53.40891901987121],[-2.297689249090975,53.408346364424],[-2.2977138436738356,53.408852180281734],[-2.297587354322501,53.40985020277991],[-2.2972815146924246,53.410896478578984],[-2.296733174827692,53.41147760653843],[-2.2965445380522724,53.41179716987276],[-2.2950101941540795,53.41269728671831],[-2.2939346280947492,53.413601341936754],[-2.292485685337767,53.4137442251995],[-2.2909043063587147,53.41418403659567],[-2.290373128489145,53.41440386946067],[-2.289642949439895,53.41495393775724],[-2.288938489004323,53.41534580339341],[-2.288099260645423,53.41541609176478],[-2.287249720986022,53.41494660687677],[-2.2862750194231976,53.41536829020437],[-2.285665138003015,53.41547475177251],[-2.2847060494222746,53.41604444718505],[-2.284169928890142,53.41616538991873],[-2.283585759897711,53.41613419614213],[-2.2830451787298003,53.4160079499186],[-2.2819114576424817,53.41541907841088],[-2.2814422706077293,53.4152800273001],[-2.2793097754219476,53.41544681432366],[-2.2780892973300366,53.41539040340687],[-2.277797094504947,53.41549506826183],[-2.2779475833785896,53.41557668901427],[-2.27800867913175,53.416150097926455],[-2.2784108290383043,53.41732134968633],[-2.2784220338651173,53.417741826403685],[-2.278246524933492,53.41822592820198],[-2.278122500905334,53.418385206988546],[-2.277354781933153,53.418764513413564],[-2.2764368441981215,53.41896606367434],[-2.2759924753985468,53.41930721934512],[-2.2764884506515886,53.41950786427027],[-2.2764139054355375,53.41963011057503],[-2.275418351219893,53.419408714372516],[-2.273910652970744,53.421585042301615],[-2.2741704159226237,53.421663700518586],[-2.273812254241441,53.422195190918615],[-2.273842924644697,53.422284615064505],[-2.2737064758552954,53.422566045102506],[-2.2748320310547996,53.42304356361931],[-2.2762113161713304,53.42341340386844],[-2.277750884199943,53.42347808939863],[-2.280320919051706,53.423853248355044],[-2.2822728967394275,53.424411276474665],[-2.283650878031965,53.424991419954],[-2.284265146679992,53.42550062483058],[-2.2853301291498047,53.42722641046382],[-2.2856418041076605,53.427906259701],[-2.285871033030942,53.42905708964478],[-2.2862513224031695,53.42965756567461],[-2.287458385498941,53.43101277935922],[-2.2880774043271073,53.43150818236981],[-2.288708673347353,53.431863672829365],[-2.2893906709943526,53.43207240687154],[-2.291309073988646,53.43225734402585],[-2.2930957842753563,53.432643971132194],[-2.2939518258105767,53.432643555642585],[-2.295412087909623,53.43248265065053],[-2.29610182713322,53.43251071147145],[-2.297542190215874,53.43293492997794],[-2.299186103634512,53.43320412597936],[-2.2996537923669402,53.43335913758218],[-2.299915788907368,53.43356543169268],[-2.300056499595931,53.43390388311646],[-2.299946657968422,53.43453698843356],[-2.2999450069081195,53.435169866679644],[-2.3000028536215678,53.43570173493345],[-2.3001944891790296,53.43619730355209],[-2.3000968765060357,53.436628998818684],[-2.2996980685447075,53.4373086533614],[-2.2975005277031517,53.43646219063828],[-2.2968873165447454,53.4363550101757],[-2.2960808964678443,53.43599297763518],[-2.2954507348249553,53.43586675817338],[-2.2942161849724685,53.436048715671944],[-2.294882860166442,53.43729113768721],[-2.295397445860361,53.43877662266062],[-2.2929532775535844,53.43886523338004],[-2.2920872637762266,53.43902104174007],[-2.29140163775389,53.43925141732691],[-2.2900025410496774,53.441040364868186],[-2.289910821930714,53.441317542202455],[-2.2901545804618118,53.44174109152758],[-2.2915226862225215,53.443186034207315],[-2.2925775018834322,53.44352951153437],[-2.2932597672257744,53.443609578879624],[-2.293207306648115,53.444259407294716],[-2.2931133066683946,53.44440453316643],[-2.2932957031875083,53.444531101955306],[-2.2932351483375153,53.44460733858463],[-2.2927821448910026,53.444417471439614],[-2.2917508498264048,53.44538218471171],[-2.2903445670252043,53.445061134337145],[-2.290016600676816,53.445311794577535],[-2.2895939602664472,53.44514017818124],[-2.286150635030993,53.44916908266531],[-2.284518447755775,53.44897244150302],[-2.283085329446328,53.44899298995681],[-2.282726294725117,53.44913147302967],[-2.2814126055884967,53.4492820429367],[-2.2797515570060676,53.44920224640184],[-2.279591886633096,53.45010877045542],[-2.2782329276249915,53.45024846335291],[-2.277288725380024,53.45049504013968],[-2.276717375681763,53.450554782367135],[-2.275447045690691,53.45048526416754],[-2.2753725070574724,53.450546378251886],[-2.273133687753062,53.45055770630318],[-2.271651161936607,53.45069062290655],[-2.2702656496893745,53.45145358917418],[-2.2583427672949434,53.458780058970724],[-2.255493769703164,53.45966362970677],[-2.25360450558278,53.45993505899184],[-2.2538342847939816,53.46013991087859],[-2.2538623849045276,53.4604646592376],[-2.2532173966242324,53.46064008234427],[-2.2534494355471564,53.46119182474778],[-2.253040317705997,53.46128465394585],[-2.253074294074412,53.46150693017838],[-2.253305629741091,53.46217777174464],[-2.2536380403239575,53.462591381262655],[-2.2538250293930067,53.46268901224792],[-2.25436146713432,53.462430853559894],[-2.2559008471512656,53.46215790878486],[-2.2563708311129935,53.4621998742986],[-2.257710198782138,53.46255765337277],[-2.258085145611764,53.46275796074869],[-2.258088150700777,53.46301974396835],[-2.2584643578896646,53.46303000651749],[-2.258447690895905,53.46370995606495],[-2.2590301861604387,53.46413115240578],[-2.2600967710436346,53.465826928943514],[-2.2607140225435693,53.46591988068331],[-2.262718323712317,53.467412558956006],[-2.2629803752977606,53.46740118231608],[-2.263545280457653,53.467788230008075],[-2.2639870819532915,53.46761065716771],[-2.2645301608670776,53.46780718365955],[-2.265103858010626,53.46831825452783],[-2.265126948148822,53.46842646950853],[-2.2645106338774044,53.468682758942734],[-2.2657524201166916,53.46972038175973],[-2.266550537854026,53.46960572514662],[-2.2674775453400375,53.469692691708374],[-2.267932164569481,53.469838067662664],[-2.2668135533062226,53.47070818578608],[-2.265121713127016,53.47245828099811],[-2.265346508843734,53.472698415649226],[-2.264964851404221,53.47282544889068],[-2.2640342539838962,53.473611188648185],[-2.2635964985883614,53.4746890827987],[-2.263238740925253,53.476068757418],[-2.26294221471608,53.47654129646597],[-2.2627139302621373,53.47673517691402],[-2.260195544628081,53.477770496039724],[-2.256410530952849,53.48025230550932],[-2.2554685570304938,53.48076300874764],[-2.2537238804705733,53.48154451849063],[-2.2504165838783465,53.48262730254128],[-2.248940294197933,53.48319132336517],[-2.248333269425906,53.483509709174726],[-2.245693116738303,53.485024395604114],[-2.245139704031131,53.486070997890245],[-2.2451382544991114,53.48655357277691],[-2.245387146771249,53.486838723423865],[-2.2487858207537057,53.48828968842347],[-2.2489124236985143,53.48847465849534],[-2.249110326987373,53.489300311014446],[-2.249632369591042,53.48965426435764],[-2.2504421947731017,53.49000761214842],[-2.2506439384147097,53.49027234797382],[-2.2507948406379965,53.490783500595754],[-2.250844986372096,53.491140991525974],[-2.25065837293871,53.49208208691579],[-2.2509036812694903,53.49238408672789],[-2.2515836318767155,53.49290847989886],[-2.253460791974745,53.49347628915637],[-2.2529311053267387,53.494155026550686],[-2.2525456838374502,53.49500612169],[-2.25253095258873,53.495301890439414],[-2.25269447930788,53.49547317872462],[-2.2534125411017114,53.495819671366874],[-2.254906387080714,53.49733357816076],[-2.2544371403744523,53.49747922978997],[-2.2544546038922806,53.49767793137062],[-2.254578633914667,53.49798059973682],[-2.255344303207874,53.498804067264075],[-2.2552129125738656,53.498871905201554],[-2.255404677628178,53.49907722247334],[-2.2543136632549707,53.499514537091585],[-2.25420863326866,53.49983385004526],[-2.254837553431238,53.500363330389014],[-2.2545742089403498,53.50039018322867],[-2.2545229669533327,53.50055345044609],[-2.254606525632582,53.50061184992655],[-2.2544708358156162,53.500711802860046],[-2.2545382240250635,53.50078238920095],[-2.254032251276984,53.50108288916379],[-2.254096815424144,53.50118541764626],[-2.2537437930008717,53.50136112085511],[-2.253402630673058,53.50182447340228],[-2.252456323608956,53.50279307067139],[-2.252407076764302,53.50291086922656],[-2.25258959148719,53.503146887928835],[-2.2515180590579904,53.50388533123028],[-2.2488478793207247,53.50318434236459],[-2.247104889469313,53.5023961712931],[-2.246377945638685,53.50387258395451],[-2.245726786506811,53.50484072936843],[-2.2452804120259264,53.50480794942634],[-2.2454716207947403,53.505405628154314],[-2.2453963558194383,53.50545513825991],[-2.245430272159257,53.50559079372054],[-2.2455163648413916,53.5056002972847],[-2.245566555158375,53.50616552080495],[-2.2456804528548804,53.506189555278795],[-2.2456990507847236,53.50652163014571],[-2.2487813239047023,53.50711075875893],[-2.2485148677251816,53.50772560005688],[-2.250267254268414,53.508030351263116],[-2.249235273971735,53.50904131992003],[-2.249215310255269,53.5095150645989],[-2.248010708614772,53.509407976460466],[-2.247754131617397,53.51000179834847],[-2.246574718451949,53.51073848479208],[-2.246365890056549,53.5110476048363],[-2.2466060203796583,53.511083242658806],[-2.246678773739647,53.51123832230068],[-2.2464191308458683,53.51153259962586],[-2.2458302364397573,53.511883228765306],[-2.2451853182213872,53.512077568952954],[-2.2457669802800724,53.512922365314125],[-2.2468909333741967,53.51430623062543],[-2.250236773783072,53.516288509745515],[-2.2510468831197255,53.5166030937432],[-2.2550040331224213,53.51758708465963],[-2.2569274712303193,53.51792347944495],[-2.2566653529062672,53.51820992817879],[-2.2567500108695464,53.518494822454564],[-2.2566592219755286,53.51945762161558],[-2.2567449943000217,53.51969198064705],[-2.256346245787589,53.51984563991497],[-2.256378892573101,53.51994444226397],[-2.25625981170236,53.51997081809609],[-2.2565033864141313,53.52025458493084],[-2.2556331427736644,53.520626345723294],[-2.2554346387870647,53.52045795025093],[-2.2541752138399196,53.52066983292731],[-2.2542318950416207,53.52110038248189],[-2.2543346637452206,53.52110466688996],[-2.2543921768360566,53.52166350598198],[-2.2539851417978256,53.521689674516246],[-2.25398990786885,53.521777822593066],[-2.2534682746524832,53.52179945116356],[-2.253563376189326,53.522254286958784],[-2.253454802972847,53.52226601355028],[-2.2534797485883864,53.52245754830448],[-2.252876727390441,53.52249843832504],[-2.2530757751653825,53.523481113618985],[-2.2534800064198226,53.52423725013272],[-2.2514575171591855,53.52402389788694],[-2.2514543781928587,53.52532378797482],[-2.2519628195435275,53.52553198432403],[-2.2517077742280067,53.52577069644303],[-2.25127969446214,53.52559465224929],[-2.251035709925121,53.52562831444439],[-2.248747302706609,53.52482249270264],[-2.2465330858559627,53.52927625483596],[-2.2570914762211136,53.52709065417452],[-2.262297101398331,53.5251007671664],[-2.2627801804506245,53.52493706942862],[-2.2640866922222047,53.52469150149895],[-2.26454671670147,53.52566291113878],[-2.2658082248634024,53.52673085321176],[-2.2659096966724164,53.52697584872392],[-2.2661591821983706,53.52947322094024],[-2.2660509191123053,53.53025097569108],[-2.2662252115621824,53.53112890565669],[-2.266337447790202,53.53143313708021],[-2.2671439323097102,53.53252991483558],[-2.2672595374247893,53.53344363112464],[-2.267471748974415,53.53405071696482],[-2.2676651769045115,53.534367681512194],[-2.2682711349638454,53.534981181601765],[-2.2678254652010854,53.5351105625745],[-2.2679935497224557,53.535450845282305],[-2.2684745843072043,53.535168357040426],[-2.268547130813213,53.53523585852437],[-2.268322038593717,53.535350435819005],[-2.268515831960883,53.535725543945354],[-2.2686424664439926,53.5356949234791],[-2.268705869298135,53.53595263954552],[-2.26871926914667,53.536652831132024],[-2.2685412255760906,53.53712879757754],[-2.268324443866994,53.53744472277802],[-2.267886499823793,53.53783136086685],[-2.2669891367548343,53.53842098469039],[-2.2591707235009286,53.542963009736866],[-2.2581949827666135,53.543266232646204],[-2.2531040746073097,53.54394142013981],[-2.25202150024929,53.54428779221251],[-2.2516728871770844,53.54458795643023],[-2.249838325449544,53.544417378671454],[-2.247939880199344,53.544127521933866],[-2.2464441574375953,53.54358597574192],[-2.2419890718844404,53.54142973172403],[-2.2402484917789804,53.54047242432184],[-2.239378570242583,53.540101899404966],[-2.238830501725376,53.539744558228804],[-2.2388742893065765,53.53948188448608],[-2.2387422978710583,53.539389658028604],[-2.2390372533917025,53.53919841590768],[-2.238476674090719,53.53879252495308],[-2.238141673405576,53.538836175621135],[-2.2377562242177476,53.53871475548966],[-2.236939127732067,53.538816958781496],[-2.2365718087713504,53.53898029534948],[-2.23553501398644,53.53891520994152],[-2.2353833123727367,53.53910595450647],[-2.2350114864213064,53.5392308339195],[-2.234098631356745,53.53923712047346],[-2.233918308251308,53.539372299228134],[-2.2337734668778646,53.53995767154475],[-2.233525580118932,53.540155055544744],[-2.2307351580039407,53.54036074762479],[-2.229458185319091,53.54079099954662],[-2.228841898341709,53.54070791581868],[-2.2283532237795485,53.541030472620335],[-2.227760602235736,53.541564901594455],[-2.2244533397928143,53.54198978553247],[-2.2237451445740413,53.542183518974134],[-2.2231508014631594,53.54224025069911],[-2.22244730780376,53.542526655634674],[-2.2218655513608407,53.54264543114355],[-2.2208257708464725,53.54265437771881],[-2.219757483737666,53.543256887074556],[-2.2195023838399464,53.543805645992826],[-2.218862893655129,53.54389501312994],[-2.2181956568334593,53.543525769580306],[-2.217816454245995,53.5434365690548],[-2.2176566427519524,53.54317168578831],[-2.2177309597665418,53.54241611017891],[-2.2169500975097187,53.542226667598136],[-2.2157002828435433,53.54219634818667],[-2.21505935132601,53.54227502844305],[-2.214050229722171,53.54200073656295],[-2.213002912109837,53.54200541310338],[-2.2124845400633117,53.54160550940719],[-2.210866030011491,53.54073005293694],[-2.2108390512844225,53.54051802915311],[-2.2105558121669127,53.539981752766984],[-2.2096457953832815,53.53961398568738],[-2.2085310234948428,53.53845560227317],[-2.2074687451833963,53.538465595628736],[-2.207037256597292,53.53816720258318],[-2.205618469632495,53.536808752012654],[-2.2056069836405734,53.53667731692176],[-2.205767881912964,53.53650907421762],[-2.206799775238438,53.535881755534206],[-2.20695387665326,53.53528713273109],[-2.2068095909650594,53.53480115680528],[-2.2068694862906355,53.53441737550702],[-2.206745331318271,53.53406141730781],[-2.205849846839162,53.53319222456663],[-2.205430233364569,53.532896330773525],[-2.2043874660258314,53.53252790675569],[-2.2036946414005176,53.532474881534974],[-2.202255207468374,53.53207032538674],[-2.201645540442418,53.53205337957214],[-2.2010290123154155,53.53186204079217],[-2.200839051199361,53.531885927912896],[-2.200824843597579,53.53177527796279],[-2.2003795112295057,53.53171226246892],[-2.1969402349462155,53.53180674376751],[-2.194885343278868,53.53173820781858],[-2.193815060078132,53.53161440003685],[-2.1888119897030696,53.530122192751364],[-2.1858668499769727,53.529022932911204],[-2.183986790132645,53.528920725453496],[-2.1770137042478632,53.52769796239441],[-2.172063396859464,53.5270976385577],[-2.1719997053219267,53.52775477160888],[-2.170169875874079,53.52771971436207],[-2.1701644735065933,53.526832389608],[-2.1705044558773547,53.52393062671268],[-2.1692691862301823,53.52360683429883],[-2.164774460238734,53.52014023594348],[-2.15913692473343,53.52215222201026],[-2.156127207390723,53.51875416485039],[-2.1553771529354884,53.51818438096557],[-2.154754018209578,53.51803323280025],[-2.154753309758855,53.51783913847123],[-2.155326948442378,53.5168305702761],[-2.156230838667792,53.515800246873624],[-2.1564062309521987,53.516299915526915],[-2.157396927700283,53.515841104168814],[-2.157548587502604,53.51568894634223],[-2.1581897032229276,53.51536282648429],[-2.158443530687389,53.51505772939015],[-2.1583327306452116,53.51491940123561],[-2.1586346370939324,53.514874058418656],[-2.158843257062858,53.514708340616735],[-2.15865419037795,53.51452178628761],[-2.1593734097721424,53.51445230064746],[-2.1596894040590513,53.51426873979353],[-2.1596690142204955,53.51408813630072],[-2.160362080907746,53.51394425577648],[-2.1603904494472053,53.51384534531952],[-2.1601846374623284,53.513629900214355],[-2.160786659384404,53.513331413118436],[-2.1603789272138365,53.51317118621399],[-2.160362040565906,53.513064238002784],[-2.1607008176260747,53.51292361733607],[-2.162118994776175,53.51283808056762],[-2.1632549862086607,53.51293812814511],[-2.1638607234227303,53.51310976751173],[-2.1643884041707184,53.51357109946791],[-2.1653921508475973,53.51344219457864],[-2.165879825121811,53.51354376089627],[-2.166986078718468,53.51336862561243],[-2.1676625081378615,53.513534241432026],[-2.1682028061547185,53.51335905252684],[-2.1686258008869848,53.51354973782244],[-2.1692343078576264,53.51334214358562],[-2.1711379991297113,53.51307511680178],[-2.1713987260059175,53.51311181987733],[-2.1716753779631364,53.51291018111234],[-2.1714922530017127,53.51269092068453],[-2.1715699482537585,53.512557942543665],[-2.172599366527092,53.512389894593596],[-2.172788160240923,53.5121154753151],[-2.1729372075621853,53.512034642536186],[-2.1731909630857293,53.51209354416304],[-2.173187035957146,53.51228399605799],[-2.1732706748989017,53.51234391988959],[-2.173478220721986,53.51227654433759],[-2.173289569988887,53.511891162080325],[-2.173662393669646,53.51088058477545],[-2.174050029074223,53.51060303365902],[-2.1735520350965962,53.510389717890114],[-2.173816714469521,53.51024271398439],[-2.1738896836129493,53.51008895098058],[-2.174188777818553,53.51012023499739],[-2.1742984532141727,53.5100524102196],[-2.173978730840232,53.509763557913615],[-2.1737450024122387,53.50976109394326],[-2.1735862192396866,53.50986292085562],[-2.173520966932471,53.50982433862703],[-2.17360896818013,53.50968124114347],[-2.17392563879994,53.509465611295845],[-2.1741172297245663,53.50943341417868],[-2.174225566787416,53.509627535951],[-2.1745106217299197,53.50962262537659],[-2.1745525369131897,53.509504591303575],[-2.1744626404247116,53.509299670272185],[-2.174283985697425,53.509166237722404],[-2.174302949395086,53.50895220512661],[-2.1744947247338513,53.50879318973589],[-2.1748288360809114,53.50867605835803],[-2.1749457779213737,53.508450039883385],[-2.175195172537692,53.50834105374866],[-2.1752463369962993,53.508108542982164],[-2.1756045071303314,53.508048302163246],[-2.1756434237415574,53.50792455995261],[-2.17556083812857,53.507668633211935],[-2.1758885182436334,53.50737237834755],[-2.1763805430970304,53.50717474334216],[-2.1767418661891886,53.506928996185835],[-2.1773984811747633,53.50696882958542],[-2.177570051525971,53.50678564242543],[-2.177862294567198,53.50669812766004],[-2.1783464795415646,53.5067628588549],[-2.178301492707849,53.50638007379814],[-2.17867976014296,53.505822918960604],[-2.177879101493211,53.50542764494949],[-2.176776294451949,53.50546860746015],[-2.176560761078716,53.50519169692195],[-2.177692454404073,53.50495412585048],[-2.177190953977749,53.50445289552946],[-2.177087953740794,53.50448272810939],[-2.1771541328868858,53.504220905350984],[-2.176881552523409,53.50393284446877],[-2.1762407242796646,53.50346821953557],[-2.1761061490085414,53.50348914543117],[-2.1760030671296886,53.50337171105073],[-2.1760721837967707,53.503329741095044],[-2.175447071945188,53.502614545648726],[-2.173721709914946,53.50292094943289],[-2.173651541348954,53.502781086660576],[-2.1708433494583934,53.50313004866756],[-2.1726397239507618,53.50236909363395],[-2.170757127585358,53.501687639549885],[-2.170609182504729,53.50180965311157],[-2.1692739054833288,53.50130324142175],[-2.1689276553280785,53.50107003317911],[-2.168497769049568,53.50101109257381],[-2.1684717831019675,53.50087546710274],[-2.168250461632722,53.50066286170277],[-2.167915388207862,53.50051222032023],[-2.167243366651739,53.49984441669538],[-2.1668646775549774,53.49975163797061],[-2.1667404505027688,53.49955378776707],[-2.166332107030688,53.49921729188361],[-2.1657259579451114,53.49889202629875],[-2.1643155211243092,53.49948407503428],[-2.1640022986263716,53.499270824210676],[-2.1636055297105634,53.49934167616174],[-2.162096238706336,53.49824682503021],[-2.1618388731230644,53.49830454828019],[-2.161952922810685,53.497926258882025],[-2.161766851003971,53.4977777304293],[-2.161624574074694,53.497376639697826],[-2.1622187725696125,53.49705421885839],[-2.1628843885936537,53.496933649431135],[-2.1628809546712007,53.496773408551924],[-2.163385741925313,53.4967236867248],[-2.1633870889460733,53.496345344249846],[-2.1632567550310147,53.496132335221425],[-2.1634576697405095,53.495830103159435],[-2.163603498995952,53.49529227880457],[-2.1639081206123363,53.49500788956271],[-2.1640665094164806,53.494675936162366],[-2.1640570585082273,53.49418074987742],[-2.163887844926918,53.493660777251264],[-2.1636829549228023,53.49366358418879],[-2.1636646324705464,53.49355574820777],[-2.1639242022642384,53.49295484822476],[-2.163055721617237,53.49285014532932],[-2.163150465357013,53.49237895933711],[-2.1634313060928334,53.491904332126126],[-2.1639558005832136,53.491380149079234],[-2.1641082546756816,53.49134117243702],[-2.165066360829667,53.49150526064681],[-2.1656850873934834,53.491439834876324],[-2.1660157689785073,53.491578480258596],[-2.166340491214554,53.49138049837754],[-2.1665771915222227,53.49108692070786],[-2.16664409016656,53.49072841365545],[-2.1665185789278896,53.49031147172577],[-2.1660895667605007,53.489726976597765],[-2.1661806644447874,53.488927674753974],[-2.1684410175819564,53.48862083609099],[-2.168402963747319,53.488518439623554],[-2.169016645727147,53.488519261905616],[-2.1689342090163017,53.48828118511609],[-2.1692081205730545,53.488234929084626],[-2.169183869263488,53.488154984374574],[-2.1692859108167633,53.48813514601202],[-2.16918830329944,53.487864615684295],[-2.1689189983012196,53.487893841058415],[-2.168813937302025,53.48764317641959],[-2.1690218398083903,53.48760947213444],[-2.168882864842002,53.48719084372464],[-2.169392077858638,53.48712102792339],[-2.1693201692972526,53.486805689774535],[-2.1696497264301837,53.48677460712769],[-2.169609256448068,53.48607531028655],[-2.1690942830460047,53.48613721638204],[-2.168954345271747,53.48576719879334],[-2.1692759388879193,53.48572887477099],[-2.169226326127809,53.48559603309288],[-2.16913729782032,53.48558604731156],[-2.169065347916754,53.48525919479887],[-2.169179723265233,53.48524274565749],[-2.1689549304477245,53.48449421024526],[-2.168664447888794,53.48379998546062],[-2.1682732924442423,53.483142412948666],[-2.1682458544651624,53.48304999202398],[-2.168445958838245,53.48300287545576],[-2.1680572098495805,53.48231859409288],[-2.168083398704553,53.48203289547958],[-2.167702101108354,53.48123233682782],[-2.1675001752264853,53.48121115602683],[-2.167561288891509,53.48084737705634],[-2.167426858987623,53.4808116685888],[-2.167707503617821,53.48011653951499],[-2.168030506356362,53.48007546633566],[-2.1679888138525607,53.47999569863925],[-2.166504289737439,53.47976378753819],[-2.1663344908919275,53.479510428788736],[-2.1659922495538213,53.479536194356704],[-2.165630100595393,53.47891620255817],[-2.1655735357934964,53.47866095519217],[-2.1655969956234964,53.47854880971624],[-2.166005512184985,53.47866588110888],[-2.1659102000718096,53.478539988425474],[-2.1658846329505623,53.47778077863362],[-2.165690498403126,53.47774397999267],[-2.165527053495652,53.47760600042617],[-2.165456388364792,53.477234767564205],[-2.1651364873616292,53.47718128001204],[-2.165029990543672,53.47692076227035],[-2.1622224057158013,53.47631507848997],[-2.1620660638445175,53.476063901921876],[-2.1617688921188067,53.475170790066684],[-2.161498427864605,53.47487538239929],[-2.158691521052181,53.47528446500494],[-2.1558908213916115,53.475304722957105],[-2.155817533728857,53.4751363031832],[-2.1554406136607045,53.47479717513889],[-2.1554459758973628,53.47447166029905],[-2.154763588419137,53.474422248045045],[-2.1547406455181477,53.47432789903959],[-2.1530491879938634,53.47359387255767],[-2.151178788603636,53.47296369485114],[-2.1511215279065854,53.473011235431954],[-2.1504866410346852,53.472808934837545],[-2.150470540930795,53.47253395333963],[-2.1501430621604847,53.47230322778682],[-2.150155644583395,53.47106842263222],[-2.1500108189007503,53.47107027848404],[-2.1494199457240577,53.47016768710644],[-2.14902248138402,53.4698625856421],[-2.148670749751532,53.46970571747321],[-2.1478487943455726,53.469027265340294],[-2.147605118895896,53.46867251389482],[-2.1475541927653636,53.4682447980218],[-2.146829043833402,53.46764234224288],[-2.1470498807864984,53.46711258679874],[-2.1479265122704154,53.4666101084082],[-2.1479110565302957,53.46651039156855],[-2.1476890300961364,53.46640817119983],[-2.147791019588359,53.46622097694717],[-2.1478511477301994,53.46576978033533],[-2.148259001125106,53.46570720876197],[-2.1491457067241666,53.4651389850923],[-2.1492532946789713,53.464811625373194],[-2.1495113996419817,53.464586581468225],[-2.1494982543158794,53.46437809244899],[-2.1497124030977495,53.46432397395812],[-2.1497559861657125,53.46386887802225],[-2.149973774142556,53.463694452815346],[-2.151036853772051,53.46361390513177],[-2.1514566788436476,53.46349006001572],[-2.15156314173829,53.463381218240585],[-2.1517982367571697,53.463445807072084],[-2.152262145251948,53.463389316541],[-2.152784035294276,53.46323051509896],[-2.152752828512347,53.46292944129831],[-2.1523219017755117,53.46244552272537],[-2.1520859425747894,53.46255473710185],[-2.1519756700602652,53.462519768673346],[-2.1520070974456087,53.46235793614312],[-2.1518932798375547,53.4621190417068],[-2.1516742602858603,53.46194405417534],[-2.151196271343361,53.46185730202497],[-2.1511581025410558,53.461725327715996],[-2.1501743210303133,53.46077379216072],[-2.149396779106848,53.46054731520307],[-2.1489790900226513,53.46058007028283],[-2.149096028010356,53.46037066350745],[-2.149324367868457,53.460258866861906],[-2.1507977753563137,53.46023505083054],[-2.1501281724930608,53.45967175989558],[-2.149237957940035,53.45942574605996],[-2.149380303309832,53.45918333474508],[-2.1493147458458357,53.4591238052541],[-2.1494918197713893,53.459022741746246],[-2.150278657629985,53.45793582811911],[-2.150487693343876,53.4578422012526],[-2.150824212312847,53.45796491836644],[-2.1513156280060484,53.45771542299687],[-2.1520686905553466,53.45773497702337],[-2.153702220297264,53.45681886281935],[-2.1582303506277207,53.455002608057846],[-2.1585233695678694,53.4548322827443],[-2.158453418267631,53.45472279707704],[-2.1604386176745938,53.45424917393062],[-2.160108375304467,53.45384143254892],[-2.1599992631815725,53.45335844783514],[-2.161778281867989,53.45307800303804],[-2.1614241476480345,53.45183261995725],[-2.1659577943768746,53.45374500051323],[-2.1660829106233854,53.45348503216127],[-2.165971263610538,53.45342278947014],[-2.1666503264562644,53.45164293104405],[-2.1671289786440844,53.45010803387436],[-2.1675038762314425,53.44936590346871],[-2.170132551607514,53.44883641047272],[-2.1724514215240105,53.448160633536496],[-2.172797577917358,53.447944930061304],[-2.1722655682455363,53.4475828249084],[-2.1720050097322403,53.44725793415095],[-2.1726341027249445,53.44645058639065],[-2.17310271047329,53.445629482073485],[-2.1733784365224893,53.44564613283576],[-2.1740240909548074,53.44394976365366],[-2.173993999533401,53.44365642731919],[-2.1741109705390884,53.44310668608164],[-2.1741182301920867,53.44258169291988],[-2.1742571327594122,53.44203599570956],[-2.17424602829537,53.44116300329328],[-2.1741413954865583,53.44054407266594],[-2.1747171070930187,53.4382278447448],[-2.174971344271409,53.43553541239705],[-2.1753337404513617,53.434442775549115],[-2.175459856393744,53.43445636050746],[-2.1756346730131115,53.43418379609858],[-2.1759561583750267,53.43429567156574],[-2.1761209873811906,53.43406129360474],[-2.176040637104621,53.433853067365334],[-2.176080625898568,53.43374310573112],[-2.1765798126644853,53.43309714495428],[-2.176791718974415,53.43304207300283],[-2.177204424145323,53.43308780539678],[-2.1778546623489263,53.43363691699782],[-2.1784580145614214,53.433891532453366],[-2.179091943374341,53.433983271947916],[-2.1790403696626086,53.434239243486736],[-2.179256789754334,53.43415101074567],[-2.1793238147867253,53.43424723545393],[-2.180140795379182,53.43436528658143],[-2.179877789984082,53.4345442134131],[-2.1801818951230114,53.43471187566977],[-2.180796054758519,53.43474360167307],[-2.181075634989133,53.434680824252275],[-2.181369014110649,53.434973907558366],[-2.1817952645262833,53.43510528204],[-2.182335763780043,53.435008387815984],[-2.1829223957900385,53.43502012753627],[-2.183250347988405,53.43526035464697],[-2.183799459074251,53.43519209596435],[-2.1840209043326237,53.43526455255581],[-2.184198602810767,53.43556163640666],[-2.1847031601306535,53.43566986896593],[-2.1852385605647933,53.435675712750495],[-2.1857097105786134,53.43595231637962],[-2.18565459740627,53.43604058849643],[-2.1857322027075106,53.43610313562619],[-2.1865829286927703,53.435992247027734],[-2.1867020520947564,53.436022675535426],[-2.186767233780441,53.436191665466524],[-2.1875237959511686,53.436343256384184],[-2.1873259857167566,53.436492749562966],[-2.1874634640926365,53.436626516413405],[-2.187669181861628,53.43655316127447],[-2.188438723145762,53.4366320448406],[-2.18872841319386,53.43680659328733],[-2.18842044219331,53.436433373589495],[-2.1881999391335762,53.436376213137336],[-2.187220785643737,53.435231430357454],[-2.18879187392502,53.434830933739995],[-2.189418575789302,53.4348633685808],[-2.191333015063281,53.43517688004467],[-2.1918848746905613,53.43311480923168],[-2.193084546919385,53.42943909285731],[-2.1931855974614836,53.42765319179065],[-2.194561847829378,53.42769938073079],[-2.1961422511396687,53.42804650035067],[-2.196853043176749,53.428084654337184],[-2.199581105563628,53.4267444975298],[-2.1997741608652546,53.42649529090821],[-2.1999515050275975,53.4258045665765],[-2.2010124890991283,53.424396329440434],[-2.20108960779271,53.42431420603863],[-2.201258136599376,53.42435605109417],[-2.201527007413683,53.4240544632253],[-2.201469814786987,53.42402072698108],[-2.202154291313196,53.42343601518699],[-2.2045303987383047,53.42213760626278],[-2.2049597423836382,53.422341933896256],[-2.205351041667717,53.42210798136091],[-2.2052509462374963,53.42204267211318],[-2.2056320518718855,53.421730401049196],[-2.2055299482463253,53.4216775940592],[-2.205616191775588,53.42156217189193],[-2.2068108815420167,53.42094636004546],[-2.206677747049789,53.42073621395452],[-2.207204290385404,53.42042715529365],[-2.2075639495640305,53.42042686260196],[-2.207757402349496,53.42008643531213],[-2.2062848133136876,53.42008884622744],[-2.2061612609668493,53.419662374556786],[-2.2065052082203582,53.41900674843481],[-2.207180214357957,53.418862624155196],[-2.208442337629689,53.41916341128696],[-2.2085860345432695,53.41910863559205],[-2.208831562751093,53.41876491548336],[-2.2090947909277885,53.41870649173505],[-2.2097080175993797,53.41794184452632],[-2.213487826097824,53.41892474107109],[-2.213891648432399,53.41722778887384],[-2.214089354006822,53.4158729675986],[-2.2146873195406465,53.41296409592794],[-2.2151218579089154,53.41178131788552],[-2.215077643569924,53.41149533677136],[-2.215407983228711,53.411371831142446],[-2.214679578043417,53.41116896023053],[-2.214615197095689,53.41104780245503],[-2.2155183577641386,53.41088399348885],[-2.215041107792185,53.409753698536974],[-2.2141563496619865,53.408813181261976],[-2.212691740610135,53.40696614440464],[-2.2156791391526456,53.40597004225976],[-2.2182037670642876,53.40547920494391],[-2.21933332387478,53.40513728445086],[-2.219502025018086,53.404946515342665],[-2.2193366912243375,53.404056115208625],[-2.219886808578425,53.40273762503142],[-2.221086521645174,53.40213102017917],[-2.2225677382395617,53.40117997986648],[-2.2240301687078667,53.40131375149033],[-2.225176683423935,53.40131880137968],[-2.2277188073539365,53.4008753057028],[-2.2318457174976656,53.40086118034544],[-2.235856540955274,53.40106622954226],[-2.237146361847424,53.40100524646763],[-2.238093062505916,53.400857017546386],[-2.2384672995515267,53.40077702666785],[-2.2406047593764495,53.3997733482005],[-2.241835250092134,53.39953518826456],[-2.2424920740313796,53.39949790049391],[-2.242401142367283,53.39879696697597],[-2.242493363997132,53.39840325940151],[-2.2426099939872186,53.398250198361225],[-2.2425745965621546,53.39774593712875],[-2.2468678290259523,53.396085963697274],[-2.245565763712401,53.39525181389631],[-2.244421728387084,53.39412254532006],[-2.2448406612232135,53.394108940299816],[-2.2460295929900442,53.39377898561891],[-2.245941825463429,53.39364208162912],[-2.2460367942282637,53.391371843792676],[-2.2444802219523514,53.391322380309035],[-2.243938280863616,53.39039457262553],[-2.245788231920489,53.390215104353665],[-2.2456777416922273,53.38989185669671],[-2.2462349849484626,53.387834167676914],[-2.2425956437286456,53.38766706073794],[-2.2425356956877938,53.38593852205223],[-2.24241084888399,53.38568645683476],[-2.242977259848759,53.384852815843274],[-2.242850804569131,53.38459408477341],[-2.2428857532253037,53.38437660624792],[-2.2428235130672878,53.38425286103434],[-2.242482738319584,53.38406367010423],[-2.24254201071384,53.38391439267902],[-2.242817476674808,53.38369192148702],[-2.243090140563737,53.383065534391854],[-2.242942804028358,53.382763880367584],[-2.2426270603699616,53.38250665798895],[-2.242864791561183,53.38227256022162],[-2.2424399724661184,53.38208992214952],[-2.242024468035964,53.382043288255474],[-2.241996947600723,53.381911885719276],[-2.242082829939459,53.381728568543146],[-2.2418451158176715,53.38164786572605],[-2.2418560727629084,53.38150964366026],[-2.241163118219931,53.381172850551394],[-2.2411974693362673,53.38093374701588],[-2.2409156313866814,53.38052173054613],[-2.2413027654854236,53.38011641548978],[-2.2413212193854486,53.37997451990506],[-2.241137011569703,53.37972656866535],[-2.241207688889829,53.37967365809831],[-2.2411523769864075,53.37927374980526],[-2.24128579280791,53.37902713806389],[-2.241286130066576,53.378754674579525],[-2.241498826817078,53.37865198960101],[-2.2416913121709148,53.378383631142725],[-2.2420641221508486,53.378105072935114],[-2.242018597142185,53.37777791688335],[-2.241814689306052,53.37760839178799],[-2.2418607400865675,53.37727853311539],[-2.24174682620017,53.37707118102461],[-2.2418164123492113,53.37699772880175],[-2.2417937196577613,53.37681041612424],[-2.2414372626385624,53.376574620890025],[-2.241316444393197,53.376142575938474],[-2.2413738969689785,53.3760022911866],[-2.241613580730524,53.37585798795515],[-2.24165781004954,53.37562054492429],[-2.2414016753856196,53.37526684925369],[-2.2413933040467224,53.37486604576139],[-2.2413189272947363,53.37475382957958],[-2.240259839576141,53.37402620010019],[-2.240043823347184,53.37361568443834],[-2.2399035792752318,53.37298339252479],[-2.240442191751136,53.37281858001024],[-2.2403726848599455,53.37265596317679],[-2.24024678898621,53.37254198049512],[-2.2396071530843864,53.37238961594512],[-2.2389844414121707,53.37207289306003],[-2.238731349381952,53.37166695250622],[-2.2386517010309266,53.37136514815094],[-2.2386074025146208,53.371060495514946],[-2.2386795975087357,53.37077774511783],[-2.23706673507165,53.3701332188924],[-2.237069885062788,53.3699374224123],[-2.237655076952994,53.3686750455074],[-2.237797366336834,53.36749106745124],[-2.2407804548200936,53.359555319913866],[-2.2411160377324397,53.35963816960523],[-2.243618078403192,53.35967972574479],[-2.2441444017034424,53.35976234244642],[-2.2442582762787637,53.36046237827485],[-2.244206017473359,53.36103229317488],[-2.245137865362385,53.361022938439895],[-2.2451922518644123,53.36111832192131],[-2.2466613822085506,53.361118105284284],[-2.246654210635497,53.36099002301294],[-2.2479358654337327,53.360864625021804],[-2.2495931340915716,53.36057521186261],[-2.251395792923411,53.360738550684516],[-2.254099647575947,53.360838166333046],[-2.255350811845706,53.36079953001761],[-2.256448256831211,53.3606606643282],[-2.2589292029934014,53.35945440209056],[-2.2588605225270175,53.358513341157874],[-2.2586364173925624,53.358180393625],[-2.258568140157005,53.35787234796882]]]}},{"type":"Feature","properties":{"LADNM":"Oldham"},"geometry":{"type":"Polygon","coordinates":[[[-2.1565433489475696,53.49421486857692],[-2.1573673926957375,53.49439732837203],[-2.157925386483193,53.49433804514855],[-2.158136696396478,53.494195195433775],[-2.158139458118847,53.493799701096115],[-2.158325477846094,53.493534295907374],[-2.159260163085874,53.49320581956583],[-2.1597169757331764,53.493182737991745],[-2.160782949686768,53.49332231700235],[-2.1620040293964515,53.493370937894014],[-2.162352210714813,53.493272436957504],[-2.163055721617237,53.49285014532932],[-2.1639242022642384,53.49295484822476],[-2.1636646324705464,53.49355574820777],[-2.1636829549228023,53.49366358418879],[-2.163887844926918,53.493660777251264],[-2.1640570585082273,53.49418074987742],[-2.1640665094164806,53.494675936162366],[-2.1639081206123363,53.49500788956271],[-2.163603498995952,53.49529227880457],[-2.1634576697405095,53.495830103159435],[-2.1632567550310147,53.496132335221425],[-2.1633870889460733,53.496345344249846],[-2.163385741925313,53.4967236867248],[-2.1628809546712007,53.496773408551924],[-2.1628843885936537,53.496933649431135],[-2.1622187725696125,53.49705421885839],[-2.161624574074694,53.497376639697826],[-2.161766851003971,53.4977777304293],[-2.161952922810685,53.497926258882025],[-2.1618388731230644,53.49830454828019],[-2.162096238706336,53.49824682503021],[-2.1636055297105634,53.49934167616174],[-2.1640022986263716,53.499270824210676],[-2.1643155211243092,53.49948407503428],[-2.1657259579451114,53.49889202629875],[-2.166332107030688,53.49921729188361],[-2.1667404505027688,53.49955378776707],[-2.1668646775549774,53.49975163797061],[-2.167243366651739,53.49984441669538],[-2.167915388207862,53.50051222032023],[-2.168250461632722,53.50066286170277],[-2.1684717831019675,53.50087546710274],[-2.168497769049568,53.50101109257381],[-2.1689276553280785,53.50107003317911],[-2.1692739054833288,53.50130324142175],[-2.170609182504729,53.50180965311157],[-2.170757127585358,53.501687639549885],[-2.1726397239507618,53.50236909363395],[-2.1708433494583934,53.50313004866756],[-2.173651541348954,53.502781086660576],[-2.173721709914946,53.50292094943289],[-2.175447071945188,53.502614545648726],[-2.1760721837967707,53.503329741095044],[-2.1760030671296886,53.50337171105073],[-2.1761061490085414,53.50348914543117],[-2.1762407242796646,53.50346821953557],[-2.176881552523409,53.50393284446877],[-2.1771541328868858,53.504220905350984],[-2.177087953740794,53.50448272810939],[-2.177190953977749,53.50445289552946],[-2.177692454404073,53.50495412585048],[-2.176560761078716,53.50519169692195],[-2.176776294451949,53.50546860746015],[-2.177879101493211,53.50542764494949],[-2.17867976014296,53.505822918960604],[-2.178301492707849,53.50638007379814],[-2.1783464795415646,53.5067628588549],[-2.177862294567198,53.50669812766004],[-2.177570051525971,53.50678564242543],[-2.1773984811747633,53.50696882958542],[-2.1767418661891886,53.506928996185835],[-2.1763805430970304,53.50717474334216],[-2.1758885182436334,53.50737237834755],[-2.17556083812857,53.507668633211935],[-2.1756434237415574,53.50792455995261],[-2.1756045071303314,53.508048302163246],[-2.1752463369962993,53.508108542982164],[-2.175195172537692,53.50834105374866],[-2.1749457779213737,53.508450039883385],[-2.1748288360809114,53.50867605835803],[-2.1744947247338513,53.50879318973589],[-2.174302949395086,53.50895220512661],[-2.174283985697425,53.509166237722404],[-2.1744626404247116,53.509299670272185],[-2.1745525369131897,53.509504591303575],[-2.1745106217299197,53.50962262537659],[-2.174225566787416,53.509627535951],[-2.1741172297245663,53.50943341417868],[-2.17392563879994,53.509465611295845],[-2.17360896818013,53.50968124114347],[-2.173520966932471,53.50982433862703],[-2.1735862192396866,53.50986292085562],[-2.1737450024122387,53.50976109394326],[-2.173978730840232,53.509763557913615],[-2.1742984532141727,53.5100524102196],[-2.174188777818553,53.51012023499739],[-2.1738896836129493,53.51008895098058],[-2.173816714469521,53.51024271398439],[-2.1735520350965962,53.510389717890114],[-2.174050029074223,53.51060303365902],[-2.173662393669646,53.51088058477545],[-2.173289569988887,53.511891162080325],[-2.173478220721986,53.51227654433759],[-2.1732706748989017,53.51234391988959],[-2.173187035957146,53.51228399605799],[-2.1731909630857293,53.51209354416304],[-2.1729372075621853,53.512034642536186],[-2.172788160240923,53.5121154753151],[-2.172599366527092,53.512389894593596],[-2.1715699482537585,53.512557942543665],[-2.1714922530017127,53.51269092068453],[-2.1716753779631364,53.51291018111234],[-2.1713987260059175,53.51311181987733],[-2.1711379991297113,53.51307511680178],[-2.1692343078576264,53.51334214358562],[-2.1686258008869848,53.51354973782244],[-2.1682028061547185,53.51335905252684],[-2.1676625081378615,53.513534241432026],[-2.166986078718468,53.51336862561243],[-2.165879825121811,53.51354376089627],[-2.1653921508475973,53.51344219457864],[-2.1643884041707184,53.51357109946791],[-2.1638607234227303,53.51310976751173],[-2.1632549862086607,53.51293812814511],[-2.162106783178668,53.51283806389537],[-2.161223652459662,53.512861683339736],[-2.1605181554085067,53.51297499810199],[-2.1603812463150103,53.51303078435422],[-2.1603789272138365,53.51317118621399],[-2.160786659384404,53.513331413118436],[-2.1601846374623284,53.513629900214355],[-2.1603904494472053,53.51384534531952],[-2.1603244828363533,53.51397127146589],[-2.1596690142204955,53.51408813630072],[-2.1596894040590513,53.51426873979353],[-2.1593734097721424,53.51445230064746],[-2.15865419037795,53.51452178628761],[-2.158843257062858,53.514708340616735],[-2.1586346370939324,53.514874058418656],[-2.1583327306452116,53.51491940123561],[-2.158443530687389,53.51505772939015],[-2.1581897032229276,53.51536282648429],[-2.157548587502604,53.51568894634223],[-2.157396927700283,53.515841104168814],[-2.1564062309521987,53.516299915526915],[-2.156230838667792,53.515800246873624],[-2.155326948442378,53.5168305702761],[-2.154753309758855,53.51783913847123],[-2.154754018209578,53.51803323280025],[-2.1553771529354884,53.51818438096557],[-2.156127207390723,53.51875416485039],[-2.15913692473343,53.52215222201026],[-2.164774460238734,53.52014023594348],[-2.1692691862301823,53.52360683429883],[-2.1705044558773547,53.52393062671268],[-2.1701644735065933,53.526832389608],[-2.170169875874079,53.52771971436207],[-2.1719997053219267,53.52775477160888],[-2.172063396859464,53.5270976385577],[-2.1770137042478632,53.52769796239441],[-2.183986790132645,53.528920725453496],[-2.185924392788782,53.529041709930084],[-2.178968778379399,53.53555174660507],[-2.178013359117446,53.537304197708515],[-2.17781437113654,53.537303640283945],[-2.177293376271761,53.53753615287338],[-2.1760109280777855,53.53834532165819],[-2.1755479723397926,53.538370208792735],[-2.1754462190596873,53.538958232984875],[-2.1750256428194574,53.53976524071875],[-2.1734925716016495,53.54160725954513],[-2.173218989251675,53.54154028898891],[-2.1721434015983756,53.54273362813405],[-2.171391497656796,53.54372988201198],[-2.1707336310034915,53.54372889190936],[-2.170762684396201,53.54426896035111],[-2.170678066114186,53.54456766531916],[-2.1694695033600615,53.54613251427955],[-2.16947517911611,53.546374265792956],[-2.1696501271574378,53.54637578808566],[-2.1700388703325153,53.551454475917836],[-2.171719761357213,53.55130121951917],[-2.171865667135237,53.551576025858076],[-2.1722380318409678,53.551860311900626],[-2.1722347850643136,53.55442822152385],[-2.1720428516792993,53.555128698403315],[-2.1722290736113528,53.55560705876476],[-2.172015677700645,53.55587476921117],[-2.172016614001443,53.55761765926053],[-2.1720882606428695,53.55818294895346],[-2.1713205850894934,53.55826300607708],[-2.1711873667064117,53.558207595291535],[-2.170730060499857,53.55863603141151],[-2.1705661027757217,53.55869215510022],[-2.1694523607435072,53.558822947682955],[-2.1688290968496964,53.558745025182326],[-2.1683007034376214,53.559982389468956],[-2.1681191239594075,53.56023347342581],[-2.167116947844645,53.5607938368978],[-2.165888957670837,53.56128542151108],[-2.165049923373857,53.56219720894134],[-2.1647007205290927,53.56242521240757],[-2.16426476302746,53.56290190622016],[-2.1634555791607233,53.56337406733246],[-2.1595482842214664,53.56454614270093],[-2.1578139378015946,53.56427879754031],[-2.1577966933424184,53.564484652808986],[-2.157394983389522,53.564818649487364],[-2.1536846723624916,53.5658759597096],[-2.1524587171771885,53.56635840593096],[-2.150956206885508,53.567160831831075],[-2.1518272933073144,53.574221166818944],[-2.1522562185102276,53.57433775633751],[-2.15263988917736,53.57472715218517],[-2.1525996683965296,53.575219843390855],[-2.1526846908768764,53.57576354489049],[-2.152493661394579,53.57605589071924],[-2.152097606211129,53.576290945417654],[-2.1521670492156533,53.57721965830633],[-2.152504372976752,53.57902736324237],[-2.1566184049576624,53.5822954591204],[-2.1467573442962675,53.58373093627633],[-2.137127791944938,53.583225563501685],[-2.136996751178979,53.58328859595551],[-2.1368983472060235,53.583065709397644],[-2.13225460250141,53.58432036830186],[-2.1319400114802067,53.58434318701753],[-2.1320072772975465,53.584404529626894],[-2.131681973382545,53.584581724304414],[-2.1316007084061663,53.58454323617369],[-2.125869283211369,53.586455767043965],[-2.1255373099814,53.5870538371814],[-2.123966923142543,53.58910550645485],[-2.1237431934652675,53.58905728272263],[-2.123485432554069,53.58918515883294],[-2.1228968701932525,53.58903308850064],[-2.122468715764215,53.589456229082444],[-2.12305621022985,53.58974697103568],[-2.1228447201978264,53.58999945374844],[-2.1205749677899584,53.591351446616706],[-2.1204539662789323,53.59130743632598],[-2.1190787222450016,53.59217115963596],[-2.1185986729842963,53.59235587003665],[-2.1184152001211656,53.59259255153149],[-2.11797727841177,53.59266854045302],[-2.1160306435689757,53.59270057679175],[-2.1159925365739376,53.59257404368835],[-2.1154789873799023,53.592573801777476],[-2.1126872074456116,53.592752271092365],[-2.112246866749824,53.59508995928109],[-2.111702161513492,53.59710832668826],[-2.1120995354023897,53.59856783231914],[-2.112515568662584,53.59887012515879],[-2.1115883864989202,53.59909936008593],[-2.1106710891875076,53.59967370985425],[-2.1090792079534593,53.599306683229905],[-2.108538686912664,53.5989754731212],[-2.107666373495183,53.599298141606305],[-2.107316574269935,53.5993487908262],[-2.106798212564612,53.59844757138142],[-2.105723414524589,53.59765756108487],[-2.1054422000047444,53.59755275500548],[-2.1045129828694247,53.597567908462274],[-2.1033550404892423,53.59731471065555],[-2.1013667333734545,53.59732708482146],[-2.1000411979834035,53.59770246543604],[-2.099312326272186,53.59695017236025],[-2.0983169030578224,53.59650805490428],[-2.0976783497728397,53.59602573869314],[-2.095876138421966,53.596249381023355],[-2.094221839554331,53.596321759834375],[-2.0926682308115647,53.59689288619969],[-2.0924126160475844,53.596627894734],[-2.0911401952520268,53.5970318261645],[-2.0911746248768046,53.597183341956864],[-2.0908257762815468,53.59732573937981],[-2.0903080948943793,53.59732067642937],[-2.0896605996404767,53.59717466505666],[-2.089302056230633,53.59687917518628],[-2.089072401356827,53.596329247210626],[-2.0882043323744637,53.59663103035445],[-2.087790935452244,53.596118253758384],[-2.08709644916691,53.595890406944946],[-2.0869951973111593,53.595673189546595],[-2.086506381795252,53.59553701325311],[-2.085475312382391,53.59540959726891],[-2.0854440065418416,53.595290215100334],[-2.08386945711751,53.59435827866678],[-2.0834195768842187,53.59442511626796],[-2.0833784049873816,53.59437123343675],[-2.0828069155468647,53.59451600103752],[-2.0821530547548566,53.595036370335876],[-2.0811076056114506,53.595232023258525],[-2.080492777591535,53.595185808634874],[-2.0793546282745954,53.595213053413175],[-2.0791663336725854,53.59527654310642],[-2.076399481055967,53.59508513591405],[-2.0699387959712405,53.594952308066155],[-2.0700682192184345,53.59471601150684],[-2.069094721949888,53.59445396958424],[-2.0683156544200725,53.59388393342513],[-2.0679073915901136,53.59367714897159],[-2.0676156411703297,53.59339980211565],[-2.0673186431081825,53.592794952030665],[-2.0673256306110526,53.5924399205219],[-2.059936129877308,53.59250162923098],[-2.0591783529450485,53.59290263755875],[-2.055142484481047,53.59461680274988],[-2.055259682852962,53.595434716302854],[-2.055497368394857,53.59593176452725],[-2.055916812386722,53.59641862424324],[-2.055997420355725,53.59702079981592],[-2.055946447492549,53.597179785636996],[-2.0567566550052536,53.597140577546725],[-2.056824714100202,53.59740999514295],[-2.055572146445082,53.597503551683076],[-2.0550981218199764,53.59789672960013],[-2.053660614103972,53.598507742624214],[-2.0526423289975138,53.598692456405296],[-2.0520518951475877,53.598923606318735],[-2.0489717148650013,53.599700707552834],[-2.0445856243390654,53.600357450737256],[-2.042236032712465,53.60049874068354],[-2.038793444275791,53.6017618913996],[-2.0388524702739224,53.601877640806954],[-2.037928200221798,53.60228156575511],[-2.0361408754332526,53.602919443685536],[-2.0358070204290897,53.602947354419406],[-2.0355066901326246,53.60341314375914],[-2.0365484723040415,53.604035264097135],[-2.0358820439104965,53.60426747189216],[-2.03553361000522,53.60465294774518],[-2.034804769852594,53.60446891343575],[-2.0313724095976062,53.61019762806049],[-2.031359469947495,53.610579631628475],[-2.0314545632359606,53.610772008696394],[-2.032598205919075,53.611551708414986],[-2.0328114635759524,53.61186455716254],[-2.0328990440179235,53.61393443357431],[-2.0328075953973235,53.614767748954264],[-2.0326520900636313,53.61524417709454],[-2.0321416344215653,53.61611448498009],[-2.031598239735622,53.61655139590979],[-2.0306567082471916,53.61711875514027],[-2.0302064056412865,53.61763935194481],[-2.0300124148200163,53.61853456567212],[-2.029990678815026,53.620504673229654],[-2.0298233322320405,53.62102884565996],[-2.029508136277372,53.62157102212824],[-2.028924700670921,53.62233600951179],[-2.0268698356821697,53.624229295036194],[-2.0265414537484125,53.62355362578111],[-2.0261731450470277,53.622404905359616],[-2.026198772014991,53.621826004339574],[-2.0264414349727096,53.62078976123405],[-2.026061700104317,53.62023427427409],[-2.0245874624617897,53.617379982795455],[-2.023037138369652,53.61582420744067],[-2.018653561700076,53.61595446493771],[-2.0176377515037496,53.61583861906722],[-2.0156436160829414,53.615312244299474],[-2.0147744443655116,53.61533399132332],[-2.0094718389110775,53.61676450449714],[-2.009261560441844,53.61653897978516],[-2.009347976181642,53.61637998907885],[-2.009269517625452,53.61616230942208],[-2.009009302722385,53.61602420773536],[-2.009036569262928,53.61593959042318],[-2.008918453781419,53.615748896262225],[-2.008996802946213,53.61554748195844],[-2.0088531403873118,53.615277297779485],[-2.008587159229068,53.6150731051291],[-2.0085374906666393,53.61479615441283],[-2.0082336978432305,53.614460241192496],[-2.007684506924895,53.61437176280596],[-2.007686163661014,53.61417883927289],[-2.0074139650681113,53.613628606399146],[-2.0074337255265395,53.61315419715843],[-2.0072522958196193,53.61290084833592],[-2.0073304616832863,53.61275817315285],[-2.007566375952485,53.61265169231115],[-2.007540796595169,53.612545767631374],[-2.0066277436882234,53.61223295219374],[-2.0014733742563937,53.60900271126895],[-1.999608230258441,53.6079277840637],[-1.998743932746921,53.607294108909706],[-1.9987921155738164,53.60722135846009],[-1.9958754470605062,53.60510007412094],[-1.9947648799195439,53.603372608773675],[-1.9923034388224476,53.601132429353164],[-1.9907157240824531,53.59946050501449],[-1.9846107321812407,53.592482194759874],[-1.983625796431908,53.59144673476635],[-1.9826971821737711,53.59018909349779],[-1.9816476172085342,53.589322407314874],[-1.9804516906115468,53.58857001911155],[-1.9782456007864304,53.58677283352911],[-1.971164091933175,53.5841405914071],[-1.9703222109101795,53.583098564948024],[-1.9694269717456558,53.58219139702505],[-1.9675880179737897,53.580976654023694],[-1.9668651915429414,53.58000122880094],[-1.956582154075061,53.57755567339056],[-1.953690333044536,53.57601510801647],[-1.953827702118525,53.575903616112384],[-1.9537090259915297,53.57567071084499],[-1.9510588992544908,53.57378493369063],[-1.950926284818844,53.57362269486759],[-1.950513698351905,53.57391223654213],[-1.9503217548495848,53.57414945737499],[-1.9474772999914416,53.57239835337527],[-1.9464016158852389,53.57149008755844],[-1.9462013685817134,53.571238325757825],[-1.945206647796121,53.569754807008465],[-1.944391383859725,53.56820844463788],[-1.9438946124206065,53.565997944617315],[-1.942727513776555,53.561625417158034],[-1.9287035595060587,53.55556878206284],[-1.9253402083553826,53.55289466106041],[-1.924827666199512,53.552568819885664],[-1.9244503005780995,53.55253794174457],[-1.9215803009163934,53.5529838184492],[-1.9211196246279212,53.552361650074026],[-1.920363585487647,53.55156821832434],[-1.91937159176327,53.55086309551778],[-1.9153149558569171,53.55151195503606],[-1.9128860659858742,53.551627846306474],[-1.9116262048761559,53.5461971798627],[-1.9112725351887547,53.54505344022108],[-1.9096224094829208,53.53837500910653],[-1.911893207693864,53.538017092695526],[-1.9134738429524139,53.537217210383105],[-1.9142557218986487,53.536692231836405],[-1.914399469747391,53.53648812810884],[-1.9149667567176583,53.5345667135202],[-1.9155074909917478,53.53364578904852],[-1.9157776517125333,53.53293055967603],[-1.9173914954514681,53.53218030897903],[-1.9194946100727495,53.531707045438566],[-1.922446586689467,53.5307986396861],[-1.922597514734398,53.530246788822076],[-1.9226126753644561,53.52994822318489],[-1.9225193558343865,53.529885500592655],[-1.9227861309835008,53.528924785070046],[-1.9228164938573225,53.52855234476688],[-1.922606539110632,53.526317746621444],[-1.922867871362957,53.52517134959237],[-1.9233718352884142,53.52409474887757],[-1.9234794916921334,53.52294178021993],[-1.923571218564783,53.52277892442123],[-1.924785913909874,53.522223815020304],[-1.9254468954988937,53.52160374205402],[-1.926782114300437,53.52093226965985],[-1.9226954513411993,53.51835945270324],[-1.9223622494937687,53.51809632742273],[-1.9218634549846658,53.5171600884125],[-1.9196298635479212,53.51599461721303],[-1.9187694246164126,53.51544294181204],[-1.916768890130914,53.514478968161384],[-1.9172767397662098,53.51335689466749],[-1.9175012249863606,53.51306149760065],[-1.9191603119472413,53.51210514361016],[-1.9208259186507288,53.510687491019176],[-1.9219747049820757,53.509938270267796],[-1.9226337927729813,53.50974713651174],[-1.9244016270522608,53.50955641528634],[-1.9260783373309247,53.50864626165731],[-1.9272471663231268,53.508479567226196],[-1.9287797085530494,53.508072638223744],[-1.9336419881802516,53.5064886946597],[-1.9355042018913506,53.50576979296965],[-1.9382501734682076,53.50638638477093],[-1.9392027677894919,53.50646747885454],[-1.9400750016790274,53.50638843292971],[-1.9408505186642666,53.5064126906194],[-1.942330665710965,53.506603002778284],[-1.9428043500424614,53.50649369669147],[-1.9449164779258112,53.505494994300406],[-1.9459387066424543,53.504896894248034],[-1.9470808078403106,53.504483936377675],[-1.951335603556908,53.50418181895216],[-1.952939830153943,53.50420856899301],[-1.955675529105147,53.50443881277263],[-1.9574216558381183,53.505327614225486],[-1.9594763000853386,53.50589009867083],[-1.9612612827095248,53.50726427517395],[-1.961866870307531,53.5081360102151],[-1.962941172223725,53.509222260386956],[-1.9633887689798695,53.50980999542632],[-1.9644525641732251,53.51004598972607],[-1.9667325019629744,53.51036207943671],[-1.9682776134552344,53.51099000243921],[-1.9715519815130815,53.51191493338191],[-1.9730581784315373,53.512424821655685],[-1.9749260713239523,53.513368150519675],[-1.977822296846553,53.51441586326318],[-1.9819492122972815,53.51524797390694],[-1.983123945849581,53.51558071304663],[-1.9845686626927201,53.51615531656568],[-1.9869300521622477,53.51670668841438],[-1.9883213996036109,53.517996383124306],[-1.9897256513068606,53.5189018093444],[-1.9918910895908175,53.520019055401725],[-1.9958952962542253,53.52155176886251],[-1.9969213675607216,53.5220342105654],[-2.00303546345711,53.52019454064318],[-2.0073559508686394,53.51952667789233],[-2.0082806307117935,53.51929910162204],[-2.0091916520130737,53.519209149292784],[-2.010025881435963,53.519280987428026],[-2.0117330957468615,53.51969625309416],[-2.016762146566663,53.52115625365131],[-2.0188073031594325,53.52138598439923],[-2.018703407434262,53.52184526183359],[-2.0183149203329998,53.52271270070387],[-2.017532429784713,53.523707715471694],[-2.017585346449079,53.523967534380176],[-2.0180320307013657,53.524697484200175],[-2.0188543759367876,53.52530491527981],[-2.0190381921735447,53.52529468395387],[-2.0203027843403465,53.52599593427401],[-2.021143583293835,53.52664913303944],[-2.0211342176561935,53.526742667643646],[-2.0213016238570423,53.5268856065045],[-2.022859250982661,53.5279934189584],[-2.0229376006618254,53.52815519431891],[-2.023235171253148,53.528376187021834],[-2.02413896048951,53.52851644917177],[-2.024707351946016,53.52845600194359],[-2.024912632482962,53.52866094749476],[-2.026222585864645,53.52925221558932],[-2.0289816005863393,53.52961980785747],[-2.030025971455915,53.52984173117751],[-2.0305616903972115,53.53008428001629],[-2.0315347081973236,53.530102837880754],[-2.0316974312840195,53.53017302055901],[-2.0322706245111135,53.530083827293055],[-2.0324323609643624,53.53012507570851],[-2.032492768207912,53.53022755344791],[-2.032911699070163,53.52999179910862],[-2.033394359544411,53.52988577235831],[-2.0335435568168974,53.5295629941872],[-2.0338951915530386,53.529549402730375],[-2.0345498875005323,53.52937844404948],[-2.0348248406167064,53.52975732647604],[-2.03492436259852,53.530132511850425],[-2.0350602566849854,53.53027881127806],[-2.036063738099328,53.53031358772581],[-2.037022757471926,53.530204627769145],[-2.0383019420306985,53.52988429037303],[-2.0382186535485927,53.52953461603055],[-2.0386005636279187,53.52940102703888],[-2.038477128195522,53.5290363795927],[-2.039616600270493,53.52920696365734],[-2.0397301396000835,53.52964562968662],[-2.0399146422634478,53.52985837627399],[-2.0398907715882864,53.529964662669514],[-2.0411893978794238,53.52984007231943],[-2.041815526038941,53.52991176052309],[-2.044770960462292,53.52987136895016],[-2.047733699695901,53.5301991185934],[-2.050901948773755,53.53037111855124],[-2.0532128058746544,53.53104058522182],[-2.0535201724528833,53.53092273581895],[-2.0541736370136245,53.531060087873996],[-2.054940421746736,53.53134399502341],[-2.056354569034673,53.53073437068077],[-2.057072391232329,53.53057697504694],[-2.0573280719973597,53.5300347821177],[-2.0572433114322117,53.529749999710205],[-2.0573104385174,53.52919072949587],[-2.0566904859074033,53.52916855546538],[-2.056316943301081,53.52926206345309],[-2.05606280096396,53.52901436079261],[-2.055949719357099,53.529047563085484],[-2.0550571790963765,53.52820587754181],[-2.0551339026082616,53.528171596356486],[-2.054751606972239,53.52776924693212],[-2.05342781611674,53.52697519626849],[-2.0532343272987674,53.52678570037633],[-2.053189543188153,53.5260565391674],[-2.0532269216774406,53.52578069642513],[-2.0533268414428507,53.525769973505774],[-2.0532884782441307,53.52562336345117],[-2.053125791651152,53.52554874286222],[-2.0537781067703356,53.524789759628916],[-2.0544419441384405,53.5238134286685],[-2.0541275637106042,53.52225236382374],[-2.0563087442610355,53.52219207343838],[-2.058442286738056,53.5229828576887],[-2.0618520086873353,53.52236150359575],[-2.0622762594856883,53.52174333177013],[-2.0631607888958294,53.52131676298534],[-2.0636932354408346,53.521204969595814],[-2.0642226504305192,53.52127383281656],[-2.0646897063175853,53.522796219514795],[-2.065905075272684,53.52263741170948],[-2.0684927462231233,53.52212796484962],[-2.0685895888515637,53.522166644520965],[-2.070233567259053,53.52168540627907],[-2.0701764228224526,53.5215698314819],[-2.0704914233172516,53.521585950411314],[-2.0708947930024535,53.5218264287017],[-2.071140282916121,53.52127097606595],[-2.0747036218296664,53.52123537179426],[-2.0750035352817986,53.5210537260546],[-2.0751413771777676,53.5206131997878],[-2.077136278254039,53.52026138738887],[-2.0776293362315705,53.520287187430746],[-2.0779552065817417,53.52039455658609],[-2.078270967374495,53.52062917095342],[-2.0909359616067635,53.52062636576777],[-2.0931859433739755,53.52056366929772],[-2.0931923231461824,53.52003591168739],[-2.0931700931063832,53.51995418425096],[-2.093066771184938,53.51995703785879],[-2.0929452115838867,53.51954609860431],[-2.0930713607672766,53.51925230040433],[-2.0932883241585296,53.51911281095835],[-2.093536466102481,53.518791569586014],[-2.093526747625117,53.51844748401842],[-2.093370367393539,53.518058301813056],[-2.094936898723203,53.517821677041574],[-2.095378554999169,53.51765249579039],[-2.095433797671202,53.51747157836793],[-2.0950820303898925,53.51717804713776],[-2.0948638484634343,53.51677992768241],[-2.095000901113483,53.51610568975279],[-2.0951464809542384,53.51587272057394],[-2.0958183092096747,53.515370792462285],[-2.0975070229660466,53.51461326647079],[-2.097765752239017,53.51440914406465],[-2.097994084730681,53.514002834312215],[-2.0987915260726817,53.513898710966195],[-2.09945583103121,53.513467614935884],[-2.0996115041912855,53.51314193452565],[-2.099615782969687,53.51295429831764],[-2.0994346579179033,53.5122721767377],[-2.0997698976148707,53.511763207705826],[-2.100004952388909,53.51156140567391],[-2.100495416138442,53.51128987197007],[-2.101873281820938,53.51109965894415],[-2.102173176816042,53.51098817100941],[-2.1033610975685213,53.50962625050449],[-2.1039663973052414,53.509350454722295],[-2.1050985770016704,53.50911323828195],[-2.106597543527857,53.50898605234489],[-2.10655599772639,53.50887010320455],[-2.106845175634879,53.50886083810764],[-2.10702724400987,53.508764624847956],[-2.1078657207101945,53.508770021999744],[-2.110717270580759,53.50825875105154],[-2.112736218969773,53.507690590733574],[-2.115172542486973,53.506419208911375],[-2.1164214688621317,53.50619582115236],[-2.1179100005418956,53.50572696214067],[-2.118884885979205,53.50558049025073],[-2.119702435769205,53.50562096537715],[-2.119731415606225,53.50469793513071],[-2.119843461451872,53.50432817448663],[-2.120046459009731,53.50413837794716],[-2.1199798309659084,53.50398225796095],[-2.120138398128462,53.50366554919966],[-2.11996303267784,53.50345899235611],[-2.120003017946032,53.50310840429507],[-2.1204727849649454,53.50197527460029],[-2.1203343993160835,53.50150616542596],[-2.1206649454994535,53.50111315487687],[-2.1215518922073278,53.5007321974363],[-2.122375288704027,53.50086591206126],[-2.1233199321469525,53.50056579594628],[-2.124814630657455,53.499406417124376],[-2.1270855179187556,53.4985366376131],[-2.128072556252941,53.49841620690262],[-2.1295925157540325,53.49850697534256],[-2.1305025120144876,53.49846385466385],[-2.13143499564367,53.49822548290199],[-2.1335286672745157,53.49645031413801],[-2.1349271254609636,53.49557196095032],[-2.135255944051527,53.49528481309242],[-2.135514246696155,53.49489436860827],[-2.13573233057349,53.494301720834756],[-2.1358721052491227,53.49323389896213],[-2.136226694858692,53.491887765721856],[-2.1379181812422137,53.49162431305333],[-2.1381179527471414,53.49181108614087],[-2.1390531883482686,53.49159153608422],[-2.139757115615699,53.491238466138604],[-2.1409657938190683,53.4911227383492],[-2.1427684280763195,53.491582644976845],[-2.144353047079412,53.49176248430396],[-2.1454480090571626,53.49199878156993],[-2.1455415349500897,53.492491628739245],[-2.1457923201767186,53.492551419183286],[-2.1459134656453474,53.4927158851133],[-2.146218300692679,53.492875622756024],[-2.1462317921462635,53.49301819409654],[-2.146417506090267,53.49314377283306],[-2.1464176484148094,53.4934514733817],[-2.1467171457094865,53.49370447118137],[-2.146984324823445,53.49380365589151],[-2.1475982048331885,53.49351465464619],[-2.147958285304709,53.49302346768799],[-2.1481573153445463,53.49294450010136],[-2.1494818251323187,53.49296229912119],[-2.1510589173767025,53.493126598890406],[-2.151336186887426,53.49308215035081],[-2.151393034400688,53.49291129816177],[-2.1514964686681055,53.49285808124649],[-2.1532967704066284,53.49289986576243],[-2.15398056255781,53.49283972917061],[-2.154307848915254,53.49295166171981],[-2.154917651176681,53.49354860189646],[-2.155618307526372,53.493485616181545],[-2.1557513416205563,53.49353937317103],[-2.156312799763728,53.49394306062963],[-2.1565433489475696,53.49421486857692]]]}},{"type":"Feature","properties":{"LADNM":"Rochdale"},"geometry":{"type":"Polygon","coordinates":[[[-2.1940797677028434,53.53164453959138],[-2.1969402349462155,53.53180674376751],[-2.2003795112295057,53.53171226246892],[-2.200824843597579,53.53177527796279],[-2.200839051199361,53.531885927912896],[-2.2010290123154155,53.53186204079217],[-2.201645540442418,53.53205337957214],[-2.202255207468374,53.53207032538674],[-2.2036946414005176,53.532474881534974],[-2.2043874660258314,53.53252790675569],[-2.205430233364569,53.532896330773525],[-2.205849846839162,53.53319222456663],[-2.206745331318271,53.53406141730781],[-2.2068694862906355,53.53441737550702],[-2.2068095909650594,53.53480115680528],[-2.20695387665326,53.53528713273109],[-2.206799775238438,53.535881755534206],[-2.205767881912964,53.53650907421762],[-2.2056069836405734,53.53667731692176],[-2.205618469632495,53.536808752012654],[-2.207037256597292,53.53816720258318],[-2.2074687451833963,53.538465595628736],[-2.2085310234948428,53.53845560227317],[-2.2096457953832815,53.53961398568738],[-2.2105558121669127,53.539981752766984],[-2.2108390512844225,53.54051802915311],[-2.210866030011491,53.54073005293694],[-2.2124845400633117,53.54160550940719],[-2.213002912109837,53.54200541310338],[-2.214050229722171,53.54200073656295],[-2.21505935132601,53.54227502844305],[-2.2157002828435433,53.54219634818667],[-2.2169500975097187,53.542226667598136],[-2.2177309597665418,53.54241611017891],[-2.2176566427519524,53.54317168578831],[-2.217816454245995,53.5434365690548],[-2.2181956568334593,53.543525769580306],[-2.218862893655129,53.54389501312994],[-2.2195023838399464,53.543805645992826],[-2.219757483737666,53.543256887074556],[-2.2208257708464725,53.54265437771881],[-2.2218655513608407,53.54264543114355],[-2.22244730780376,53.542526655634674],[-2.2231508014631594,53.54224025069911],[-2.2237451445740413,53.542183518974134],[-2.2244533397928143,53.54198978553247],[-2.227760602235736,53.541564901594455],[-2.2283532237795485,53.541030472620335],[-2.228841898341709,53.54070791581868],[-2.229458185319091,53.54079099954662],[-2.2307351580039407,53.54036074762479],[-2.233525580118932,53.540155055544744],[-2.2337734668778646,53.53995767154475],[-2.233918308251308,53.539372299228134],[-2.234098631356745,53.53923712047346],[-2.2350114864213064,53.5392308339195],[-2.2353833123727367,53.53910595450647],[-2.23553501398644,53.53891520994152],[-2.2365718087713504,53.53898029534948],[-2.236939127732067,53.538816958781496],[-2.237230271179991,53.538787717057424],[-2.237206455919063,53.53940433049786],[-2.2365598018831947,53.53978674654092],[-2.2363667309325055,53.5399801332283],[-2.2364454556368756,53.540419807897365],[-2.236395144715104,53.540530293595396],[-2.2359861485394434,53.54084036494837],[-2.2343508325064936,53.541693829586485],[-2.234603238478939,53.54180763920038],[-2.2343589458787005,53.542143222883745],[-2.234108617768382,53.54326642314208],[-2.234656587768176,53.5451394212475],[-2.2355873349982707,53.54722401201406],[-2.235853701698038,53.549072274215746],[-2.2362635484321753,53.551098337815226],[-2.2373679854708706,53.55367383633981],[-2.2416543859246776,53.55714624558163],[-2.2364403090786986,53.55919114741687],[-2.236461432048666,53.55925936305763],[-2.236631317103172,53.55935255938397],[-2.2369108701004525,53.55940396701179],[-2.2370432330129417,53.55934981042136],[-2.2372190415711484,53.559422177170504],[-2.2372882038626742,53.559725117607954],[-2.23771008302088,53.560082131740025],[-2.2380827492937185,53.56000584279849],[-2.2380890262385376,53.56009121949631],[-2.2382904495384164,53.56014052797488],[-2.238667069367803,53.56062934854829],[-2.2390328804779602,53.56091343073616],[-2.2393043501166936,53.56086514132444],[-2.240084830585895,53.56114333766243],[-2.2406948219933627,53.56114098694723],[-2.240809352045563,53.56137024638664],[-2.2407497352638486,53.56150856217943],[-2.2408769147557455,53.56155408346557],[-2.2415804704871816,53.56132711881966],[-2.2416404582772644,53.56150310599205],[-2.241727938294747,53.56153888239829],[-2.2426260718178277,53.561529008584564],[-2.2440645870007954,53.561999786842264],[-2.244442842035285,53.56183278787479],[-2.245096353016932,53.56170649338294],[-2.246439956124474,53.56159751477157],[-2.246709541531557,53.561708521721016],[-2.246763036237692,53.561823524888595],[-2.2470410777379826,53.56185159622367],[-2.247225805396308,53.56197817443038],[-2.2472567592792236,53.562341041414996],[-2.2477352234260266,53.56260433446724],[-2.247837561608703,53.563000453908366],[-2.248169123256568,53.5632227933367],[-2.248165566598197,53.56334498814155],[-2.2471041817595276,53.56342592096736],[-2.246468689712359,53.56410183028392],[-2.246080042508441,53.565100336109786],[-2.2458866572069183,53.56535409726168],[-2.2451193543019214,53.56606575172279],[-2.244448808074971,53.56654434263806],[-2.2431803131205474,53.56782244633498],[-2.2454498606934354,53.56863124090549],[-2.2450563608080376,53.570266233734294],[-2.243975595696327,53.570137287452816],[-2.243268025905759,53.571512801672824],[-2.243281159522139,53.571661927134805],[-2.2465438709743624,53.57369390846985],[-2.249003659053707,53.57572549855372],[-2.250467377196529,53.576796597601735],[-2.2506705884439633,53.57717025621556],[-2.250601104393759,53.57842596139876],[-2.2524286573979952,53.579468408912184],[-2.2545236989813557,53.581023437630584],[-2.254621599385035,53.58121367340076],[-2.254649107215631,53.581548141661315],[-2.254461565002301,53.58246619333817],[-2.2548758476009647,53.582831862772366],[-2.2560769424261733,53.58358178753572],[-2.2582659542832966,53.584623379389356],[-2.25913256049751,53.58526275636709],[-2.2594858964942555,53.585283049441976],[-2.2602031025457507,53.58499022435192],[-2.2610293497462415,53.58478899037652],[-2.262492468338411,53.584906283533435],[-2.2632942489086814,53.58509861359531],[-2.263889103652443,53.58549640053065],[-2.264760393290849,53.58569928135315],[-2.2652783222735113,53.585711615512324],[-2.2660984039245284,53.58520644766667],[-2.266430035270703,53.585097004391216],[-2.2668403855455095,53.58462680512109],[-2.2673718093718853,53.584508135965066],[-2.2675617482865524,53.58438720473638],[-2.267962624349984,53.58358551149059],[-2.2677962174524677,53.58227779784994],[-2.268006240304452,53.582048125226606],[-2.267895159189702,53.581720570552164],[-2.2681368474827996,53.58150685285961],[-2.268142603217269,53.58122089480017],[-2.268560938376995,53.580723072739644],[-2.2690220982897182,53.580356040603306],[-2.271010644309898,53.57999313949093],[-2.2721235008789824,53.57946563063368],[-2.27314792936923,53.579354598313905],[-2.2736421405446845,53.579361332704295],[-2.274020483233396,53.579478437600834],[-2.274963597579553,53.579566154971594],[-2.2757367554884538,53.5797882459086],[-2.277475522977325,53.58007437407407],[-2.2776183040309306,53.58018358314366],[-2.2775667495666987,53.58088760475343],[-2.278638872778902,53.581493502394416],[-2.2787138595174974,53.58189872746242],[-2.278800625504873,53.58197316407311],[-2.2791454062797163,53.58207768446979],[-2.2798551627311228,53.582055243929425],[-2.2804297442781407,53.58214826564903],[-2.2808253537546914,53.58258244314044],[-2.2806600508781574,53.58263957458291],[-2.2806887277103973,53.58268867331673],[-2.2808754204747226,53.582802521179985],[-2.281411720961191,53.58282009035367],[-2.2822290035240353,53.58376727530886],[-2.2823664664021868,53.58422468938392],[-2.282365594143029,53.58542193423643],[-2.2825873629054843,53.58632528340893],[-2.2825155471944374,53.58659875160978],[-2.28229318359212,53.58680882130138],[-2.281890507451421,53.58687998816379],[-2.2814574865703574,53.586788321060475],[-2.279773417339455,53.585889812351745],[-2.278825455547943,53.5855271378885],[-2.278425074934893,53.58551458863908],[-2.278107564783763,53.58568610557799],[-2.2778885624846534,53.58619445420229],[-2.2780525068470365,53.58679010551021],[-2.2780592755789777,53.58731222039851],[-2.278729113644166,53.588316541547634],[-2.2788074202708373,53.588522020303024],[-2.2787508434328774,53.58889090634274],[-2.2784848063361713,53.589598119253054],[-2.2777017446835552,53.59038146908485],[-2.2772225607285876,53.591032552135914],[-2.276756715562651,53.591413099478864],[-2.276269454609542,53.591550731797255],[-2.2755108831352278,53.59150478153353],[-2.27180851612496,53.5901697579987],[-2.2710485605314954,53.589674304742225],[-2.2705470806660597,53.589213388208044],[-2.2701578974654986,53.589111747827104],[-2.2698712831741927,53.58917699413107],[-2.2695892951810306,53.58944924782969],[-2.269403407709858,53.589689537638634],[-2.269320766623587,53.589978275208885],[-2.2694260375127153,53.59042737201168],[-2.269889012813572,53.5909928600561],[-2.2700777498852442,53.59142107669255],[-2.270098029341566,53.59178870612261],[-2.2699553931842185,53.59192554254585],[-2.2692606468408085,53.591959404346916],[-2.2672478026979563,53.59140581088601],[-2.2665179921556735,53.59134283233891],[-2.2656379785744423,53.59149562366526],[-2.2649634598310056,53.59234651447658],[-2.264480757974411,53.59246723556295],[-2.2623507635875515,53.59250620142898],[-2.2592241331682072,53.59216584955879],[-2.2591084299603965,53.59223632593947],[-2.258467151802328,53.593605615381826],[-2.2583457401902542,53.593981705219356],[-2.2582580828748204,53.595009328009425],[-2.2562956305678017,53.596309590644644],[-2.2555419586366097,53.597075208364195],[-2.253940257234876,53.59753617907224],[-2.2522912158652133,53.598218286015],[-2.2515142878574257,53.5987448927418],[-2.250114737247507,53.599150342305755],[-2.249243671114994,53.59925636273236],[-2.2471404471450955,53.599329264976234],[-2.2455824833994065,53.599078330302554],[-2.2452665920134556,53.59954518471423],[-2.245357314690109,53.599802863279166],[-2.2451811592675006,53.59994444853336],[-2.244994846754556,53.600406657228895],[-2.244933759438051,53.600783445162094],[-2.2453543153937656,53.60140362773675],[-2.246637315226866,53.601867951065714],[-2.2478208724000974,53.60198558229021],[-2.248190431139501,53.602113177197666],[-2.249078250621144,53.60275793828023],[-2.2489744503201017,53.60333844649593],[-2.250033780729209,53.604356921528655],[-2.2503875316679216,53.60487164510821],[-2.2504913554668873,53.60485906874371],[-2.2509843730646244,53.60716156668481],[-2.2525126451636277,53.60699206564024],[-2.255727813934189,53.60610634068612],[-2.25629135417261,53.60604558666935],[-2.2585151753076675,53.60594475018862],[-2.2594074964746373,53.60605516185003],[-2.2616490178281174,53.60652750073763],[-2.261917847684106,53.606771276266905],[-2.263979517836668,53.60777736532378],[-2.264350398131938,53.607645928342954],[-2.2649859540441044,53.60799872224217],[-2.265062350180103,53.608130842266014],[-2.266510543295156,53.60912419740659],[-2.2688108512668848,53.611302361142826],[-2.269438069251647,53.61248121654053],[-2.269669858899938,53.61276292551411],[-2.2717895065279134,53.614498020419624],[-2.2711021409152505,53.61476216388016],[-2.2694076172061495,53.61600468385019],[-2.269046229880021,53.61614987592503],[-2.26784783500697,53.61601100123736],[-2.266858598595187,53.61562784142393],[-2.266751830540522,53.61547668141266],[-2.2672382723365887,53.614787993344336],[-2.2667374882798574,53.61470090971159],[-2.266479394015603,53.614522843493134],[-2.2605813991601584,53.616217284892926],[-2.260610553299262,53.61670188164039],[-2.2579190268901184,53.616449678235206],[-2.2591218386784226,53.61832111089168],[-2.25923756096601,53.619240466197766],[-2.2590409476040625,53.61945857876599],[-2.2583811044047843,53.61978975836767],[-2.257143233640607,53.61991742637406],[-2.256771743628111,53.6203817172862],[-2.2586040028235255,53.62062518383118],[-2.259575426167984,53.62056269597385],[-2.2599565346372112,53.62061131243421],[-2.2599576628872313,53.620954535299056],[-2.259629843463438,53.621575436714664],[-2.2596312611183365,53.621729923655316],[-2.2605816736455013,53.62195355126239],[-2.2602074422524705,53.6223069931302],[-2.260433096605033,53.623353443925225],[-2.2603760361818446,53.62390544647839],[-2.2604646083896367,53.62432796177209],[-2.2612416810281424,53.62430013787391],[-2.2617262230339663,53.624645970686146],[-2.2629998624635452,53.624995686339425],[-2.26302849199461,53.6252010317171],[-2.2625264456599607,53.625987959058726],[-2.2625116367066305,53.626417746403845],[-2.263010012380961,53.62784128757598],[-2.2631705012918752,53.62880239748645],[-2.2638295083326962,53.62998458853301],[-2.2639688193333742,53.63072720380779],[-2.263956870303456,53.63123506548973],[-2.264374691043139,53.63328485304361],[-2.264276536612462,53.63329799505698],[-2.2643515531478644,53.6338938658746],[-2.265449665866223,53.63942902653767],[-2.2676686315163312,53.64098301650958],[-2.2673074073917263,53.64125792912831],[-2.267180653433937,53.64169272987761],[-2.267319364979271,53.64240159945803],[-2.2672104420419887,53.64266676160513],[-2.2675757545143136,53.64280358152625],[-2.2677665872924178,53.64300679154524],[-2.2684037448163634,53.643311484210464],[-2.268559536351646,53.64363840451296],[-2.2694054521810396,53.64389773577739],[-2.2695909365460443,53.64400263280521],[-2.2696722818381434,53.64416058812673],[-2.269711315186707,53.644571432393086],[-2.269262424179062,53.64497129581575],[-2.2690644554864514,53.64543126380068],[-2.269240456500833,53.64575135155091],[-2.2697859572179784,53.64589618092908],[-2.269883777787238,53.64603952001781],[-2.269769618611455,53.646225132484126],[-2.269397938440505,53.64649020565908],[-2.2692597053983423,53.64684619847241],[-2.2686015135647333,53.64704203038869],[-2.2683967597840464,53.6474082023632],[-2.2677419811104045,53.64777453721836],[-2.2675350283776137,53.648022203029115],[-2.266974928061967,53.64840430287819],[-2.2668983361959048,53.64878028881997],[-2.26648500220951,53.648978950960796],[-2.2663738684716326,53.649124978251606],[-2.2663841900201627,53.64926230408201],[-2.266626083770878,53.64945979335963],[-2.266646387122783,53.64960608511921],[-2.266359996063963,53.64984687011594],[-2.265930089028907,53.64997198074202],[-2.2656239768947493,53.650611668453756],[-2.2653942480936893,53.650693908120786],[-2.2648634517900303,53.650715595680545],[-2.2645430907048945,53.65096797436016],[-2.263697264683977,53.65126897839912],[-2.2632623873709297,53.651585646964776],[-2.2629088078993425,53.651668999239966],[-2.2628166605908593,53.652150978440375],[-2.2624129789458998,53.65245290656805],[-2.2618658060252517,53.65349449002791],[-2.2614426523931175,53.65410745814192],[-2.261156750786312,53.6542511882824],[-2.260850204259235,53.65418346142736],[-2.260664246184043,53.65423836224117],[-2.2602249319393968,53.6548404045499],[-2.259588258440977,53.65510554654475],[-2.2589231824009346,53.655292639176714],[-2.2572965768858837,53.65528266661112],[-2.256445506689857,53.655672110158434],[-2.2554016553762457,53.65585410733783],[-2.2535157377223776,53.65652240062062],[-2.2530490976981006,53.65692848658742],[-2.2530021512412683,53.657212109476916],[-2.25272592419159,53.65751923571462],[-2.250319330620079,53.659232897162816],[-2.2489356282630433,53.65994190577286],[-2.2475049041489417,53.66110688539798],[-2.2464420874138944,53.66220395751278],[-2.2458407683440553,53.66321271627355],[-2.245880281607536,53.66350362748824],[-2.236576333074335,53.66699125981331],[-2.2330808189659757,53.66883115173152],[-2.2258251515602776,53.670752178583534],[-2.2255987989252524,53.67042797101257],[-2.2248139562517113,53.66987133721511],[-2.223638871608377,53.669838432045346],[-2.2233286040467677,53.66951666449425],[-2.2228152418063347,53.669453468754156],[-2.222487099865725,53.66920326465146],[-2.221628866418411,53.66897734028594],[-2.220241145319226,53.668855219473414],[-2.2177293826295967,53.66896560848733],[-2.2159977398376003,53.667076252698415],[-2.215337978581013,53.66706564079598],[-2.215570497446172,53.66667255570421],[-2.215563194117965,53.66607850457892],[-2.2152609702383788,53.66561166383712],[-2.2148426369021847,53.66519081667101],[-2.212866075253841,53.6640068688882],[-2.211909138417751,53.6633363424223],[-2.2112766005204687,53.663286336679285],[-2.2089317683995056,53.66164028025672],[-2.2071628675017423,53.660718374756456],[-2.207424604066888,53.66009469866168],[-2.2075972231353402,53.65980986031229],[-2.2076681149658888,53.659803283724905],[-2.2076628648353784,53.6596004925035],[-2.207899562227949,53.65945964094616],[-2.2075017583338425,53.658570501729585],[-2.207244729334519,53.65832658566147],[-2.2070666053698096,53.657390154633596],[-2.206878537584478,53.65703179759193],[-2.2066715772913628,53.65686867830212],[-2.20360481186663,53.65590210910278],[-2.203696508404389,53.655834065180606],[-2.2044571131881674,53.656059008889564],[-2.2052297094796023,53.65433307701188],[-2.1977387064037304,53.65205178623929],[-2.197535255832805,53.65191786587523],[-2.1970808289882346,53.651090857118426],[-2.19656448794161,53.65067095170679],[-2.1963996876149756,53.65071280187507],[-2.1954186651919465,53.65060992137345],[-2.1934576017215583,53.649888985351204],[-2.1926161203006562,53.64969316979532],[-2.1916405054795187,53.6493479503877],[-2.1903454068105495,53.649162287126806],[-2.1903401147289574,53.64893814795179],[-2.189822073161439,53.648536471113886],[-2.1897675670342434,53.64819332540488],[-2.1895852509257114,53.64800939255196],[-2.189066385347827,53.64806129404171],[-2.1885575941514763,53.64792027273275],[-2.187573714680689,53.64812234690271],[-2.185773844637108,53.64820240149792],[-2.185342451941158,53.6481463375006],[-2.184475742685109,53.648433610332724],[-2.1835632420094466,53.64841086346094],[-2.1824085297271187,53.648241567363044],[-2.182595015469526,53.64763739283987],[-2.182532091702537,53.64740828992663],[-2.182354098254454,53.64724340342843],[-2.181782197066252,53.64715860782045],[-2.181584306020127,53.64698110403223],[-2.181075270970316,53.64568477130984],[-2.181284683287629,53.645574069899475],[-2.1818157630124437,53.645514552540945],[-2.1822949109537957,53.64560928659175],[-2.1826963223900386,53.645595506167986],[-2.1834202493933774,53.645430390099975],[-2.183528147988898,53.64523162127064],[-2.183345975094682,53.645081905698646],[-2.183091685610176,53.64466517100218],[-2.1826751621475515,53.64440937028743],[-2.1827424870082184,53.64402942154034],[-2.182707600548986,53.64295886316247],[-2.1823366575694383,53.64287684585998],[-2.1822090829079714,53.642340282839726],[-2.181850061980449,53.64184310767787],[-2.181620641208039,53.64169318263343],[-2.181080194729289,53.6415431713745],[-2.1809250925820916,53.64141503665856],[-2.1805389187616493,53.64086228856488],[-2.180468965280734,53.64053348876787],[-2.1807818616812016,53.64042430367139],[-2.1813176843694353,53.64049090376563],[-2.1818355149021804,53.64033394719485],[-2.183310749135451,53.6393770118574],[-2.1842747308056247,53.63910051767716],[-2.1853971328157615,53.63820810473891],[-2.175684917088035,53.63946678497917],[-2.1741036592825007,53.63928260206628],[-2.1739767838141257,53.63969147155233],[-2.1721266554214322,53.639927573532475],[-2.1719065103824877,53.63987349369175],[-2.1718079686453535,53.63996762502626],[-2.1618365690953856,53.64126855273446],[-2.1613543492479463,53.64135824177933],[-2.1611808534078527,53.641970509470326],[-2.1610375847668033,53.64282738594318],[-2.161055322802679,53.64350793951485],[-2.160881652184506,53.64445080167753],[-2.160599834832838,53.64828043912314],[-2.1613543769685566,53.64903329857618],[-2.1629116906435506,53.65112909270645],[-2.1637018211156573,53.65201139035162],[-2.163910838874264,53.65238691799292],[-2.1641686033996805,53.653262912360816],[-2.1639165631644968,53.654347179226434],[-2.163939401101515,53.654749926349545],[-2.1624293645243506,53.656631362152005],[-2.159896179716535,53.65933656907274],[-2.155029423950817,53.664232822568266],[-2.1542231351541172,53.666828353076994],[-2.153452517792375,53.6688679764595],[-2.148602031164267,53.674483566276294],[-2.1479517105305757,53.67855327117484],[-2.1481379036145025,53.68199477087329],[-2.1463280289595237,53.68221618428194],[-2.1453060572367484,53.68043410281029],[-2.1446416278810347,53.67946511043209],[-2.1435355837956624,53.67848239003271],[-2.1427634787524,53.67803200181345],[-2.1422576176850727,53.67799046838558],[-2.1417135602650808,53.67826777859229],[-2.141092338255802,53.67895807472517],[-2.1404615947846612,53.6804859566407],[-2.1403580495471455,53.68178402851209],[-2.1401661066837177,53.68225331766429],[-2.139715118493901,53.682793978673],[-2.1379169373727493,53.68386880057624],[-2.136983838381621,53.68399705546195],[-2.135985564067829,53.68446192892424],[-2.135849728223378,53.68459606047817],[-2.135547230615572,53.68469611818529],[-2.135372129454827,53.68498028767139],[-2.1348524071381343,53.68521568102435],[-2.1346314494933165,53.68553719018021],[-2.1341272311567296,53.685718708708826],[-2.1333662128349262,53.68506905301018],[-2.1328539864207183,53.684382022162524],[-2.132245831588602,53.68403300412858],[-2.129862501833816,53.683088213627094],[-2.128464058048467,53.6822052381649],[-2.1276775924496034,53.68154179454717],[-2.1273351430822136,53.680945572183546],[-2.126878748673479,53.679585199273774],[-2.126736338721186,53.678635420687826],[-2.1269192238061354,53.67747209805082],[-2.126717285083152,53.67686561258748],[-2.1262248239342276,53.675602175722986],[-2.1249685053547958,53.67514062432583],[-2.125386614131022,53.674823057629276],[-2.1180850214945264,53.671229896315324],[-2.11356189818375,53.6711424305443],[-2.1073761905189845,53.67181243691495],[-2.0970398918010753,53.67261050288853],[-2.0964657900680383,53.67183157858705],[-2.09619133401076,53.67157844197648],[-2.094849180558608,53.67105989243486],[-2.0939639180648197,53.67051876849297],[-2.092906501318004,53.67014552687929],[-2.0921725457182374,53.670239572376424],[-2.0917794396479548,53.670427781422944],[-2.0918057075839585,53.67054910127098],[-2.090286838773556,53.67095473501747],[-2.0900019653134727,53.670899331385584],[-2.089783526748995,53.670724217898666],[-2.089209023893317,53.670759468558714],[-2.088682452597922,53.670678180963755],[-2.0884674416234925,53.67086340197238],[-2.0882268242254565,53.67091412036402],[-2.088025498715465,53.67091015237266],[-2.0876451575216293,53.67074547262662],[-2.087121643960071,53.670794445681956],[-2.086605846829699,53.67091616093778],[-2.0862638007471057,53.67111499272432],[-2.0861113002350393,53.671246275857676],[-2.086180251753035,53.67165602279408],[-2.0860734117093296,53.671918733562066],[-2.0856359920223038,53.671974666747055],[-2.085125057187237,53.67217472179417],[-2.084330299658651,53.67307410050066],[-2.0841078873337517,53.67373742077574],[-2.084132653532111,53.67405650046104],[-2.083760752000894,53.67591475504026],[-2.084057996046373,53.67764922139373],[-2.0835922825193847,53.677789745348235],[-2.083165289643598,53.67806014160285],[-2.0823319967426697,53.6782678373001],[-2.0804066667764998,53.678328417280255],[-2.079714228438645,53.67822008921273],[-2.079592805061083,53.67799808231127],[-2.079377815923381,53.677890646420344],[-2.078863034353616,53.67785307563206],[-2.078487068620636,53.67764212910845],[-2.077531463241608,53.67742615740909],[-2.076971366598876,53.67743102294407],[-2.0765700362703527,53.67733325641206],[-2.0757935195883945,53.677399432844794],[-2.0754641075249487,53.67724285695516],[-2.075015682418214,53.67743956643208],[-2.0744873350690196,53.677481188846286],[-2.074005617914977,53.677405089329014],[-2.073398815339126,53.67749450055909],[-2.073143222370488,53.67767973224719],[-2.0724693187464807,53.677803505569265],[-2.072285703155028,53.678067616529454],[-2.071801459377809,53.678180260586245],[-2.0715704438898737,53.67864328844689],[-2.0712467145032685,53.67884851954434],[-2.070568945226359,53.67894751314599],[-2.0703615268018956,53.679110545603905],[-2.069823032741264,53.6793204023307],[-2.0694195058710467,53.679626234391506],[-2.0683526965139634,53.679935835405175],[-2.068234701376665,53.68010412487707],[-2.066505440787911,53.680670230258706],[-2.065539979509657,53.68107073649115],[-2.0652072173550873,53.68127147105256],[-2.0650637681919615,53.681516197361084],[-2.064747450862569,53.68164388409527],[-2.062227866441572,53.68246146429377],[-2.061805938145301,53.68283136549128],[-2.060579305910336,53.68267886405083],[-2.060332937441671,53.682769715128416],[-2.0599592399866835,53.68274017535216],[-2.059589811552318,53.68290209743051],[-2.05725533016972,53.683120947167815],[-2.0571051883737534,53.68310302044042],[-2.056895337012206,53.682926014155605],[-2.0566949536343326,53.68305459942021],[-2.0563404882619936,53.683022203453866],[-2.056224242765732,53.68312590944282],[-2.0555451678053522,53.68264793340362],[-2.053859249495752,53.68293994042741],[-2.051242286620186,53.68367615248455],[-2.0489018695493924,53.68021136650159],[-2.0512913179162147,53.67926745263061],[-2.052215668757988,53.678821293602816],[-2.053495594288163,53.67787613571545],[-2.0544582668297067,53.67675218246602],[-2.054857985518385,53.675647293837585],[-2.054841816668276,53.674857189703744],[-2.0546299529062315,53.67379777368628],[-2.0539780636224636,53.67192772756101],[-2.0537020479075068,53.67136862771808],[-2.052202564042375,53.669432347909606],[-2.0502193457924522,53.66903153781592],[-2.0496770251863445,53.6687972283743],[-2.0485240371668354,53.667673914973335],[-2.0472986138954767,53.666871082709065],[-2.0448348960346627,53.665453597100715],[-2.0399552039033337,53.66359029261815],[-2.0370957596419004,53.66232753747961],[-2.037429731510543,53.661905834159136],[-2.0365177224707414,53.66107302301028],[-2.0356416662180603,53.65909224364684],[-2.035567127088204,53.65865535124203],[-2.035694782345731,53.65760271775946],[-2.0365869409555617,53.655298104635754],[-2.039609848505127,53.65192206801642],[-2.0395410012243036,53.651044898785315],[-2.0405272405801815,53.65090249075333],[-2.039679873244659,53.64896749558942],[-2.040706567064311,53.648362387911796],[-2.0406014613428023,53.647708812211235],[-2.0415914170929694,53.645351885139384],[-2.0416671772538604,53.644029750218124],[-2.041634438877511,53.64296417591469],[-2.0413242028005913,53.6413718912088],[-2.041143557993264,53.64083013657816],[-2.0365477570771513,53.63800120124264],[-2.03295360999266,53.63709724871368],[-2.0299976243155475,53.63615427144886],[-2.029029787409418,53.63420941148783],[-2.029398694440963,53.63192182262079],[-2.029747128375047,53.63082152531354],[-2.0302413336003866,53.63002144985076],[-2.0309857978389725,53.629047717865284],[-2.030062491050305,53.62776264107249],[-2.0281105715529137,53.62573459658189],[-2.0268698356821697,53.624229295036194],[-2.028924700670921,53.62233600951179],[-2.029508136277372,53.62157102212824],[-2.0298233322320405,53.62102884565996],[-2.029990678815026,53.620504673229654],[-2.0300124148200163,53.61853456567212],[-2.0302064056412865,53.61763935194481],[-2.0306567082471916,53.61711875514027],[-2.031598239735622,53.61655139590979],[-2.0321416344215653,53.61611448498009],[-2.0326520900636313,53.61524417709454],[-2.0328075953973235,53.614767748954264],[-2.0328990440179235,53.61393443357431],[-2.0328114635759524,53.61186455716254],[-2.032598205919075,53.611551708414986],[-2.0314545632359606,53.610772008696394],[-2.031359469947495,53.610579631628475],[-2.0313724095976062,53.61019762806049],[-2.034804769852594,53.60446891343575],[-2.03553361000522,53.60465294774518],[-2.0358820439104965,53.60426747189216],[-2.0365484723040415,53.604035264097135],[-2.0355066901326246,53.60341314375914],[-2.0358070204290897,53.602947354419406],[-2.0361408754332526,53.602919443685536],[-2.037928200221798,53.60228156575511],[-2.0388524702739224,53.601877640806954],[-2.038793444275791,53.6017618913996],[-2.042236032712465,53.60049874068354],[-2.0445856243390654,53.600357450737256],[-2.0489717148650013,53.599700707552834],[-2.0520518951475877,53.598923606318735],[-2.0526423289975138,53.598692456405296],[-2.053660614103972,53.598507742624214],[-2.0550981218199764,53.59789672960013],[-2.055572146445082,53.597503551683076],[-2.056824714100202,53.59740999514295],[-2.0567566550052536,53.597140577546725],[-2.055946447492549,53.597179785636996],[-2.055997420355725,53.59702079981592],[-2.055916812386722,53.59641862424324],[-2.055497368394857,53.59593176452725],[-2.055259682852962,53.595434716302854],[-2.055142484481047,53.59461680274988],[-2.0591783529450485,53.59290263755875],[-2.059936129877308,53.59250162923098],[-2.0673256306110526,53.5924399205219],[-2.0673186431081825,53.592794952030665],[-2.0676156411703297,53.59339980211565],[-2.0679073915901136,53.59367714897159],[-2.0683156544200725,53.59388393342513],[-2.069094721949888,53.59445396958424],[-2.0700682192184345,53.59471601150684],[-2.0699387959712405,53.594952308066155],[-2.076399481055967,53.59508513591405],[-2.0791663336725854,53.59527654310642],[-2.0793546282745954,53.595213053413175],[-2.080492777591535,53.595185808634874],[-2.0811076056114506,53.595232023258525],[-2.0821530547548566,53.595036370335876],[-2.0828069155468647,53.59451600103752],[-2.0833784049873816,53.59437123343675],[-2.0834195768842187,53.59442511626796],[-2.08386945711751,53.59435827866678],[-2.0854440065418416,53.595290215100334],[-2.085475312382391,53.59540959726891],[-2.086506381795252,53.59553701325311],[-2.0869951973111593,53.595673189546595],[-2.08709644916691,53.595890406944946],[-2.087790935452244,53.596118253758384],[-2.0882043323744637,53.59663103035445],[-2.089072401356827,53.596329247210626],[-2.089302056230633,53.59687917518628],[-2.0896605996404767,53.59717466505666],[-2.0903080948943793,53.59732067642937],[-2.0908257762815468,53.59732573937981],[-2.0911746248768046,53.597183341956864],[-2.0911401952520268,53.5970318261645],[-2.0924126160475844,53.596627894734],[-2.0926682308115647,53.59689288619969],[-2.094221839554331,53.596321759834375],[-2.095876138421966,53.596249381023355],[-2.0976783497728397,53.59602573869314],[-2.0983169030578224,53.59650805490428],[-2.099312326272186,53.59695017236025],[-2.1000411979834035,53.59770246543604],[-2.1013667333734545,53.59732708482146],[-2.1033550404892423,53.59731471065555],[-2.1045129828694247,53.597567908462274],[-2.1054422000047444,53.59755275500548],[-2.105723414524589,53.59765756108487],[-2.106798212564612,53.59844757138142],[-2.107316574269935,53.5993487908262],[-2.107666373495183,53.599298141606305],[-2.108538686912664,53.5989754731212],[-2.1090792079534593,53.599306683229905],[-2.1106710891875076,53.59967370985425],[-2.1115883864989202,53.59909936008593],[-2.112515568662584,53.59887012515879],[-2.1120995354023897,53.59856783231914],[-2.111702161513492,53.59710832668826],[-2.112246866749824,53.59508995928109],[-2.1126872074456116,53.592752271092365],[-2.1154789873799023,53.592573801777476],[-2.1159925365739376,53.59257404368835],[-2.1160306435689757,53.59270057679175],[-2.11797727841177,53.59266854045302],[-2.1184152001211656,53.59259255153149],[-2.1185986729842963,53.59235587003665],[-2.1190787222450016,53.59217115963596],[-2.1204539662789323,53.59130743632598],[-2.1205749677899584,53.591351446616706],[-2.1228447201978264,53.58999945374844],[-2.12305621022985,53.58974697103568],[-2.122468715764215,53.589456229082444],[-2.1228968701932525,53.58903308850064],[-2.123485432554069,53.58918515883294],[-2.1237431934652675,53.58905728272263],[-2.123966923142543,53.58910550645485],[-2.1255373099814,53.5870538371814],[-2.125869283211369,53.586455767043965],[-2.1316007084061663,53.58454323617369],[-2.131681973382545,53.584581724304414],[-2.1320072772975465,53.584404529626894],[-2.1319400114802067,53.58434318701753],[-2.13225460250141,53.58432036830186],[-2.1368983472060235,53.583065709397644],[-2.136996751178979,53.58328859595551],[-2.137127791944938,53.583225563501685],[-2.1467573442962675,53.58373093627633],[-2.1566184049576624,53.5822954591204],[-2.152504372976752,53.57902736324237],[-2.1521670492156533,53.57721965830633],[-2.152097606211129,53.576290945417654],[-2.152493661394579,53.57605589071924],[-2.1526846908768764,53.57576354489049],[-2.1525996683965296,53.575219843390855],[-2.15263988917736,53.57472715218517],[-2.1522562185102276,53.57433775633751],[-2.1518272933073144,53.574221166818944],[-2.150956206885508,53.567160831831075],[-2.1524587171771885,53.56635840593096],[-2.1536846723624916,53.5658759597096],[-2.157394983389522,53.564818649487364],[-2.1577966933424184,53.564484652808986],[-2.1578139378015946,53.56427879754031],[-2.1595482842214664,53.56454614270093],[-2.1634555791607233,53.56337406733246],[-2.16426476302746,53.56290190622016],[-2.1647007205290927,53.56242521240757],[-2.165049923373857,53.56219720894134],[-2.165888957670837,53.56128542151108],[-2.167116947844645,53.5607938368978],[-2.1681191239594075,53.56023347342581],[-2.1683007034376214,53.559982389468956],[-2.1688290968496964,53.558745025182326],[-2.1694523607435072,53.558822947682955],[-2.1705661027757217,53.55869215510022],[-2.170730060499857,53.55863603141151],[-2.1711873667064117,53.558207595291535],[-2.1713205850894934,53.55826300607708],[-2.1720882606428695,53.55818294895346],[-2.172016614001443,53.55761765926053],[-2.172015677700645,53.55587476921117],[-2.1722290736113528,53.55560705876476],[-2.1720428516792993,53.555128698403315],[-2.1722347850643136,53.55442822152385],[-2.1722380318409678,53.551860311900626],[-2.171865667135237,53.551576025858076],[-2.171719761357213,53.55130121951917],[-2.1700388703325153,53.551454475917836],[-2.1696501271574378,53.54637578808566],[-2.16947517911611,53.546374265792956],[-2.1694695033600615,53.54613251427955],[-2.170678066114186,53.54456766531916],[-2.170762684396201,53.54426896035111],[-2.1707336310034915,53.54372889190936],[-2.171391497656796,53.54372988201198],[-2.1721434015983756,53.54273362813405],[-2.173218989251675,53.54154028898891],[-2.1734925716016495,53.54160725954513],[-2.1750256428194574,53.53976524071875],[-2.1754462190596873,53.538958232984875],[-2.1755479723397926,53.538370208792735],[-2.1760109280777855,53.53834532165819],[-2.177293376271761,53.53753615287338],[-2.17781437113654,53.537303640283945],[-2.178013359117446,53.537304197708515],[-2.178968778379399,53.53555174660507],[-2.185924392788782,53.529041709930084],[-2.1888119897030696,53.530122192751364],[-2.1940797677028434,53.53164453959138]]]}},{"type":"Feature","properties":{"LADNM":"Salford"},"geometry":{"type":"Polygon","coordinates":[[[-2.4346977670045913,53.42192608361559],[-2.4459330855369332,53.41742590501963],[-2.4493786691045374,53.415875175326576],[-2.449362897086293,53.41673917515523],[-2.4496300192044247,53.41692299306319],[-2.4502867302143625,53.417042996326586],[-2.4507514359707856,53.41736988398351],[-2.4512756983017896,53.41865804729842],[-2.451217255386236,53.41882259798394],[-2.450912277664291,53.419150989723],[-2.4500668902628466,53.41973281282914],[-2.4498819350896195,53.420074807447456],[-2.4494108503655436,53.42030354427883],[-2.449188812841202,53.420518695352165],[-2.449094116980469,53.42081371612199],[-2.4490778204102894,53.42154156677395],[-2.448940939593077,53.42229452663721],[-2.448995295542031,53.42285870756145],[-2.449297138407486,53.4232092509018],[-2.4499755466104123,53.423639011338864],[-2.4503158122924744,53.42406411150284],[-2.451449638143761,53.426551918104344],[-2.4516295210994086,53.42679308489973],[-2.4520926819812328,53.42718598510069],[-2.4529516628552006,53.427561094970166],[-2.4540685536227422,53.428259634365666],[-2.455129481144365,53.4299679306414],[-2.455783842032216,53.43050756320199],[-2.4579810207247563,53.43201822665517],[-2.4592602832216346,53.43314306137536],[-2.4599963897527766,53.43396999112209],[-2.461344529018206,53.43592530814912],[-2.4617249732801856,53.436352593023194],[-2.462430185336603,53.43670660265679],[-2.4634840851195707,53.43702778597462],[-2.466101599286487,53.43700158731212],[-2.4668925959885235,53.4371094607833],[-2.4674912657058625,53.437307950143214],[-2.4700489550443074,53.43859423295863],[-2.4707988356374146,53.43889407687291],[-2.473068068055193,53.43905420056855],[-2.473784909239791,53.43921512121584],[-2.474336587298487,53.439541014188194],[-2.4763986021120252,53.44161085753899],[-2.477296964817189,53.44268308631455],[-2.478154150814594,53.44340147581518],[-2.478309631339556,53.44370738169319],[-2.4782650306751712,53.44430164263489],[-2.4775092508620413,53.44562684256954],[-2.476815603669208,53.44637117215364],[-2.47596387253853,53.447582967441356],[-2.475863535278645,53.44790752231214],[-2.475987973081866,53.44822190507354],[-2.47877503467818,53.450030670149125],[-2.480672348949794,53.451743514345694],[-2.4823635685703196,53.45348666135169],[-2.4828270282881104,53.453852474733765],[-2.483160182718821,53.454017415751316],[-2.484613249545156,53.45442022897024],[-2.486106610907608,53.4551748078821],[-2.48626483212932,53.45534803855916],[-2.4864730413222316,53.45586009615369],[-2.486430981153178,53.456502958931615],[-2.48667086083756,53.456983993392875],[-2.48673267610326,53.45777978668042],[-2.4868947627722,53.45812518563261],[-2.488043797496566,53.4590058688155],[-2.489608559495937,53.45956546466791],[-2.4897222012343354,53.45974789796789],[-2.4897312709771957,53.46012621629321],[-2.488724019743261,53.46041008452301],[-2.4887322094991613,53.460598532127094],[-2.4880315609567654,53.46072751587096],[-2.4867158954839783,53.460385701996294],[-2.4845012830414173,53.460716902025844],[-2.4835196979851926,53.460631542967676],[-2.4829404855697197,53.460822646359944],[-2.482840270584434,53.46115730905399],[-2.4827267467115472,53.4612324898548],[-2.4809681672109805,53.46180305083431],[-2.479735286151868,53.46187092959218],[-2.4794615551359636,53.461764166205974],[-2.4791603153589765,53.46176369436462],[-2.476746654137541,53.46239075087005],[-2.465124416261646,53.46221643391706],[-2.4650735063037796,53.46237751821723],[-2.434522311295011,53.46505178553002],[-2.4385810177841516,53.48204941691237],[-2.438511491469797,53.48247747127395],[-2.438107402160591,53.48300681770394],[-2.437872035953609,53.483486529988916],[-2.43723463597695,53.484194462607675],[-2.4370425039641095,53.484285886728244],[-2.4367305595480167,53.484863415548766],[-2.4365831453563507,53.48545888553171],[-2.4366436208675095,53.485614273452036],[-2.4364150367719906,53.48582482856307],[-2.4365287044576545,53.486027328670694],[-2.436554726614929,53.48649632552624],[-2.4363377068361847,53.48682603470286],[-2.4357084702353275,53.48718955243035],[-2.435672990813589,53.488278413868265],[-2.4359756315187373,53.48880847602464],[-2.4359797797359897,53.489076147344164],[-2.4361141786579976,53.4892295847691],[-2.4359847950224665,53.489885093788324],[-2.436275743242661,53.49033177551037],[-2.4363465552912515,53.49062279806678],[-2.436734804266524,53.490997790478716],[-2.438288324658551,53.491840659594025],[-2.438497848772956,53.492342594681155],[-2.4378612766327166,53.49289768602265],[-2.4370224414443658,53.49331597660094],[-2.436786128323584,53.49361351502501],[-2.4362266970396105,53.4937664040336],[-2.4356785127540888,53.49437259288124],[-2.4354489830857333,53.49449814505479],[-2.4352954196450747,53.494820609473514],[-2.435037869077583,53.49510552997],[-2.434878815304582,53.49563282548674],[-2.434504687242989,53.49621501387648],[-2.4342831448597595,53.49647733047082],[-2.4340848290781225,53.49656708219146],[-2.4336230155103715,53.49710696288466],[-2.4326008225021076,53.49766542005696],[-2.4317094878013226,53.49796653171262],[-2.4317173296426264,53.49810624731733],[-2.431874607207169,53.49828460358912],[-2.4324239819935576,53.49866462681191],[-2.432703625834388,53.49920095470982],[-2.433107671670093,53.49964806973748],[-2.4331056906322344,53.50107107012736],[-2.4309747169696356,53.501707969855886],[-2.4301238729870405,53.5018009209212],[-2.4304719316385333,53.504771212044126],[-2.425942723780327,53.505798639153596],[-2.4205076763585334,53.50673426646541],[-2.4208401767204637,53.50700514961819],[-2.421315636249078,53.50691080282682],[-2.421457912471618,53.506959728595135],[-2.421729398136967,53.507255389971206],[-2.422173535896766,53.50751982606075],[-2.421324764468591,53.50826072121978],[-2.4218705641000495,53.50856271319879],[-2.4222419278397287,53.50908890729861],[-2.418715635128735,53.51034733379651],[-2.41945393973074,53.51211882320241],[-2.418950872576355,53.512031854169706],[-2.4153016535958054,53.51196540584716],[-2.4156760129057853,53.51268034913762],[-2.4157648348977045,53.513422711174584],[-2.4147605216449746,53.51438263601922],[-2.4145972538648675,53.514648919280575],[-2.414583275640036,53.51490536337185],[-2.415895622584375,53.51599913743768],[-2.4163829357943567,53.516193217688645],[-2.4183502168639146,53.518120831084886],[-2.4215869422272935,53.51995376761695],[-2.4228316364537736,53.520419582256075],[-2.425418672958765,53.52087151170653],[-2.4267373651313355,53.52129386423416],[-2.427144436368952,53.52155925880063],[-2.4312918121184555,53.522120467250275],[-2.4318019399016593,53.52227338805689],[-2.4387799642796804,53.523520688565284],[-2.44639175683,53.52470845448922],[-2.4515483329735956,53.52565646307039],[-2.4541784511749047,53.52603636116884],[-2.453802772156607,53.52669507759982],[-2.453046007740477,53.527037577362904],[-2.4528877432974667,53.52717662628024],[-2.452862128011183,53.527337643506044],[-2.4522275219101233,53.52750635983853],[-2.4514623998390674,53.528212877168485],[-2.4511461595531823,53.528264640398284],[-2.4510556846437206,53.52840148941199],[-2.451115596448456,53.52863491786998],[-2.4498406755668887,53.52834118146086],[-2.448986840604224,53.52819805151123],[-2.448489016907949,53.52819710741376],[-2.448130223938506,53.528090223519364],[-2.448007345925421,53.52816296030129],[-2.4480670952160772,53.528686879367406],[-2.447952997839741,53.52886346258882],[-2.448000072697222,53.52903852479426],[-2.447843234231559,53.52918487819331],[-2.447808697585301,53.52935299259415],[-2.4474497387584395,53.52951078991506],[-2.446862945282309,53.52961354815643],[-2.446778255566576,53.52976413354472],[-2.4464496400277076,53.529940357551084],[-2.4462113743286564,53.5302344682847],[-2.445766139701001,53.5302170563609],[-2.445606794742241,53.53040025074969],[-2.4452702909922617,53.530541643726586],[-2.4449424534094923,53.53083780236842],[-2.4446089286176025,53.530908425390585],[-2.44462334805839,53.531113982259086],[-2.4443603279505157,53.531523934398635],[-2.4438717773009433,53.53169202700334],[-2.4437984292615855,53.53202684000751],[-2.443568310120974,53.53223289132064],[-2.4431105338532713,53.53233392967613],[-2.443256580122564,53.53246452037414],[-2.4432458513256674,53.53256539242958],[-2.442971789089851,53.53277679186156],[-2.442719203582788,53.53328556533958],[-2.4423780651965856,53.533393620135236],[-2.4424679748297793,53.53365306200755],[-2.4422588003078354,53.53370606802643],[-2.4421719701987796,53.53357694688782],[-2.4420108347700236,53.533638057570606],[-2.4418332584161857,53.534139949634124],[-2.441477916603931,53.534338163367124],[-2.4412510526885045,53.535145146582536],[-2.4419145717524104,53.53615221253239],[-2.4417591294699412,53.53671094163375],[-2.441758726984989,53.536989557422686],[-2.440991559044304,53.53834795313306],[-2.440982773947408,53.53868140219076],[-2.4405264240924858,53.538871842002656],[-2.439783652448304,53.53945264092391],[-2.4385369218344497,53.53968362226131],[-2.4383444331574644,53.53990173134598],[-2.4381028206360265,53.54002143517252],[-2.437204025856091,53.542122677485814],[-2.4326010574260386,53.54147597305584],[-2.4296586187382547,53.541207945907416],[-2.4254688728617264,53.541119567217685],[-2.425425306157966,53.54100652218885],[-2.4231294558361354,53.540939810309546],[-2.421417272600826,53.54068450977439],[-2.4213829798160544,53.54104351112418],[-2.4179380067224114,53.54024897801353],[-2.4140305138792693,53.53910226379982],[-2.412725712789198,53.53881546230459],[-2.410080508861818,53.538482172173666],[-2.4101027529574317,53.538301482639554],[-2.40779445557187,53.53832734895787],[-2.4069473088398654,53.53844540507349],[-2.404997355089872,53.53837562732763],[-2.4022850305558343,53.538453881837306],[-2.40224051570159,53.538692233574125],[-2.399838433282495,53.53853119508358],[-2.3983560707159803,53.53829366490755],[-2.398214701122066,53.538052365750374],[-2.3961757291546593,53.537635563403555],[-2.3949001945622523,53.53712127049788],[-2.3938210490694223,53.53657935174492],[-2.3929765635184386,53.53596725230832],[-2.390989363311599,53.53419407339092],[-2.389160201155021,53.532980432841285],[-2.387420948292234,53.53215436791458],[-2.385202856319053,53.53144890070513],[-2.3827087356775447,53.53089769101917],[-2.370875304386661,53.52888115048682],[-2.3695115422808977,53.52850983040597],[-2.36859734242294,53.52816969187743],[-2.3682372195228725,53.5289350962532],[-2.3681841858213977,53.529238322086904],[-2.3660177302185117,53.52871215347973],[-2.3544224502332356,53.52625363282513],[-2.3519919633555126,53.52875429323547],[-2.3508682569655406,53.52967968325999],[-2.3516775079453685,53.52977511613345],[-2.353604891125868,53.53024862714826],[-2.353466396798385,53.5306571376602],[-2.3530224811291287,53.53061634826354],[-2.352752050339145,53.531264231424366],[-2.353271619461301,53.5313290668913],[-2.352827481585622,53.532311232768784],[-2.3536653556831166,53.53258094008996],[-2.354679200820346,53.53277568008048],[-2.35389349417322,53.53393301965822],[-2.35339853383742,53.53389765898687],[-2.352669430667988,53.53369113822436],[-2.3521492573896783,53.534243778286346],[-2.3537892232945636,53.53477009486434],[-2.3536840890984028,53.53505183297362],[-2.3531617888110996,53.53518457243314],[-2.3522862314810333,53.53512423801955],[-2.3514476414119634,53.5357685151031],[-2.3495589464221878,53.5355608769999],[-2.348741530306738,53.53566786336],[-2.3483529316557292,53.53585484097405],[-2.348045127308186,53.536149550677],[-2.348063203621517,53.53622870380156],[-2.348700824575347,53.53657727561183],[-2.3488561659827005,53.536743386237276],[-2.3488344612502856,53.53701574414088],[-2.3486014604449514,53.53729394086213],[-2.348034118624944,53.537453736419444],[-2.3462857551255314,53.53751302464704],[-2.3456664215285774,53.537426623605405],[-2.3429723538904854,53.53680687928478],[-2.3417787161310613,53.53636818693597],[-2.341301144607172,53.535728562312734],[-2.3394180296824723,53.53455644580695],[-2.335635742304992,53.53157146634101],[-2.33520859336907,53.53132997853281],[-2.334585295412794,53.531086234223444],[-2.3335066936278155,53.53091397575912],[-2.3312563344940425,53.53022812862715],[-2.3283622581386756,53.529566480943295],[-2.3277403325270742,53.529308360688745],[-2.3269580021958385,53.52860491429102],[-2.3263239566798797,53.52817632774874],[-2.324544578876283,53.52727868441798],[-2.3218215847527195,53.52700909914218],[-2.3193973275951607,53.52702739719655],[-2.315900773328142,53.5274456656933],[-2.312911405509257,53.52748414675992],[-2.3116590947911293,53.52744867101678],[-2.310474308449803,53.52717029286865],[-2.3092635563275703,53.52617319453132],[-2.3068712596736214,53.52474206333315],[-2.304064334115014,53.52290748875144],[-2.302832457065124,53.52189208724939],[-2.3022834309006575,53.52104435164229],[-2.3020722689335402,53.52038058828495],[-2.3020727976204785,53.520058693960095],[-2.302620999404057,53.517820027510844],[-2.3025124771991283,53.51740599934064],[-2.302261244328829,53.517070405605516],[-2.3015238673454217,53.5166975689573],[-2.297737118037752,53.51562648859113],[-2.2959824651514555,53.51574601765153],[-2.294356007036923,53.51539414918439],[-2.2926730729227804,53.514570505076854],[-2.2917656488373566,53.51398567336728],[-2.2915212050077245,53.513731781086605],[-2.290797442840327,53.5120044429159],[-2.2902604204155645,53.51211974922402],[-2.289611125228018,53.51268056677014],[-2.2894470483641793,53.51273658481018],[-2.2883023957730506,53.51294327328495],[-2.2872460725451096,53.51325508266852],[-2.285886524604353,53.5133951300505],[-2.2850810370400634,53.5135846883836],[-2.284489267771351,53.51388384056679],[-2.283992471208147,53.51429203621153],[-2.2834064163543033,53.514602683554735],[-2.282597796145499,53.51518970021366],[-2.280601927549065,53.515812062224505],[-2.279423888211195,53.51597633654901],[-2.27934020659352,53.51586438384838],[-2.2774327292072822,53.51616808057132],[-2.275720337551839,53.51622959829363],[-2.274668347653409,53.516357014783274],[-2.2729340536966642,53.516800577342416],[-2.2722087780990314,53.51709772632133],[-2.271905935363728,53.517350091529856],[-2.2716111053333883,53.51746801608935],[-2.270839301039417,53.51730873225333],[-2.2703546075234318,53.51744911464971],[-2.269231830551967,53.51757271549275],[-2.2691269173246393,53.517452731961605],[-2.2650568848659587,53.51798934445726],[-2.2610344688285586,53.51823919981038],[-2.259410252898452,53.51822701760246],[-2.2589860110471744,53.5184278673028],[-2.2585746003710514,53.51821309086013],[-2.258552208265392,53.5180207335402],[-2.258364084657143,53.518085740276405],[-2.2577438283716127,53.51800197810234],[-2.257554744626872,53.518142542165045],[-2.2569274712303193,53.51792347944495],[-2.2550040331224213,53.51758708465963],[-2.2510468831197255,53.5166030937432],[-2.2503397939243657,53.51633745145256],[-2.2468909333741967,53.51430623062543],[-2.2457669802800724,53.512922365314125],[-2.2451853182213872,53.512077568952954],[-2.2458302364397573,53.511883228765306],[-2.2464191308458683,53.51153259962586],[-2.246678773739647,53.51123832230068],[-2.2466060203796583,53.511083242658806],[-2.246365890056549,53.5110476048363],[-2.246574718451949,53.51073848479208],[-2.247754131617397,53.51000179834847],[-2.248010708614772,53.509407976460466],[-2.249215310255269,53.5095150645989],[-2.249235273971735,53.50904131992003],[-2.250267254268414,53.508030351263116],[-2.2485148677251816,53.50772560005688],[-2.2487813239047023,53.50711075875893],[-2.2456990507847236,53.50652163014571],[-2.2456804528548804,53.506189555278795],[-2.245566555158375,53.50616552080495],[-2.2455163648413916,53.5056002972847],[-2.245430272159257,53.50559079372054],[-2.2453963558194383,53.50545513825991],[-2.2454716207947403,53.505405628154314],[-2.2452804120259264,53.50480794942634],[-2.245726786506811,53.50484072936843],[-2.246377945638685,53.50387258395451],[-2.247104889469313,53.5023961712931],[-2.2488478793207247,53.50318434236459],[-2.2515180590579904,53.50388533123028],[-2.25258959148719,53.503146887928835],[-2.252407076764302,53.50291086922656],[-2.252456323608956,53.50279307067139],[-2.253402630673058,53.50182447340228],[-2.2537437930008717,53.50136112085511],[-2.254096815424144,53.50118541764626],[-2.254032251276984,53.50108288916379],[-2.2545382240250635,53.50078238920095],[-2.2544708358156162,53.500711802860046],[-2.254606525632582,53.50061184992655],[-2.2545229669533327,53.50055345044609],[-2.2545742089403498,53.50039018322867],[-2.254837553431238,53.500363330389014],[-2.25420863326866,53.49983385004526],[-2.2543136632549707,53.499514537091585],[-2.255404677628178,53.49907722247334],[-2.2552129125738656,53.498871905201554],[-2.255344303207874,53.498804067264075],[-2.254578633914667,53.49798059973682],[-2.2544546038922806,53.49767793137062],[-2.2544371403744523,53.49747922978997],[-2.254906387080714,53.49733357816076],[-2.2534125411017114,53.495819671366874],[-2.25269447930788,53.49547317872462],[-2.25253095258873,53.495301890439414],[-2.2525456838374502,53.49500612169],[-2.2529311053267387,53.494155026550686],[-2.253460791974745,53.49347628915637],[-2.2515836318767155,53.49290847989886],[-2.2509036812694903,53.49238408672789],[-2.25065837293871,53.49208208691579],[-2.250844986372096,53.491140991525974],[-2.2506439384147097,53.49027234797382],[-2.2503347080689635,53.48991625427409],[-2.2497443363824887,53.48971076529039],[-2.249110326987373,53.489300311014446],[-2.2489124236985143,53.48847465849534],[-2.2487858207537057,53.48828968842347],[-2.245387146771249,53.486838723423865],[-2.2452626042423587,53.48672128456371],[-2.2451382544991114,53.48655357277691],[-2.245139704031131,53.486070997890245],[-2.245693116738303,53.485024395604114],[-2.248940294197933,53.48319132336517],[-2.2507850053791723,53.482497041539595],[-2.253000795441164,53.48181738752403],[-2.2554685570304938,53.48076300874764],[-2.256410530952849,53.48025230550932],[-2.260195544628081,53.477770496039724],[-2.262555097043902,53.476830633288856],[-2.26294221471608,53.47654129646597],[-2.263238740925253,53.476068757418],[-2.2635964985883614,53.4746890827987],[-2.2639296728668246,53.473755235456515],[-2.2643813940430664,53.473259025045984],[-2.264964851404221,53.47282544889068],[-2.269241412855916,53.47131282813362],[-2.272110297806696,53.469980523165425],[-2.2744270788551177,53.46854437079884],[-2.2779250348407425,53.46599618694727],[-2.2787033929452227,53.46553231019587],[-2.279580625171156,53.465144598973154],[-2.2801805704830467,53.4649698764326],[-2.281553141056504,53.46482536621829],[-2.282492398765647,53.46492398030496],[-2.2842069445256423,53.46544656464094],[-2.2908441648925884,53.46794288087004],[-2.301376588568335,53.47172702411466],[-2.3077369079154835,53.47458881463209],[-2.310419133051317,53.475939123560195],[-2.316348973922963,53.47867938406173],[-2.3183206923124398,53.479401366171196],[-2.319153923361622,53.479623018175474],[-2.320414207589163,53.47990277133228],[-2.3219391481349714,53.480122536987835],[-2.324008479723036,53.48034502299175],[-2.3253991742122397,53.48036906100819],[-2.328045582738106,53.480192154170304],[-2.3296573955554516,53.479947552511746],[-2.340488286865389,53.477331293318926],[-2.350873384657934,53.47505860390307],[-2.354471353743941,53.47414828405076],[-2.3623414108834573,53.47160960145349],[-2.377153379041091,53.4665158209811],[-2.3779427073560258,53.4661880580736],[-2.379218201537141,53.46548374618319],[-2.382028042565622,53.4645020617743],[-2.384345581296358,53.46395560153779],[-2.386214101687897,53.46336784485172],[-2.389765547245737,53.461876830855616],[-2.3920493964158327,53.460773617251775],[-2.3956459762312257,53.45882388197686],[-2.397773476522054,53.457484542643364],[-2.401025258905215,53.4551099687405],[-2.403236033035714,53.45321043577283],[-2.4054956220799677,53.45107053029895],[-2.407481804327433,53.448756237668206],[-2.4094667998328405,53.44594979155578],[-2.4097800031042067,53.44520154341348],[-2.409980723272601,53.44381493582517],[-2.4107531607414554,53.44209996040538],[-2.411656075078646,53.44118703741735],[-2.4127946925631076,53.43964803018707],[-2.4132091481342535,53.43848425807803],[-2.4138834806716494,53.43825029585087],[-2.4139897015007223,53.43806190471362],[-2.413976510239332,53.43796392114104],[-2.413520576709512,53.43751608186167],[-2.4141907925959956,53.4367803362504],[-2.415001490378613,53.43486997532835],[-2.415703078722375,53.433931877814196],[-2.416389199919079,53.432714348143996],[-2.4172795621173315,53.431554463319564],[-2.4192868770721336,53.42954387542334],[-2.4210854447136234,53.428169311523696],[-2.422042390865533,53.42753954457247],[-2.425038767993239,53.42585422255099],[-2.4260003983442204,53.42556232385466],[-2.4268247147090323,53.42508466483693],[-2.4346977670045913,53.42192608361559]]]}},{"type":"Feature","properties":{"LADNM":"Stockport"},"geometry":{"type":"Polygon","coordinates":[[[-2.1911294550286127,53.35339264286306],[-2.1914777517611927,53.353602445026695],[-2.1919704813377994,53.35364381817382],[-2.1925732089475196,53.35404030564923],[-2.192934105336099,53.354113321019355],[-2.1969859564001717,53.35476005103703],[-2.2018718148125647,53.35541061373115],[-2.201938954296407,53.3547925264482],[-2.2084652590270237,53.354987769951194],[-2.2074106016429202,53.35678195358406],[-2.210666762173532,53.35726885267858],[-2.2145407661780574,53.35670194700042],[-2.2146691130050558,53.357667976767],[-2.214632327865644,53.357918026039044],[-2.214759151963372,53.35801919847337],[-2.2162184726230323,53.35811460874069],[-2.216235377170111,53.358488433532315],[-2.2161428512492916,53.358850088382674],[-2.216624985137021,53.35883575729961],[-2.218023897574939,53.358591358895346],[-2.219553051206448,53.35847338117943],[-2.220241990514334,53.35922547518758],[-2.22031059452287,53.359411305367544],[-2.222225330540009,53.35976476242549],[-2.224186130297921,53.3597565971467],[-2.2246261167433894,53.35936397223541],[-2.2250274691745044,53.359473559903556],[-2.2257726191498333,53.359468780410204],[-2.2302099582531354,53.35922742632328],[-2.2328396042366596,53.35874846570605],[-2.232981950192742,53.35877867170893],[-2.2330481138924707,53.35892528735158],[-2.23281212387033,53.36025494345726],[-2.2336242417011323,53.36012668701931],[-2.2355009541600177,53.35959798647808],[-2.237593593132571,53.35923625767],[-2.2383609425596633,53.359171805598855],[-2.239540690488603,53.359216910283266],[-2.2407804548200936,53.359555319913866],[-2.2395640302799977,53.36287355839168],[-2.23834138352485,53.36592679567263],[-2.2382940659547095,53.36628279507337],[-2.237797366336834,53.36749106745124],[-2.237655076952994,53.3686750455074],[-2.2370343283347847,53.370048727325965],[-2.237151293533203,53.3702204022037],[-2.2386795975087357,53.37077774511783],[-2.2386074025146208,53.371060495514946],[-2.2386517010309266,53.37136514815094],[-2.238731349381952,53.37166695250622],[-2.2389844414121707,53.37207289306003],[-2.2396071530843864,53.37238961594512],[-2.24024678898621,53.37254198049512],[-2.2403726848599455,53.37265596317679],[-2.240442191751136,53.37281858001024],[-2.2400923354850373,53.37288835347479],[-2.239896306152837,53.3730264177055],[-2.240004298857239,53.37352054754454],[-2.240259839576141,53.37402620010019],[-2.2413933040467224,53.37486604576139],[-2.2414016753856196,53.37526684925369],[-2.2415951100392886,53.37549763577593],[-2.2416537833790855,53.37574020955032],[-2.241316444393197,53.376142575938474],[-2.2414372626385624,53.376574620890025],[-2.2417937196577613,53.37681041612424],[-2.2418164123492113,53.37699772880175],[-2.24174682620017,53.37707118102461],[-2.2418607400865675,53.37727853311539],[-2.241814689306052,53.37760839178799],[-2.242018597142185,53.37777791688335],[-2.2420641221508486,53.378105072935114],[-2.2416913121709148,53.378383631142725],[-2.241498826817078,53.37865198960101],[-2.241286130066576,53.378754674579525],[-2.24128579280791,53.37902713806389],[-2.2411523769864075,53.37927374980526],[-2.241207688889829,53.37967365809831],[-2.241137011569703,53.37972656866535],[-2.2413212193854486,53.37997451990506],[-2.2413027654854236,53.38011641548978],[-2.2409156313866814,53.38052173054613],[-2.2411974693362673,53.38093374701588],[-2.241163118219931,53.381172850551394],[-2.2418560727629084,53.38150964366026],[-2.2418451158176715,53.38164786572605],[-2.242082829939459,53.381728568543146],[-2.241996947600723,53.381911885719276],[-2.242024468035964,53.382043288255474],[-2.2424399724661184,53.38208992214952],[-2.242864791561183,53.38227256022162],[-2.2426270603699616,53.38250665798895],[-2.242942804028358,53.382763880367584],[-2.243090140563737,53.383065534391854],[-2.242817476674808,53.38369192148702],[-2.24254201071384,53.38391439267902],[-2.242482738319584,53.38406367010423],[-2.2428235130672878,53.38425286103434],[-2.2428857532253037,53.38437660624792],[-2.242850804569131,53.38459408477341],[-2.242977259848759,53.384852815843274],[-2.24241084888399,53.38568645683476],[-2.2425356956877938,53.38593852205223],[-2.2425956437286456,53.38766706073794],[-2.2462349849484626,53.387834167676914],[-2.2456777416922273,53.38989185669671],[-2.245788231920489,53.390215104353665],[-2.243938280863616,53.39039457262553],[-2.2444802219523514,53.391322380309035],[-2.2460367942282637,53.391371843792676],[-2.245941825463429,53.39364208162912],[-2.2460295929900442,53.39377898561891],[-2.2448406612232135,53.394108940299816],[-2.244421728387084,53.39412254532006],[-2.245565763712401,53.39525181389631],[-2.2468678290259523,53.396085963697274],[-2.2425745965621546,53.39774593712875],[-2.2426099939872186,53.398250198361225],[-2.242493363997132,53.39840325940151],[-2.242401142367283,53.39879696697597],[-2.2424920740313796,53.39949790049391],[-2.241835250092134,53.39953518826456],[-2.2406047593764495,53.3997733482005],[-2.2384672995515267,53.40077702666785],[-2.238093062505916,53.400857017546386],[-2.237146361847424,53.40100524646763],[-2.235856540955274,53.40106622954226],[-2.2318457174976656,53.40086118034544],[-2.2277188073539365,53.4008753057028],[-2.225176683423935,53.40131880137968],[-2.2240301687078667,53.40131375149033],[-2.2225677382395617,53.40117997986648],[-2.221086521645174,53.40213102017917],[-2.219886808578425,53.40273762503142],[-2.2193366912243375,53.404056115208625],[-2.219502025018086,53.404946515342665],[-2.21933332387478,53.40513728445086],[-2.2182037670642876,53.40547920494391],[-2.2156791391526456,53.40597004225976],[-2.212691740610135,53.40696614440464],[-2.2141563496619865,53.408813181261976],[-2.215041107792185,53.409753698536974],[-2.2155183577641386,53.41088399348885],[-2.214615197095689,53.41104780245503],[-2.214679578043417,53.41116896023053],[-2.215407983228711,53.411371831142446],[-2.215077643569924,53.41149533677136],[-2.2151218579089154,53.41178131788552],[-2.2146873195406465,53.41296409592794],[-2.214089354006822,53.4158729675986],[-2.213891648432399,53.41722778887384],[-2.213487826097824,53.41892474107109],[-2.2097080175993797,53.41794184452632],[-2.2090947909277885,53.41870649173505],[-2.208831562751093,53.41876491548336],[-2.2085860345432695,53.41910863559205],[-2.208442337629689,53.41916341128696],[-2.207180214357957,53.418862624155196],[-2.2065052082203582,53.41900674843481],[-2.2061612609668493,53.419662374556786],[-2.2062848133136876,53.42008884622744],[-2.207757402349496,53.42008643531213],[-2.2075639495640305,53.42042686260196],[-2.207204290385404,53.42042715529365],[-2.206677747049789,53.42073621395452],[-2.2068108815420167,53.42094636004546],[-2.205616191775588,53.42156217189193],[-2.2055299482463253,53.4216775940592],[-2.2056320518718855,53.421730401049196],[-2.2052509462374963,53.42204267211318],[-2.205351041667717,53.42210798136091],[-2.2049597423836382,53.422341933896256],[-2.2045303987383047,53.42213760626278],[-2.202154291313196,53.42343601518699],[-2.201469814786987,53.42402072698108],[-2.201527007413683,53.4240544632253],[-2.201258136599376,53.42435605109417],[-2.20108960779271,53.42431420603863],[-2.2010124890991283,53.424396329440434],[-2.1999515050275975,53.4258045665765],[-2.1997741608652546,53.42649529090821],[-2.199581105563628,53.4267444975298],[-2.196853043176749,53.428084654337184],[-2.1961422511396687,53.42804650035067],[-2.194561847829378,53.42769938073079],[-2.1931855974614836,53.42765319179065],[-2.193084546919385,53.42943909285731],[-2.1918848746905613,53.43311480923168],[-2.191333015063281,53.43517688004467],[-2.189418575789302,53.4348633685808],[-2.18879187392502,53.434830933739995],[-2.187220785643737,53.435231430357454],[-2.1881999391335762,53.436376213137336],[-2.18842044219331,53.436433373589495],[-2.18872841319386,53.43680659328733],[-2.188438723145762,53.4366320448406],[-2.187669181861628,53.43655316127447],[-2.1874634640926365,53.436626516413405],[-2.1873259857167566,53.436492749562966],[-2.1875237959511686,53.436343256384184],[-2.186767233780441,53.436191665466524],[-2.1867020520947564,53.436022675535426],[-2.1865829286927703,53.435992247027734],[-2.1857322027075106,53.43610313562619],[-2.18565459740627,53.43604058849643],[-2.1857097105786134,53.43595231637962],[-2.1852385605647933,53.435675712750495],[-2.1847031601306535,53.43566986896593],[-2.184198602810767,53.43556163640666],[-2.1840209043326237,53.43526455255581],[-2.183799459074251,53.43519209596435],[-2.183250347988405,53.43526035464697],[-2.1829223957900385,53.43502012753627],[-2.182335763780043,53.435008387815984],[-2.1817952645262833,53.43510528204],[-2.181369014110649,53.434973907558366],[-2.181075634989133,53.434680824252275],[-2.180796054758519,53.43474360167307],[-2.1801818951230114,53.43471187566977],[-2.179877789984082,53.4345442134131],[-2.180140795379182,53.43436528658143],[-2.1793238147867253,53.43424723545393],[-2.179256789754334,53.43415101074567],[-2.1790403696626086,53.434239243486736],[-2.179091943374341,53.433983271947916],[-2.1784580145614214,53.433891532453366],[-2.1778546623489263,53.43363691699782],[-2.177204424145323,53.43308780539678],[-2.176791718974415,53.43304207300283],[-2.1765798126644853,53.43309714495428],[-2.176080625898568,53.43374310573112],[-2.176040637104621,53.433853067365334],[-2.1761209873811906,53.43406129360474],[-2.1759561583750267,53.43429567156574],[-2.1756346730131115,53.43418379609858],[-2.175459856393744,53.43445636050746],[-2.1753337404513617,53.434442775549115],[-2.174971344271409,53.43553541239705],[-2.1747171070930187,53.4382278447448],[-2.1741413954865583,53.44054407266594],[-2.17424602829537,53.44116300329328],[-2.1742571327594122,53.44203599570956],[-2.1741182301920867,53.44258169291988],[-2.1741109705390884,53.44310668608164],[-2.173993999533401,53.44365642731919],[-2.1740240909548074,53.44394976365366],[-2.1733784365224893,53.44564613283576],[-2.17310271047329,53.445629482073485],[-2.1726341027249445,53.44645058639065],[-2.1720050097322403,53.44725793415095],[-2.1722655682455363,53.4475828249084],[-2.172797577917358,53.447944930061304],[-2.1724514215240105,53.448160633536496],[-2.170132551607514,53.44883641047272],[-2.1675038762314425,53.44936590346871],[-2.1671289786440844,53.45010803387436],[-2.1666503264562644,53.45164293104405],[-2.165971263610538,53.45342278947014],[-2.1660829106233854,53.45348503216127],[-2.1659577943768746,53.45374500051323],[-2.1614241476480345,53.45183261995725],[-2.161778281867989,53.45307800303804],[-2.1599992631815725,53.45335844783514],[-2.160108375304467,53.45384143254892],[-2.1604386176745938,53.45424917393062],[-2.158453418267631,53.45472279707704],[-2.1585233695678694,53.4548322827443],[-2.1584418706916306,53.454879447532825],[-2.1579506533386494,53.454325193117484],[-2.157269849116272,53.45385615669836],[-2.1564978289969066,53.45314427730699],[-2.155826247914957,53.45248702853868],[-2.155272721485331,53.45180743872568],[-2.155011960323136,53.451658622919844],[-2.1549639707190122,53.451270490436976],[-2.1548747684106235,53.45120038821972],[-2.1542302533041804,53.45085347668323],[-2.152530154804656,53.450331535094264],[-2.151950903474637,53.4500654151745],[-2.1502458162094515,53.44904822648003],[-2.1501584592932637,53.4491005865952],[-2.149196807393704,53.44851514604256],[-2.149258995361983,53.44847955020478],[-2.148842444290565,53.448173608131725],[-2.1484445432061463,53.44768338625904],[-2.14835058845968,53.44741548426286],[-2.1486351657934506,53.44730405013392],[-2.148485102583751,53.447100647667],[-2.149025814608563,53.44681053473367],[-2.148766755006249,53.44663817569048],[-2.148846877394149,53.44658246390141],[-2.146924987914392,53.44547003449843],[-2.1463544589636228,53.445347837201936],[-2.145952747649574,53.445512090927714],[-2.1444838070440357,53.445214445867286],[-2.143715083953443,53.444958366653196],[-2.1428484078130166,53.44452880501173],[-2.1436032880346505,53.44430542406865],[-2.1445503592505006,53.443624574090194],[-2.1441038564179418,53.44319699674447],[-2.1436014752748376,53.44252991899722],[-2.1427169234711734,53.442218073211535],[-2.1423201126072398,53.441458174156686],[-2.141743968967542,53.43980218035595],[-2.142129032127945,53.43974412367789],[-2.141621448917557,53.43832988286512],[-2.1413504335515867,53.43873862419271],[-2.1413124335487574,53.439054102869015],[-2.1412014483907926,53.43920507944382],[-2.140698202810263,53.43936319785803],[-2.140056903726834,53.43908961466217],[-2.139666335951962,53.43845634715582],[-2.1394342901424634,53.43827319027709],[-2.138754363196672,53.438070061179026],[-2.138067757955742,53.43773214428709],[-2.1377053772694627,53.43769487903607],[-2.137251921118334,53.43794511608439],[-2.136761052263107,53.43845971482503],[-2.1364472556922225,53.43918364902485],[-2.1361724991803013,53.4393204715507],[-2.1358113404724968,53.439360774451835],[-2.1355758457995537,53.439272586581964],[-2.1354204705723796,53.43908145181594],[-2.135190920584343,53.438348304193646],[-2.135364490764008,53.43809951214749],[-2.13526683424498,53.43766227819312],[-2.1349545786283106,53.43739831599336],[-2.1345540801757217,53.43734147589366],[-2.1341105134101523,53.437498420619946],[-2.133527141487206,53.438224340003174],[-2.132050048333123,53.438672623947376],[-2.1309052823943553,53.439367097804436],[-2.13017273547498,53.43948812110907],[-2.1291413463615596,53.43942379746507],[-2.1271261689057126,53.43876392402928],[-2.125638059046184,53.43846296650057],[-2.123997385462832,53.437866103803486],[-2.1234098605163174,53.43770492037551],[-2.1230650278310357,53.43770078261027],[-2.122669424962816,53.43783876842527],[-2.1225020273930997,53.438034845041585],[-2.1224746516481603,53.438272007910584],[-2.123610260476517,53.43932966359357],[-2.123804156576472,53.439708687330594],[-2.123859401024994,53.44006927563273],[-2.1238091001393027,53.44040835620231],[-2.1235905785683835,53.440813065512806],[-2.1233163967205684,53.44102050742899],[-2.123059730735694,53.4410625601943],[-2.122268314415823,53.44069926833778],[-2.1197550220161707,53.43929764487812],[-2.119374393773467,53.438944958254304],[-2.1192981574521648,53.438594473940285],[-2.1202529141959237,53.43770449753285],[-2.1207115261646545,53.43685826949682],[-2.1206789625027946,53.436655216141865],[-2.1205011373964084,53.43648264591789],[-2.11991660936563,53.43637453737128],[-2.1196294005652225,53.43644756995273],[-2.119380696488493,53.43683179932742],[-2.1190316578184394,53.43700012559899],[-2.1187054270467525,53.43707881272616],[-2.1178135283524413,53.43706439917314],[-2.1172471930926844,53.437251882569754],[-2.116854332501516,53.437483753846315],[-2.1161972295771703,53.438102333488786],[-2.1151869339646714,53.43836914013955],[-2.114794743823335,53.43873456861025],[-2.114693988190954,53.43887847267154],[-2.1147924911819413,53.43912107641457],[-2.1152029497886615,53.43938499630943],[-2.1157286757843283,53.439442804428936],[-2.1168750003136023,53.439268198842505],[-2.1171913114390537,53.439335302044185],[-2.1174204350040946,53.43951765102218],[-2.117429062180698,53.43974151915053],[-2.117122893053741,53.44011653304709],[-2.1163759141364613,53.44065403999253],[-2.116007226652916,53.44070469004555],[-2.1154680871752802,53.44053077371175],[-2.114600684344614,53.4398656168376],[-2.1134665416339034,53.43918273082972],[-2.1124905402640968,53.43835753165212],[-2.1112375687564424,53.43752561714227],[-2.110822183941161,53.436972608813164],[-2.1109580405367487,53.436588259726264],[-2.1109017027786456,53.43645151608526],[-2.109922969549215,53.43560329654911],[-2.1084561040743455,53.434783027959035],[-2.1075533758992453,53.43382656985551],[-2.1062746625636266,53.433346553157115],[-2.1047146834459443,53.43323922718589],[-2.1034115360624868,53.43274881056241],[-2.1024403660194664,53.4325931954472],[-2.1019434559311003,53.43270290395893],[-2.1013330118146993,53.43332417125808],[-2.100818866024036,53.4335077483196],[-2.1000917826439953,53.433545438950475],[-2.0977282617957176,53.433362858035515],[-2.097064727041189,53.433427443626755],[-2.096692092461984,53.43359137348189],[-2.096657955553961,53.433882539005275],[-2.0974379120337883,53.43473861638712],[-2.0981287103652577,53.436088015308876],[-2.098132648542253,53.436365810825905],[-2.0980114436086055,53.436639215091226],[-2.097804065865978,53.436869437306356],[-2.0974821656661398,53.437015207036794],[-2.096308097642815,53.437031604154484],[-2.095131665804823,53.436631437349426],[-2.09390467147726,53.43654084495153],[-2.0931214538477523,53.436988125530306],[-2.0928990997269747,53.437245541137564],[-2.092794372259977,53.43754669269229],[-2.092196395672953,53.43746891207707],[-2.091709296957816,53.43761218730579],[-2.091435250233945,53.43753237333071],[-2.0912153492860868,53.43760638247631],[-2.090349323327331,53.43738232991229],[-2.089041426740073,53.437293429758654],[-2.0886388994867686,53.43713615253417],[-2.0871842744073357,53.43615045918925],[-2.0871296899187204,53.43590269053644],[-2.0867584672522987,53.43541286774508],[-2.0867518931206623,53.435186245322456],[-2.086501149580375,53.434711115457276],[-2.0858672383440795,53.434556801083076],[-2.085685964009216,53.43443562274742],[-2.0850014446667746,53.43440374567322],[-2.0849679331228708,53.434325506651284],[-2.0846098558155,53.43428355156228],[-2.0843927332948944,53.4341398984888],[-2.0840374992053317,53.43408086150331],[-2.085262283968703,53.43354775435013],[-2.084461235713105,53.43305846040704],[-2.0847980067903835,53.432867727591095],[-2.0851356266212173,53.43306437102522],[-2.0852136863612176,53.43302837913378],[-2.085545055374188,53.43315397171145],[-2.0863001003772323,53.432770579361446],[-2.0859892564144995,53.43256041913479],[-2.0854833946328797,53.43243859350416],[-2.085377808791225,53.43232546794389],[-2.085395520986892,53.43201704145391],[-2.0852490540259563,53.431902003561554],[-2.08517046730354,53.431666650673186],[-2.085361583135878,53.431044616649274],[-2.0854171706025255,53.4301490961425],[-2.085934772173366,53.43003918073834],[-2.086066470681482,53.42980537526659],[-2.08593953688011,53.429374027204965],[-2.085718863449348,53.42909385242852],[-2.0853555125094156,53.428720254072545],[-2.084912725544033,53.42854504287856],[-2.0846381957334312,53.42819465920089],[-2.084613654328447,53.427925012136946],[-2.084453506163357,53.42780125506498],[-2.0838180256584202,53.42750508298412],[-2.0829630367343603,53.427274506056],[-2.083007313704344,53.4268287075939],[-2.081394656404428,53.426562960782206],[-2.0793170178618494,53.42610315310965],[-2.078131747913617,53.42626768974353],[-2.077647099392824,53.426163596195664],[-2.077010225472121,53.426843685757326],[-2.0764653847058097,53.42696987623794],[-2.0749788280850288,53.42618320291726],[-2.0747210726289045,53.42592019912508],[-2.071898723420063,53.42742917725428],[-2.070679133550766,53.427927080652246],[-2.069998776346194,53.42803085072097],[-2.069753611583489,53.427944758851005],[-2.069486988999401,53.4277219187272],[-2.0693408933249167,53.42778040234012],[-2.0692092338267516,53.428090582803335],[-2.069026496433782,53.42827764558312],[-2.0678478319342455,53.42846157683677],[-2.0672247656655904,53.42867245949069],[-2.0651170488344954,53.43016022406715],[-2.063343384235687,53.429501397835594],[-2.0622213120056707,53.42891155253215],[-2.061979696702757,53.429342003795576],[-2.0617745933166196,53.429310650693445],[-2.061710416577775,53.429463713454915],[-2.061906080221567,53.42949233907171],[-2.0617410231321656,53.42983228055507],[-2.0611480517551075,53.42990169056399],[-2.061183053006794,53.43004379893133],[-2.0603045586560746,53.43045317098099],[-2.0598780488073176,53.429961840680356],[-2.0582729493388725,53.43056101227364],[-2.0584207551442213,53.431004999190826],[-2.05577891539634,53.43173264733849],[-2.0544515251820537,53.43167286890416],[-2.0544434273315186,53.431227105416816],[-2.0542476491220607,53.43113476606007],[-2.0535480156899797,53.43131374790208],[-2.0534500737815895,53.43121322852502],[-2.052921790879904,53.43115222617706],[-2.052741045726503,53.431042763531735],[-2.051090826526505,53.43080613374219],[-2.050684406106883,53.43076136521648],[-2.050413704114485,53.430886447635665],[-2.049099027613593,53.430040415162],[-2.0474162460969714,53.43006610473189],[-2.0457387911377762,53.429367618010545],[-2.045575209830952,53.429478059835766],[-2.0435499363198053,53.428932497995106],[-2.0434528400931593,53.42902649050278],[-2.041900352277487,53.428625549640536],[-2.0408257720434566,53.42830764081251],[-2.04050012343228,53.428085008000146],[-2.0396603799243973,53.427825469596684],[-2.0398558788362218,53.4276709094922],[-2.040010319074971,53.427370587162514],[-2.039558472709711,53.42716624990822],[-2.03927743346122,53.427182073172666],[-2.039068081632444,53.42710012207764],[-2.037811551951292,53.42714827620507],[-2.037602390773718,53.427345254115394],[-2.037330166201772,53.427418093148034],[-2.03628347968814,53.42731420512126],[-2.0354490501210476,53.427492546971074],[-2.0349380434530926,53.42779926995125],[-2.0344628139975383,53.4286002317732],[-2.0340626495670286,53.428707238842655],[-2.032887349721952,53.42871459082514],[-2.031250903350362,53.42837263430103],[-2.0304833772461213,53.42838912151397],[-2.027879060274514,53.429461086397474],[-2.026369676001127,53.429910840091864],[-2.0252893226488835,53.42916280039951],[-2.0251710778389187,53.42886591706851],[-2.024904804278664,53.42869603663137],[-2.024578640302804,53.42827786036487],[-2.0241471651815135,53.427937509330434],[-2.023959255164887,53.42748643198669],[-2.0244358936596214,53.427260190519654],[-2.0242448682505185,53.42723276275911],[-2.0234039700917235,53.4274495016255],[-2.022520660261239,53.42756565218668],[-2.02165474384907,53.42736188277315],[-2.0215337744515045,53.42715151970882],[-2.0210630386920787,53.42707605620313],[-2.0204758458676584,53.42667616163084],[-2.0201506671019094,53.426212455113664],[-2.0199894722909346,53.42547374323513],[-2.0197259451710416,53.425102453941214],[-2.019872974614143,53.42476171043539],[-2.0201409106746944,53.424505492155326],[-2.020262480649779,53.424024297860036],[-2.0204377814156835,53.42381557213207],[-2.0206505284962453,53.42325599961633],[-2.0212850194530807,53.42255927635695],[-2.020904690322565,53.42180543196157],[-2.0209970420102183,53.42124334514977],[-2.023441274541683,53.42173553262584],[-2.0237112574958758,53.42053555109268],[-2.018910825484152,53.4195575136906],[-2.016677704729214,53.41928735055303],[-2.0170203628539993,53.41812561503105],[-2.0147709894412418,53.417835104457566],[-2.0152270864788844,53.41661036783501],[-2.013663236612636,53.416444551222874],[-2.01369876779109,53.415873712344066],[-2.010650899359142,53.41671114972923],[-2.009834182140911,53.416607853453364],[-2.005095080685414,53.4150115719197],[-2.0038124965703594,53.41507566587818],[-2.0037222135497266,53.41494084091294],[-2.0002557540621146,53.415254669031306],[-1.9923316617130546,53.415176914477165],[-1.9939671712665419,53.41316637717931],[-1.9936846549217369,53.41283181883144],[-1.9933025817253738,53.411892784255336],[-1.9939921720840244,53.40916900388552],[-1.9946959442318677,53.40865051356413],[-1.9951501386885038,53.40774521466396],[-1.9952287187577096,53.4070514187824],[-1.9957397994198462,53.40586859811771],[-1.9962080300237002,53.40521694310792],[-1.9961253304135251,53.4048728499827],[-1.9962569716505136,53.40452510487874],[-1.996447813851234,53.40436134789263],[-1.9968962495771683,53.40421472917958],[-1.9973888883240407,53.40352066195069],[-1.9983454583878872,53.40189122309459],[-1.9999834371240595,53.399632856325624],[-2.0005445746051844,53.39852950832303],[-2.001168672382744,53.39762418371884],[-2.001771587764505,53.396474762687006],[-2.0042193167950124,53.39405340145203],[-2.0045355431947955,53.393648346392894],[-2.004879429892148,53.392848628251045],[-2.005020868075949,53.39283244265401],[-2.0051988746988427,53.392096100117925],[-2.0046442175263413,53.38631141104383],[-2.013063052349879,53.38408862960292],[-2.014461842124496,53.381773338927474],[-2.014543045848784,53.38153844817654],[-2.0145143752858163,53.38133680181084],[-2.014766089272967,53.38126853803906],[-2.014939778731557,53.381047504707794],[-2.0151144572696795,53.38055163597562],[-2.0169812351830436,53.38148227483414],[-2.0197156419861377,53.380579412542446],[-2.0197398069198007,53.380466143317214],[-2.0185938946050115,53.3801896431271],[-2.017084947851585,53.37781660582996],[-2.0180953597247604,53.377770666851035],[-2.0191324723246313,53.37757304150261],[-2.0209452128111995,53.37758250384063],[-2.0206303286412024,53.3761452834852],[-2.0218989658748536,53.37607117747334],[-2.021996571895981,53.37594172356892],[-2.021617861623114,53.3756830389329],[-2.021472980960139,53.375043194329905],[-2.0220290332541153,53.37509505486153],[-2.022468151530659,53.3749601431348],[-2.0230850421543614,53.375026553167196],[-2.0234183799023957,53.374938610510924],[-2.0232570742122222,53.374595107274494],[-2.0240684729146374,53.37415730790056],[-2.025118059694993,53.37377254821748],[-2.026209544532614,53.37360152782912],[-2.0280378461149478,53.373937902144895],[-2.029874394935618,53.37461019513705],[-2.0301036530887306,53.37472751911225],[-2.030414897921582,53.37506369389802],[-2.030691636649316,53.375172330530944],[-2.0317894536418653,53.3752891712112],[-2.0324946242908926,53.37545134078631],[-2.0330892680726067,53.37541072746556],[-2.0337761000568726,53.37552564155005],[-2.033765507080953,53.37519117896218],[-2.0338509583264557,53.37515349236203],[-2.0337832422176065,53.37507626370707],[-2.0335821402392162,53.37499711338848],[-2.0317652163674462,53.37365662397454],[-2.0308365331630633,53.372899301507594],[-2.0286246705479547,53.37071814425222],[-2.029123347088917,53.370434027663826],[-2.030373757423169,53.370098348556915],[-2.03105964299188,53.37024606902611],[-2.030888619751823,53.37091056021434],[-2.0308719475161183,53.37123415420319],[-2.030958095154027,53.37149845049473],[-2.0326041900104377,53.37194210840964],[-2.032632910167283,53.37201764968],[-2.0353593771791147,53.3721067532416],[-2.0384221013310984,53.37187575480911],[-2.038733444612767,53.372336597894886],[-2.038854873988535,53.37297032629961],[-2.039119186898932,53.373001627584124],[-2.0396995859296916,53.37332951853949],[-2.040564541044417,53.37407163007567],[-2.0408873583837726,53.373749098261236],[-2.04110712426728,53.372683828484185],[-2.041527739806652,53.37245082333324],[-2.0415022072619045,53.37228538810737],[-2.043022468017061,53.37169974262817],[-2.043076416969295,53.3716474723197],[-2.042978589843148,53.371515492216794],[-2.043292416314614,53.37112352905353],[-2.0439388471764963,53.37062373192974],[-2.044865413958344,53.37030048768859],[-2.046669300318632,53.36935318432256],[-2.048630663811635,53.36942711038237],[-2.050113419173046,53.36906694969132],[-2.050731053224205,53.36870883310776],[-2.0512620923423968,53.36820973746225],[-2.051396990208484,53.367888030871036],[-2.051554678972291,53.36782225581124],[-2.0518247648190466,53.36747326346465],[-2.051988553339391,53.36738330581115],[-2.052535956765918,53.367309502185506],[-2.0539087890334033,53.36731166456516],[-2.0541960950348943,53.367226142066734],[-2.0543250886865243,53.36710193249785],[-2.0553213410721995,53.366875067702594],[-2.055416875161112,53.36665649213119],[-2.055381878548985,53.36611719190777],[-2.0560284658165737,53.36534217842732],[-2.056185671314355,53.36490053867578],[-2.056253918127897,53.36429293914666],[-2.0568605509317996,53.363888998762114],[-2.0569608018062615,53.36371367279132],[-2.056825417594111,53.36360784276354],[-2.056927263600504,53.36333360534492],[-2.0563802358981333,53.363238676757085],[-2.0563373300734065,53.36239632011395],[-2.0567533398672606,53.36237446855536],[-2.0572864703748954,53.362144167078384],[-2.0572691344575564,53.362024847068234],[-2.057461932686861,53.36203987463722],[-2.0583866575720227,53.361102911598984],[-2.0587832804547905,53.36019719370662],[-2.059172420536139,53.36022135973135],[-2.0596772104772287,53.35889360505176],[-2.0602041919657075,53.358681261735846],[-2.0612721330453105,53.358395983400925],[-2.061732124605394,53.35871558748136],[-2.0623027453963108,53.35848523497487],[-2.062605433956611,53.35869434002137],[-2.0629405409035564,53.358612923891585],[-2.0634634551825406,53.35881972570905],[-2.0640002589119018,53.35822815740582],[-2.0645695382579223,53.35808656639361],[-2.0650408344247797,53.357707942403515],[-2.065215004946826,53.3576898607517],[-2.0655021414964083,53.3578633001592],[-2.065902191711325,53.35787094411547],[-2.0669235265365904,53.3576422872916],[-2.067289936259107,53.35768916288891],[-2.068078137059662,53.35737731234251],[-2.0684750370545606,53.35746528979358],[-2.068499205695168,53.35761077471474],[-2.0683793163564412,53.357803254181455],[-2.0689298782227086,53.35801948119989],[-2.069596672857135,53.35800199644189],[-2.069730244801605,53.3578552778018],[-2.069940842494851,53.35792445640234],[-2.070002499012986,53.357811298306025],[-2.070392580166363,53.35775967109041],[-2.070772404172466,53.35779283838387],[-2.070767206593663,53.35800129662537],[-2.0710196494103488,53.358027033366234],[-2.0710205720310233,53.35761378987053],[-2.0711791843865313,53.35754805561945],[-2.0713932890081197,53.35756665507382],[-2.071415592799169,53.357705129398184],[-2.071611540349434,53.35779939210793],[-2.0721402755508085,53.357924495301745],[-2.0722925016393687,53.357880812539975],[-2.0723834795841167,53.3576522933732],[-2.0725905950426715,53.35757183581153],[-2.073483564038114,53.35780639386179],[-2.075403513909038,53.35783665237158],[-2.075614368791961,53.357757895032044],[-2.0760209434217454,53.35801951042388],[-2.0767471196943523,53.35798859964962],[-2.0780363600871166,53.358452355825705],[-2.0785535800899653,53.35813211933054],[-2.0789051209896154,53.358270329450775],[-2.0792642158822154,53.35858292176096],[-2.0794465422300137,53.358516311305046],[-2.080119870827239,53.35855181424852],[-2.080529361806559,53.35882738061321],[-2.0813681238078914,53.35916134845721],[-2.0829222080272487,53.35935157135633],[-2.0837578975188356,53.359537212283776],[-2.0838676683370028,53.36011879219546],[-2.084395141665033,53.360286475887015],[-2.0850222114133103,53.36062478360526],[-2.0854130732646716,53.36071888420074],[-2.0865791464103696,53.361488258303964],[-2.0870000869074246,53.36158963056373],[-2.0871026068620293,53.36166848462689],[-2.0871372519228704,53.36184204745245],[-2.087691288338072,53.362273103124814],[-2.088337637670756,53.362450963774236],[-2.088473735989137,53.36262600587446],[-2.088834310718274,53.362757640734664],[-2.0898137025953347,53.36334930941675],[-2.090346133247571,53.36353318205711],[-2.090808686960922,53.36406656501976],[-2.0916292773115837,53.36429959516969],[-2.092737147095276,53.364474779184356],[-2.0930205829271205,53.36488389949838],[-2.0934766893626535,53.365148706289524],[-2.0936938519348773,53.36546311903298],[-2.0941504395693338,53.36547186424405],[-2.0942638559657225,53.36569733472954],[-2.0947806914596447,53.36579353844203],[-2.0949538262404355,53.36601958540699],[-2.0965384280813972,53.366134165149994],[-2.097629116497565,53.366035245898175],[-2.098955410168858,53.36627487490574],[-2.099873762462676,53.365992297097485],[-2.1004596920461487,53.36612652366619],[-2.100730659270874,53.36590240816378],[-2.1009976657056657,53.36585526590191],[-2.101181557372456,53.36587311845353],[-2.101309495275814,53.366062363771505],[-2.1015153647836367,53.366098565335186],[-2.1023858345144935,53.36606041836715],[-2.1029074864642583,53.36616900052211],[-2.1033499283424453,53.36602330739949],[-2.103929248106394,53.366065786697234],[-2.104847360159256,53.36551760223204],[-2.105107503952577,53.36553619503925],[-2.105623634226852,53.36516916467964],[-2.105883112544569,53.365077924510956],[-2.106630448515948,53.36515815515586],[-2.1067262137536265,53.365132191141605],[-2.1067994819655746,53.36495604748361],[-2.107439043807513,53.364757434991546],[-2.109816151724332,53.36456201133968],[-2.1106216668143003,53.364617165998794],[-2.111345039232443,53.36432520677568],[-2.111518747298947,53.36454672147575],[-2.1118779500787555,53.36463481456488],[-2.1128205711150403,53.36469852648464],[-2.113344214319455,53.36454072849649],[-2.1139635233916083,53.36450334707286],[-2.1147709727187682,53.36475059455443],[-2.115211598901842,53.36480410081307],[-2.1155510561751445,53.364777929680905],[-2.115936666172798,53.364631777565826],[-2.11577830598989,53.36442069914101],[-2.115967829664776,53.36433797228869],[-2.116569848693252,53.364343236169454],[-2.116671238774749,53.36450297246357],[-2.1168323224533663,53.36454371276051],[-2.117205891917964,53.36446139651099],[-2.1171199521147237,53.36424579021432],[-2.117238667697996,53.36421336832737],[-2.117418906211708,53.36419802697646],[-2.1175680647920423,53.364290291799534],[-2.119414242963671,53.36418789948019],[-2.119696511572398,53.364032274871604],[-2.1207061184253915,53.36386130821369],[-2.1210225010030026,53.36344976689702],[-2.1218115517264864,53.363204022715664],[-2.1221800222185885,53.362820784091134],[-2.1225552480178558,53.362160571004566],[-2.1231964353061126,53.36192986379264],[-2.12436863401956,53.36197892798689],[-2.1252827244368073,53.362236662573814],[-2.1271857582843987,53.3634427882401],[-2.1275623481115518,53.36375443444202],[-2.127616535354264,53.36398024689266],[-2.128150957079048,53.36459959564807],[-2.1284021169640797,53.364732185941264],[-2.1292217708430177,53.364946190508014],[-2.130019844983387,53.36488154790661],[-2.1309457629545117,53.36497127383668],[-2.13337738718266,53.364968576287396],[-2.133832998080415,53.36514867361983],[-2.1358983180501747,53.36632300842043],[-2.136513748361946,53.36697762879316],[-2.137400546990097,53.36702070755062],[-2.1376728481488634,53.36713893506041],[-2.1388757852827087,53.36733443459317],[-2.1390259104411906,53.36729999491934],[-2.1390584576184772,53.36705923285939],[-2.1392657316827832,53.36664010334156],[-2.138566687335918,53.36660503582449],[-2.1381149242620587,53.36673757615676],[-2.1377147601534694,53.36659423051177],[-2.1379693418037764,53.366322587662644],[-2.1381516446997004,53.36590974502181],[-2.138385014114646,53.365614539715935],[-2.1389721524998047,53.36499933602769],[-2.1392734332635515,53.36486463585486],[-2.139481533876187,53.36459867089068],[-2.1395720706031494,53.36428114978252],[-2.139290526887667,53.363629804375634],[-2.1393307270675916,53.363547987897284],[-2.1396505652466726,53.36345321495207],[-2.1395986690102258,53.36322580075969],[-2.1393984448458525,53.362920381645445],[-2.139691532333703,53.3628903085064],[-2.139468613776422,53.36250063429162],[-2.1396179856877033,53.362241524120236],[-2.139411191589098,53.36209911235127],[-2.139430691311421,53.36197825998017],[-2.1392592473140426,53.36182397304596],[-2.139228361294292,53.36156418401906],[-2.139802475949844,53.36079666529558],[-2.1397450710096075,53.36061611522872],[-2.1398712222093,53.360137889214535],[-2.139800904900976,53.35977223357292],[-2.1397150551330926,53.3597650445048],[-2.139630095636447,53.35948371023431],[-2.139710133583371,53.35912516796558],[-2.1394744055692105,53.35869034069376],[-2.139341665658886,53.358154827748486],[-2.13913351454872,53.357825026569984],[-2.139168983828205,53.357749061792255],[-2.1383831076981075,53.35720848964189],[-2.138353916147653,53.357042233902476],[-2.1381970100418943,53.356874166850055],[-2.14032773668617,53.355034606623256],[-2.1411593311536588,53.35478644577372],[-2.142909763526956,53.35398970972709],[-2.1435213571790848,53.353529709207066],[-2.1439177496347175,53.353017723713556],[-2.145733920006357,53.35171131860053],[-2.1463264904349026,53.35188137640693],[-2.1469168145592263,53.351221288313106],[-2.1471663752343657,53.351111822269125],[-2.146679499762386,53.35103041033854],[-2.146772308437468,53.35087747118745],[-2.146546861374722,53.35084545252984],[-2.14752347113796,53.350245954355515],[-2.1479278526393344,53.35012830398849],[-2.1483667909843946,53.3501231110523],[-2.1487696768716558,53.349889901716544],[-2.149661118302896,53.349615467618236],[-2.150289067953836,53.349171707867804],[-2.1501083506405854,53.349042445304164],[-2.15060796452377,53.34854547088357],[-2.151190098639755,53.348115278632555],[-2.1477184225309585,53.34481266115576],[-2.1471775796151924,53.34479362743015],[-2.146965292277237,53.34461776591289],[-2.1466467036659505,53.34410834027981],[-2.1461273091395507,53.3437575762202],[-2.1449977487598564,53.34326738509633],[-2.1447211423806674,53.34322699387546],[-2.144099475277778,53.342853927458684],[-2.144745071358798,53.34225815891067],[-2.1446576503219315,53.34220710169027],[-2.1463232040490055,53.34093405388799],[-2.1466646651261234,53.34059459089629],[-2.146754015137341,53.340377072245055],[-2.146738143031527,53.340124564497884],[-2.1470485294426207,53.34003598506608],[-2.1477950756344804,53.3395802890965],[-2.148324775719484,53.3394240460741],[-2.1490440898899736,53.33854419235322],[-2.1495487772397883,53.338592152540095],[-2.1500085582695894,53.338280342139285],[-2.149851999878969,53.33807211913305],[-2.1498814072728023,53.33789315387688],[-2.1506395033648578,53.33700596066354],[-2.1510684240472275,53.33594195091269],[-2.1512536478638715,53.334840604562125],[-2.1513193893054545,53.33392929512222],[-2.1512360365461047,53.3337100235865],[-2.151323307658077,53.33290824051575],[-2.1514121675714155,53.33256374477087],[-2.1517612597854776,53.33220458076131],[-2.1517140387756153,53.331812806852575],[-2.1514338055688693,53.33138704656],[-2.1514102059119167,53.33121909629359],[-2.151616911379472,53.33105879010322],[-2.1518738740976304,53.33108898828873],[-2.151968238489877,53.33099812731248],[-2.1518141817767114,53.33081296837237],[-2.1518809035799333,53.330657037742704],[-2.151829273955045,53.33056858312712],[-2.15208971162991,53.33057186433797],[-2.1521002675021212,53.33050446279155],[-2.1519402570538024,53.33034633154815],[-2.1520561946624603,53.32998936929419],[-2.1519347158750564,53.32984414151572],[-2.152489583572883,53.329415490783916],[-2.1525668512991616,53.32924348347146],[-2.152400064916961,53.32875735579705],[-2.1525361713642037,53.32853623098517],[-2.153397886057819,53.328213213006585],[-2.1537962531415302,53.327826186300655],[-2.1542149796842356,53.32778204087842],[-2.1552469634854208,53.32793947635719],[-2.15534375041575,53.32810564067506],[-2.1559141568911477,53.32803757926838],[-2.156021474291923,53.32829070367351],[-2.1569392228441218,53.32840915536508],[-2.156784483199075,53.328572863122325],[-2.1568929011329954,53.328657915039024],[-2.157570092925403,53.3288614146944],[-2.1580070082800704,53.32881313757522],[-2.1584425716271385,53.328918683842105],[-2.159657239282019,53.32813673723612],[-2.160242657667655,53.32802770058331],[-2.160296404064442,53.327884312822114],[-2.1600793153732165,53.327746538666666],[-2.1600930753104692,53.32765505140318],[-2.16025996288133,53.32761997341525],[-2.1606628477069307,53.32773729476378],[-2.1608528438631778,53.32768671976104],[-2.1608540275569372,53.327546584691916],[-2.1605683921551977,53.32736192013973],[-2.1606318477375765,53.327303525044094],[-2.1613165969101473,53.32733450956534],[-2.1613293216571345,53.327598813371104],[-2.1612337976713025,53.32784451963413],[-2.1612811590645555,53.32789381504287],[-2.1624358953802054,53.32790011122268],[-2.163258792006824,53.32812454820136],[-2.163362632366354,53.328042195418384],[-2.1634046812495953,53.32784038690385],[-2.163494711701855,53.32781404341086],[-2.1637491819551986,53.328266013097355],[-2.1641367175255604,53.32862418189635],[-2.1649363024048878,53.328879263825584],[-2.1656199054445002,53.32899066490338],[-2.1659789472221735,53.32915500854454],[-2.166015243594004,53.32954644172509],[-2.1661516875513875,53.329666780649646],[-2.1664324370630457,53.3296779841679],[-2.1670068361559744,53.32950505623106],[-2.167254102238577,53.32950879471045],[-2.1673555723372098,53.32964260144592],[-2.16734230682671,53.329935736254505],[-2.1681213064538793,53.33007310106222],[-2.168859125628287,53.33050312295598],[-2.168982278589788,53.330961501010854],[-2.169153180198885,53.33117069456536],[-2.169338401707074,53.33116619778668],[-2.169496426008504,53.330928078868645],[-2.1698060996594974,53.33067756403809],[-2.1699136214560726,53.330678615227576],[-2.169982794073399,53.330856950708935],[-2.1697908571092674,53.33118302782769],[-2.169965499269052,53.33127260711504],[-2.1702947825657652,53.33125164723732],[-2.170338368746306,53.331713557735334],[-2.170488944647656,53.3318134671788],[-2.17072472286438,53.331728348408205],[-2.1710744567260725,53.33120048135221],[-2.171261784360657,53.331180140522584],[-2.1715873349750554,53.33132545041512],[-2.172135382668674,53.33127532105753],[-2.1722903792497896,53.33120974937439],[-2.1721295660852276,53.33098901775684],[-2.172246418602682,53.33093182024499],[-2.172798848202311,53.33115888768462],[-2.173259139290651,53.33107303807032],[-2.1733655761051067,53.33132618405009],[-2.173862146316363,53.331390985205864],[-2.174078361079735,53.3311442836868],[-2.174245127545356,53.331090035969794],[-2.174916264843518,53.33131079416739],[-2.175295391245229,53.33109439647052],[-2.1755738494377352,53.33118088446792],[-2.176042681043643,53.331049996250805],[-2.176457919707533,53.33118800084251],[-2.1770517984635473,53.33108622198322],[-2.17750610775685,53.33127756208018],[-2.1778895222833023,53.331062862085204],[-2.17811389746721,53.331195649145656],[-2.1784744636162725,53.33124174284605],[-2.1787203937853814,53.33114249880893],[-2.179004380165317,53.33083027338257],[-2.179308751805862,53.33063392105207],[-2.1792204271212374,53.33043077056215],[-2.179279997716657,53.33031750453725],[-2.1796804563254675,53.33025370194348],[-2.1797933359516013,53.33031673104365],[-2.1796897239722446,53.330671940002695],[-2.179982720056748,53.33104621764381],[-2.1811417337349943,53.331385185982334],[-2.1814718930923602,53.33167035264502],[-2.1817506717698,53.33160959576648],[-2.1816671817383475,53.33136191434136],[-2.1819467728566058,53.33134435532851],[-2.18206549913768,53.33145653240128],[-2.1819897683724028,53.33163108229233],[-2.1821689853283703,53.331734178179616],[-2.1823500449759674,53.33183431819743],[-2.182676348099442,53.33176121238602],[-2.1830149710477578,53.33194046623638],[-2.182978885325935,53.332034444301044],[-2.1826818106614008,53.332128984562026],[-2.183154179089523,53.33231767773162],[-2.18299324260125,53.33245537977486],[-2.1830506331644712,53.33248676096708],[-2.183912147304194,53.332699472661],[-2.1840168904346413,53.33261025118745],[-2.183996109557506,53.332363157703945],[-2.184143156502449,53.33230640977933],[-2.1842442399302078,53.33244816669085],[-2.184269723108007,53.33280678430115],[-2.184994678877983,53.33268711840601],[-2.186543131295106,53.33374424408473],[-2.1871868474086082,53.334043510180386],[-2.187720972973581,53.33417020121706],[-2.187928675788784,53.334342627095545],[-2.1879188198719044,53.33455303145128],[-2.1882588165530557,53.3347170953264],[-2.1884390652104124,53.33503397563611],[-2.189108239651224,53.33525227506612],[-2.1892364143175795,53.335487107308914],[-2.1891162825751724,53.33558651494134],[-2.1891339620521997,53.33565868386854],[-2.1904622719459157,53.337604286612624],[-2.1911848686481257,53.337624293363035],[-2.191679587469421,53.338005988859926],[-2.1919927857004624,53.33814930333715],[-2.1930123584431067,53.33830215358],[-2.1935996939162883,53.3385492341143],[-2.19416363425009,53.3386337359396],[-2.1940433269659234,53.338690641372345],[-2.194047551783956,53.33889652884139],[-2.1935279025464878,53.33888282118218],[-2.1928094701194913,53.339829700935226],[-2.1925712625560987,53.34029301118186],[-2.1927503534425803,53.34035114796491],[-2.192930002351041,53.34053596977426],[-2.1928858929566437,53.34074558484946],[-2.192699375151915,53.341015555401405],[-2.1921576373546245,53.341428838849296],[-2.1916346348876923,53.34168860831456],[-2.190947147160176,53.341860613186434],[-2.1907681295525996,53.34208859160263],[-2.1902868480616373,53.342243543491584],[-2.187692158807224,53.34234487051509],[-2.1867875538489168,53.34263392883177],[-2.1860904301048887,53.342605249001046],[-2.1853149074505134,53.342791569876304],[-2.182753569402632,53.34311208780169],[-2.181767342359801,53.34353522702492],[-2.1809776992417795,53.34402709254241],[-2.181424652348744,53.344186303128275],[-2.1817837160364535,53.34462535507271],[-2.1817224589501154,53.34466312893468],[-2.1818972351777126,53.34481116609101],[-2.1823799926700564,53.34488230153642],[-2.182643830029259,53.34512202934699],[-2.182759301243468,53.3451100951626],[-2.1829922271544975,53.34546478952261],[-2.184624506048401,53.34670270596657],[-2.1848298501402974,53.34697481571024],[-2.1853028428125016,53.346931699730824],[-2.1854068736208547,53.34710681662292],[-2.1853295370849564,53.347184612334445],[-2.188015839419841,53.348719904252725],[-2.186412616878327,53.351034302524205],[-2.1854929029739996,53.35199398085229],[-2.1854417312320273,53.35264293262077],[-2.1872845051656555,53.35255633098622],[-2.1880509747831405,53.35262282658811],[-2.189533201780769,53.35286036766207],[-2.1905005367557395,53.35311780626346],[-2.19054886467479,53.35321829394016],[-2.1911294550286127,53.35339264286306]]]}},{"type":"Feature","properties":{"LADNM":"Tameside"},"geometry":{"type":"Polygon","coordinates":[[[-2.1133315907925194,53.43906592779408],[-2.114600684344614,53.4398656168376],[-2.1155251169623557,53.440565827535394],[-2.116007226652916,53.44070469004555],[-2.116317176312489,53.440682752665694],[-2.1172730473711585,53.439977054648274],[-2.117451061477174,53.439680946430734],[-2.1174024871590387,53.43948902234353],[-2.1171913114390537,53.439335302044185],[-2.1168750003136023,53.439268198842505],[-2.1157286757843283,53.439442804428936],[-2.1152029497886615,53.43938499630943],[-2.1147924911819413,53.43912107641457],[-2.114693988190954,53.43887847267154],[-2.114794743823335,53.43873456861025],[-2.1151869339646714,53.43836914013955],[-2.1161972295771703,53.438102333488786],[-2.116854332501516,53.437483753846315],[-2.1172471930926844,53.437251882569754],[-2.1178135283524413,53.43706439917314],[-2.1187054270467525,53.43707881272616],[-2.1190316578184394,53.43700012559899],[-2.119380696488493,53.43683179932742],[-2.1196294005652225,53.43644756995273],[-2.1200202914187756,53.4363691145207],[-2.120537420064193,53.43650592542204],[-2.1206789625027946,53.436655216141865],[-2.1207115261646545,53.43685826949682],[-2.1202529141959237,53.43770449753285],[-2.1192981574521648,53.438594473940285],[-2.119374393773467,53.438944958254304],[-2.1197550220161707,53.43929764487812],[-2.122268314415823,53.44069926833778],[-2.123059730735694,53.4410625601943],[-2.1233163967205684,53.44102050742899],[-2.1235905785683835,53.440813065512806],[-2.1238091001393027,53.44040835620231],[-2.123859401024994,53.44006927563273],[-2.123804156576472,53.439708687330594],[-2.123610260476517,53.43932966359357],[-2.1224746516481603,53.438272007910584],[-2.1225020273930997,53.438034845041585],[-2.122669424962816,53.43783876842527],[-2.1230650278310357,53.43770078261027],[-2.1234098605163174,53.43770492037551],[-2.123997385462832,53.437866103803486],[-2.125638059046184,53.43846296650057],[-2.1271261689057126,53.43876392402928],[-2.1291413463615596,53.43942379746507],[-2.13017273547498,53.43948812110907],[-2.1309052823943553,53.439367097804436],[-2.132050048333123,53.438672623947376],[-2.133527141487206,53.438224340003174],[-2.1341105134101523,53.437498420619946],[-2.1345540801757217,53.43734147589366],[-2.1349545786283106,53.43739831599336],[-2.13526683424498,53.43766227819312],[-2.135364490764008,53.43809951214749],[-2.135190920584343,53.438348304193646],[-2.1354204705723796,53.43908145181594],[-2.1355758457995537,53.439272586581964],[-2.1358113404724968,53.439360774451835],[-2.1361724991803013,53.4393204715507],[-2.1364472556922225,53.43918364902485],[-2.136761052263107,53.43845971482503],[-2.137251921118334,53.43794511608439],[-2.1377053772694627,53.43769487903607],[-2.138067757955742,53.43773214428709],[-2.138754363196672,53.438070061179026],[-2.1394342901424634,53.43827319027709],[-2.139666335951962,53.43845634715582],[-2.140056903726834,53.43908961466217],[-2.140698202810263,53.43936319785803],[-2.1412014483907926,53.43920507944382],[-2.1413124335487574,53.439054102869015],[-2.1413504335515867,53.43873862419271],[-2.141621448917557,53.43832988286512],[-2.142129032127945,53.43974412367789],[-2.141743968967542,53.43980218035595],[-2.1423201126072398,53.441458174156686],[-2.1427169234711734,53.442218073211535],[-2.1436014752748376,53.44252991899722],[-2.1441038564179418,53.44319699674447],[-2.1445503592505006,53.443624574090194],[-2.1436032880346505,53.44430542406865],[-2.1428484078130166,53.44452880501173],[-2.143715083953443,53.444958366653196],[-2.1444838070440357,53.445214445867286],[-2.145952747649574,53.445512090927714],[-2.1463544589636228,53.445347837201936],[-2.146924987914392,53.44547003449843],[-2.148846877394149,53.44658246390141],[-2.148766755006249,53.44663817569048],[-2.149025814608563,53.44681053473367],[-2.148485102583751,53.447100647667],[-2.1486351657934506,53.44730405013392],[-2.14835058845968,53.44741548426286],[-2.1484445432061463,53.44768338625904],[-2.148842444290565,53.448173608131725],[-2.149258995361983,53.44847955020478],[-2.149196807393704,53.44851514604256],[-2.1501584592932637,53.4491005865952],[-2.1502458162094515,53.44904822648003],[-2.151950903474637,53.4500654151745],[-2.152530154804656,53.450331535094264],[-2.1542302533041804,53.45085347668323],[-2.1549639707190122,53.451270490436976],[-2.155011960323136,53.451658622919844],[-2.155272721485331,53.45180743872568],[-2.155826247914957,53.45248702853868],[-2.1564978289969066,53.45314427730699],[-2.157269849116272,53.45385615669836],[-2.1579506533386494,53.454325193117484],[-2.1584418706916306,53.454879447532825],[-2.1576440379321853,53.45527107036673],[-2.153702220297264,53.45681886281935],[-2.1520686905553466,53.45773497702337],[-2.1513156280060484,53.45771542299687],[-2.150824212312847,53.45796491836644],[-2.150487693343876,53.4578422012526],[-2.150278657629985,53.45793582811911],[-2.1494918197713893,53.459022741746246],[-2.1493147458458357,53.4591238052541],[-2.149380303309832,53.45918333474508],[-2.149237957940035,53.45942574605996],[-2.1501281724930608,53.45967175989558],[-2.1507977753563137,53.46023505083054],[-2.149324367868457,53.460258866861906],[-2.149096028010356,53.46037066350745],[-2.1489790900226513,53.46058007028283],[-2.149396779106848,53.46054731520307],[-2.1501743210303133,53.46077379216072],[-2.1511581025410558,53.461725327715996],[-2.151196271343361,53.46185730202497],[-2.1516742602858603,53.46194405417534],[-2.1518932798375547,53.4621190417068],[-2.1520070974456087,53.46235793614312],[-2.1519756700602652,53.462519768673346],[-2.1520859425747894,53.46255473710185],[-2.1523219017755117,53.46244552272537],[-2.152752828512347,53.46292944129831],[-2.152784035294276,53.46323051509896],[-2.152262145251948,53.463389316541],[-2.1517982367571697,53.463445807072084],[-2.15156314173829,53.463381218240585],[-2.1514566788436476,53.46349006001572],[-2.151036853772051,53.46361390513177],[-2.149973774142556,53.463694452815346],[-2.1497559861657125,53.46386887802225],[-2.1497124030977495,53.46432397395812],[-2.1494982543158794,53.46437809244899],[-2.1495113996419817,53.464586581468225],[-2.1492532946789713,53.464811625373194],[-2.1491457067241666,53.4651389850923],[-2.148259001125106,53.46570720876197],[-2.1478511477301994,53.46576978033533],[-2.147791019588359,53.46622097694717],[-2.1476890300961364,53.46640817119983],[-2.1479110565302957,53.46651039156855],[-2.1479265122704154,53.4666101084082],[-2.1470498807864984,53.46711258679874],[-2.146829043833402,53.46764234224288],[-2.1475541927653636,53.4682447980218],[-2.147605118895896,53.46867251389482],[-2.1478487943455726,53.469027265340294],[-2.148670749751532,53.46970571747321],[-2.14902248138402,53.4698625856421],[-2.1494199457240577,53.47016768710644],[-2.1500108189007503,53.47107027848404],[-2.150155644583395,53.47106842263222],[-2.1501430621604847,53.47230322778682],[-2.150470540930795,53.47253395333963],[-2.1504866410346852,53.472808934837545],[-2.1511215279065854,53.473011235431954],[-2.151178788603636,53.47296369485114],[-2.1530491879938634,53.47359387255767],[-2.1547406455181477,53.47432789903959],[-2.154763588419137,53.474422248045045],[-2.1554459758973628,53.47447166029905],[-2.1554406136607045,53.47479717513889],[-2.155817533728857,53.4751363031832],[-2.1558908213916115,53.475304722957105],[-2.158691521052181,53.47528446500494],[-2.161498427864605,53.47487538239929],[-2.1617688921188067,53.475170790066684],[-2.1620660638445175,53.476063901921876],[-2.1622224057158013,53.47631507848997],[-2.165029990543672,53.47692076227035],[-2.1651364873616292,53.47718128001204],[-2.165456388364792,53.477234767564205],[-2.165527053495652,53.47760600042617],[-2.165690498403126,53.47774397999267],[-2.1658846329505623,53.47778077863362],[-2.1659102000718096,53.478539988425474],[-2.166005512184985,53.47866588110888],[-2.1655969956234964,53.47854880971624],[-2.1655735357934964,53.47866095519217],[-2.165630100595393,53.47891620255817],[-2.1659922495538213,53.479536194356704],[-2.1663344908919275,53.479510428788736],[-2.166504289737439,53.47976378753819],[-2.1679888138525607,53.47999569863925],[-2.168030506356362,53.48007546633566],[-2.1679681940314506,53.48010827200871],[-2.167707503617821,53.48011653951499],[-2.167426858987623,53.4808116685888],[-2.167561288891509,53.48084737705634],[-2.1675001752264853,53.48121115602683],[-2.167702101108354,53.48123233682782],[-2.168083398704553,53.48203289547958],[-2.1680572098495805,53.48231859409288],[-2.168445958838245,53.48300287545576],[-2.1682458544651624,53.48304999202398],[-2.1682732924442423,53.483142412948666],[-2.168664447888794,53.48379998546062],[-2.1689549304477245,53.48449421024526],[-2.169179723265233,53.48524274565749],[-2.169065347916754,53.48525919479887],[-2.16913729782032,53.48558604731156],[-2.169226326127809,53.48559603309288],[-2.1692759388879193,53.48572887477099],[-2.168954345271747,53.48576719879334],[-2.1690942830460047,53.48613721638204],[-2.169609256448068,53.48607531028655],[-2.1696497264301837,53.48677460712769],[-2.1693201692972526,53.486805689774535],[-2.169392077858638,53.48712102792339],[-2.168882864842002,53.48719084372464],[-2.1690218398083903,53.48760947213444],[-2.168813937302025,53.48764317641959],[-2.1689189983012196,53.487893841058415],[-2.16918830329944,53.487864615684295],[-2.1692859108167633,53.48813514601202],[-2.169183869263488,53.488154984374574],[-2.1692081205730545,53.488234929084626],[-2.1689342090163017,53.48828118511609],[-2.169016645727147,53.488519261905616],[-2.168402963747319,53.488518439623554],[-2.1684410175819564,53.48862083609099],[-2.1661806644447874,53.488927674753974],[-2.1660895667605007,53.489726976597765],[-2.1665185789278896,53.49031147172577],[-2.166635647793041,53.49062421357901],[-2.1666162899532755,53.49096833570069],[-2.1664723547737057,53.4912570022467],[-2.1660157689785073,53.491578480258596],[-2.1656850873934834,53.491439834876324],[-2.165066360829667,53.49150526064681],[-2.164417299998211,53.491358723918694],[-2.1639558005832136,53.491380149079234],[-2.1632601534704623,53.49214542929884],[-2.163055721617237,53.49285014532932],[-2.162352210714813,53.493272436957504],[-2.16175254540653,53.49338026744389],[-2.1597169757331764,53.493182737991745],[-2.159183448653953,53.49321940455869],[-2.158325477846094,53.493534295907374],[-2.158139458118847,53.493799701096115],[-2.158136696396478,53.494195195433775],[-2.157925386483193,53.49433804514855],[-2.1575962529569486,53.49440264412164],[-2.1565102487198433,53.494202678748195],[-2.156312799763728,53.49394306062963],[-2.1556621480779325,53.49349622826268],[-2.154917651176681,53.49354860189646],[-2.154307848915254,53.49295166171981],[-2.15398056255781,53.49283972917061],[-2.1532967704066284,53.49289986576243],[-2.1514964686681055,53.49285808124649],[-2.151393034400688,53.49291129816177],[-2.151336186887426,53.49308215035081],[-2.1510589173767025,53.493126598890406],[-2.1494818251323187,53.49296229912119],[-2.1481573153445463,53.49294450010136],[-2.147958285304709,53.49302346768799],[-2.1475982048331885,53.49351465464619],[-2.146984324823445,53.49380365589151],[-2.1467171457094865,53.49370447118137],[-2.1464176484148094,53.4934514733817],[-2.146417506090267,53.49314377283306],[-2.1462317921462635,53.49301819409654],[-2.146218300692679,53.492875622756024],[-2.1459134656453474,53.4927158851133],[-2.1457923201767186,53.492551419183286],[-2.1455415349500897,53.492491628739245],[-2.1454480090571626,53.49199878156993],[-2.144353047079412,53.49176248430396],[-2.1427684280763195,53.491582644976845],[-2.1409657938190683,53.4911227383492],[-2.139757115615699,53.491238466138604],[-2.1390531883482686,53.49159153608422],[-2.1381179527471414,53.49181108614087],[-2.1379181812422137,53.49162431305333],[-2.136226694858692,53.491887765721856],[-2.1358721052491227,53.49323389896213],[-2.13573233057349,53.494301720834756],[-2.135514246696155,53.49489436860827],[-2.135255944051527,53.49528481309242],[-2.1349271254609636,53.49557196095032],[-2.1335286672745157,53.49645031413801],[-2.13143499564367,53.49822548290199],[-2.1305025120144876,53.49846385466385],[-2.1295925157540325,53.49850697534256],[-2.128072556252941,53.49841620690262],[-2.1270855179187556,53.4985366376131],[-2.124814630657455,53.499406417124376],[-2.1233199321469525,53.50056579594628],[-2.122375288704027,53.50086591206126],[-2.1215518922073278,53.5007321974363],[-2.1206649454994535,53.50111315487687],[-2.1203343993160835,53.50150616542596],[-2.1204727849649454,53.50197527460029],[-2.120003017946032,53.50310840429507],[-2.11996303267784,53.50345899235611],[-2.120138398128462,53.50366554919966],[-2.1199798309659084,53.50398225796095],[-2.120046459009731,53.50413837794716],[-2.119843461451872,53.50432817448663],[-2.119731415606225,53.50469793513071],[-2.119702435769205,53.50562096537715],[-2.118884885979205,53.50558049025073],[-2.1179100005418956,53.50572696214067],[-2.1164214688621317,53.50619582115236],[-2.115172542486973,53.506419208911375],[-2.112736218969773,53.507690590733574],[-2.110717270580759,53.50825875105154],[-2.1078657207101945,53.508770021999744],[-2.10702724400987,53.508764624847956],[-2.106845175634879,53.50886083810764],[-2.10655599772639,53.50887010320455],[-2.106597543527857,53.50898605234489],[-2.1050985770016704,53.50911323828195],[-2.1039663973052414,53.509350454722295],[-2.1033610975685213,53.50962625050449],[-2.102173176816042,53.51098817100941],[-2.101873281820938,53.51109965894415],[-2.100495416138442,53.51128987197007],[-2.100004952388909,53.51156140567391],[-2.0997698976148707,53.511763207705826],[-2.0994346579179033,53.5122721767377],[-2.099615782969687,53.51295429831764],[-2.0996115041912855,53.51314193452565],[-2.09945583103121,53.513467614935884],[-2.0987915260726817,53.513898710966195],[-2.097994084730681,53.514002834312215],[-2.097765752239017,53.51440914406465],[-2.0975070229660466,53.51461326647079],[-2.0958183092096747,53.515370792462285],[-2.0951464809542384,53.51587272057394],[-2.095000901113483,53.51610568975279],[-2.0948638484634343,53.51677992768241],[-2.0950820303898925,53.51717804713776],[-2.095433797671202,53.51747157836793],[-2.095378554999169,53.51765249579039],[-2.094936898723203,53.517821677041574],[-2.093370367393539,53.518058301813056],[-2.093526747625117,53.51844748401842],[-2.093536466102481,53.518791569586014],[-2.0932883241585296,53.51911281095835],[-2.0930713607672766,53.51925230040433],[-2.0929452115838867,53.51954609860431],[-2.093066771184938,53.51995703785879],[-2.0931700931063832,53.51995418425096],[-2.0931923231461824,53.52003591168739],[-2.0931859433739755,53.52056366929772],[-2.0909359616067635,53.52062636576777],[-2.078270967374495,53.52062917095342],[-2.0779552065817417,53.52039455658609],[-2.0776293362315705,53.520287187430746],[-2.077136278254039,53.52026138738887],[-2.0751413771777676,53.5206131997878],[-2.0750035352817986,53.5210537260546],[-2.0747036218296664,53.52123537179426],[-2.071140282916121,53.52127097606595],[-2.0708947930024535,53.5218264287017],[-2.0704914233172516,53.521585950411314],[-2.0701764228224526,53.5215698314819],[-2.070233567259053,53.52168540627907],[-2.0685895888515637,53.522166644520965],[-2.0684927462231233,53.52212796484962],[-2.065905075272684,53.52263741170948],[-2.0646897063175853,53.522796219514795],[-2.0642226504305192,53.52127383281656],[-2.0636932354408346,53.521204969595814],[-2.0631607888958294,53.52131676298534],[-2.0622762594856883,53.52174333177013],[-2.0618520086873353,53.52236150359575],[-2.058442286738056,53.5229828576887],[-2.0563087442610355,53.52219207343838],[-2.0541275637106042,53.52225236382374],[-2.0544419441384405,53.5238134286685],[-2.0537781067703356,53.524789759628916],[-2.053125791651152,53.52554874286222],[-2.0532884782441307,53.52562336345117],[-2.0533268414428507,53.525769973505774],[-2.0532269216774406,53.52578069642513],[-2.053189543188153,53.5260565391674],[-2.0532343272987674,53.52678570037633],[-2.05342781611674,53.52697519626849],[-2.054751606972239,53.52776924693212],[-2.0551339026082616,53.528171596356486],[-2.0550571790963765,53.52820587754181],[-2.055949719357099,53.529047563085484],[-2.05606280096396,53.52901436079261],[-2.056316943301081,53.52926206345309],[-2.0566904859074033,53.52916855546538],[-2.0573104385174,53.52919072949587],[-2.0572433114322117,53.529749999710205],[-2.0573280719973597,53.5300347821177],[-2.057072391232329,53.53057697504694],[-2.056354569034673,53.53073437068077],[-2.054940421746736,53.53134399502341],[-2.0541736370136245,53.531060087873996],[-2.0535201724528833,53.53092273581895],[-2.0532128058746544,53.53104058522182],[-2.050901948773755,53.53037111855124],[-2.047733699695901,53.5301991185934],[-2.044770960462292,53.52987136895016],[-2.041815526038941,53.52991176052309],[-2.0411893978794238,53.52984007231943],[-2.0398907715882864,53.529964662669514],[-2.0399146422634478,53.52985837627399],[-2.0397301396000835,53.52964562968662],[-2.039616600270493,53.52920696365734],[-2.038477128195522,53.5290363795927],[-2.0386005636279187,53.52940102703888],[-2.0382186535485927,53.52953461603055],[-2.0383019420306985,53.52988429037303],[-2.037022757471926,53.530204627769145],[-2.036063738099328,53.53031358772581],[-2.0350602566849854,53.53027881127806],[-2.03492436259852,53.530132511850425],[-2.0348248406167064,53.52975732647604],[-2.0345498875005323,53.52937844404948],[-2.0338951915530386,53.529549402730375],[-2.0335435568168974,53.5295629941872],[-2.033394359544411,53.52988577235831],[-2.032911699070163,53.52999179910862],[-2.032492768207912,53.53022755344791],[-2.0324323609643624,53.53012507570851],[-2.0322706245111135,53.530083827293055],[-2.0316974312840195,53.53017302055901],[-2.0315347081973236,53.530102837880754],[-2.0305616903972115,53.53008428001629],[-2.030025971455915,53.52984173117751],[-2.0289816005863393,53.52961980785747],[-2.026222585864645,53.52925221558932],[-2.024912632482962,53.52866094749476],[-2.024707351946016,53.52845600194359],[-2.02413896048951,53.52851644917177],[-2.023235171253148,53.528376187021834],[-2.0229376006618254,53.52815519431891],[-2.022859250982661,53.5279934189584],[-2.0213016238570423,53.5268856065045],[-2.0211342176561935,53.526742667643646],[-2.021143583293835,53.52664913303944],[-2.0203027843403465,53.52599593427401],[-2.0190381921735447,53.52529468395387],[-2.0188543759367876,53.52530491527981],[-2.0180320307013657,53.524697484200175],[-2.017585346449079,53.523967534380176],[-2.017532429784713,53.523707715471694],[-2.0183149203329998,53.52271270070387],[-2.018703407434262,53.52184526183359],[-2.0188073031594325,53.52138598439923],[-2.016762146566663,53.52115625365131],[-2.010941229119554,53.51948426716811],[-2.010025881435963,53.519280987428026],[-2.0091916520130737,53.519209149292784],[-2.0082806307117935,53.51929910162204],[-2.0073559508686394,53.51952667789233],[-2.00303546345711,53.52019454064318],[-1.9969213675607216,53.5220342105654],[-1.9958952962542253,53.52155176886251],[-1.9918910895908175,53.520019055401725],[-1.9897256513068606,53.5189018093444],[-1.9883213996036109,53.517996383124306],[-1.9869300521622477,53.51670668841438],[-1.9845686626927201,53.51615531656568],[-1.983123945849581,53.51558071304663],[-1.9819492122972815,53.51524797390694],[-1.977822296846553,53.51441586326318],[-1.9749260713239523,53.513368150519675],[-1.9730581784315373,53.512424821655685],[-1.9715519815130815,53.51191493338191],[-1.9682776134552344,53.51099000243921],[-1.9667325019629744,53.51036207943671],[-1.9644525641732251,53.51004598972607],[-1.9633887689798695,53.50980999542632],[-1.9653737628200891,53.508335092932896],[-1.9661131189950012,53.507664831906204],[-1.9664407784976843,53.507632133948476],[-1.9664736895656378,53.50751184243966],[-1.966940770592155,53.507334172050975],[-1.96711253456527,53.50700221470207],[-1.9674407610268945,53.506622544111586],[-1.9677800318666918,53.50658556713848],[-1.9683607349746899,53.50618408346254],[-1.9687561630007036,53.506107740277365],[-1.9689542000710887,53.50590387167811],[-1.970481276265098,53.505143612002],[-1.9713217655694955,53.50454242795887],[-1.9713434673146026,53.504408861012735],[-1.971661181793634,53.50425516701145],[-1.9721771148154204,53.5034946437293],[-1.9721376630791625,53.503304188396896],[-1.97228761965879,53.503058731718035],[-1.97231798940021,53.50274527718055],[-1.972663807854137,53.50257483702919],[-1.9727219177042232,53.50246924544151],[-1.9727107044976482,53.50232177918288],[-1.9724757626861884,53.50210768501264],[-1.9722237113546242,53.50138265863233],[-1.9720835622250863,53.50120696142624],[-1.9720369401966344,53.500965499628485],[-1.9721323926750538,53.50055596954925],[-1.9719771477129617,53.50018574163991],[-1.972180816933366,53.49994787465414],[-1.972323310774713,53.49961449148298],[-1.9722641417914177,53.49931084053937],[-1.972439465290372,53.499189258570595],[-1.9724951631672374,53.49903028433267],[-1.9722862534353491,53.49863896217748],[-1.9721791448253125,53.49817912652868],[-1.9715257024949642,53.49755708406586],[-1.9714108663204184,53.49669838510793],[-1.9712022614534976,53.49588488426892],[-1.9707792589785615,53.4952070292802],[-1.9711415363311062,53.49441863487779],[-1.9711747742038002,53.49401247435113],[-1.9713015533621587,53.49386571477353],[-1.9712400629011362,53.49359649709466],[-1.9713729985776673,53.49342602745823],[-1.9717132920701639,53.49322755361616],[-1.9718434120384685,53.492933195444195],[-1.972081826586002,53.492800375080286],[-1.9719205545641203,53.492402042929925],[-1.9722208131017203,53.49202825717765],[-1.9722469218111855,53.49171984359833],[-1.972150921062154,53.491589768056635],[-1.9725424885224325,53.491317382860736],[-1.9728531825924371,53.49084219946675],[-1.9733173044027168,53.49052911944173],[-1.9731009841702933,53.49030507101358],[-1.9736952494605822,53.490003253949844],[-1.9736126031817467,53.48979690671225],[-1.973917985414565,53.48949333520547],[-1.973903072274179,53.489121292214556],[-1.974356944306137,53.4887030053499],[-1.9743928302777582,53.488548537928985],[-1.974278067213837,53.48837987274554],[-1.9745790672335963,53.48818537306581],[-1.9746333747867577,53.48791827549598],[-1.9749447801102362,53.48776888996656],[-1.9750457020163463,53.48754757989668],[-1.9753990756913926,53.48725206802636],[-1.9754046500674647,53.487044445530216],[-1.9758118310423929,53.48691405174591],[-1.976649056783565,53.48630270682119],[-1.978573959022702,53.48598399197777],[-1.9787652927652748,53.485733185670554],[-1.9789188458242866,53.48566299492091],[-1.9793379860968223,53.485668397327245],[-1.9800788993779734,53.48538595228742],[-1.981235596946556,53.485202152804234],[-1.9819219436127815,53.48472390191038],[-1.9831228194866124,53.484237931193285],[-1.9839328232056401,53.48344336496211],[-1.9845785598181902,53.48309315597134],[-1.9845834471178565,53.482614234986876],[-1.9853121625867347,53.4819598594246],[-1.9863567043391845,53.48164678796646],[-1.9871425835367482,53.48152499020695],[-1.9876127438091356,53.48108149557359],[-1.9876543347637092,53.480543595911136],[-1.9879218623802384,53.48030346964886],[-1.987908347135051,53.47981275365662],[-1.9887512410260664,53.477859808432946],[-1.989224900677594,53.47601076705961],[-1.9893140391035586,53.4753782132445],[-1.9892825548536954,53.47517597951836],[-1.9891182700706813,53.47500151732952],[-1.9883980013079168,53.47470477859496],[-1.9884028315618176,53.4742183334463],[-1.98796011166893,53.4730975483559],[-1.987503502718577,53.472892449060815],[-1.987376419369939,53.47275677335971],[-1.9880814047378246,53.471997599043995],[-1.988112668127456,53.47132459201848],[-1.9884244341001858,53.470883621654465],[-1.9883841065494094,53.47031566464256],[-1.988463277930242,53.47000529194911],[-1.9882548000521256,53.46978364386294],[-1.9880091191046108,53.469767332931184],[-1.987616490936717,53.469572073578924],[-1.9874683608513972,53.469006064632175],[-1.9868796520181804,53.4684161355256],[-1.9869357584597576,53.468037790573],[-1.9867344480825448,53.467488628213424],[-1.9863739179878437,53.46733831046541],[-1.9856146317793126,53.46731799013447],[-1.985263497173663,53.46715139204936],[-1.9848590063454308,53.46708338066387],[-1.9847434228441472,53.466959756978746],[-1.9841974246561873,53.46682177735093],[-1.9840948398109222,53.46670799708174],[-1.9840977999305471,53.466400142846645],[-1.9839594625179813,53.46618861729146],[-1.9830418078483893,53.46559581172225],[-1.982498842728212,53.46494351413426],[-1.9814179700548435,53.4644449522622],[-1.9814768557684344,53.46402653948846],[-1.9806501841727877,53.463295540600996],[-1.980596134935297,53.46307531465418],[-1.9809469286272463,53.46280487156492],[-1.9826948646646083,53.4620950451095],[-1.9839794447632564,53.46181320838078],[-1.9857611587742992,53.46116036422636],[-1.9875685938382541,53.46090747376033],[-1.987984722443506,53.460686174465934],[-1.9881622745056817,53.4603142940466],[-1.988112946151437,53.45994071064169],[-1.9879713410435074,53.45962212755821],[-1.98742885233372,53.45914740994776],[-1.987315082315287,53.45868954360899],[-1.9875878934260132,53.45761489234966],[-1.9875805869572665,53.45683204978078],[-1.9873288597280272,53.45663315398511],[-1.9856772510189833,53.45587456875814],[-1.9855360893283023,53.45567623040857],[-1.9856157674523147,53.45536221856511],[-1.9863765348207978,53.45449407342368],[-1.9865892826260172,53.454366298893305],[-1.9870255718334409,53.454261288813306],[-1.9892797370755009,53.45403145633587],[-1.9898689670721694,53.453802300334736],[-1.9910775788660022,53.453080232919035],[-1.9925233880893394,53.4526493854245],[-1.9948504872947077,53.45070214937504],[-1.9950410981653917,53.450328856441864],[-1.9949856024114254,53.45000273418505],[-1.9950298819187393,53.4494971428421],[-1.9948163458302062,53.44879771345684],[-1.9945784281722447,53.44744943082726],[-1.9947026941280586,53.44702837952265],[-1.9948222139087397,53.4468769824454],[-1.995672503649861,53.44608771742629],[-1.9962060839645708,53.44578717735001],[-1.9967805662157838,53.44566276531344],[-1.9980325490809465,53.44574789273541],[-1.9988808550934671,53.445939752101204],[-1.9993348838396512,53.44584959097569],[-2.0007317707614156,53.44506758905617],[-2.001466658048858,53.44445636342209],[-2.0027115130601043,53.443958322643525],[-2.0030652893951233,53.44366983669808],[-2.0037474060740017,53.44283922521791],[-2.0045589330631657,53.44265239637703],[-2.0057421230564487,53.44256245783976],[-2.0063127857897283,53.44244108314392],[-2.007395234945257,53.4420149101656],[-2.0080180484639656,53.44165532887806],[-2.0082809011008265,53.441401700011625],[-2.0082966144934042,53.44127258815527],[-2.0081543791993806,53.441109834603445],[-2.0078344457986463,53.44095058957882],[-2.0068483513551416,53.440688296153304],[-2.0064531217854964,53.44040939702376],[-2.0061661074607153,53.44004734720987],[-2.005746370606123,53.439269873077166],[-2.0047042473672847,53.4380508468833],[-2.0047662943915388,53.43777725234176],[-2.0053453108197723,53.43731573000767],[-2.00533351547658,53.43701882241035],[-2.0049585698954813,53.436691882662274],[-2.0040478376072586,53.436259634990556],[-2.0039786685691436,53.4360826718379],[-2.004161146611397,53.435906265861064],[-2.0057515206475363,53.435657331703084],[-2.00781325953313,53.43592264958021],[-2.008206535741582,53.43608076605521],[-2.010045101784501,53.43724209772452],[-2.0106427757124945,53.43817741490953],[-2.0118604327066723,53.439028391495505],[-2.012214960678206,53.439807037492436],[-2.0124821190740696,53.43990274576617],[-2.013113808683246,53.43992816358644],[-2.014020384777054,53.43978093941816],[-2.014736294228562,53.43951344389625],[-2.0149667326015868,53.43933476835936],[-2.015303876409349,53.43888866171679],[-2.016572921924842,53.438068698085395],[-2.0169566302667175,53.43814942753023],[-2.0171731789479357,53.438537025134856],[-2.0175251137475234,53.43850673144674],[-2.0178471914943463,53.438321200888616],[-2.018078893579192,53.43780151342724],[-2.0187667789853903,53.437103116211766],[-2.0195187971785082,53.43575892539765],[-2.020049693899077,53.43537907204783],[-2.0208073509139193,53.43514074546911],[-2.0223310875514717,53.434415975564555],[-2.022586718936681,53.434116573766076],[-2.0227024926909705,53.433382019848466],[-2.022848200363393,53.433148578206264],[-2.024060658350801,53.43294356131347],[-2.0260604896522287,53.4327482036111],[-2.027110615506146,53.432484208818074],[-2.0272938989189764,53.432235580496794],[-2.027204780772561,53.431884770543356],[-2.0265663515347954,53.43086387487812],[-2.025829943103341,53.43001117212625],[-2.026225145470399,53.42978589595862],[-2.026369676001127,53.429910840091864],[-2.027879060274514,53.429461086397474],[-2.0304833772461213,53.42838912151397],[-2.031250903350362,53.42837263430103],[-2.032887349721952,53.42871459082514],[-2.0340626495670286,53.428707238842655],[-2.0344628139975383,53.4286002317732],[-2.0349380434530926,53.42779926995125],[-2.0354490501210476,53.427492546971074],[-2.03628347968814,53.42731420512126],[-2.037330166201772,53.427418093148034],[-2.037602390773718,53.427345254115394],[-2.037811551951292,53.42714827620507],[-2.039068081632444,53.42710012207764],[-2.03927743346122,53.427182073172666],[-2.039558472709711,53.42716624990822],[-2.040010319074971,53.427370587162514],[-2.0398558788362218,53.4276709094922],[-2.0396603799243973,53.427825469596684],[-2.04050012343228,53.428085008000146],[-2.0408257720434566,53.42830764081251],[-2.041900352277487,53.428625549640536],[-2.0434528400931593,53.42902649050278],[-2.0435499363198053,53.428932497995106],[-2.045575209830952,53.429478059835766],[-2.0457387911377762,53.429367618010545],[-2.0474162460969714,53.43006610473189],[-2.049099027613593,53.430040415162],[-2.050413704114485,53.430886447635665],[-2.050684406106883,53.43076136521648],[-2.051090826526505,53.43080613374219],[-2.052741045726503,53.431042763531735],[-2.052921790879904,53.43115222617706],[-2.0534500737815895,53.43121322852502],[-2.0535480156899797,53.43131374790208],[-2.0542476491220607,53.43113476606007],[-2.0544434273315186,53.431227105416816],[-2.0544515251820537,53.43167286890416],[-2.05577891539634,53.43173264733849],[-2.0584207551442213,53.431004999190826],[-2.0582729493388725,53.43056101227364],[-2.0598780488073176,53.429961840680356],[-2.0603045586560746,53.43045317098099],[-2.061183053006794,53.43004379893133],[-2.0611480517551075,53.42990169056399],[-2.0617410231321656,53.42983228055507],[-2.061906080221567,53.42949233907171],[-2.061710416577775,53.429463713454915],[-2.0617745933166196,53.429310650693445],[-2.061979696702757,53.429342003795576],[-2.0622213120056707,53.42891155253215],[-2.063343384235687,53.429501397835594],[-2.0651170488344954,53.43016022406715],[-2.0672247656655904,53.42867245949069],[-2.0678478319342455,53.42846157683677],[-2.069026496433782,53.42827764558312],[-2.0692092338267516,53.428090582803335],[-2.0693408933249167,53.42778040234012],[-2.069486988999401,53.4277219187272],[-2.069753611583489,53.427944758851005],[-2.069998776346194,53.42803085072097],[-2.070679133550766,53.427927080652246],[-2.071898723420063,53.42742917725428],[-2.0747210726289045,53.42592019912508],[-2.0749788280850288,53.42618320291726],[-2.0764653847058097,53.42696987623794],[-2.077010225472121,53.426843685757326],[-2.077647099392824,53.426163596195664],[-2.078131747913617,53.42626768974353],[-2.0791274996428686,53.42609962089473],[-2.083007313704344,53.4268287075939],[-2.0829630367343603,53.427274506056],[-2.0838180256584202,53.42750508298412],[-2.084613654328447,53.427925012136946],[-2.0846381957334312,53.42819465920089],[-2.084912725544033,53.42854504287856],[-2.0853555125094156,53.428720254072545],[-2.0858367431415012,53.429239273610776],[-2.086015136609032,53.42954643526528],[-2.086066470681482,53.42980537526659],[-2.085934772173366,53.43003918073834],[-2.0854171706025255,53.4301490961425],[-2.085361583135878,53.431044616649274],[-2.08517046730354,53.431666650673186],[-2.0852490540259563,53.431902003561554],[-2.085395520986892,53.43201704145391],[-2.085377808791225,53.43232546794389],[-2.0854833946328797,53.43243859350416],[-2.0859892564144995,53.43256041913479],[-2.0863001003772323,53.432770579361446],[-2.085545055374188,53.43315397171145],[-2.0852136863612176,53.43302837913378],[-2.0851356266212173,53.43306437102522],[-2.0847980067903835,53.432867727591095],[-2.084461235713105,53.43305846040704],[-2.085262283968703,53.43354775435013],[-2.0840374992053317,53.43408086150331],[-2.0843927332948944,53.4341398984888],[-2.0846098558155,53.43428355156228],[-2.0849679331228708,53.434325506651284],[-2.0850014446667746,53.43440374567322],[-2.085685964009216,53.43443562274742],[-2.0858672383440795,53.434556801083076],[-2.086501149580375,53.434711115457276],[-2.0867518931206623,53.435186245322456],[-2.0867584672522987,53.43541286774508],[-2.0871296899187204,53.43590269053644],[-2.0871842744073357,53.43615045918925],[-2.0888738423980135,53.437242994586875],[-2.090349323327331,53.43738232991229],[-2.0912153492860868,53.43760638247631],[-2.091435250233945,53.43753237333071],[-2.091709296957816,53.43761218730579],[-2.092196395672953,53.43746891207707],[-2.092794372259977,53.43754669269229],[-2.0928990997269747,53.437245541137564],[-2.0931214538477523,53.436988125530306],[-2.09390467147726,53.43654084495153],[-2.095131665804823,53.436631437349426],[-2.096308097642815,53.437031604154484],[-2.0974821656661398,53.437015207036794],[-2.097804065865978,53.436869437306356],[-2.0980114436086055,53.436639215091226],[-2.098132648542253,53.436365810825905],[-2.0981287103652577,53.436088015308876],[-2.0974379120337883,53.43473861638712],[-2.096657955553961,53.433882539005275],[-2.096692092461984,53.43359137348189],[-2.097064727041189,53.433427443626755],[-2.0977282617957176,53.433362858035515],[-2.1000917826439953,53.433545438950475],[-2.100737529284566,53.4335212998822],[-2.1013330118146993,53.43332417125808],[-2.101955752557539,53.4326965115942],[-2.1027084870440977,53.43260475755466],[-2.1034115360624868,53.43274881056241],[-2.1047146834459443,53.43323922718589],[-2.1062746625636266,53.433346553157115],[-2.1075533758992453,53.43382656985551],[-2.1084561040743455,53.434783027959035],[-2.109922969549215,53.43560329654911],[-2.1106711084653846,53.436230676097615],[-2.1109580405367487,53.436588259726264],[-2.110822183941161,53.436972608813164],[-2.1112375687564424,53.43752561714227],[-2.1124905402640968,53.43835753165212],[-2.1133315907925194,53.43906592779408]]]}},{"type":"Feature","properties":{"LADNM":"Trafford"},"geometry":{"type":"Polygon","coordinates":[[[-2.3465490892656935,53.36755355322428],[-2.347763995515596,53.367825888137794],[-2.347884687457342,53.36770951965388],[-2.348132551665112,53.3671200396685],[-2.3481478093925974,53.36680371134468],[-2.3480285508555805,53.3663473188292],[-2.3480753763876305,53.366208936671235],[-2.348404103596271,53.365983305492435],[-2.349007661375248,53.365881542238],[-2.350055237687638,53.36609251936795],[-2.350976752998216,53.366506094080805],[-2.3512228175408483,53.366848817355745],[-2.3511679488014874,53.36731255082379],[-2.351807429874451,53.367919081547655],[-2.352261670092498,53.36815790882559],[-2.3528633342551597,53.368220731969245],[-2.353107784514583,53.36796580045883],[-2.3532324989652467,53.36793403383953],[-2.3543229764573694,53.36827511006828],[-2.35522695573717,53.36832270399709],[-2.3565887962087086,53.36853155496974],[-2.356891963562745,53.368503691328044],[-2.357338709514181,53.36834954673036],[-2.3574305824835133,53.36821529556792],[-2.3572810202826893,53.367573045749836],[-2.3570229919654064,53.366931129365],[-2.3570840495101786,53.36687701465682],[-2.35826683579538,53.36668301635416],[-2.360109232472324,53.36685358329397],[-2.3604494239972986,53.36676095238068],[-2.3606175270715517,53.36654024912263],[-2.3606545030068418,53.36630279179139],[-2.360534383908442,53.365760194932996],[-2.3604169078602273,53.36558357222115],[-2.3602670723654002,53.36542583342922],[-2.3591176521797483,53.36476868685897],[-2.359078974829008,53.364579753776205],[-2.359205122538307,53.36439145700208],[-2.3595099353208764,53.36422902142724],[-2.3608745366913806,53.36405580602091],[-2.361978800817401,53.364028289533024],[-2.3630148277898595,53.36448161230147],[-2.3633082817625826,53.3645293115709],[-2.3635595509809955,53.364368430941475],[-2.3634733327609805,53.36411533024947],[-2.3636148621564224,53.363971080283726],[-2.364398963426776,53.36395520447197],[-2.3645558470051737,53.36384967458213],[-2.364399615496829,53.363647898035126],[-2.363955947925012,53.36343886392492],[-2.364007306289896,53.36329746832035],[-2.364571837384289,53.36324822113913],[-2.3650288003540427,53.363089521952254],[-2.365624392673476,53.36332674236446],[-2.36591500687858,53.363921907542476],[-2.366122217586654,53.36410076634678],[-2.366913324934575,53.36443819240481],[-2.3675812200847735,53.36425919873178],[-2.368584434096301,53.364472603979024],[-2.3686977088343535,53.36439592216925],[-2.3688956166661193,53.363822004250046],[-2.3690959835221688,53.36369637905172],[-2.3694545158000624,53.36366186722136],[-2.369734696070088,53.36391350867867],[-2.370386619565456,53.36404181282117],[-2.3704737474302813,53.364232272735464],[-2.3703853170433398,53.36447525928246],[-2.3707168897654674,53.36449022009446],[-2.3710082368546233,53.36478203013601],[-2.3722965155168683,53.3650687366355],[-2.3727795033887022,53.365309913163486],[-2.3730113922249507,53.36551423766313],[-2.373354687434606,53.365621027634326],[-2.3739832215121237,53.36564322024359],[-2.375272780552562,53.36532175355074],[-2.3756589444493246,53.36530711797595],[-2.3769159089582583,53.36590111482055],[-2.3779880234969752,53.366002781904605],[-2.378152220371607,53.366196389684504],[-2.378108685021995,53.366688342439495],[-2.3781726165792434,53.36680218794093],[-2.379275879219147,53.367500645897216],[-2.3798607025040726,53.367516762363906],[-2.380031464480009,53.36759711643928],[-2.3801031821282472,53.367749695206854],[-2.3798217763467013,53.367931838932535],[-2.3798231714457363,53.36804636802416],[-2.3799386557915727,53.36819880751665],[-2.3802656419499213,53.368371723192475],[-2.3799582064760796,53.36865435353532],[-2.3799228102527064,53.36879407815653],[-2.3800879736990512,53.3689337122128],[-2.3809664079970156,53.36916545122354],[-2.3809448908226827,53.369280412998904],[-2.3805789024869783,53.36952795137064],[-2.38074525130649,53.369801556700466],[-2.3810513417272854,53.369945233860356],[-2.3822810019135536,53.370239228802234],[-2.3825158093737158,53.37011390228439],[-2.382474346348313,53.36972605769453],[-2.3825586313152485,53.36949654063242],[-2.3827452210416924,53.36944330451406],[-2.38332806761926,53.36991550400173],[-2.3837863502557686,53.37006708941643],[-2.3846985086888757,53.37002707314153],[-2.3863822742866896,53.370283138556246],[-2.386815650932246,53.3708390310498],[-2.387177776525463,53.371076217586406],[-2.3878443355399077,53.37089693083312],[-2.3888889624109093,53.37090953884696],[-2.3902804388796484,53.37068505113813],[-2.390535886133107,53.37078253313442],[-2.390300025397358,53.37138863740048],[-2.3904531074084265,53.37169290597376],[-2.390638151294695,53.3718467882848],[-2.391670769734074,53.37233328445458],[-2.3930485888627993,53.372459933432566],[-2.3935359662509597,53.372850456951035],[-2.394971552124292,53.373530540639],[-2.3953749818594856,53.374083130363246],[-2.3961663006216654,53.374471224199624],[-2.3967186614119713,53.37451882630251],[-2.397801550836099,53.37428882307984],[-2.3979347934473987,53.37432208618623],[-2.397939085178102,53.37483217820083],[-2.3990445008744086,53.37490039516646],[-2.400359558537975,53.37508559604855],[-2.400698886044496,53.375204122844046],[-2.4009246881582427,53.37539015753191],[-2.40101668171637,53.37558394042676],[-2.401014224346989,53.37577186555211],[-2.400865926193447,53.37598472094801],[-2.4006625156242483,53.37613456200574],[-2.399754772714656,53.37631008137929],[-2.399458993535557,53.37647819815685],[-2.399575446988904,53.37672416026156],[-2.4000965305330917,53.37728953511019],[-2.4005266528354627,53.37762264062493],[-2.4017052986447274,53.378054865856086],[-2.4037945273190746,53.37844672513446],[-2.4053474099850316,53.37907684929952],[-2.4061284879504354,53.379307898050094],[-2.4071221172141595,53.379807885171466],[-2.407388127004015,53.38011538683113],[-2.4074367288992766,53.380630108836755],[-2.4077338030533393,53.38089341427456],[-2.408099942732424,53.38159974008738],[-2.4084863779546772,53.382071697087085],[-2.4084306471261083,53.382183796566025],[-2.407913704812852,53.38241356212138],[-2.4078517960830648,53.38252360606383],[-2.4078961340089466,53.38264030693004],[-2.4087074341588477,53.38287294330983],[-2.4100299764670674,53.38346893727421],[-2.4108043713200695,53.38392384965709],[-2.4124796377807636,53.38396020875159],[-2.413174170039838,53.3841212822634],[-2.4137961467046356,53.38440423777308],[-2.4146558526532926,53.38454142216607],[-2.415549845911474,53.38443589981758],[-2.41642964350115,53.38480321424214],[-2.4169034703622927,53.384684707176895],[-2.4171474448804964,53.38470265872066],[-2.417672517364143,53.3850612307161],[-2.418151388673073,53.38588818995594],[-2.41856421398482,53.38615752550787],[-2.4189283435863946,53.386303414241695],[-2.4197502167001144,53.38623749296623],[-2.420018651794078,53.38652067049937],[-2.420438680905101,53.386709076391156],[-2.420713552908308,53.38670895247173],[-2.4216965657479905,53.38634680842984],[-2.4224483164661925,53.386335969602726],[-2.4226691340182307,53.38647985989708],[-2.4227151585701043,53.3867136713555],[-2.422950636015216,53.38695890113026],[-2.423265861372663,53.38719631958384],[-2.4234310332166205,53.38721534229715],[-2.4236064329549722,53.38713634772497],[-2.423744769177378,53.38687265995197],[-2.423989739213226,53.386701850369406],[-2.424656802896181,53.3866427328711],[-2.4248079018879025,53.386717762591935],[-2.425153798210431,53.38719854688266],[-2.4265903061279324,53.38744471909697],[-2.427060738940312,53.387693132870005],[-2.4272782077491266,53.38792071992301],[-2.427261912227544,53.388263191790216],[-2.4274165348539802,53.38868875380831],[-2.427778232393205,53.388913018759055],[-2.4281283601604127,53.38887410960668],[-2.4282568005303444,53.38847767186462],[-2.428362389138695,53.38840952745184],[-2.4297787568766323,53.388380839245286],[-2.4307049154298093,53.388059247788256],[-2.4310930515831606,53.38778120253526],[-2.4320450371294604,53.387709773771995],[-2.4324945097093313,53.38805818595749],[-2.4333406098784,53.38822076806892],[-2.4334114798432815,53.38839747020404],[-2.433250762236311,53.38913596791721],[-2.4338717263731264,53.38943651226657],[-2.434368060570107,53.38945184791629],[-2.435225178643153,53.38918046759399],[-2.4356448205911705,53.389212158322444],[-2.435980226986059,53.38940523194811],[-2.436543084160463,53.38921665968264],[-2.4368492738691754,53.38920149886313],[-2.4371012113524984,53.38930057498356],[-2.4373241647358643,53.38955256382136],[-2.4385872147629146,53.38991898857113],[-2.438838872419048,53.3902194616988],[-2.4386881897609105,53.39059922880413],[-2.4386768533595653,53.390872669162455],[-2.438487254553802,53.39125417001289],[-2.4385152034862574,53.391509614509964],[-2.438619678146888,53.39156939154531],[-2.439843684806839,53.39144134626312],[-2.4403775861832466,53.391020811820574],[-2.4405799036628717,53.390955175968145],[-2.441655824442542,53.39098715328063],[-2.4418666179657866,53.39105912703322],[-2.4420365533175485,53.39135989599287],[-2.4425075323586682,53.39155505571728],[-2.4427923348443428,53.39195360752996],[-2.443323591016907,53.39194612502218],[-2.4440962207654433,53.39209016259873],[-2.444569385107729,53.391997103080236],[-2.4454823213954047,53.39216897707216],[-2.4456449755419136,53.392322695832455],[-2.4452775914035447,53.392677321066934],[-2.445270392471616,53.39284473449668],[-2.4467525273142425,53.393121007000246],[-2.446850756030083,53.393653728829584],[-2.447837700704567,53.39406547530164],[-2.4481927715835186,53.39429279542081],[-2.4480562505869985,53.39442948604832],[-2.448049075818299,53.39454810017319],[-2.4484392417509415,53.39478315284288],[-2.449363769579204,53.39475355407756],[-2.450828690365764,53.394899145975174],[-2.4513569234007666,53.39467945324903],[-2.4518270575199845,53.394617090694936],[-2.4520141986901933,53.39475264087789],[-2.452010143364708,53.39512190978388],[-2.4522481752522456,53.395189276714895],[-2.452607130004605,53.39513763337185],[-2.4530241699552997,53.394973161406455],[-2.453011771070469,53.394870977911296],[-2.4527395933702607,53.39469079072479],[-2.452811325824032,53.394540803676115],[-2.4530195734503994,53.39441360598295],[-2.4536618954834006,53.39436342718948],[-2.454096123216985,53.39400980720657],[-2.454496165510168,53.39389058694292],[-2.4547800151751917,53.393891752709656],[-2.455171412785795,53.39419418463325],[-2.4554352243528488,53.39425497506324],[-2.456043917909594,53.3939166997719],[-2.4568953227891517,53.3942126032683],[-2.4571260202799636,53.39416508668147],[-2.4573488578355844,53.393910582206516],[-2.457522868707734,53.39383575883935],[-2.458254082585022,53.39388098853336],[-2.4583948262584796,53.39372764095358],[-2.458245738760982,53.39310462596162],[-2.4585030200322997,53.39299465034002],[-2.4591227316758317,53.39328973810399],[-2.459210318847435,53.39343714753799],[-2.4591526662777046,53.39371238610496],[-2.4592129194617436,53.393853150218526],[-2.4599489462865844,53.39429973915219],[-2.4601596222860302,53.394328562553],[-2.4605873887036016,53.39397762240068],[-2.4608634459380183,53.39393670993452],[-2.4615706567508946,53.394092316239494],[-2.4617836687114907,53.39443956414054],[-2.4619633048896823,53.394537465386875],[-2.4632584473700665,53.39471024925595],[-2.4635670830695067,53.39461298906049],[-2.4638410695919135,53.39422541248398],[-2.4640807593810474,53.394153694990486],[-2.4647459841055057,53.39433958921805],[-2.465373052812397,53.394699496011576],[-2.465906172336259,53.39480330216068],[-2.4660983795192015,53.3946992765124],[-2.4659663620922125,53.39424944716274],[-2.466281474556519,53.39405775581799],[-2.4668600347887635,53.39389257451506],[-2.468188651707946,53.39384621937771],[-2.4682454921782675,53.39368855112176],[-2.467850844360252,53.39331173958096],[-2.467912509856351,53.39318672631004],[-2.468172590288702,53.39304081815269],[-2.4697003591247975,53.39249155840583],[-2.4710443162220184,53.3923216608187],[-2.472266162534187,53.392541548081745],[-2.4726470613101617,53.392692559608136],[-2.4729278907043653,53.392930491336536],[-2.4733141357882946,53.39347726802662],[-2.4736448360062546,53.393720339507716],[-2.4757139817331835,53.39418850799844],[-2.4766348304306782,53.39509436871644],[-2.4772660268027287,53.39547583240628],[-2.4778874897578924,53.395701675220266],[-2.478334390655428,53.396229728180586],[-2.4754051265188983,53.39674897906027],[-2.473917920520741,53.397191958289596],[-2.4721192513952475,53.39760611139831],[-2.4708712279298735,53.3980520430905],[-2.4697725816751657,53.3985350182085],[-2.4681277563343835,53.39940074194657],[-2.4656024582399194,53.40098980829795],[-2.4636093806620796,53.40247873315867],[-2.4621016802962608,53.403835680270184],[-2.4609234759892344,53.4051562262368],[-2.4562575824987887,53.410807219136316],[-2.455135788393168,53.41194237851897],[-2.452806359042125,53.41389446977359],[-2.4511509323652354,53.41495690064811],[-2.450677795623472,53.415342672636164],[-2.4459330855369332,53.41742590501963],[-2.428239461730566,53.424493658523865],[-2.426653879953606,53.425165615579616],[-2.4260003983442204,53.42556232385466],[-2.425038767993239,53.42585422255099],[-2.422042390865533,53.42753954457247],[-2.419584109245141,53.429302952783914],[-2.4172795621173315,53.431554463319564],[-2.416389199919079,53.432714348143996],[-2.415703078722375,53.433931877814196],[-2.415001490378613,53.43486997532835],[-2.4141907925959956,53.4367803362504],[-2.413520576709512,53.43751608186167],[-2.413976510239332,53.43796392114104],[-2.4139897015007223,53.43806190471362],[-2.4138834806716494,53.43825029585087],[-2.4132091481342535,53.43848425807803],[-2.4127946925631076,53.43964803018707],[-2.411656075078646,53.44118703741735],[-2.4107531607414554,53.44209996040538],[-2.409980723272601,53.44381493582517],[-2.4097800031042067,53.44520154341348],[-2.4094667998328405,53.44594979155578],[-2.4091064537507583,53.44654399269865],[-2.4071726704888463,53.44915306706372],[-2.4054956220799677,53.45107053029895],[-2.403236033035714,53.45321043577283],[-2.401430055984722,53.45476872495428],[-2.397773476522054,53.457484542643364],[-2.396319802063214,53.45840989184173],[-2.3920493964158327,53.460773617251775],[-2.389765547245737,53.461876830855616],[-2.386214101687897,53.46336784485172],[-2.384345581296358,53.46395560153779],[-2.382028042565622,53.4645020617743],[-2.379218201537141,53.46548374618319],[-2.3779427073560258,53.4661880580736],[-2.377153379041091,53.4665158209811],[-2.3623414108834573,53.47160960145349],[-2.3549405286962135,53.47401247653166],[-2.350873384657934,53.47505860390307],[-2.340488286865389,53.477331293318926],[-2.3296573955554516,53.479947552511746],[-2.328045582738106,53.480192154170304],[-2.3253991742122397,53.48036906100819],[-2.324008479723036,53.48034502299175],[-2.3219391481349714,53.480122536987835],[-2.3199360362936368,53.479810519285806],[-2.3183206923124398,53.479401366171196],[-2.3171409107716254,53.47898391190273],[-2.3158034178531737,53.478449932066496],[-2.310419133051317,53.475939123560195],[-2.3077369079154835,53.47458881463209],[-2.301376588568335,53.47172702411466],[-2.2908441648925884,53.46794288087004],[-2.2842069445256423,53.46544656464094],[-2.2821803624864083,53.4648609628815],[-2.280598985108969,53.46489249157187],[-2.279762362974669,53.465081253807526],[-2.279103213794697,53.4653426178838],[-2.278122813257495,53.46586259786889],[-2.2744270788551177,53.46854437079884],[-2.272110297806696,53.469980523165425],[-2.269241412855916,53.47131282813362],[-2.265346508843734,53.472698415649226],[-2.265121713127016,53.47245828099811],[-2.2668135533062226,53.47070818578608],[-2.267932164569481,53.469838067662664],[-2.2674775453400375,53.469692691708374],[-2.266550537854026,53.46960572514662],[-2.2657524201166916,53.46972038175973],[-2.2645106338774044,53.468682758942734],[-2.265126948148822,53.46842646950853],[-2.265103858010626,53.46831825452783],[-2.2645301608670776,53.46780718365955],[-2.2639870819532915,53.46761065716771],[-2.263545280457653,53.467788230008075],[-2.2629803752977606,53.46740118231608],[-2.262718323712317,53.467412558956006],[-2.2607140225435693,53.46591988068331],[-2.2600967710436346,53.465826928943514],[-2.2590301861604387,53.46413115240578],[-2.258447690895905,53.46370995606495],[-2.2584643578896646,53.46303000651749],[-2.258088150700777,53.46301974396835],[-2.258085145611764,53.46275796074869],[-2.257710198782138,53.46255765337277],[-2.2563708311129935,53.4621998742986],[-2.2559008471512656,53.46215790878486],[-2.25436146713432,53.462430853559894],[-2.2538250293930067,53.46268901224792],[-2.2536380403239575,53.462591381262655],[-2.253226081440939,53.46201979705821],[-2.253040317705997,53.46128465394585],[-2.2534494355471564,53.46119182474778],[-2.2532173966242324,53.46064008234427],[-2.2538623849045276,53.4604646592376],[-2.2538342847939816,53.46013991087859],[-2.25360450558278,53.45993505899184],[-2.255493769703164,53.45966362970677],[-2.2583427672949434,53.458780058970724],[-2.2702656496893745,53.45145358917418],[-2.271651161936607,53.45069062290655],[-2.273133687753062,53.45055770630318],[-2.2753725070574724,53.450546378251886],[-2.275447045690691,53.45048526416754],[-2.276717375681763,53.450554782367135],[-2.277288725380024,53.45049504013968],[-2.2782329276249915,53.45024846335291],[-2.279591886633096,53.45010877045542],[-2.2797515570060676,53.44920224640184],[-2.2814126055884967,53.4492820429367],[-2.282726294725117,53.44913147302967],[-2.283085329446328,53.44899298995681],[-2.284518447755775,53.44897244150302],[-2.286150635030993,53.44916908266531],[-2.2895939602664472,53.44514017818124],[-2.290016600676816,53.445311794577535],[-2.2903445670252043,53.445061134337145],[-2.2917508498264048,53.44538218471171],[-2.2927821448910026,53.444417471439614],[-2.2932351483375153,53.44460733858463],[-2.2932957031875083,53.444531101955306],[-2.2931133066683946,53.44440453316643],[-2.293207306648115,53.444259407294716],[-2.2932597672257744,53.443609578879624],[-2.2925775018834322,53.44352951153437],[-2.2915226862225215,53.443186034207315],[-2.2901545804618118,53.44174109152758],[-2.289910821930714,53.441317542202455],[-2.2900025410496774,53.441040364868186],[-2.29140163775389,53.43925141732691],[-2.2920872637762266,53.43902104174007],[-2.2929532775535844,53.43886523338004],[-2.295397445860361,53.43877662266062],[-2.294882860166442,53.43729113768721],[-2.2942161849724685,53.436048715671944],[-2.2954507348249553,53.43586675817338],[-2.2960808964678443,53.43599297763518],[-2.2968873165447454,53.4363550101757],[-2.2975005277031517,53.43646219063828],[-2.2996980685447075,53.4373086533614],[-2.3000968765060357,53.436628998818684],[-2.3001944891790296,53.43619730355209],[-2.3000028536215678,53.43570173493345],[-2.2999450069081195,53.435169866679644],[-2.299946657968422,53.43453698843356],[-2.300056499595931,53.43390388311646],[-2.299915788907368,53.43356543169268],[-2.2996537923669402,53.43335913758218],[-2.299186103634512,53.43320412597936],[-2.297542190215874,53.43293492997794],[-2.29610182713322,53.43251071147145],[-2.295412087909623,53.43248265065053],[-2.2939518258105767,53.432643555642585],[-2.2930957842753563,53.432643971132194],[-2.291309073988646,53.43225734402585],[-2.2893906709943526,53.43207240687154],[-2.288708673347353,53.431863672829365],[-2.2880774043271073,53.43150818236981],[-2.287458385498941,53.43101277935922],[-2.2862513224031695,53.42965756567461],[-2.285871033030942,53.42905708964478],[-2.2856418041076605,53.427906259701],[-2.2853301291498047,53.42722641046382],[-2.284265146679992,53.42550062483058],[-2.283650878031965,53.424991419954],[-2.2822728967394275,53.424411276474665],[-2.280320919051706,53.423853248355044],[-2.277750884199943,53.42347808939863],[-2.2762113161713304,53.42341340386844],[-2.2748320310547996,53.42304356361931],[-2.2737064758552954,53.422566045102506],[-2.273842924644697,53.422284615064505],[-2.273812254241441,53.422195190918615],[-2.2741704159226237,53.421663700518586],[-2.273910652970744,53.421585042301615],[-2.275418351219893,53.419408714372516],[-2.2764139054355375,53.41963011057503],[-2.2764884506515886,53.41950786427027],[-2.2759924753985468,53.41930721934512],[-2.2764368441981215,53.41896606367434],[-2.277354781933153,53.418764513413564],[-2.278122500905334,53.418385206988546],[-2.278246524933492,53.41822592820198],[-2.2784220338651173,53.417741826403685],[-2.2784108290383043,53.41732134968633],[-2.27800867913175,53.416150097926455],[-2.2779475833785896,53.41557668901427],[-2.277797094504947,53.41549506826183],[-2.2780892973300366,53.41539040340687],[-2.2793097754219476,53.41544681432366],[-2.2814422706077293,53.4152800273001],[-2.2819114576424817,53.41541907841088],[-2.2830451787298003,53.4160079499186],[-2.283585759897711,53.41613419614213],[-2.284169928890142,53.41616538991873],[-2.2847060494222746,53.41604444718505],[-2.285665138003015,53.41547475177251],[-2.2862750194231976,53.41536829020437],[-2.287249720986022,53.41494660687677],[-2.288099260645423,53.41541609176478],[-2.288938489004323,53.41534580339341],[-2.289642949439895,53.41495393775724],[-2.290373128489145,53.41440386946067],[-2.2909043063587147,53.41418403659567],[-2.292485685337767,53.4137442251995],[-2.2939346280947492,53.413601341936754],[-2.2950101941540795,53.41269728671831],[-2.2965445380522724,53.41179716987276],[-2.296733174827692,53.41147760653843],[-2.2972815146924246,53.410896478578984],[-2.297587354322501,53.40985020277991],[-2.2977138436738356,53.408852180281734],[-2.297689249090975,53.408346364424],[-2.2995166374256915,53.40891901987121],[-2.300299022801133,53.40960636049416],[-2.3007321856794225,53.409769589752],[-2.301863251753752,53.40976869322888],[-2.3036175028303627,53.40960780518833],[-2.3044773838211636,53.40995251033641],[-2.305377385135568,53.40998250637426],[-2.3058581293911087,53.410089982939226],[-2.3065479021767104,53.41003305896152],[-2.3072141592615334,53.40978823136273],[-2.3075417635263245,53.40992049033967],[-2.3082661490046648,53.40984839336799],[-2.3090415159049904,53.40993628253104],[-2.3110310510744947,53.409822405334815],[-2.311991265010594,53.40991708313026],[-2.3128003855213812,53.40986187829001],[-2.3149519679707087,53.41063310177983],[-2.3160337236882413,53.410935637700625],[-2.3167858487234434,53.41111790926159],[-2.3182153784292048,53.41116803716647],[-2.318962502763022,53.41150842647103],[-2.3198962799007283,53.41163712419415],[-2.3100321166938147,53.40051563320947],[-2.309396024382273,53.40010466296633],[-2.3091609074898525,53.39963419815134],[-2.3073777000600395,53.39740963356942],[-2.3066074476730978,53.397151800080856],[-2.3058631894645645,53.39717449206012],[-2.3055704110735773,53.397044062682205],[-2.3052939264038925,53.39708858991216],[-2.304982198661447,53.3970039954999],[-2.304859121080615,53.3968147135537],[-2.3046157302329884,53.39668780499632],[-2.3046003214402595,53.39618358393698],[-2.3039065845123288,53.395504808247054],[-2.3036402061481316,53.39504795774713],[-2.303501533421505,53.39498365559616],[-2.302943331411541,53.394333400732314],[-2.302515763065323,53.3940137094472],[-2.3018404794975114,53.393814012251106],[-2.301719526369508,53.39352218862899],[-2.301483474870877,53.39350200373259],[-2.301151951959163,53.39300312866441],[-2.300667507166157,53.392703353702835],[-2.300718031888995,53.392644679086445],[-2.3004751597790154,53.392321701302585],[-2.3000543590369884,53.39215472744871],[-2.300101546020037,53.39205017016278],[-2.299880553904829,53.39182883317932],[-2.300067376165484,53.39166483372935],[-2.300123986319422,53.39136529886095],[-2.3002979133417445,53.39110868591373],[-2.3001280071584262,53.3910714152689],[-2.300008825796047,53.39079888388172],[-2.3001262101708684,53.390412501003446],[-2.2998977392609588,53.38999678620287],[-2.2999378174972596,53.38981178079503],[-2.3004809524868874,53.38954250852799],[-2.300138770570733,53.38936989427181],[-2.30023344256887,53.38916028887794],[-2.3001556804616237,53.38904980781606],[-2.300405409245405,53.389025862767],[-2.300192774527916,53.38873595808319],[-2.2999041479829945,53.388706239611615],[-2.2998992020406033,53.38858345415555],[-2.2997943648295602,53.38853210956113],[-2.299785542671665,53.38834234622246],[-2.29997470909418,53.388314886891436],[-2.300005612141232,53.388232221829014],[-2.2999626489796996,53.38813516298931],[-2.2996266352862094,53.3879921806614],[-2.299754690201396,53.38782921005095],[-2.2997150188163067,53.38771796780574],[-2.299381520674173,53.38754615198662],[-2.299746282923144,53.3870418557847],[-2.2995422252720887,53.386881445223985],[-2.2992906415299275,53.38683432917621],[-2.2994186586398273,53.38661490151173],[-2.2991688284960965,53.38636105170178],[-2.299176189709714,53.38614164816209],[-2.2998393389985363,53.38556920620111],[-2.299780264949919,53.38545977447325],[-2.299596246689251,53.38540717698322],[-2.3002267137538173,53.38500194917071],[-2.3002345998197224,53.384853617170705],[-2.299996273200231,53.38456938551445],[-2.299943932672078,53.38434199728547],[-2.299185238736204,53.38401581806391],[-2.298544074305328,53.38349804418586],[-2.2981665213176243,53.383456580204474],[-2.298069402118992,53.38333188114275],[-2.2980956338202434,53.38320248736772],[-2.297749159617986,53.38289414425176],[-2.2973778044733204,53.382865300304864],[-2.297184212406817,53.38272476933142],[-2.296886215245758,53.38269040183443],[-2.296568332916895,53.382392878320054],[-2.296519234120247,53.38222221663041],[-2.294588514665569,53.38170116621629],[-2.2943221596416437,53.38169986420102],[-2.293830390735613,53.381239843575145],[-2.2927766828427503,53.3808236547454],[-2.292534545518286,53.380326189384405],[-2.29146774568137,53.37950915554703],[-2.2906360092528257,53.378591756883736],[-2.290261613349607,53.378370541710176],[-2.2899674533356844,53.37801086732711],[-2.289669162832488,53.37787226844448],[-2.2893279262028057,53.37742984065804],[-2.2889010442485316,53.377237907593525],[-2.2886203754343857,53.37690874051238],[-2.2874304998535155,53.376504105519686],[-2.287221662777594,53.376330512409936],[-2.2863621923961044,53.376344879915656],[-2.285641954962381,53.376207292241915],[-2.286492657052797,53.37574836007203],[-2.286399594451012,53.37565149742038],[-2.288275259049034,53.3743071609761],[-2.290119372996689,53.372723495141805],[-2.290343213964529,53.372700860890994],[-2.290582783403775,53.37244759983504],[-2.2908295000775043,53.37237008547011],[-2.2920930637023966,53.37073921908917],[-2.2927106508261264,53.37022153262062],[-2.2928913035526572,53.369683056326465],[-2.293403395732618,53.36895821236283],[-2.2947397866526904,53.36660775869976],[-2.294986315768784,53.365998258573434],[-2.294868883361462,53.36594970468668],[-2.2949497753294503,53.365801475197046],[-2.295058404990562,53.36579408299794],[-2.2955734224011595,53.36465095332588],[-2.2961830136507126,53.363710118531756],[-2.2964428345013,53.36310495951968],[-2.2963623120813077,53.3630625894099],[-2.2971590259389827,53.36215589677766],[-2.2971537696417634,53.36197009022764],[-2.2975970632709877,53.36150241103143],[-2.2984491350910554,53.36087081552828],[-2.2996044730257004,53.360229994037994],[-2.3000271702529895,53.36020952038361],[-2.30147071386328,53.359596930226175],[-2.303104776372821,53.35907228230526],[-2.3063987125145093,53.35829899330348],[-2.3067227948461464,53.35824955856219],[-2.307141225057621,53.358321442591965],[-2.3077035426620136,53.35816810273045],[-2.3114217181534182,53.35764412935139],[-2.3119635169921002,53.35757642195865],[-2.3136385484803252,53.35757822177363],[-2.3137356814821506,53.357416350179236],[-2.3139951701289325,53.357415667261876],[-2.313853747271685,53.35801107082201],[-2.313941639652196,53.35834145135443],[-2.3143214446402065,53.35871881954897],[-2.3150584756056136,53.35901546003064],[-2.3178628215089536,53.35911139731919],[-2.3194940280593856,53.35860984892425],[-2.319855836906065,53.35858191314472],[-2.3212672641396286,53.35945451375165],[-2.321905061889513,53.35953734131497],[-2.3222654372165867,53.359503784200484],[-2.3226441658662225,53.35929434019262],[-2.32273550410629,53.359077520295166],[-2.322463285696792,53.35865747047451],[-2.322483610724608,53.35855152010863],[-2.3228047558093765,53.358300658678665],[-2.3232562598632533,53.35821319854448],[-2.3235348912726352,53.35830317455384],[-2.323779514709422,53.35861008470139],[-2.323878290596112,53.3593763874304],[-2.3242633287491214,53.36024190186945],[-2.324094308546275,53.36073926329243],[-2.3243995554461208,53.361363154101184],[-2.3249974515082554,53.36150365501432],[-2.3259875478889898,53.361470328610224],[-2.3265394239460635,53.36136910775706],[-2.3269684835384052,53.36110641627715],[-2.3271535006232753,53.3607398997438],[-2.3279400696051615,53.36044111383696],[-2.3286251405134255,53.36060835880229],[-2.3298706218992087,53.361132689682776],[-2.3306913396436957,53.36160850571298],[-2.3309221871795915,53.361889309304125],[-2.3309172364393307,53.36203568535219],[-2.330647850548017,53.36236454541536],[-2.329739585884517,53.36289370526291],[-2.3295352135959173,53.36324679618282],[-2.3296134702308513,53.36364910090362],[-2.3298977994403036,53.3639216328306],[-2.330252222399984,53.36408777805186],[-2.331453878430651,53.363839225274724],[-2.3319516191655927,53.36401676920426],[-2.3323176427602363,53.36434383585097],[-2.332320974893695,53.3649550550342],[-2.332397154039573,53.36508686810179],[-2.333031740211938,53.36552638687549],[-2.3333645269594414,53.365624332411635],[-2.3341958639768214,53.36563632493209],[-2.3351459843881868,53.36589180416201],[-2.3374090869149797,53.36684074678865],[-2.337781890947915,53.36665289845468],[-2.3378076725539616,53.366528674173914],[-2.3376965486327483,53.36631325218367],[-2.337739265339108,53.36619264733355],[-2.3381096763523015,53.36611714491158],[-2.338473604505605,53.366173694063185],[-2.33896113162162,53.36641669311953],[-2.3394629210198783,53.36715401648641],[-2.3398764384058546,53.36736154643119],[-2.340953184847717,53.3674626879178],[-2.341352369766663,53.367226160373974],[-2.3421994155360712,53.36696837467482],[-2.3425285940971547,53.366783153466564],[-2.343694528886857,53.366539658746184],[-2.345144443085062,53.366910469797034],[-2.3465490892656935,53.36755355322428]]]}},{"type":"Feature","properties":{"LADNM":"Wigan"},"geometry":{"type":"Polygon","coordinates":[[[-2.6177280682636876,53.48178272430795],[-2.619755100664404,53.48177184814972],[-2.620805343256022,53.48155515431204],[-2.6222948733629083,53.48139909284363],[-2.6295534015676347,53.48108775510487],[-2.631094540841249,53.48085771324943],[-2.6320705705247334,53.480816598783576],[-2.633147589899227,53.48101032546193],[-2.637413869909175,53.48041322216206],[-2.6378789104854476,53.48049444178546],[-2.6393719742207016,53.480361455772794],[-2.644548541941722,53.48016595616637],[-2.6448268999328293,53.48027821373691],[-2.645540527304466,53.48023672440011],[-2.6455327970295905,53.48071399796848],[-2.6480039348480533,53.48219075871903],[-2.6497510321923676,53.48348924551251],[-2.65153784598249,53.484968960953665],[-2.6518455242072054,53.48510211157824],[-2.6519126409036993,53.48533263546058],[-2.6521679466349446,53.48527478468748],[-2.6528774874503895,53.4854478768372],[-2.6528410884844393,53.48623542289388],[-2.653026647116642,53.48641951094634],[-2.6540620241987205,53.48644530275195],[-2.6558281303075666,53.489944835841435],[-2.6559614425460554,53.49086177628101],[-2.656731494055048,53.49250694334343],[-2.6599193577767113,53.492229841926985],[-2.6624790779487832,53.49263533589182],[-2.66311353367651,53.49285212406002],[-2.661373709762629,53.49366441518409],[-2.661779887466297,53.49398384980405],[-2.6620176848098245,53.49388816127146],[-2.66239385206945,53.49402735010623],[-2.6625282932233314,53.494129973488185],[-2.66241354477387,53.49423179875594],[-2.662489392524127,53.49430807786353],[-2.662825847201788,53.494240536739916],[-2.6636217859045836,53.494627333532044],[-2.663871706505153,53.494664110738114],[-2.664261016268579,53.49516921356776],[-2.6644420395674997,53.495539543624375],[-2.6648808204536163,53.49594581391276],[-2.6648073115123583,53.49672654018791],[-2.665226313816008,53.49722222980574],[-2.6652728936410655,53.49761016053672],[-2.6657984383421742,53.49811947480969],[-2.665728459333929,53.49827277852992],[-2.666030972958051,53.49864008309074],[-2.6659715575979814,53.499175855231606],[-2.6661351581584136,53.499514594905044],[-2.6663429306005737,53.49960528177336],[-2.6663085883962356,53.49974747941256],[-2.6684923041491277,53.500151386499994],[-2.669159741129324,53.49993897167826],[-2.6696159427273662,53.49989147310399],[-2.6696178436910727,53.499533887552545],[-2.6696746516881564,53.49950022153733],[-2.6703099368212544,53.49953983160386],[-2.6716032453442526,53.49906797637858],[-2.6719240752754607,53.49912909279835],[-2.6724267331719482,53.49906867527124],[-2.673272963748382,53.49910801711505],[-2.6735998738189615,53.49919493697432],[-2.673841083533887,53.499379784544324],[-2.6740073876821775,53.49931482986476],[-2.674067205865836,53.49919511499518],[-2.674887158960521,53.49900257121483],[-2.6762787458314135,53.498912116147515],[-2.676997048792916,53.49896366997983],[-2.6777608536737834,53.49882647067203],[-2.6788862637995425,53.498927900040506],[-2.6801864008222562,53.49920452769369],[-2.680183383853244,53.49948403612261],[-2.680676570005979,53.49968628443708],[-2.6807989106577463,53.49961789438365],[-2.6819040196354296,53.49998741490309],[-2.6819627967006823,53.50007227333061],[-2.681847597363667,53.500352610746354],[-2.681929873248339,53.50040103916519],[-2.6825680821649356,53.50027435941758],[-2.6831922673762256,53.50071010966447],[-2.68327251251749,53.50089645173088],[-2.684270208478228,53.50091878701955],[-2.6850635370006146,53.50109527164384],[-2.685699901451112,53.500850520612154],[-2.6859167003471116,53.50085953231223],[-2.687475503302762,53.50128440865045],[-2.687994530438148,53.501227283129076],[-2.6881194324234006,53.50127930000002],[-2.6880461449140447,53.501345158968846],[-2.688085943533838,53.50139809732499],[-2.6882581419603326,53.5014521337828],[-2.6887335019534766,53.50132383320419],[-2.6893663491710154,53.50138643885225],[-2.690291414187962,53.50130888413717],[-2.6905597769734357,53.50154607959109],[-2.6910742446826212,53.5017091516402],[-2.691133158808546,53.50184239039401],[-2.6920462963371694,53.501949346043965],[-2.692958148828087,53.502192569266526],[-2.6945057232128695,53.50202202373658],[-2.696495407362231,53.502235364697206],[-2.6967550494135524,53.50184975035047],[-2.6988924542620962,53.50201595265117],[-2.6988382869982037,53.502647403789354],[-2.6990290256183154,53.502985886312175],[-2.6996732966371977,53.50385578026019],[-2.7007184905384363,53.50460020811734],[-2.7031478833194407,53.50396226855392],[-2.7038222639732505,53.505081855042626],[-2.7054605658700246,53.50477277541539],[-2.705994595489884,53.505352199507655],[-2.7055474711965894,53.505573326062226],[-2.7057521507024105,53.50581851281122],[-2.706262697159537,53.505604030778834],[-2.7064251630719145,53.50577211899754],[-2.7070719437908535,53.50666967917256],[-2.7077408957008524,53.50971566575477],[-2.7083145793106542,53.51156475233973],[-2.7084500815864923,53.513274594179784],[-2.708907169491996,53.51389377699243],[-2.7092913738769338,53.51379095104552],[-2.7100063774810232,53.514625960622816],[-2.7105022468754303,53.514505362084655],[-2.711463489359548,53.51410246490636],[-2.7117750526070408,53.51388122528127],[-2.711985163614108,53.513539252330126],[-2.712153827554379,53.513420047458894],[-2.713383797591947,53.51310393579065],[-2.7142552583909576,53.51259004834757],[-2.7147191066642433,53.512122681913],[-2.7150462606007038,53.511009510184515],[-2.7156240518256034,53.51065041797176],[-2.715945626059818,53.51064829415189],[-2.716883017269824,53.51096212036897],[-2.71751662222938,53.51098179611043],[-2.718247781571311,53.5116106774739],[-2.7191612923531174,53.511829979501314],[-2.719290320302395,53.511777833165816],[-2.7193019627297157,53.51167551782846],[-2.7194670102713094,53.511629311684146],[-2.7196562000949234,53.51130907743523],[-2.72054723213717,53.51157438203804],[-2.7211389828532124,53.51107570287873],[-2.722028126067673,53.51096051156158],[-2.7230265777917873,53.509987355749296],[-2.723777700178694,53.51035046968747],[-2.7234432016681245,53.51046123015479],[-2.72326941484392,53.511158898428114],[-2.7233895173103617,53.51154186776068],[-2.7236749089090613,53.51191766100606],[-2.7242673899290737,53.512285417716704],[-2.724758975118267,53.51270405663618],[-2.725037335894389,53.513109380831985],[-2.7257212133636632,53.51369398299155],[-2.726757092459589,53.51482586906296],[-2.7271017380315605,53.51585296675415],[-2.727190387015997,53.516708042517635],[-2.72737516081775,53.5170942634919],[-2.727389262950235,53.51784276817625],[-2.728056030956675,53.51800685785466],[-2.7284595666479556,53.51824465230048],[-2.7288658939382446,53.518633178702224],[-2.7292959788453945,53.519360320705616],[-2.730524538154566,53.52058149494942],[-2.7287908818583446,53.52208778842215],[-2.7262329654402815,53.52377523433178],[-2.724876956378706,53.524390194929815],[-2.7209435824724397,53.52504514466494],[-2.7197266484507607,53.525695161759586],[-2.7193243409275185,53.52635010007091],[-2.7185960635648816,53.52707721580555],[-2.7179256419538254,53.52729416573585],[-2.717872688943717,53.52745176578401],[-2.71800999106633,53.52785010550834],[-2.718087699127073,53.5285973797972],[-2.718007079459662,53.52873634198955],[-2.7177891122187123,53.52874915647053],[-2.7175906301176247,53.52894676190665],[-2.7171969161551766,53.52966983270413],[-2.717172496259308,53.5298985090319],[-2.7173719661027205,53.530604109976665],[-2.7167801894770216,53.532183512598436],[-2.716861213472638,53.53268133463639],[-2.717076544194938,53.53284071363242],[-2.716518055357471,53.53338337630059],[-2.716296813435214,53.53376756099588],[-2.716288193381147,53.533871817025215],[-2.7170018921192023,53.534226253715346],[-2.7168156818841767,53.534479041165646],[-2.7164263647877585,53.534735832217734],[-2.716251922732312,53.53521414305241],[-2.7165752950657414,53.535246716594436],[-2.716332557025482,53.5364153760221],[-2.716322919909707,53.53718501592068],[-2.7164368069825766,53.53759050823411],[-2.7163812055451992,53.53787201241637],[-2.715477724434287,53.537981915254434],[-2.7152002927520447,53.53808357306046],[-2.7147885290646623,53.53802086885999],[-2.7145777982968267,53.53810696267811],[-2.714559214750045,53.53826408579694],[-2.7145859611527583,53.53842403899953],[-2.7148265803479656,53.53873972551728],[-2.715901191866134,53.53937825492584],[-2.715883202044709,53.53973928444887],[-2.7162086006620725,53.54016152306386],[-2.7160482015185834,53.54049164463582],[-2.7162222005545407,53.54060323781309],[-2.716770452874509,53.54062327714188],[-2.716899099287329,53.54083964213669],[-2.716829525544411,53.54093554470504],[-2.7169713156200377,53.54126165289684],[-2.717442610525802,53.541580166040845],[-2.717723070649436,53.54210234418374],[-2.717800069256889,53.542444291641196],[-2.7181249502990505,53.54264196718041],[-2.7181655585049787,53.54291821096733],[-2.7185292878032183,53.54300983884604],[-2.718646339984361,53.54332205356391],[-2.718608237970963,53.543543526696766],[-2.7183620580133625,53.543633866999286],[-2.7182111835253147,53.54391398470917],[-2.7177060734821272,53.54439304523409],[-2.7179148907220863,53.54460254315945],[-2.7173944683495,53.54474403238369],[-2.7173164825903746,53.544993795804885],[-2.7170132406505454,53.544958867035426],[-2.7167014585023295,53.5453847980553],[-2.7164262745020085,53.54540778624539],[-2.716105676355697,53.545571797424245],[-2.7160024551775503,53.54574823155173],[-2.7156905771844797,53.54595882192514],[-2.7153068321780682,53.54655436226989],[-2.7148847759674495,53.54692092263092],[-2.7141448200815645,53.54745482387094],[-2.713710979775137,53.54759133481725],[-2.7132704799301903,53.547851611128294],[-2.712975233142275,53.54852526534235],[-2.7127843280596253,53.54875616861749],[-2.712315520513527,53.54886963853944],[-2.711929180584148,53.54914777989292],[-2.7111477338275347,53.549433313373086],[-2.7109344659298196,53.54959694162755],[-2.7107650981080162,53.54984765907877],[-2.710791474106974,53.55012727035226],[-2.7104301425555564,53.55065974137564],[-2.7101464227560976,53.55075748737489],[-2.7101504911996988,53.551338347011686],[-2.7103943992029653,53.551681212648745],[-2.7102287939505882,53.55195809045293],[-2.7101168227811376,53.55259498160617],[-2.7102610363614885,53.55281237543599],[-2.710263598105186,53.55304998993378],[-2.7093078714424808,53.553778961456715],[-2.7093847570744334,53.55403299744341],[-2.709186794997236,53.55426787348994],[-2.7087064035379935,53.554256502123955],[-2.708320575603344,53.55448423867243],[-2.707778244778439,53.55463407115347],[-2.7075440167225198,53.55572026436783],[-2.7076270674604426,53.55580688064132],[-2.7076163031581504,53.55598133965424],[-2.7073152814715837,53.55648676563559],[-2.7073425088017933,53.55664840692927],[-2.7070806735537847,53.55715779805209],[-2.706801005942771,53.557415624406985],[-2.7061998115772483,53.557744444300425],[-2.705963694580673,53.55798460065759],[-2.705898367621954,53.55822626513579],[-2.7057186087429197,53.55842339278417],[-2.7057464333853343,53.558705521920764],[-2.7056443939128543,53.55886763881731],[-2.704819695775643,53.55917642270542],[-2.704746741795287,53.55969623609831],[-2.704870252734534,53.55986176861467],[-2.7049969047938833,53.560498379495236],[-2.7052211417607794,53.5606200829557],[-2.7052872956979055,53.5607969372656],[-2.705297647788022,53.56153200622998],[-2.7050315530488978,53.561759092773954],[-2.704738604365514,53.56184452074461],[-2.7047493357288124,53.56220934611399],[-2.7042066791804857,53.56254343728197],[-2.704297196091234,53.56279457345877],[-2.7046471611839404,53.563156824919574],[-2.7052081341873344,53.56346868191695],[-2.7071647083958035,53.56383379923556],[-2.7074825429166,53.56405016915729],[-2.7079346167244833,53.56419495904588],[-2.7088692671978007,53.563995890267684],[-2.709520229075353,53.564015902932375],[-2.7104614580273103,53.56423784946892],[-2.7112702889481604,53.56475155231559],[-2.7114529446295763,53.56500663825571],[-2.7110279342568084,53.56543584180077],[-2.7110443308094947,53.565682371031485],[-2.711303467041638,53.56627940164184],[-2.712595076702427,53.567473286461045],[-2.7125767803133147,53.567641444628414],[-2.7123260511977634,53.567912602659156],[-2.7123149850295487,53.56815254485746],[-2.7123917160065707,53.56830938662771],[-2.7128688296390298,53.56850906336039],[-2.7139429240019606,53.56862821591298],[-2.7143078306811894,53.5687493500637],[-2.7144369472772563,53.568900544717856],[-2.7145858454700598,53.56939823220706],[-2.7150578814361483,53.56963301271463],[-2.715659694332063,53.57022717520258],[-2.715749660307092,53.570440680035055],[-2.7156770253233127,53.570890270339234],[-2.715773498279082,53.571041922248696],[-2.716304578751766,53.57122075950605],[-2.717031859133794,53.572145866188926],[-2.717660544543246,53.57254234404407],[-2.717523507565102,53.572949356784996],[-2.7164347029438707,53.57433926884859],[-2.716149165443175,53.57461764511659],[-2.7156604152975077,53.574824789639365],[-2.7155768561633638,53.57490618613895],[-2.7156068429490072,53.575060501014605],[-2.715912804401295,53.57529237075195],[-2.7171287977391247,53.57572634853526],[-2.7176821228045895,53.576006481521745],[-2.7185624028405915,53.57610538129779],[-2.71916483931429,53.57592904605126],[-2.7192234725245084,53.5760974884641],[-2.7189336188939404,53.576478896470945],[-2.7187518086495794,53.57653204168595],[-2.718392778086028,53.57681733659895],[-2.717764697100947,53.576991044357555],[-2.716996646818649,53.578013868286774],[-2.716596847137166,53.577759265487614],[-2.7165520098534093,53.577620212472276],[-2.716430028951047,53.57755183971886],[-2.7148031771439354,53.57833599602799],[-2.714498288216458,53.57898077376402],[-2.7146418550667426,53.579068955963024],[-2.7145895835838645,53.579215897561966],[-2.7148162348889855,53.57927801981818],[-2.7149154265590267,53.57945018571676],[-2.7148040458887626,53.57984184183702],[-2.7148833933170415,53.58006776067473],[-2.7148208746360765,53.58030829782751],[-2.7149443591045577,53.580639019252914],[-2.7148633167647414,53.580724417950286],[-2.7147063461554,53.58065591103236],[-2.7146199167747174,53.58073448353852],[-2.714658250589035,53.58121514761871],[-2.7143427213223656,53.58139876190262],[-2.714375961332077,53.5816617552717],[-2.713977510035301,53.58188070321572],[-2.7130546148718357,53.58215670863746],[-2.712278729011777,53.58261272472879],[-2.7118605906257427,53.58264470545008],[-2.7116462173729574,53.582808897494346],[-2.711410765945392,53.583096878086565],[-2.711333418402155,53.58335259309867],[-2.710694897441335,53.584176309418865],[-2.7106828874763553,53.58447327931693],[-2.710345950338108,53.584730302125465],[-2.7104080366353065,53.58502939358214],[-2.710088090185212,53.585204600433265],[-2.7097895368132123,53.58524767464992],[-2.7097029016993788,53.58554310975533],[-2.7090333550250487,53.58581505435198],[-2.708729831634484,53.58573117513668],[-2.7082002916670795,53.585879251043835],[-2.707832123686763,53.58616003732645],[-2.7075866891982594,53.58664606735231],[-2.7074814812960755,53.586678149387424],[-2.70599585134164,53.586649005528606],[-2.7046934453544256,53.58707633111274],[-2.7037807216482035,53.58697946136014],[-2.7027623554691123,53.587229818918374],[-2.702723661543852,53.587286790492975],[-2.7028318686040382,53.58743418584317],[-2.7024019758738107,53.58790102871705],[-2.7023580869071986,53.58818585246357],[-2.702358306832099,53.58846641280608],[-2.702515631901941,53.58862813073521],[-2.702528409755905,53.5888064318772],[-2.7018783401604223,53.589155562906335],[-2.7017362153985434,53.58937681656686],[-2.7017519039617897,53.589438780910605],[-2.7022451752009897,53.589490940197436],[-2.702812671996327,53.589813083916475],[-2.7014003349199873,53.59060607029047],[-2.6999218366211393,53.59075500698676],[-2.699858448446723,53.590903759490864],[-2.7000685394552075,53.59118987329126],[-2.698184213133498,53.59131658676012],[-2.6967633475450077,53.59025106528523],[-2.694818939498241,53.58951604617395],[-2.6942081299497134,53.58936174646789],[-2.6936456943812828,53.589308660864695],[-2.693360018704665,53.589407473566226],[-2.693273268125989,53.58965168514024],[-2.6935748248908147,53.589941230509375],[-2.6937043229789497,53.59017895243805],[-2.6936601680201155,53.5918058414894],[-2.6921260021986635,53.59804002498685],[-2.689915161221859,53.603796467018036],[-2.6895614035929802,53.60396760623606],[-2.6893139469063785,53.60428641420643],[-2.688997025322214,53.60436461022852],[-2.688838542161815,53.604221784285656],[-2.6884125959626273,53.604238527842995],[-2.688066447524485,53.60415512914091],[-2.687780410419048,53.603668647831945],[-2.6875570952616727,53.60376257540382],[-2.6873915700378492,53.60360257965578],[-2.687049729840359,53.60360537936715],[-2.6869072990717826,53.6034733391841],[-2.6869515820922163,53.60334977249242],[-2.6866312895382185,53.603233080795],[-2.685783567456545,53.603254230640005],[-2.6841298989164377,53.603784992749766],[-2.684074529678621,53.60390387586712],[-2.683818566746505,53.60378484929961],[-2.683590762564025,53.603891477788636],[-2.6832538195788778,53.60370634437636],[-2.682939072215885,53.6037764088501],[-2.6827875138773263,53.60395365408802],[-2.682465873727727,53.603864481555675],[-2.6815211915808552,53.60385469475645],[-2.6812063922022835,53.604013776424225],[-2.680764961455162,53.604109831967506],[-2.680354175144939,53.60411553961528],[-2.68015338709591,53.60402598808701],[-2.679849745157675,53.6042299538883],[-2.6798317806889553,53.60432523451371],[-2.6791180965217287,53.60439530826887],[-2.679184376696504,53.60446852927547],[-2.6790207537729267,53.6046607409943],[-2.678298929945171,53.604766513157145],[-2.678178508282919,53.60466067398326],[-2.678023409528984,53.60466555300876],[-2.677833216291577,53.60476271718508],[-2.677926055607311,53.604898680449445],[-2.6775945450009933,53.6049592621104],[-2.6774279868509665,53.60493942416149],[-2.6774207643251864,53.604842273143454],[-2.676904189552618,53.60487778034158],[-2.676304605289936,53.60480112058831],[-2.6756805368194465,53.6049097308521],[-2.6755877349133996,53.60504449720109],[-2.675401980646814,53.605060421947094],[-2.6750746185186727,53.60481958211667],[-2.6747617045501784,53.60482780122791],[-2.674526999060999,53.6049810922638],[-2.6740041744226155,53.60498122573391],[-2.6730546166413625,53.60475372670322],[-2.6718696190245983,53.60504717280247],[-2.6708170259393396,53.60499465514365],[-2.6705466957019994,53.605081425978916],[-2.67005056197942,53.60499726986094],[-2.670159817567829,53.604917442833816],[-2.6700524695423913,53.60472928716445],[-2.6691599028718835,53.60437305633202],[-2.6689188206346017,53.604508395148116],[-2.667995358487199,53.60431749077524],[-2.66785206375069,53.60403515536801],[-2.667555748273769,53.60396293339786],[-2.6674425670686377,53.60403739588828],[-2.6669658169179864,53.60380739846646],[-2.667010081542864,53.60365402479753],[-2.666603183894903,53.603449747809876],[-2.6662180864481133,53.603461744447685],[-2.6661598952353915,53.60357540809942],[-2.6660058664508988,53.60360585115842],[-2.665452891359197,53.60340586198566],[-2.6651817210123303,53.603431063653936],[-2.6649500939968034,53.6032073261204],[-2.6647118606759608,53.6033748641468],[-2.6641974318909996,53.6033569313138],[-2.663894868999904,53.603427147626526],[-2.66277739833063,53.60335975593054],[-2.661579259603518,53.60347874353499],[-2.6611298232439315,53.60324668430655],[-2.6606127934738817,53.60334364050116],[-2.6600906871311607,53.60356870752253],[-2.6595614420974405,53.603669654498546],[-2.6592709415876694,53.60363591336505],[-2.659269414275328,53.60374934670756],[-2.6588663660760243,53.60415686429866],[-2.657593763575778,53.60423102821565],[-2.656024340243031,53.60449974318727],[-2.6553671297390875,53.60438986670313],[-2.6551425399932067,53.60443463681945],[-2.6545917415573896,53.604700006083824],[-2.6538613747007056,53.60523487445615],[-2.6529930890240796,53.605494942256215],[-2.652777494767806,53.60562667567593],[-2.6528094938207567,53.60572691067516],[-2.652569301641413,53.60585229729083],[-2.6504902685704543,53.606156867507096],[-2.650098172920039,53.60612051953389],[-2.6483882146292763,53.60665646701834],[-2.64773453566841,53.60671991598193],[-2.6472763026984887,53.60710454761534],[-2.6469489567778193,53.607233890887215],[-2.645667638255865,53.60723351479158],[-2.6447397114158404,53.60733571116528],[-2.6437482334116167,53.60717307522873],[-2.6423858973898486,53.60749948708785],[-2.6417343104092503,53.60751197264144],[-2.6414060887488975,53.607262830444434],[-2.640835274082015,53.607308377811194],[-2.640752100259321,53.60742988821647],[-2.6408609813416892,53.607540815179576],[-2.640343634212247,53.60759133196507],[-2.6398889780256645,53.60735756288097],[-2.639252235526657,53.60737864281678],[-2.6366095829326546,53.6077146189053],[-2.6367512467796717,53.60790261249243],[-2.6361627392413456,53.60827510406229],[-2.6357457438848133,53.60828099708795],[-2.6353240079496527,53.60815739991],[-2.635078107337795,53.608295500116384],[-2.634594040856963,53.60826745440857],[-2.633801172452055,53.60792897478301],[-2.6336251168878255,53.60765379260566],[-2.633310117655699,53.60749731862801],[-2.6320099024526047,53.60718342570971],[-2.6319821959720247,53.60706784637157],[-2.632257168399157,53.6068208930833],[-2.6323687483710514,53.60652342974584],[-2.631809971911516,53.60612918907418],[-2.631493878291663,53.60602576567362],[-2.631513202759901,53.60583301514562],[-2.6313346743879724,53.60567412563227],[-2.631390134495127,53.605339581033405],[-2.631285159726003,53.60520277421269],[-2.6316596467976754,53.605076649493206],[-2.6317662200718974,53.604559253230995],[-2.63194026271906,53.60444934948262],[-2.6322059297288947,53.60351793297032],[-2.6320989994253,53.60334214543671],[-2.631763348885842,53.60322813886784],[-2.6318930423236724,53.60299544498533],[-2.631955697729527,53.60263726736721],[-2.6318525117486766,53.60180212382238],[-2.631345529546553,53.60124278220993],[-2.631348807492293,53.600860811261455],[-2.6315960726007717,53.600589395106994],[-2.6313797901088005,53.59989883343635],[-2.6298348934273106,53.599149425287656],[-2.6291401739425693,53.59796773388733],[-2.6282579329858238,53.59735189153768],[-2.6281549858464226,53.59712772176727],[-2.6280482248290227,53.59708228864278],[-2.6281960440774803,53.59674521973009],[-2.6283645671946987,53.596627894079326],[-2.628128285916567,53.596379288519366],[-2.628295898235064,53.59615538755637],[-2.62833777404303,53.59582709026938],[-2.628233214353084,53.59530162814857],[-2.627841466264809,53.59525106686215],[-2.6276231553200864,53.59530221516003],[-2.627496608058533,53.595235492921866],[-2.6273391973869393,53.59493967377288],[-2.626328117241039,53.594288817728135],[-2.6261903306404744,53.59413504617225],[-2.6261411931732956,53.59381509089285],[-2.625908175422034,53.59366825320136],[-2.6260103544496456,53.59352309475098],[-2.6263498906363063,53.59349854953175],[-2.626377196634322,53.59320376604475],[-2.6267609961416576,53.59300765051867],[-2.626660815830358,53.5928742119702],[-2.6267992800183566,53.59262798562231],[-2.627504171232608,53.592181322064356],[-2.627728458172027,53.592120596848225],[-2.627693703510203,53.59200505326977],[-2.62793957402724,53.59190123173082],[-2.6279301223450693,53.591645965119135],[-2.62822884905603,53.5915418834457],[-2.628290503293108,53.591210938301764],[-2.628195393934053,53.59110161727374],[-2.6284633750745883,53.59093566733658],[-2.628466965395456,53.59066255307998],[-2.6286170240958016,53.59040475838369],[-2.62826076519753,53.590233692909315],[-2.6283092932742034,53.590027737808114],[-2.6276105307366917,53.58967106041905],[-2.6276461810619134,53.58943545740115],[-2.6255042990768915,53.589342466354765],[-2.6242812512854865,53.589576937750365],[-2.6237496151075255,53.589605840838814],[-2.62352415991137,53.58978060089829],[-2.6229600304487697,53.589943363709786],[-2.620753294428375,53.59038628153535],[-2.6204989271861745,53.590651079109186],[-2.6199164721467283,53.59091756806817],[-2.619064288646982,53.59091636414815],[-2.619045958386561,53.59098837539046],[-2.6184101035756124,53.59099250063962],[-2.6180623462142782,53.59109962451296],[-2.617399360640925,53.590899973249726],[-2.6168785767385767,53.59092962565523],[-2.6163102125268813,53.59070672162781],[-2.6157979558107014,53.59080318127118],[-2.6155040854053597,53.59062576143258],[-2.6152009163924794,53.59068574593884],[-2.6146058963340884,53.59057813957688],[-2.6143181981121804,53.59062989883587],[-2.613938532119538,53.59049365132359],[-2.613792311128035,53.590535685612956],[-2.6133827929382427,53.59042430769086],[-2.6124742993493206,53.590479523252874],[-2.609256551171745,53.58953954482086],[-2.609219700933077,53.589404897244314],[-2.6090428775520436,53.58928979325051],[-2.6084598503901146,53.589289947359305],[-2.6077162769049935,53.58905834812549],[-2.6069090871003042,53.58863746538577],[-2.6066945391899456,53.58842451265545],[-2.6062501694126965,53.58828294225083],[-2.6051008429329907,53.58839578770573],[-2.6047391247764984,53.5882571731565],[-2.6032576327721384,53.588184882649664],[-2.6021495489492747,53.58854354965361],[-2.601886658559549,53.58877940770255],[-2.6016858620586354,53.58882865616863],[-2.600768797721018,53.58877886199365],[-2.59629502574577,53.588834381834],[-2.5960159270283647,53.58876049504063],[-2.5958138348788187,53.58835421892463],[-2.5955215653652144,53.58831887599789],[-2.595420334512093,53.58806854930041],[-2.5923412291131114,53.58731363955162],[-2.5912514255695083,53.586924395754245],[-2.5903413730443887,53.58676147306329],[-2.5888174560919692,53.58634849848082],[-2.5846107215860243,53.58483211693978],[-2.5832736409577266,53.583956935886675],[-2.582185496991599,53.5828179047454],[-2.5810151278761007,53.582389339116794],[-2.580721460470246,53.58234947270375],[-2.580015726232157,53.58199982358533],[-2.5781900539710296,53.58134886045415],[-2.5775640053773112,53.5808521835537],[-2.5777849893185305,53.580789886991234],[-2.577965593555041,53.57998118017115],[-2.577757847354871,53.57990746329456],[-2.577650078532172,53.579757706523154],[-2.577714545086781,53.579397022404926],[-2.5785376756330676,53.57860207106746],[-2.578912377399229,53.57852834137781],[-2.5790841027116964,53.5783848187419],[-2.579135831033818,53.57795733055148],[-2.578619011256066,53.57771461916366],[-2.5785508339276393,53.577491083362986],[-2.5778087644417904,53.577343557823745],[-2.5776231879998197,53.57712148752616],[-2.576981018589794,53.57721019338553],[-2.575062253658551,53.57670625083959],[-2.5748723067108465,53.5765147489553],[-2.574983670332829,53.57637660078992],[-2.5745827468450937,53.57621868672537],[-2.574409781153156,53.575923744625364],[-2.57452301541568,53.57572030946167],[-2.574320246743617,53.57555002254065],[-2.574335278698903,53.57544125333267],[-2.5739549825776877,53.574924564000334],[-2.5734564651382548,53.574460402518376],[-2.573321973335193,53.57421751501054],[-2.5726513416758263,53.57401182845006],[-2.572224760342123,53.5740589744461],[-2.5721431219603588,53.57370014265644],[-2.57195244288589,53.57369291131924],[-2.5717508819507273,53.57351495161964],[-2.5714060965789827,53.57346094333314],[-2.5709814016951333,53.573215817231414],[-2.570988111473754,53.57304922965692],[-2.5704279241021757,53.572942361295695],[-2.570399792128986,53.57277985890699],[-2.5695882918408026,53.5723739087865],[-2.5693750068019976,53.57237408862189],[-2.5689100167706975,53.572151582145395],[-2.5686088439049173,53.57210891743047],[-2.568512511901681,53.5719995458821],[-2.568606839251439,53.57171428109458],[-2.568544932071493,53.57160222011799],[-2.567853741165879,53.57150664078881],[-2.567265107762808,53.57131785536068],[-2.5657332954432026,53.57003896734854],[-2.565786667258354,53.56972857808241],[-2.5657045492034927,53.56958241926744],[-2.565703024909665,53.56865850579174],[-2.5659964681395397,53.56858351986695],[-2.5663052723517032,53.56831689902723],[-2.5665850901917806,53.567893962080305],[-2.566897195225862,53.56776748963642],[-2.566995162849592,53.567614221772764],[-2.5671986830788054,53.567589095618374],[-2.567239620648009,53.56740435990529],[-2.5671679505831704,53.567232238819],[-2.567379000451402,53.56710089627226],[-2.5674295640060487,53.567035229522425],[-2.567357464530683,53.566923517345785],[-2.567645350377815,53.56669516156993],[-2.5677715972944926,53.56629203309474],[-2.567878144327385,53.566251034212726],[-2.5678315398010327,53.565800764157046],[-2.5680647678641986,53.565636183647975],[-2.5677888034952847,53.56552699059185],[-2.5677616475102227,53.565443518099194],[-2.5684423832349155,53.56487289764818],[-2.568471661183506,53.56469860747746],[-2.5683533785845434,53.56463990002481],[-2.568146800652577,53.56467538571239],[-2.567951561049347,53.56449974710101],[-2.5674403589811208,53.56456588429548],[-2.5668604584756762,53.56445710644666],[-2.5658121565363614,53.56396855266845],[-2.5652648892443186,53.56390120216795],[-2.5648436688164575,53.56369730365853],[-2.5644354409731913,53.56365356123088],[-2.5643913486209184,53.563495509952844],[-2.56395200959857,53.5631695050101],[-2.5633899572295573,53.563231424476584],[-2.563231750948358,53.56314763358481],[-2.5633075185991965,53.56306297408768],[-2.5632373020427823,53.562998453301354],[-2.5628502822371457,53.563085621034844],[-2.5625595909981174,53.56266373256884],[-2.5617664806615608,53.56251998829065],[-2.561390551402071,53.56217121389877],[-2.5602706112961062,53.56220790870137],[-2.560025907801467,53.56204421167248],[-2.5599848857740968,53.561727529913064],[-2.559624295491626,53.56128794882805],[-2.559604564650211,53.56113824884673],[-2.5596789266897497,53.561066910084556],[-2.560169757730199,53.56108034122736],[-2.5614328389948557,53.56080475460439],[-2.5623773771188656,53.56041550242162],[-2.563148095953747,53.56026188460315],[-2.563220035421388,53.5602076150865],[-2.5630815017805806,53.56000602765566],[-2.563193808783608,53.55993808536722],[-2.5633797440631576,53.55952392976362],[-2.5628870897402867,53.55936511436876],[-2.5626159408511398,53.558947583104086],[-2.562510495243402,53.55828910946473],[-2.5625691371850587,53.55805092739279],[-2.5622865470827256,53.5579597926259],[-2.562175079379864,53.55782610135154],[-2.562284929089856,53.55750155132231],[-2.561905103006785,53.55738414128443],[-2.5614813610740335,53.55695298786084],[-2.561265264710856,53.556593619770695],[-2.5607733854391506,53.55649705501143],[-2.5601896065318854,53.5561925037648],[-2.559827195655719,53.55561163312256],[-2.5598568181885892,53.55546121655662],[-2.560134420109163,53.55519307621526],[-2.561194771195441,53.5547603163275],[-2.5610307338375984,53.554484125130486],[-2.5611172386440972,53.5540710863897],[-2.561009858744477,53.55394125779685],[-2.561051087943602,53.553633776159934],[-2.5612211225103483,53.5534784306528],[-2.5610491015872756,53.55337761462909],[-2.5610491636415396,53.55327509206305],[-2.5626463741534278,53.55281648233791],[-2.5626515238157865,53.55263584413009],[-2.5624969133661093,53.55225342987621],[-2.562566371715984,53.55190621165113],[-2.5628773813526955,53.5518131733606],[-2.5636964590310325,53.55175987759736],[-2.563757545762886,53.55171011709357],[-2.5636054875871768,53.55151678229696],[-2.5638763324022165,53.55124022468446],[-2.566945869326297,53.55073864974403],[-2.5669666326817007,53.55049221359531],[-2.56662214222783,53.55023233666006],[-2.5666120106685204,53.550145070794535],[-2.5669609977775174,53.549964725662996],[-2.567729423427116,53.55007792888092],[-2.568027082398487,53.54997483749032],[-2.5682118737081394,53.54975684307823],[-2.5680339370336847,53.549498470482746],[-2.56781235816607,53.549614575403],[-2.5677879588693986,53.54916532221016],[-2.568203944055067,53.548777695850355],[-2.5687328063263393,53.54857742586017],[-2.56905268637307,53.54812928491303],[-2.569539296192997,53.54795059598222],[-2.5696041858409577,53.547839369181034],[-2.5693322857938323,53.547601885875586],[-2.5688717184406147,53.547822578984224],[-2.5676100908618658,53.548031166886325],[-2.5665435301468422,53.54738421216811],[-2.5658086572199528,53.54741549391478],[-2.5648796982529922,53.54724742547577],[-2.5638839535975073,53.54727375272987],[-2.563098008827206,53.54740049145846],[-2.5596206108380057,53.54635898679744],[-2.5589865938161513,53.545881915411165],[-2.5580211546334604,53.54446170978232],[-2.5585374193614374,53.544219180897],[-2.5585625318588536,53.544051977003605],[-2.5593678000346785,53.54378300694213],[-2.5593773298838087,53.543718362251404],[-2.5591107657612544,53.54351238476017],[-2.55953044397809,53.543067716694594],[-2.5593986542948324,53.54268992806015],[-2.559140935655341,53.5426004042406],[-2.5591517146744334,53.54238098130461],[-2.55944274668437,53.542136086085684],[-2.5604366865076518,53.54166121651999],[-2.560452946412808,53.541393454700916],[-2.5608013202817146,53.541134804536384],[-2.5607037245065545,53.540847613361734],[-2.5613577862833883,53.54067377163573],[-2.561687811503668,53.54041942958164],[-2.5617171038769935,53.540210031341005],[-2.5615677855221306,53.539759349861825],[-2.561812374480696,53.5395705482122],[-2.5617157664139674,53.53943337973348],[-2.5619341848308523,53.539189664378455],[-2.561769037134091,53.53889831526049],[-2.5611309369707063,53.53856789400391],[-2.561075033624838,53.53833530102589],[-2.560452684455522,53.53805508373657],[-2.559937083568447,53.53796592556233],[-2.5596188968661857,53.538008708703956],[-2.558714502766,53.53793653740702],[-2.5580725245150635,53.53802407299882],[-2.557992298008476,53.53809524973449],[-2.5570809279070428,53.537992753568],[-2.5568919361382187,53.53807172606681],[-2.5568102481235377,53.53803919532746],[-2.556848073173207,53.53785451724379],[-2.5567900851263756,53.53777160804668],[-2.5564688441378003,53.53791639821592],[-2.5561524412533907,53.5377364115043],[-2.555800161631853,53.537662474987435],[-2.5553839957341027,53.53734983080695],[-2.554974589106302,53.5374138067499],[-2.554486253045356,53.53735315376227],[-2.5545821979694905,53.537068987514395],[-2.554443321114865,53.536953365882475],[-2.554104726423608,53.53691448785422],[-2.554086200897695,53.536804986270944],[-2.553904599467744,53.53671851392848],[-2.5537934145843293,53.53640078323111],[-2.553576700147242,53.53634167218768],[-2.5537013171492178,53.536172003819395],[-2.5520812652708824,53.53607075495236],[-2.5514548618114388,53.53583014881744],[-2.551402052855109,53.53561186468099],[-2.5509682241226814,53.53553485653205],[-2.550979118766314,53.535430396204276],[-2.5511491596465414,53.53534273416581],[-2.551059627579678,53.535238732363304],[-2.5505539666516683,53.53511494527194],[-2.550541289665147,53.535299546016354],[-2.550426696831645,53.535440204073296],[-2.55033493314351,53.5353978279948],[-2.5503052551996075,53.53513322263069],[-2.5499952707274067,53.53486163349645],[-2.549597791657514,53.53478875860041],[-2.5494409141083643,53.5349405131614],[-2.5493007070395715,53.53493027253975],[-2.5492758654641747,53.53465005417927],[-2.549094159787841,53.53448994143937],[-2.5484406083890465,53.53444884455644],[-2.5479007950234114,53.53412324094408],[-2.547532398273578,53.53422207651438],[-2.5474726417082545,53.53415581755232],[-2.547515208972716,53.534060389688776],[-2.5471059133684046,53.53391031370594],[-2.546283970468776,53.533821375038336],[-2.5459076931976257,53.53352479371377],[-2.545522856006841,53.533406887209075],[-2.54519921898332,53.533464263201736],[-2.5449959543710277,53.53338598376519],[-2.5449979713864486,53.533322201344795],[-2.5453325652840304,53.53316423082864],[-2.5452629924574324,53.53299118752629],[-2.544458199679264,53.53288144865556],[-2.543633936756275,53.53247170372155],[-2.543509735152997,53.532308076098786],[-2.543586494749167,53.5320800759132],[-2.5432096129584485,53.531955114783656],[-2.543368684548799,53.53179002846144],[-2.54321739219351,53.53163772331961],[-2.542984454754087,53.531601093091965],[-2.5429242278428035,53.53118634447507],[-2.5424791321879097,53.53101829182477],[-2.542549059842685,53.53058905329448],[-2.54249054263105,53.530531399860934],[-2.541602134753536,53.53049363881106],[-2.5415216787089046,53.530690904936826],[-2.5413994059349627,53.5306779761492],[-2.5412458429661124,53.53035508649155],[-2.5408283285863478,53.53014743709399],[-2.540859354846446,53.5299919578336],[-2.5406394645906145,53.529644091905546],[-2.5402622043689127,53.529635119513614],[-2.5401483913466056,53.52958254797849],[-2.540150794421944,53.52943595302359],[-2.5398160528497034,53.529417888469936],[-2.5398994278352696,53.529304351430596],[-2.539879111125341,53.52905625784215],[-2.539320300712834,53.528894174744735],[-2.539154599651221,53.5286530783475],[-2.538549295911959,53.52858425010769],[-2.538761329423939,53.52834839858069],[-2.5386240856010733,53.52823216694382],[-2.538474954426109,53.52818837742259],[-2.5382303485487476,53.52843713877521],[-2.5379084782743027,53.528194941643854],[-2.5376996111122194,53.52813218015571],[-2.5375147966826637,53.528191373671284],[-2.5372543341995675,53.52809730286805],[-2.537277796320596,53.52782840592884],[-2.5371957845704776,53.52779197574465],[-2.5366730511812614,53.527834772302484],[-2.536336981515522,53.52773199657372],[-2.536265667252712,53.52760374537814],[-2.5363437499094315,53.52744160237579],[-2.536723572443208,53.52718427390303],[-2.5361704323443663,53.52696960399174],[-2.5362593623887726,53.5265080240594],[-2.5360656270843385,53.526435007875605],[-2.5359594396960166,53.526275668929806],[-2.5357531490570655,53.52614359130503],[-2.53538652867744,53.52629986304057],[-2.535286134960351,53.5261140804004],[-2.535135833609439,53.526044814113526],[-2.535436101031627,53.525819602153746],[-2.5352956679455,53.52567278418024],[-2.5348874136448987,53.52548414611113],[-2.535103902627516,53.525419412722],[-2.535156795132047,53.52531469377981],[-2.5346351668154576,53.524844288166975],[-2.534579087600756,53.52469369430981],[-2.5347020856998976,53.5244305185863],[-2.5349212202101192,53.524352290945195],[-2.534967010066624,53.52424180628516],[-2.534564672503417,53.524151654393044],[-2.534258579067746,53.52428615155067],[-2.5339409349910222,53.52410219263069],[-2.534034251538348,53.52395177587565],[-2.5337943819309903,53.52373177573534],[-2.533830566316337,53.52323641156215],[-2.5337472983418996,53.52309915180086],[-2.532903928292715,53.52309027760671],[-2.532859678210155,53.52328288240237],[-2.532403954958659,53.52325256390685],[-2.532277467462122,53.52293773041235],[-2.5320619507955087,53.52304205765921],[-2.5320429936453883,53.52322275664881],[-2.5319574019958484,53.52327510008353],[-2.531361007736465,53.52334096024339],[-2.5312358331621807,53.523319602800434],[-2.5313566724186654,53.52299469819374],[-2.530182721106456,53.523199564152634],[-2.5289627144787934,53.52307576080608],[-2.5289809562688395,53.523334593299886],[-2.5287654472123955,53.52339433616752],[-2.5285298819835957,53.52333160040486],[-2.528243194075998,53.52370167431814],[-2.528701524300457,53.52390357826133],[-2.5283115338928734,53.52408056029568],[-2.52811644489298,53.5239331305916],[-2.527858231156359,53.52415734297309],[-2.5280356794745384,53.524336279257554],[-2.5279595841303992,53.52443352923774],[-2.527959015310326,53.52467394662333],[-2.527818271280021,53.52472446604256],[-2.5274934169001053,53.524646754045456],[-2.5274894114331485,53.524746211273396],[-2.5276876213008,53.52496617422003],[-2.52758102668854,53.52514980306145],[-2.527797362173831,53.52556680313364],[-2.5275592458540745,53.525593957014834],[-2.5270142692513,53.525442721375526],[-2.5266843837083246,53.525449514769775],[-2.526592168898558,53.52557316213932],[-2.5266249467162476,53.52567278981387],[-2.525389049172679,53.526364733207195],[-2.5248888488075605,53.526286034785265],[-2.5242351493101736,53.5263636251632],[-2.5234312327783326,53.52662332030394],[-2.523165976629468,53.52663263429025],[-2.52317062151606,53.526823403320385],[-2.5230420761519396,53.52687051726495],[-2.522840740852252,53.52680702276631],[-2.522883329362299,53.52695547884543],[-2.5227356182077383,53.52709629126473],[-2.5226038068755248,53.527150241269744],[-2.522360766644838,53.5270136722598],[-2.5217761675484134,53.52707998117925],[-2.521509694299619,53.52722986753189],[-2.5215047052388035,53.52732470870494],[-2.521346954377482,53.52737570543344],[-2.521208634774371,53.52754845596105],[-2.5210349493302795,53.52747877062373],[-2.521066325706874,53.52724655146337],[-2.520772500420091,53.52717586143672],[-2.5207393241821743,53.52729657736957],[-2.520560864877637,53.527237239899705],[-2.5203110126048918,53.527427930743386],[-2.5200929624721193,53.52748364659487],[-2.5201181882186594,53.527695610827465],[-2.5199294126502307,53.52767958781626],[-2.519639355276312,53.52793883642057],[-2.5194617995303665,53.527913352957434],[-2.519437366941142,53.52776345953779],[-2.5184575791319563,53.5280542573529],[-2.5186436040950047,53.52823515216512],[-2.5184326953137024,53.52825853840454],[-2.518340146457368,53.52846967450928],[-2.5180985676847008,53.52845970212878],[-2.5179714320363096,53.52854901433144],[-2.5178154473939705,53.52847968805151],[-2.5177258742176263,53.52832176218409],[-2.5163492127676217,53.52885461284501],[-2.515853375561735,53.529173040217096],[-2.5157560719441237,53.52935041612147],[-2.5156509431788385,53.53000984123051],[-2.5153501691380904,53.53020439054966],[-2.515573176393961,53.5305514792354],[-2.515586075986558,53.53072386820082],[-2.515388100933194,53.53096055243679],[-2.51539610778302,53.531114840864106],[-2.5154582770154286,53.53126371835378],[-2.5156100567250648,53.53134031053162],[-2.5160181523705796,53.5321385226057],[-2.516047917568403,53.53237658837313],[-2.5158518389485423,53.53261393924813],[-2.5160142980484768,53.53294665599583],[-2.5159230456020096,53.53315827878928],[-2.5161523279722253,53.5334016671585],[-2.516024135234281,53.53362206047801],[-2.5161503173608772,53.53385642906735],[-2.516110225182901,53.53393289175849],[-2.5159722375979547,53.53394540172752],[-2.516010332932356,53.53424803153868],[-2.5157673534884983,53.5344667718097],[-2.5152822154893975,53.534422196212276],[-2.5155289323855077,53.53477898537423],[-2.5152362846190037,53.534995732087765],[-2.5155250255441675,53.535399812611566],[-2.515744354607754,53.53556707642542],[-2.515531224180218,53.53578819513003],[-2.514764048135933,53.53586683389091],[-2.5130629987004753,53.53630389487425],[-2.5128566854386545,53.53620677017177],[-2.5110736492246595,53.534735806404015],[-2.5109225642084816,53.534718475423944],[-2.5101801683837435,53.534075376509264],[-2.509720267436392,53.534362335744206],[-2.5095371413941447,53.534310075682306],[-2.5092645962228883,53.53462133903812],[-2.5092626369529487,53.53481631600486],[-2.508965970955272,53.53500012623181],[-2.509187389598165,53.53533877602284],[-2.5091144868825626,53.53566828876493],[-2.5085612553385053,53.535968952825584],[-2.5081096724716203,53.53641131664591],[-2.5079861133893497,53.536713557263575],[-2.5077565765192054,53.53669228615967],[-2.507559018401671,53.53692878450769],[-2.507712376101009,53.53729301942043],[-2.50770266517834,53.53746749057398],[-2.5071889068146516,53.53791741346175],[-2.507011938405599,53.53877262434732],[-2.5059711719363094,53.53868546919324],[-2.505867346577483,53.53895639805671],[-2.5052437087360038,53.538892701042236],[-2.505246101874072,53.53861858816787],[-2.5040965585131354,53.53862344179485],[-2.503350780901014,53.538471839589434],[-2.503080632827472,53.53832464954477],[-2.502956027505931,53.53799625062628],[-2.502180137772208,53.537856533718774],[-2.5015520999720935,53.53781956761611],[-2.500441886352197,53.538117469242565],[-2.49913262862966,53.53801227800651],[-2.4980697964079055,53.537448749556084],[-2.497118609176291,53.53715496709315],[-2.4963985414164163,53.53710014608193],[-2.496481245399391,53.536687349639124],[-2.4935453538154206,53.53609144924153],[-2.493423912961973,53.53615009691792],[-2.49307494262762,53.53610490498542],[-2.493033472435613,53.53602502493668],[-2.492347693515451,53.53596689216499],[-2.491271456142228,53.535657569883774],[-2.490164129768665,53.535555099738744],[-2.4901723988997615,53.53525226298267],[-2.489755869301105,53.53494640376647],[-2.489742264388517,53.53458607663928],[-2.4888723122336747,53.53449806383647],[-2.487699734982704,53.534211565604465],[-2.4843787848773937,53.53364897399896],[-2.482281259036655,53.533419213036616],[-2.481153028093476,53.53336538489572],[-2.4790363624624265,53.53351208476862],[-2.4783920740546743,53.53348882360581],[-2.474164757091711,53.53242790094603],[-2.4739893512205584,53.532375969365376],[-2.474020879575357,53.532124563305935],[-2.4731281353610006,53.53188735421067],[-2.4730822245064483,53.53195749303267],[-2.4722800575035766,53.531695569340876],[-2.471584468268675,53.53170891342285],[-2.470992370958503,53.53192529913306],[-2.47088350863107,53.53188611601444],[-2.4698413090666174,53.5320711101686],[-2.4694561166984075,53.53203021634733],[-2.4682773059177494,53.53171575112932],[-2.4678190192368463,53.531456880983434],[-2.466427289124103,53.53098424317596],[-2.466066731943653,53.53069352530201],[-2.4646277198567454,53.530720754605746],[-2.4642043907728692,53.530637009400564],[-2.4615484894229396,53.530699267037555],[-2.4610138969190944,53.53052717930196],[-2.458834469317726,53.530140857007616],[-2.4588153911727892,53.530074415764815],[-2.4559945171658444,53.529389452673975],[-2.4550446099960257,53.52939307332216],[-2.4514981795521793,53.52873856597438],[-2.451115596448456,53.52863491786998],[-2.4510556846437206,53.52840148941199],[-2.4511461595531823,53.528264640398284],[-2.4514623998390674,53.528212877168485],[-2.4522275219101233,53.52750635983853],[-2.452862128011183,53.527337643506044],[-2.4528877432974667,53.52717662628024],[-2.453046007740477,53.527037577362904],[-2.453802772156607,53.52669507759982],[-2.4541784511749047,53.52603636116884],[-2.4515483329735956,53.52565646307039],[-2.44639175683,53.52470845448922],[-2.4387799642796804,53.523520688565284],[-2.4318019399016593,53.52227338805689],[-2.4312918121184555,53.522120467250275],[-2.427144436368952,53.52155925880063],[-2.4267373651313355,53.52129386423416],[-2.425418672958765,53.52087151170653],[-2.4228316364537736,53.520419582256075],[-2.4215869422272935,53.51995376761695],[-2.4183502168639146,53.518120831084886],[-2.4163829357943567,53.516193217688645],[-2.415895622584375,53.51599913743768],[-2.414583275640036,53.51490536337185],[-2.4145972538648675,53.514648919280575],[-2.4147605216449746,53.51438263601922],[-2.4157648348977045,53.513422711174584],[-2.4156760129057853,53.51268034913762],[-2.4153016535958054,53.51196540584716],[-2.418950872576355,53.512031854169706],[-2.41945393973074,53.51211882320241],[-2.418715635128735,53.51034733379651],[-2.4222419278397287,53.50908890729861],[-2.4218705641000495,53.50856271319879],[-2.421324764468591,53.50826072121978],[-2.422173535896766,53.50751982606075],[-2.421729398136967,53.507255389971206],[-2.421457912471618,53.506959728595135],[-2.421315636249078,53.50691080282682],[-2.4208401767204637,53.50700514961819],[-2.4205076763585334,53.50673426646541],[-2.425942723780327,53.505798639153596],[-2.4304719316385333,53.504771212044126],[-2.4301238729870405,53.5018009209212],[-2.4309747169696356,53.501707969855886],[-2.4331056906322344,53.50107107012736],[-2.433107671670093,53.49964806973748],[-2.432703625834388,53.49920095470982],[-2.4324239819935576,53.49866462681191],[-2.431874607207169,53.49828460358912],[-2.4317173296426264,53.49810624731733],[-2.4317094878013226,53.49796653171262],[-2.4326008225021076,53.49766542005696],[-2.4336230155103715,53.49710696288466],[-2.4340848290781225,53.49656708219146],[-2.4342831448597595,53.49647733047082],[-2.434504687242989,53.49621501387648],[-2.434878815304582,53.49563282548674],[-2.435037869077583,53.49510552997],[-2.4352954196450747,53.494820609473514],[-2.4354489830857333,53.49449814505479],[-2.4356785127540888,53.49437259288124],[-2.4362266970396105,53.4937664040336],[-2.436786128323584,53.49361351502501],[-2.4370224414443658,53.49331597660094],[-2.4378612766327166,53.49289768602265],[-2.438497848772956,53.492342594681155],[-2.438288324658551,53.491840659594025],[-2.436734804266524,53.490997790478716],[-2.4363465552912515,53.49062279806678],[-2.436275743242661,53.49033177551037],[-2.4359847950224665,53.489885093788324],[-2.4361141786579976,53.4892295847691],[-2.4359797797359897,53.489076147344164],[-2.4359756315187373,53.48880847602464],[-2.435672990813589,53.488278413868265],[-2.4357084702353275,53.48718955243035],[-2.4363377068361847,53.48682603470286],[-2.436554726614929,53.48649632552624],[-2.4365287044576545,53.486027328670694],[-2.4364150367719906,53.48582482856307],[-2.4366436208675095,53.485614273452036],[-2.4365831453563507,53.48545888553171],[-2.4367305595480167,53.484863415548766],[-2.4370425039641095,53.484285886728244],[-2.43723463597695,53.484194462607675],[-2.437872035953609,53.483486529988916],[-2.438107402160591,53.48300681770394],[-2.438511491469797,53.48247747127395],[-2.4385810177841516,53.48204941691237],[-2.434522311295011,53.46505178553002],[-2.4650735063037796,53.46237751821723],[-2.465124416261646,53.46221643391706],[-2.476746654137541,53.46239075087005],[-2.4791603153589765,53.46176369436462],[-2.4794615551359636,53.461764166205974],[-2.479735286151868,53.46187092959218],[-2.4809681672109805,53.46180305083431],[-2.4827267467115472,53.4612324898548],[-2.482840270584434,53.46115730905399],[-2.4829404855697197,53.460822646359944],[-2.4835196979851926,53.460631542967676],[-2.4845012830414173,53.460716902025844],[-2.4867158954839783,53.460385701996294],[-2.4880315609567654,53.46072751587096],[-2.4887322094991613,53.460598532127094],[-2.488724019743261,53.46041008452301],[-2.4897312709771957,53.46012621629321],[-2.489690290737958,53.4613900860175],[-2.4898634364796317,53.4622020045612],[-2.4902646722108526,53.462752309493816],[-2.491067975390624,53.463349552639784],[-2.4914257387858725,53.46404469417875],[-2.492148559901564,53.46467990521169],[-2.492271570398036,53.46513865947676],[-2.492091834092732,53.466041626275015],[-2.491163551566198,53.46732085552612],[-2.491125563169998,53.46752191484267],[-2.491203555148803,53.468159560948415],[-2.491077470710057,53.46896188497161],[-2.491166061753909,53.46919255334144],[-2.491601865777371,53.4696713780189],[-2.4916785534716936,53.46987020361708],[-2.491670021317021,53.47015113083677],[-2.4912978370124392,53.4710641548685],[-2.4912859785757213,53.47150465134062],[-2.4914010143545195,53.47211843725072],[-2.490439917753151,53.473131962667104],[-2.490168540518259,53.47376985189803],[-2.4892134483636736,53.475339741929915],[-2.489142722347091,53.47581999253418],[-2.489315249372696,53.47608424998758],[-2.490472344942279,53.477209534096666],[-2.4914691360197967,53.47840897032424],[-2.4927437288413072,53.47936108350202],[-2.493962738930394,53.4800428266093],[-2.495636956737295,53.48055558153291],[-2.496335785696527,53.4809138660705],[-2.4992749378826287,53.48033983405738],[-2.499936377349954,53.480086233533974],[-2.500328704646784,53.480027001347715],[-2.500764592337386,53.48010968502404],[-2.5027059144693524,53.47971141936958],[-2.5181914432685906,53.47586836658031],[-2.5300623380788947,53.47305033791888],[-2.5412630617000818,53.470260554798784],[-2.5494225225419136,53.468358999381394],[-2.5504850811018787,53.4680457089753],[-2.5526388549984484,53.467797565904945],[-2.5490758887005374,53.461470260093044],[-2.5585803014964754,53.46013944684208],[-2.559578730417168,53.459931576953906],[-2.5703897702437954,53.45845951691117],[-2.570341321311988,53.457619314349465],[-2.5705521833035485,53.45670764517975],[-2.5712595943583585,53.45534586108955],[-2.5737480412658926,53.45118231918779],[-2.5740355533289985,53.4503792702833],[-2.5746241801320284,53.44799317144192],[-2.576742945955448,53.44604090358861],[-2.5789319376275675,53.447458773654304],[-2.582517957644579,53.44819272051123],[-2.583318951807097,53.44885565823621],[-2.583701993592175,53.44944085120599],[-2.5839093211122663,53.45172463589402],[-2.584735693191731,53.45215954253049],[-2.5831499288904007,53.45331202312965],[-2.584575866345377,53.45420672634905],[-2.5867046757624443,53.45515076974061],[-2.5883568852987517,53.45548336387858],[-2.5886605769149877,53.45610488591272],[-2.591810547843429,53.455742411830414],[-2.593057630227967,53.4557395963252],[-2.594741753641913,53.45599385973838],[-2.5962653508550275,53.45651294149965],[-2.5973850121587603,53.457083489348406],[-2.598278060223646,53.45770650507463],[-2.5992334626249236,53.45884326892935],[-2.59945272728318,53.45930677189701],[-2.5995304453250987,53.45981251242386],[-2.599488394779706,53.46035116813114],[-2.5992134348975493,53.46050509360678],[-2.599143815913934,53.46063089686893],[-2.599298440838008,53.4610855738419],[-2.60006416273964,53.46101238209185],[-2.6008514374390748,53.46120167019586],[-2.6012198347853275,53.46105712216941],[-2.602801118992004,53.4610455024353],[-2.603494628441627,53.46089368818972],[-2.6039216930326226,53.460938998374495],[-2.604513814702604,53.46117167524007],[-2.605409175395378,53.461214608973854],[-2.606147125074247,53.46144119925696],[-2.606824437616479,53.461506864387424],[-2.608528484770289,53.46122320589942],[-2.609102222711083,53.46099357955972],[-2.6091168718080673,53.46129295146551],[-2.610231322912521,53.46158023749671],[-2.6105406587171047,53.46161994132854],[-2.611244206554698,53.461546402471434],[-2.6126466938913375,53.461667583124246],[-2.613263423160843,53.461808226886475],[-2.6136214644401212,53.46199347694828],[-2.6137671356363836,53.46217250071806],[-2.6136613787433,53.46247584351288],[-2.6136957701828227,53.46264112018888],[-2.6142610694309956,53.462898910970615],[-2.6150348979928886,53.463488986111116],[-2.615317334890756,53.463554667359936],[-2.615469190492545,53.463737594188494],[-2.615498441369929,53.46409979233448],[-2.6153939574031058,53.46458740551393],[-2.6151312461870697,53.464831082700854],[-2.6151578317868296,53.465023724480154],[-2.6163880186209254,53.46581736857064],[-2.616807589424615,53.46628261026413],[-2.6167708984588622,53.466575774407524],[-2.61644891604843,53.46667349782877],[-2.616092325585527,53.467241898505236],[-2.61593753992622,53.467573315678976],[-2.6159616252608258,53.46787065139243],[-2.6158885502604075,53.46805895296763],[-2.6151128865968167,53.46784019432981],[-2.614913046923958,53.46808391560088],[-2.6147789857866464,53.46809078983684],[-2.614487701906278,53.46857939011559],[-2.6148941593371955,53.468665467636065],[-2.6148875510177305,53.46882729651285],[-2.6144724044800767,53.46961312214626],[-2.614431215247206,53.4700862962541],[-2.6145493600805056,53.47034529724194],[-2.612250315128713,53.470230418080746],[-2.6112227974459197,53.469920755770374],[-2.6106651999322343,53.47052448657663],[-2.6089780765312813,53.47030546359218],[-2.6086222443694127,53.47040541469204],[-2.608308986487483,53.470373375079795],[-2.6078646015652915,53.47081231327868],[-2.610324368345587,53.47321550870265],[-2.610937350229766,53.47403314168734],[-2.6115099234816057,53.474265614201755],[-2.6118728985116233,53.47498478447706],[-2.6120514818757528,53.47672738663933],[-2.60913534324334,53.476058314527],[-2.609348335463572,53.47669373719908],[-2.612171484014448,53.47730237853727],[-2.6122252607819423,53.4776920135438],[-2.6131884725151115,53.47815720424235],[-2.6128624649819243,53.47840774424479],[-2.612240373127551,53.4784334685351],[-2.6123105888379947,53.47899315155757],[-2.6121392484930044,53.4811223558026],[-2.6127270243056,53.481259789151274],[-2.613415055438922,53.48129586194934],[-2.6139674929325674,53.4811708422096],[-2.6144055938259854,53.481345548089905],[-2.614856918286865,53.481328889258904],[-2.615684698033924,53.481551039406256],[-2.6159181890618357,53.48174027696293],[-2.6177280682636876,53.48178272430795]]]}}]}