lsoa21cd,mean_delay,vehicle_count
E01005113,8.45,4
E01005114,8.84,3
E01005114,7.78,4
E01005113,11.26,2
E01005111,7.63,4
E01005116,7.95,4
E01005113,9.22,1
E01005111,8.5,1
E01005114,8.71,1
E01006089,9.88,3
E01006152,7.43,2
E01006160,9.74,3
E01006150,9.65,3
E01006147,9.38,3
E01006147,5.72,3
E01006150,4.99,3
E01006160,9.54,3
E01006091,5.77,3
E01006097,8.41,1
E01006160,4.97,4
E01006091,9.7,4
E01006089,9.2,3
E01006204,8.63,4
E01006204,8.28,3
E01006080,1.78,3
E01006078,9.05,3
E01006080,0.59,2
E01006080,8.09,3
E01006080,0.56,1
E01006160,5.94,3
E01006204,8.25,3
E01006204,8.43,4
E01006164,6.76,4
E01006161,5.78,2
E01006160,5.62,3
E01006204,8,3
E01006204,8.12,4
E01006097,14.27,2
E01006097,8.25,4
E01006097,8.26,4
E01006097,7.83,4
E01006097,14.66,2
E01006097,15.14,2
E01006098,14.66,2
E01006099,11.39,3
E01006174,11.03,3
E01006160,5.26,2
E01006160,4.57,2
E01006160,9.45,3
E01006160,5.45,4
E01006161,4.67,4
E01006178,10.55,3
E01006174,6.6,4
E01006174,7.17,4
E01006099,6.78,4
E01006098,7.24,4
E01006097,6.75,4
E01006097,7.23,4
E01006161,5.1,2
E01006161,6.58,4
E01006091,5.51,3
E01006091,4.97,3
E01006091,8.58,4
E01006089,4.43,3
E01006089,4.68,3
E01006096,10.56,4
E01006089,9.47,3
E01006190,8.46,4
E01006190,8.1,4
E01006195,7.62,4
E01006096,8.98,4
E01006090,6.8,3
E01006096,6.37,3
E01006093,7.14,3
E01006190,7.07,3
E01006190,7.2,3
E01006210,7.79,1
E01006097,7.73,1
E01006097,8.39,1
E01005114,7.27,4
E01006148,9.18,3
E01006152,3.13,2
E01006152,7.77,3
E01006152,6.27,3
E01006096,10.89,4
E01006096,5.42,3
E01006089,5.3,3
E01006152,4.41,3
E01006148,5.82,3
E01005840,-0.78,1
E01005807,-0.72,1
E01005807,-0.3,1
E01005807,0.16,1
E01005815,-0.34,1
E01005838,-0.68,1
E01005797,-6.19,1
E01005831,-1.91,1
E01033948,-11.02,1
E01033948,-9.2,1
E01005766,-6.86,1
E01005874,-8.27,1
E01033948,-9.84,1
E01005825,-2.87,1
E01005798,-3.34,1
E01005825,-3.97,1
E01005825,-4.38,1
E01005838,-2.17,1
E01005801,-2.93,1
E01005801,-3.42,1
E01005831,-2.41,1
E01005801,-2.73,1
E01005840,-3.07,1
E01005840,-4.51,1
E01005840,-2.49,1
E01005838,-7.02,1
E01005836,-1.62,1
E01005822,-9.33,1
E01006089,5.38,1
E01006075,1.76,1
E01006077,0.93,1
E01006085,1.52,1
E01006080,4.17,1
E01006075,2.93,1
E01006079,5.8,1
E01006079,0.69,1
E01006079,0.31,1
E01006075,-5.78,1
E01006079,1.22,1
E01005981,2.75,5
E01005981,-0.68,5
E01005981,-3.2,5
E01005981,1.49,4
E01005979,0.17,5
E01005979,-0.32,5
E01005983,0.53,3
E01005982,1.01,8
E01005982,2.41,5
E01005982,0.56,5
E01005982,1.33,8
E01005982,1.87,5
E01005982,0.51,5
E01005982,2.29,5
E01005982,0.8,5
E01005982,1.52,8
E01005980,0.12,4
E01005975,1.48,2
E01005975,2.13,8
E01005974,1.34,5
E01005974,-2.52,2
E01005974,-0.05,9
E01005981,5.76,2
E01005981,2.7,10
E01005981,2.21,5
E01005981,-0.66,4
E01005981,-0.6,4
E01005977,1.91,5
E01005977,-0.37,5
E01005977,-2.24,4
E01005981,3.49,4
E01005983,0.42,4
E01005979,-0.02,4
E01005975,2.3,5
E01005975,-0.06,3
E01005975,-0.89,5
E01005981,4.09,4
E01005981,1.5,8
E01005976,1.55,5
E01005976,0.87,10
E01005757,0.58,6
E01005757,-0.37,5
E01033947,1.41,6
E01033947,-0.17,5
E01005757,1.32,6
E01005757,-0.62,5
E01005917,2.22,5
E01005917,-0.43,5
E01005753,1.37,6
E01005753,0.31,5
E01005753,2.08,8
E01005918,2.05,10
E01005744,2.69,7
E01005744,0.85,6
E01005744,-0.21,5
E01005744,2.64,7
E01005744,2.32,7
E01005744,1.64,6
E01005744,-0.23,5
E01005744,1.32,6
E01005744,-0.41,5
E01005744,2.39,7
E01005753,0.85,6
E01005753,-0.26,5
E01005753,2.73,8
E01005755,1.13,6
E01005755,-0.33,5
E01005755,1.72,8
E01005757,2.23,6
E01005757,0.54,5
E01005757,2.09,9
E01005757,2.77,9
E01005757,1.18,6
E01005757,0.38,5
E01005757,2.93,9
E01005757,0.93,6
E01005757,0.03,5
E01005757,3.23,9
E01033947,3.25,10
E01033947,1.15,6
E01033947,0.03,5
E01033947,2.85,10
E01033947,2.54,10
E01005822,4.3,1
E01005593,-3.88,1
E01005594,-4.82,1
E01005594,-4.68,1
E01005594,-1.83,1
E01005594,-4.78,1
E01005597,-2.51,1
E01005597,-3.61,1
E01005593,-3.02,1
E01005595,-2.6,1
E01006316,-4.3,1
E01006319,-3.66,1
E01006316,-2.01,1
E01006319,0.26,1
E01006229,0.58,1
E01006238,1.56,1
E01006230,1.2,1
E01006233,0.82,1
E01006233,0.18,1
E01006233,-1.5,1
E01006316,-3.09,1
E01006316,-2.94,1
E01006316,-1.74,1
E01006320,-1.34,1
E01006318,-1.78,1
E01006318,-1.6,1
E01006312,-1.48,1
E01006077,2.18,1
E01006085,-2.13,1
E01006086,-3.61,1
E01006085,-10.21,1
E01006085,-5.75,1
E01006085,-9.48,1
E01006085,-10.12,1
E01006077,-8.78,1
E01006088,-8.01,1
E01006088,-8.22,1
E01006083,-8.8,1
E01006083,-8.5,1
E01033658,4.66,20
E01033658,2.52,1
E01033658,1.1,29
E01033990,1.55,1
E01033990,2.3,29
E01033989,4.69,20
E01033989,2.46,1
E01033989,3.16,29
E01033991,6.18,20
E01033991,2.76,1
E01033991,4.17,28
E01032906,2.83,1
E01032906,3.86,29
E01032906,5.05,18
E01033991,5.43,18
E01033991,3.41,1
E01033991,4.21,29
E01033991,5.34,19
E01033991,3.99,1
E01033991,4.92,28
E01005682,2.12,1
E01005682,3.45,28
E01005610,6.34,21
E01005681,6.22,19
E01005680,0.22,1
E01005680,2.02,28
E01005212,-1.79,24
E01033653,-2.03,28
E01033662,4.47,12
E01005066,4.7,12
E01033662,-1.85,24
E01033677,3.38,13
E01033658,5.08,20
E01033658,4.95,20
E01033653,3.73,13
E01034115,0.13,1
E01034115,-0.35,21
E01005210,-0.65,24
E01033658,2.13,1
E01033658,0.44,29
E01033677,0.27,1
E01033677,-1.49,29
E01005212,3.37,13
E01005210,2.94,11
E01034115,1.85,12
E01034115,3.13,1
E01005714,4.54,16
E01005715,1.52,1
E01005715,4.53,30
E01005741,4.57,20
E01005740,1.34,1
E01005740,3.92,30
E01005694,0.55,1
E01005694,2.22,28
E01005694,6.96,14
E01005690,6.22,19
E01005690,2.26,1
E01005690,3.92,28
E01005687,5.22,20
E01005687,2.08,1
E01005687,4.77,30
E01005740,1.12,1
E01005740,3.81,30
E01005714,5.3,21
E01005717,4.25,15
E01005717,0.06,1
E01005717,3.82,29
E01006333,2.1,16
E01006333,6.72,9
E01006332,0.49,1
E01006332,2.79,28
E01006332,4.15,2
E01006332,0.41,1
E01006332,2.53,28
E01006332,3.79,2
E01006293,-1.86,1
E01006293,0.94,28
E01006293,2.3,2
E01006294,-1.87,1
E01006294,1.09,28
E01006294,0.8,2
E01006378,-0.94,1
E01006378,2.36,28
E01006378,0.94,1
E01006380,0.14,1
E01006380,3.05,28
E01006380,1.04,1
E01005716,-1.03,1
E01005716,2.81,29
E01005716,1.66,3
E01033658,8.17,14
E01033658,2.89,16
E01033990,3.8,16
E01033989,8.57,14
E01033989,4.57,16
E01033991,9.34,15
E01033991,4.74,16
E01032906,5.11,16
E01032906,8.65,14
E01033991,9.22,14
E01033991,5.17,16
E01033991,9.38,14
E01033991,5.3,16
E01005682,4.01,16
E01005610,9.81,15
E01005681,9.2,15
E01005680,2.59,16
E01005212,0.26,14
E01033653,-1.59,14
E01033662,5.2,10
E01005066,5.39,11
E01033662,-0.5,14
E01033677,4.49,8
E01033658,6.08,11
E01033658,8.81,13
E01033653,4.55,8
E01034115,1.56,14
E01005210,1.21,14
E01033658,2.27,16
E01033677,-0.05,16
E01005212,6.08,11
E01005210,7.08,12
E01034115,7.25,13
E01005714,8.92,12
E01005715,5.78,16
E01005741,7.86,13
E01005740,4.89,16
E01005694,2.91,16
E01005694,13.15,8
E01005690,10.67,11
E01005690,4.85,16
E01005687,8.2,14
E01005687,5.58,16
E01005740,4.87,16
E01005714,8.3,13
E01005717,8.01,8
E01005717,5.41,16
E01006294,1.13,4
E01006294,6.73,18
E01006294,-1.3,1
E01006378,7,18
E01006380,7.2,18
E01005716,4.99,18
E01005716,4.28,4
E01006244,9.24,1
E01006239,6.23,11
E01006244,6.58,12
E01006244,5.85,18
E01006292,5.89,12
E01006292,6.04,18
E01006293,5.8,11
E01006293,6.32,18
E01006294,7,18
E01004886,-0.94,1
E01004886,-1.77,1
E01004886,-0.29,1
E01004886,-0.07,1
E01004887,-0.09,1
E01004887,-0.23,1
E01004885,-3.85,1
E01004887,-0.98,1
E01004886,-0.59,1
E01004781,-2.04,1
E01004886,-2.21,1
E01004886,-1.62,1
E01004936,-16.27,1
E01004937,-19.27,1
E01004939,-19.56,1
E01004939,-19.81,1
E01004939,-18.57,1
E01004939,-18.08,1
E01004936,-17.27,1
E01004894,-14.82,1
E01004895,-16.52,1
E01004894,-15.6,1
E01004895,-15.08,1
E01006285,-17.51,1
E01006285,-17.27,1
E01004934,-18.33,1
E01006285,-17.39,1
E01006349,-17.92,1
E01006306,-16.24,1
E01006306,-16.93,1
E01006306,-17.53,1
E01006272,-19.1,1
E01006308,-19.09,1
E01006308,-20.36,1
E01006307,-18.41,1
E01006307,-19,1
E01006306,-18.47,1
E01006286,-16.99,1
E01006286,-16.38,1
E01006243,-19.4,1
E01006242,-19.81,1
E01006286,-16.98,1
E01006275,-15.93,1
E01006275,-16.46,1
E01006272,-16.5,1
E01006272,-15.76,1
E01006269,-15.2,1
E01006269,-14.21,1
E01006245,-19.06,1
E01006243,-19.31,1
E01006243,-18.82,1
E01006242,-18.17,1
E01004933,-17.55,1
E01006285,-16.7,1
E01006307,-17.93,1
E01006269,-21.27,1
E01006280,-19.96,1
E01006280,-19.17,1
E01006280,-19.53,1
E01006277,-18.9,1
E01006277,-18.59,1
E01006274,-18.04,1
E01006276,-19,1
E01006349,-15.65,1
E01006306,-16.07,1
E01006306,-16.52,1
E01006278,-19.74,1
E01006279,-19.05,1
E01006306,-17.16,1
E01006364,8.76,1
E01006365,5.24,1
E01006364,1.94,1
E01006272,-25.98,1
E01006272,-25.98,1
E01006308,-24.97,1
E01006308,-24.18,1
E01006307,-20.32,1
E01006307,-20.92,1
E01006306,-18.29,1
E01006365,3.63,1
E01006364,-1.07,1
E01006278,-19.55,1
E01006322,-20.85,1
E01006322,-20.48,1
E01006322,-20.15,1
E01006307,-18.75,1
E01006322,-15.07,1
E01006322,-15.61,1
E01006329,-16.19,1
E01006329,-15.8,1
E01006329,-15.91,1
E01006329,-16.43,1
E01006329,-15.9,1
E01006212,-15.48,1
E01006212,-15.28,1
E01006212,-14.51,1
E01006349,-11.39,1
E01006364,-1.13,1
E01006214,-15.87,1
E01006364,12.63,1
E01006365,8.95,1
E01006364,5.52,1
E01006310,-12.21,1
E01006212,-15.08,1
E01006284,-17.99,1
E01006365,7.28,1
E01006364,2.41,1
E01006364,-0.56,1
E01006334,-23.77,1
E01006334,-24.67,1
E01006328,-25.01,1
E01006334,-22.95,1
E01006336,-22.42,1
E01006283,-21.07,1
E01006282,-19.68,1
E01006282,-18.21,1
E01006322,-15.8,1
E01006322,-15.84,1
E01006284,-16.36,1
E01006219,-16.38,1
E01006215,-18.66,1
E01006213,-17.25,1
E01006213,-16.76,1
E01006217,-15.45,1
E01006217,-15.33,1
E01006310,-13.32,1
E01006220,6.76,1
E01006220,6.05,1
E01006220,6.36,1
E01006220,5.55,1
E01006215,5.1,1
E01006215,4.63,1
E01006215,4.98,1
E01006215,4.43,1
E01006215,3.78,1
E01006214,3.4,1
E01006221,6.36,1
E01006221,5.96,1
E01006221,7.07,1
E01006214,4.99,1
E01006219,3.47,1
E01006268,3.25,1
E01006268,1.85,1
E01006266,2.39,1
E01006266,1.97,1
E01006368,2.65,1
E01006368,2.26,1
E01006223,3.31,1
E01006268,3.02,1
E01006268,3.18,1
E01006265,3.19,1
E01006223,2.73,1
E01006368,1.75,1
E01006368,2.22,1
E01006364,-6.39,1
E01006362,-1.17,1
E01006345,-0.99,1
E01006348,-1.06,1
E01006362,-2.7,1
E01006362,-2.48,1
E01006364,-1.86,1
E01006365,-2.88,1
E01006364,-3.25,1
E01006362,-7.6,1
E01006365,-2.82,1
E01006364,-4.75,1
E01006364,-5.54,1
E01006348,0.27,1
E01006348,-0.39,1
E01006345,0.58,1
E01006345,-0.24,1
E01006340,-0.85,1
E01006342,-0.75,1
E01006342,-0.85,1
E01006340,-1.81,1
E01006340,-1.02,1
E01006268,-8.23,1
E01006268,-8.22,1
E01006266,-8.67,1
E01006266,-8.12,1
E01006368,-8.5,1
E01006368,-7.97,1
E01006223,-10.84,1
E01006268,-9.09,1
E01006268,-8.84,1
E01006265,-10.35,1
E01006223,-10.07,1
E01006368,-8.35,1
E01006368,-7.75,1
E01006349,-10.73,1
E01006369,-11.73,1
E01006408,-10.28,1
E01006364,-5.07,1
E01006394,-9.55,1
E01006362,-2.36,1
E01006364,-2.67,1
E01006365,-3.23,1
E01006364,-3.96,1
E01006394,-9.21,1
E01006394,-8.56,1
E01006401,-6.31,1
E01006394,-10.63,1
E01006393,-10.28,1
E01006393,-11.46,1
E01006400,-10.83,1
E01006403,-11.27,1
E01006403,-12.25,1
E01006408,-10.52,1
E01006406,-9.08,1
E01006408,-9.35,1
E01006405,-10.43,1
E01006365,-3.63,1
E01006364,-3.97,1
E01006349,-11.49,1
E01006364,-4.45,1
E01006262,-10.12,1
E01006221,-15.55,1
E01006221,-15.76,1
E01006221,-15.68,1
E01006224,-17.14,1
E01006364,-1.13,1
E01006394,-0.49,1
E01006364,0.86,1
E01006268,-11.92,1
E01006262,-11.17,1
E01006262,-9.07,1
E01006410,-7.81,1
E01006394,0.04,1
E01006394,-0.36,1
E01006401,-0.2,1
E01006394,-0.32,1
E01006393,-0.84,1
E01006393,-1.44,1
E01006400,-1.93,1
E01006403,-2.61,1
E01006403,-5.07,1
E01006403,-5.08,1
E01006409,-5.97,1
E01006365,1.3,1
E01006364,-0.08,1
E01006364,-0.48,1
E01006224,-17.8,1
E01006220,-19.04,1
E01006220,-20.53,1
E01006220,-21.23,1
E01006220,-20.71,1
E01006227,-22.12,1
E01006227,-23.75,1
E01006346,-23.44,1
E01006228,-23.13,1
E01006223,-15.94,1
E01006268,-13.45,1
E01006268,-13.34,1
E01006265,-14.61,1
E01006223,-14.36,1
E01005743,0.04,1
E01005750,0.44,3
E01005757,3.4,2
E01005743,-3.57,1
E01005743,0.75,3
E01005750,-3.36,1
E01033947,4.14,2
E01005750,-2.91,1
E01005902,-0.76,1
E01005750,-3.67,1
E01005748,1.52,3
E01005899,3.58,2
E01005917,3.9,2
E01005743,-0.57,1
E01005743,1.35,3
E01005918,-0.04,1
E01005898,0.65,3
E01005898,1.72,3
E01005904,-0.16,3
E01005904,-1.43,3
E01005904,3.02,3
E01005904,6.58,3
E01005904,-2.04,3
E01005904,1.58,3
E01005904,0.62,3
E01005904,-3.35,2
E01005904,4.62,2
E01005904,2.42,3
E01005899,-0.1,3
E01005900,0.41,3
E01005899,4.1,3
E01005899,0.66,3
E01005904,1.22,3
E01005904,1.97,3
E01005904,2.47,3
E01005904,0.98,3
E01005903,1.32,3
E01005903,2.25,3
E01005903,0.97,3
E01005903,2.55,3
E01005748,2.2,3
E01005748,1.18,3
E01005748,1.9,3
E01005747,1.43,3
E01005747,1.42,3
E01005747,2.14,3
E01005747,0.86,3
E01005747,2.39,3
E01005745,1.96,3
E01005745,2.07,3
E01005746,0.82,2
E01005905,0.66,3
E01005751,0.12,1
E01005751,0.78,3
E01005750,0.52,3
E01005757,-2.32,1
E01005757,1.79,2
E01005743,0.51,3
E01005757,2.32,2
E01033947,-0.2,1
E01033947,4.36,2
E01033947,0.22,2
E01033947,1.01,2
E01005757,1.14,2
E01005757,1.7,2
E01005897,2.11,3
E01005897,2.08,3
E01005898,0.81,3
E01005898,2.19,3
E01005905,0.41,1
E01005900,1.23,3
E01005900,5.19,3
E01005900,1.24,3
E01005900,4.11,3
E01005900,0.14,3
E01005900,3.79,3
E01005898,1.6,3
E01005898,2.67,3
E01005902,0.53,3
E01005902,0.57,3
E01005899,0.53,3
E01005905,3.41,2
E01005905,0.8,3
E01005905,0.77,3
E01005905,0.09,1
E01005905,0.85,3
E01005900,0.14,3
E01005900,0.67,3
E01005902,5.46,1
E01005066,2.18,14
E01033653,0.73,7
E01033653,0.77,6
E01033653,2.06,12
E01033662,1.66,14
E01033653,1.98,10
E01033662,1.37,14
E01005210,2.09,16
E01005210,2.5,3
E01005214,2.39,16
E01005214,2.63,16
E01005208,2.51,16
E01005212,2.26,16
E01005210,1.99,16
E01005214,1.98,15
E01005208,2.32,13
E01005212,2.1,9
E01005212,1.3,4
E01033653,2.14,12
E01033662,1.65,11
E01033656,1.41,7
E01005066,2.62,3
E01005210,1.85,3
E01005210,1.73,15
E01006142,-0.28,18
E01006144,0.74,18
E01006179,0.66,18
E01006179,4.8,14
E01006144,5.83,14
E01006189,5.29,14
E01006187,5.43,14
E01006187,5.11,14
E01006186,5.1,14
E01006186,4.2,15
E01006186,3.89,15
E01006188,3.67,15
E01034001,2.9,15
E01006144,0.3,18
E01034001,0.84,19
E01005214,2.85,15
E01006188,1.52,18
E01006188,1.4,18
E01006186,1.42,18
E01006186,1.05,18
E01006186,0.65,18
E01006186,0.52,18
E01006187,0.34,18
E01006187,0.05,18
E01005214,2.11,15
E01006184,-0.1,18
E01006165,0.16,18
E01006165,0,18
E01006149,0.02,18
E01006160,0.8,17
E01006150,0.66,17
E01006151,0.58,17
E01006151,0.33,17
E01006100,5.08,14
E01006151,5.3,14
E01006151,4.92,14
E01006100,4.67,14
E01006150,4.95,14
E01006149,4.46,14
E01006149,4.33,14
E01006165,5.48,14
E01006154,5.69,14
E01006144,5.62,14
E01006144,5.43,14
E01006089,0.23,18
E01006080,2.09,12
E01006078,0.01,17
E01006080,2.03,12
E01006080,-0.41,17
E01006080,2.65,7
E01006096,3.99,14
E01006100,0.16,17
E01034001,1.59,17
E01034001,2.87,15
E01006112,3.31,15
E01006112,1.74,16
E01034001,1.95,16
E01006089,3.98,13
E01006089,3.82,14
E01006096,4.49,14
E01006096,4.87,14
E01006094,4.65,14
E01006151,0.38,17
E01006103,0.26,17
E01006096,0.33,17
E01006096,0.31,17
E01006089,-0.35,17
E01006089,-0.32,18
E01006169,3.21,1
E01006171,3.19,1
E01006166,2.94,1
E01006166,2.84,1
E01006160,4.12,1
E01006150,4.11,1
E01006147,3.78,1
E01006150,3.27,1
E01006148,3.69,1
E01006170,3.94,1
E01006170,4.03,1
E01006169,3.5,1
E01006160,1.9,1
E01006160,1.91,1
E01006160,2.04,1
E01006160,1.7,1
E01006161,0.43,1
E01005851,-1.07,1
E01004775,2.56,1
E01004775,-1.65,1
E01004776,0.34,3
E01004776,-2.21,3
E01004776,-1.84,3
E01004776,0.26,3
E01004776,-0.54,3
E01004776,-0.65,3
E01004775,-0.21,3
E01004775,-1.3,3
E01004775,-1.79,3
E01006370,3.65,2
E01006369,-0.27,3
E01006370,3.76,3
E01006392,4.05,3
E01006392,0.28,3
E01006386,3.85,3
E01006386,0.16,3
E01006391,2.46,3
E01006388,1.04,3
E01006391,1.67,3
E01006390,3.21,3
E01006390,-0.09,3
E01006387,3.16,3
E01006391,0.25,3
E01006236,-2.79,3
E01006236,0.22,3
E01006236,-1.6,3
E01006236,-0.81,3
E01006236,-0.03,3
E01006236,-1.63,3
E01006236,-0.37,3
E01006236,-2.27,3
E01006236,0.66,3
E01006236,-3.1,3
E01006236,1,3
E01006236,-3.12,3
E01006236,-0.48,3
E01006235,1.55,3
E01006235,0.85,3
E01006235,-0.21,3
E01006236,0.95,3
E01006236,0.6,3
E01006236,0.11,3
E01006236,1.31,3
E01006388,-0.98,3
E01006388,0.81,3
E01006236,0,3
E01006388,1.07,3
E01006391,0.54,3
E01006387,0.2,3
E01006370,-0.01,3
E01006369,16.6,8
E01006369,20.06,5
E01006362,31.03,7
E01006349,20.67,6
E01006349,15.68,7
E01006349,20.77,6
E01006352,21,6
E01006351,15.57,7
E01006351,21.11,6
E01006351,15.09,7
E01006353,20.99,6
E01006353,15.28,7
E01006354,14.85,7
E01006354,27.99,7
E01006359,15.26,7
E01006359,28.7,7
E01006359,28.4,7
E01006359,15,7
E01006358,15.02,7
E01006399,16.78,6
E01006363,28.39,7
E01006358,29.53,7
E01006358,14.94,7
E01006358,29.33,7
E01006399,21.81,6
E01006399,14.43,7
E01006399,22.19,6
E01006399,13.89,7
E01006363,28.63,7
E01006362,20.19,5
E01006349,20.5,6
E01006349,15.83,7
E01006362,21.16,6
E01006349,19.99,6
E01006349,15.08,7
E01006349,15.23,7
E01006362,29.89,7
E01006362,21.24,6
E01006369,1.31,12
E01006369,4.35,13
E01006368,2.91,15
E01006364,2.08,14
E01006349,3.56,17
E01006349,1.75,17
E01006349,2.6,15
E01006352,2.81,13
E01006351,1.09,18
E01006351,3.05,12
E01006351,1.3,18
E01006353,3.21,12
E01006353,1.02,18
E01006354,0.94,18
E01006354,3.36,12
E01006359,0.86,18
E01006359,3.44,12
E01006359,3.59,12
E01006359,0.97,18
E01006358,1.14,18
E01006399,1.97,18
E01006363,2.92,12
E01006358,3.71,12
E01006358,1.69,18
E01006358,3.03,12
E01006399,3.26,12
E01006399,1.43,18
E01006399,3.06,12
E01006399,1.49,18
E01006364,2.31,18
E01006362,2.4,13
E01006365,2.26,14
E01006365,1.72,19
E01006365,2.13,14
E01006364,2.32,19
E01006364,1.75,14
E01006364,1.64,19
E01006364,2,14
E01006366,1.3,19
E01006366,2.17,15
E01006366,1.17,20
E01006366,2.44,15
E01006366,2.74,15
E01006367,1.26,20
E01006368,1.4,20
E01006368,2.32,15
E01006368,1.26,20
E01006349,3.19,17
E01006349,2.29,13
E01006349,2.84,16
E01006365,1.93,19
E01006364,2.08,19
E01006365,1.74,19
E01006365,1.74,14
E01006349,1.86,14
E01006349,1.97,13
E01006368,2.95,15
E01006368,1.13,20
E01006368,3.34,15
E01006368,1.05,20
E01006184,5.11,2
E01006184,3.12,1
E01006184,7.91,1
E01006165,7,2
E01006165,3.26,1
E01006165,9.35,1
E01006165,6.23,2
E01006165,3.39,1
E01006165,8.51,1
E01006149,7.5,2
E01006149,3.63,1
E01006149,8.45,1
E01006160,8.48,2
E01006160,5.18,1
E01006160,9.02,1
E01006150,7.85,2
E01006150,4.64,1
E01006150,8.85,1
E01006151,7.9,2
E01006151,3.6,1
E01006151,11.31,1
E01006151,7.3,2
E01006151,2.92,1
E01006151,10.96,1
E01006100,5.08,4
E01006151,4.79,4
E01006151,5.06,5
E01006100,4.42,5
E01006150,6.2,4
E01006149,5.64,4
E01006149,5.53,4
E01006165,5.54,3
E01006154,5.27,3
E01006107,3.34,3
E01006107,4.3,2
E01006107,2.05,1
E01006107,4.3,1
E01006107,3.65,3
E01006107,4.77,2
E01006107,1.82,1
E01006107,5.15,1
E01006200,4.84,2
E01006200,1.48,1
E01006200,5.35,1
E01006107,5.16,4
E01006107,4.46,2
E01006107,1.97,1
E01006107,5.49,1
E01006104,3.4,2
E01006104,-0.81,1
E01006104,1.86,1
E01006148,6.39,5
E01006170,4.64,4
E01006170,4.84,4
E01006169,4.97,4
E01006171,5.04,2
E01006171,2.42,1
E01006171,6.25,1
E01006171,4.77,2
E01006171,2,1
E01006171,6.03,1
E01006169,5.16,2
E01006169,1.89,1
E01006169,6.71,1
E01006170,4.78,2
E01006170,1.4,1
E01006170,6.87,1
E01006170,4.69,2
E01006170,1.73,1
E01006170,7.84,1
E01006148,5.08,2
E01006148,2.03,1
E01006148,7.89,1
E01006147,5.18,2
E01006147,2.64,1
E01006147,7.51,1
E01006170,4.97,2
E01006170,2.48,1
E01006170,7.34,1
E01006154,5.08,4
E01006170,6.67,5
E01006147,6.58,5
E01006148,6.7,5
E01006170,6.53,5
E01006169,6.72,5
E01006169,5.32,2
E01006169,2.35,1
E01006169,6.49,1
E01006089,5.91,2
E01006089,3.63,1
E01006089,7.1,1
E01006080,2.59,5
E01006078,5.72,2
E01006078,2.9,1
E01006078,6.88,1
E01006080,3.68,4
E01006080,4.84,2
E01006080,1.81,1
E01006080,5.58,1
E01006080,4.75,2
E01006096,5.42,4
E01006100,6.76,2
E01006100,3.26,1
E01006100,10.6,1
E01006087,3.24,2
E01006087,-0.61,1
E01006105,3.51,2
E01006105,-0.2,1
E01006104,3.5,2
E01006104,-0.48,1
E01006104,2.98,1
E01006107,4.84,2
E01006107,0.64,1
E01006107,3.76,1
E01006107,3.97,2
E01006107,0.86,1
E01006107,3.36,1
E01006107,4.58,2
E01006107,0.5,1
E01006107,4.12,1
E01006107,4.93,2
E01006107,0.88,1
E01006107,4.54,1
E01006107,4.42,2
E01006107,1.4,1
E01006107,4.12,1
E01006107,4.7,2
E01006107,1.78,1
E01006107,4.66,1
E01006107,4.11,2
E01006107,1.22,1
E01006107,4.14,1
E01006107,4.08,2
E01006107,1.27,1
E01006107,4.31,1
E01006107,3.39,3
E01006107,2.59,3
E01006107,3.22,2
E01006107,2.34,2
E01006107,1.82,2
E01006107,1.22,2
E01006107,1.14,2
E01006104,0.08,2
E01006104,3.6,3
E01006104,4.55,3
E01006105,4.32,5
E01006105,4.87,5
E01006105,2.81,2
E01006105,-0.77,1
E01006087,4.39,5
E01006087,5.7,4
E01006089,3.39,5
E01006089,5.65,4
E01006096,5.81,4
E01006096,6,4
E01006094,5.61,4
E01006151,6.58,2
E01006151,2.84,1
E01006151,10.27,1
E01006103,7.04,2
E01006103,3.13,1
E01006103,10.29,1
E01006096,7.23,2
E01006096,3.28,1
E01006096,9.53,1
E01006096,6.94,2
E01006096,3.78,1
E01006096,9.07,1
E01006089,6.96,2
E01006089,3.47,1
E01006089,8.8,1
E01006089,7.04,2
E01006089,3.09,1
E01006089,8.31,1
E01006087,-0.14,1
E01006087,-1.14,1
E01006087,3.19,2
E01006087,-0.9,1
E01005074,6.53,3
E01005090,2.42,4
E01005090,2.82,5
E01005319,5.26,5
E01005319,2.92,4
E01005319,2.9,4
E01005316,5.04,5
E01005316,3.41,4
E01005316,4.87,5
E01005071,0.78,5
E01005071,5.74,4
E01005070,2.17,5
E01005070,5.91,3
E01005315,2.33,5
E01006210,1.93,6
E01006210,7.37,5
E01005113,1.58,6
E01005315,3.15,5
E01005316,3.21,4
E01005315,3.27,4
E01005090,2.05,5
E01005117,7.42,4
E01005113,2.46,6
E01005113,7.47,5
E01005112,6.9,3
E01005112,6.87,3
E01005112,3.4,6
E01005117,6.89,3
E01005117,2.45,6
E01005117,6.26,3
E01005117,2.02,6
E01005117,1.66,6
E01005074,1.87,5
E01005073,2.3,5
E01005074,6.04,3
E01005074,2.26,5
E01005074,6.08,3
E01005074,1.56,5
E01005074,6.56,3
E01005072,5.24,3
E01005070,2.4,5
E01005070,5.55,3
E01005075,5.68,3
E01005075,1.55,5
E01005070,6.79,4
E01005070,1.9,5
E01005070,6.62,4
E01005070,2.23,5
E01005070,1.92,5
E01005071,7.56,4
E01005071,0.87,5
E01005071,3.58,6
E01005072,7.62,4
E01005071,3.4,6
E01005112,6.97,3
E01005112,3.5,6
E01005071,6.5,3
E01005071,6.29,4
E01005071,1.4,5
E01006097,1.94,6
E01006210,1.88,6
E01005111,1.68,6
E01005111,1.52,6
E01005111,1.51,6
E01005116,1.53,6
E01005113,7.48,5
E01005111,7.48,5
E01005111,7.37,5
E01005114,7.11,5
E01006203,3.85,5
E01006202,7.36,6
E01006198,7.57,6
E01006120,7.34,6
E01006118,2.94,5
E01006198,2.58,5
E01006202,2.67,5
E01006202,2.29,5
E01006157,0.54,4
E01006157,9.01,4
E01006157,0.51,4
E01006157,8.52,4
E01006131,7.27,6
E01006121,3.65,2
E01006121,5.8,2
E01006132,3.99,5
E01006157,0.85,4
E01006157,9.16,4
E01006157,4.2,5
E01006157,9.23,4
E01006203,3.76,5
E01006203,6.66,6
E01006129,3.71,5
E01006129,6.83,6
E01006133,3.91,5
E01006133,7.36,6
E01006131,4.2,5
E01006131,6.98,6
E01006118,7.01,6
E01006116,6.77,6
E01006121,7.97,5
E01006121,11.82,1
E01006121,14.53,1
E01006121,14.21,1
E01006121,13.63,1
E01006121,13.1,1
E01006121,10.08,3
E01006121,10,3
E01006132,4.14,5
E01006132,7.08,4
E01006132,4.26,5
E01006132,5.82,3
E01006107,5.32,3
E01006107,4.12,5
E01006107,5.57,3
E01006107,4.24,5
E01006200,4.3,5
E01006107,7.95,5
E01006169,3.92,5
E01006171,6.31,5
E01006171,3.84,5
E01006152,7,5
E01006166,4.48,5
E01006172,3.94,5
E01006172,6.6,5
E01006121,1.64,5
E01006116,3.26,5
E01006121,-0.68,5
E01006121,1.16,5
E01006121,1.59,5
E01006121,1.68,5
E01006121,1.45,5
E01006121,0.89,5
E01006160,6.6,6
E01006150,6.24,6
E01006147,6.09,6
E01006150,6.25,6
E01006148,5.79,6
E01006170,5.47,6
E01006172,5.47,6
E01006172,5.36,6
E01006172,4.02,5
E01006170,3.59,6
E01006169,3.28,6
E01006150,3.42,6
E01006147,3.23,6
E01006150,2.56,6
E01006169,3.47,6
E01006160,7.74,7
E01006097,6.91,5
E01006170,5.95,6
E01006160,2.53,6
E01006157,2.96,5
E01006157,8.68,4
E01006121,3.75,5
E01006121,9.26,4
E01006201,7.19,6
E01006160,1.96,6
E01006107,4.86,3
E01006097,2.41,6
E01006174,7.06,5
E01006160,5.19,6
E01006160,5.22,6
E01006160,7.45,7
E01006160,2.41,6
E01006161,1.43,6
E01006178,6.04,5
E01006174,2.54,6
E01006174,2.36,6
E01006099,2.67,6
E01006099,2.58,6
E01006098,1.72,6
E01006099,7.53,6
E01006099,7.44,6
E01006178,6.62,5
E01006164,6.4,5
E01006164,4.9,6
E01006161,5.1,6
E01006161,3.08,6
E01006164,2.76,6
E01006164,2.79,6
E01006164,2.55,6
E01006164,2.26,6
E01006178,2.54,6
E01006164,5.31,6
E01006210,7.62,5
E01006210,7.23,5
E01006164,5.03,6
E01006098,8.14,6
E01006097,2.08,6
E01006098,2.92,6
E01006098,7.48,6
E01006121,0.46,5
E01006121,7.91,4
E01005291,2.07,3
E01005291,0.62,5
E01006075,0.59,1
E01005072,2.1,11
E01005091,2.86,3
E01005088,1.95,8
E01005088,3.41,8
E01005088,1.81,9
E01005088,3.46,12
E01005091,2.06,6
E01005266,4.17,12
E01005115,3.74,12
E01005071,1.72,11
E01005071,4.65,12
E01005070,5.07,13
E01005070,2.91,11
E01005113,4.08,13
E01005088,4.77,13
E01005088,1.84,9
E01005116,3.89,12
E01005116,4.48,13
E01005115,3.99,12
E01005115,3.69,12
E01005117,2.87,12
E01005113,4.57,12
E01005113,3.4,12
E01005116,3.99,12
E01005116,4.26,13
E01005116,4.13,13
E01005115,3.78,12
E01005262,4.26,13
E01005115,4.2,13
E01005115,3.5,12
E01005115,4.16,13
E01005115,3.91,12
E01005265,4.31,13
E01005073,4.24,12
E01005075,2.19,11
E01005075,4.67,13
E01005070,2.75,12
E01005070,5.58,13
E01005070,2.4,12
E01005070,6.08,13
E01005070,6.46,13
E01005071,4.67,12
E01005071,1.47,11
E01005071,1.72,11
E01005072,4.49,12
E01005071,1.76,11
E01005072,4.13,12
E01005071,2.15,11
E01005071,4.47,12
E01005072,4.13,12
E01005072,2.1,11
E01005072,4.19,12
E01005071,3.47,8
E01005071,2.51,12
E01005071,6.27,11
E01005071,9.22,11
E01005071,1.42,12
E01005071,7.48,9
E01005117,3.19,12
E01005117,5.9,11
E01005266,4.41,11
E01005266,4.37,12
E01005266,3.9,12
E01005266,3.97,12
E01005266,3.58,12
E01006107,5.24,11
E01006169,3.38,13
E01006171,5.27,10
E01006171,2.83,13
E01006152,6.11,9
E01006166,3.57,13
E01006153,6.07,10
E01006168,6.13,10
E01006168,6.85,9
E01006168,6.41,9
E01006167,6.09,9
E01006166,6.21,9
E01006166,5.94,9
E01006171,6.27,9
E01006166,3.08,13
E01006166,3.56,13
E01006167,3.01,13
E01006168,3.39,13
E01006168,3.21,13
E01006168,3.14,13
E01006168,3.19,13
E01006153,3.01,13
E01006160,3.89,12
E01006150,4.76,12
E01006147,4.31,12
E01006150,4.33,12
E01006148,4.28,12
E01006170,4.16,12
E01006170,3.9,12
E01006169,3.5,12
E01006171,4.81,11
E01006171,4.64,11
E01006169,4.44,11
E01006150,4.08,11
E01006147,3.67,11
E01006150,3.14,11
E01006094,5.92,10
E01006153,6.3,11
E01006153,5.79,11
E01006153,3.07,13
E01006094,2.68,13
E01006160,4.13,12
E01006089,2.4,11
E01006080,4.34,11
E01006078,3.39,7
E01006080,3.93,11
E01006080,3.64,7
E01006080,3.47,8
E01006160,3.79,11
E01006096,5.6,11
E01006160,3.72,11
E01006178,3.7,12
E01006174,3.13,12
E01006174,2.6,12
E01006160,2.48,12
E01006160,2.61,12
E01006160,4.45,12
E01006160,4.08,11
E01006161,3.74,12
E01006174,4.77,12
E01006174,4.66,12
E01006174,4.28,12
E01006178,4.5,11
E01006176,3.42,12
E01006175,4.17,11
E01006175,3.77,11
E01006176,4.26,11
E01006175,2.95,12
E01006175,3.55,12
E01006177,3.2,12
E01006177,3.24,12
E01006099,4.24,11
E01006177,4.06,11
E01006175,4.11,11
E01006089,5.53,11
E01006089,6.32,11
E01006096,6.26,11
E01006096,6.27,11
E01006094,5.92,11
E01006151,2.73,13
E01006103,2.43,13
E01006096,2.52,13
E01006096,2.47,13
E01006089,2.1,13
E01006089,1.96,11
E01005291,1.13,1
E01033667,0.9,4
E01033653,-0.87,4
E01033667,2.21,4
E01033651,3.02,4
E01005132,2.96,3
E01005132,2.05,3
E01005132,2.41,3
E01005132,2.85,3
E01005132,2.46,3
E01005130,2.52,4
E01034133,2.86,4
E01033651,2.59,4
E01033669,1.52,3
E01005257,2.12,4
E01005257,1.61,4
E01005257,1.55,4
E01005261,1.41,4
E01005261,1.14,4
E01005261,1.96,4
E01005261,1.77,4
E01005255,1.54,4
E01005255,2.2,4
E01005259,2.66,4
E01005259,0.94,3
E01005260,1.14,3
E01005373,-0.27,2
E01005371,0.95,2
E01005375,-0.09,3
E01005375,-0.45,3
E01005373,0.41,2
E01005372,-0.31,2
E01005363,-0.14,2
E01005363,-0.42,2
E01005364,-1.58,2
E01005260,0.11,3
E01005367,-4.66,2
E01005192,5.05,1
E01005189,5.79,1
E01005192,5.3,1
E01005192,4.94,1
E01005985,9.62,1
E01005987,10.04,1
E01005888,7.33,1
E01005985,8.06,1
E01005987,9.51,1
E01005974,10.52,1
E01005991,9.5,1
E01005985,10.69,1
E01005971,10.35,1
E01005992,11.35,1
E01005193,4.59,1
E01005896,5.87,1
E01005888,7.06,1
E01005988,6.94,1
E01006178,4.57,1
E01006174,4.53,1
E01006174,4.12,1
E01006099,3.48,1
E01005839,2.98,1
E01005913,7.41,1
E01005842,6.97,1
E01005842,6.57,1
E01005842,7.32,1
E01005841,5.85,1
E01005911,13.57,1
E01005911,12.57,1
E01005910,9.45,1
E01005910,9.45,1
E01005909,3.48,1
E01005910,4.71,1
E01005885,4.68,1
E01005878,4.26,1
E01005911,5.18,1
E01005911,4.81,1
E01005912,4.52,1
E01005912,5.09,1
E01005912,5.49,1
E01005912,5.28,1
E01005913,5.03,1
E01005907,7.78,1
E01005907,7.41,1
E01005907,7.06,1
E01005840,5.97,1
E01005836,5.92,1
E01005836,6.35,1
E01005913,6.98,1
E01005907,7.24,1
E01006042,9.6,1
E01006045,9.68,1
E01006048,7.02,1
E01006052,8.11,1
E01006052,8.62,1
E01006052,8.67,1
E01006052,8.89,1
E01006052,9.36,1
E01006050,9.7,1
E01006025,10.58,1
E01006025,9.97,1
E01006025,9.78,1
E01006027,10.63,1
E01006027,10.29,1
E01006027,9.09,1
E01006027,8.92,1
E01006027,9.04,1
E01006025,8.64,1
E01006046,9.94,1
E01006046,10.26,1
E01006043,10,1
E01006044,9.92,1
E01006042,9.19,1
E01006049,4.89,1
E01006049,5.71,1
E01006049,5.58,1
E01005824,6.51,1
E01005876,7.38,1
E01005875,9.24,1
E01005824,8.82,1
E01005827,5.97,1
E01005827,6.39,1
E01005826,6.35,1
E01005828,5.05,1
E01005828,4.69,1
E01005826,5.98,1
E01005827,8.37,1
E01005828,4.97,1
E01005826,9.87,1
E01005826,5.87,1
E01005826,8.79,1
E01005826,4.79,1
E01005826,6.75,1
E01005913,0.38,1
E01005842,0.14,1
E01005841,-4.86,1
E01005909,1.45,1
E01005885,1.51,1
E01005883,2.41,1
E01005883,1.97,1
E01005909,2.68,1
E01005909,15.13,1
E01005908,13.05,1
E01005908,2.05,1
E01005909,12.09,1
E01005909,3.1,1
E01005908,11.14,1
E01005909,4.48,1
E01005908,5.19,1
E01005908,10.19,1
E01005908,9.23,1
E01005908,6.39,1
E01005908,7.26,1
E01005908,7.28,1
E01005910,2.91,1
E01005885,3.72,1
E01005878,4.19,1
E01005911,3.75,1
E01005911,4.55,1
E01005912,4.31,1
E01005912,3.77,1
E01005912,4.1,1
E01005912,3.16,1
E01005913,2.85,1
E01005913,2.33,1
E01005913,1.93,1
E01005913,0.93,1
E01005840,-6.32,1
E01005836,-5.48,1
E01005836,-6.59,1
E01005841,-8.17,1
E01005837,-8.4,1
E01005837,-9.04,1
E01005836,-9.36,1
E01033654,3.46,15
E01033654,2.19,29
E01033654,2.25,43
E01033654,3.72,59
E01033654,12.4,5
E01033653,5.58,3
E01033654,3.62,14
E01033654,1.63,22
E01033654,1.95,36
E01034138,3.34,119
E01005221,4.05,120
E01034137,4.56,15
E01034137,4.05,31
E01034137,2.99,47
E01034137,3.08,117
E01034137,4.09,15
E01034137,3.63,31
E01034137,2.37,47
E01034137,3.35,119
E01034138,3.57,15
E01034138,3.19,32
E01034138,2.12,48
E01005221,3.45,118
E01005221,3.68,16
E01005221,2.86,32
E01005221,1.34,48
E01005221,3.25,16
E01005221,2.19,31
E01005221,0.89,49
E01005221,4.05,122
E01005222,3.76,122
E01005222,3.06,15
E01005222,2.47,30
E01005222,0.76,49
E01005215,3.4,15
E01005215,2.66,30
E01005215,1.03,48
E01005232,5.62,16
E01005232,5.19,30
E01005232,4.07,45
E01005234,1.86,116
E01005238,4.02,16
E01005238,3.81,30
E01005238,2.81,46
E01005234,3.39,116
E01005239,5.21,17
E01005239,4.95,32
E01005239,3.85,45
E01005239,6.4,17
E01005239,5.37,33
E01005239,4.27,47
E01005239,6.41,17
E01005239,5.72,34
E01005239,4.63,47
E01005239,6.04,17
E01005239,5.45,33
E01005239,4.16,47
E01005063,5.64,17
E01005063,4.51,31
E01005063,3.7,47
E01005063,5.38,17
E01005063,4.13,31
E01005063,3.34,46
E01005065,1.98,92
E01005065,4.72,16
E01005065,3.88,31
E01005065,3.26,45
E01005065,5.78,17
E01005065,4.6,31
E01005065,3.88,45
E01034116,2.36,109
E01005063,2.89,109
E01005063,2.28,110
E01005239,1.88,112
E01005239,1.53,113
E01005239,1.95,114
E01033654,-0.51,9
E01033654,1.99,19
E01033654,2.48,21
E01005065,3.5,16
E01005065,2.56,32
E01005065,2.4,47
E01005065,2.82,79
E01005065,3.99,16
E01005065,2.84,31
E01005065,2.54,47
E01005869,3.92,123
E01005874,3.02,88
E01005866,3.81,14
E01005866,2.45,31
E01005866,0.89,47
E01005869,3.54,14
E01005869,2.19,31
E01005869,0.58,47
E01005869,3.23,14
E01005869,1.98,30
E01005869,0.28,47
E01005866,3.8,14
E01005866,2.59,30
E01005866,1.01,44
E01005797,3.53,33
E01005797,2.54,55
E01005831,1.84,52
E01033948,7.17,14
E01033948,3.6,27
E01033948,3.72,42
E01005840,2.36,51
E01005916,4.29,13
E01005916,2.1,29
E01005916,0.63,43
E01005863,3.89,13
E01005863,1.85,30
E01005863,0.3,43
E01005869,3.29,122
E01033948,0.22,1
E01033948,1.89,1
E01033948,1.88,100
E01033948,5.24,98
E01033948,6.04,14
E01033948,4.41,33
E01033948,3.44,50
E01005917,4.31,13
E01005917,2.35,28
E01005917,0.46,44
E01005766,3.53,3
E01005766,3.44,6
E01005766,3.43,34
E01005766,2.43,56
E01005874,4.03,34
E01005874,3.1,57
E01033948,3.41,7
E01033948,3.51,33
E01033948,2.61,57
E01005917,4.27,13
E01005917,2.14,29
E01005917,0.55,44
E01005917,4.31,13
E01005917,2.4,29
E01005917,0.99,44
E01005917,4.51,13
E01005917,2.38,29
E01005917,0.91,43
E01005825,0.83,28
E01005825,0.73,53
E01005798,0.76,28
E01005798,1.33,52
E01005825,0.64,30
E01005825,1.3,54
E01005825,1.57,32
E01005825,1.28,54
E01005838,1.86,53
E01005801,2.31,18
E01005801,0.9,52
E01005801,1.78,31
E01005801,1.15,53
E01005831,1.78,52
E01005801,0.78,29
E01005801,0.86,53
E01005866,3.95,122
E01005840,2.12,50
E01005840,2.73,44
E01005840,2.36,52
E01005801,1.54,1
E01005801,5.78,3
E01005838,2.55,53
E01005877,3.53,87
E01005797,3.85,87
E01005797,3.45,85
E01005798,3.84,85
E01005825,3.87,86
E01005801,2.98,82
E01005801,2.5,80
E01005801,2.19,75
E01005801,2.71,51
E01005831,2.69,51
E01005838,2.79,51
E01005840,2.34,51
E01005866,3.86,122
E01005863,4.01,124
E01005917,3.87,123
E01005866,3.83,123
E01005916,3.82,123
E01005917,3.97,124
E01005917,4.07,123
E01005917,4.07,118
E01033948,2.44,99
E01005836,1.53,5
E01005822,-0.55,1
E01005822,1.21,1
E01005066,4.46,3
E01005066,1.47,30
E01033653,0.82,2
E01033653,1.84,13
E01033653,1.1,10
E01033653,3.38,3
E01033653,1.87,27
E01033662,3.48,4
E01033662,1.21,28
E01033653,1.62,26
E01005208,0.35,38
E01033662,1.61,29
E01005210,3.48,4
E01005210,40.39,36
E01005210,1.22,21
E01005243,1.87,36
E01005212,1.41,3
E01005212,1.35,36
E01005210,3.23,4
E01005210,39.26,37
E01005212,0.61,34
E01005208,1.97,3
E01005208,39.53,37
E01005212,0.81,27
E01033653,3.5,3
E01033653,1.59,27
E01033662,1.47,29
E01033656,1.62,25
E01005066,1.74,21
E01006109,0.55,35
E01006115,1.62,39
E01005302,1.08,39
E01006115,1.07,39
E01005298,1.08,39
E01005296,1.19,38
E01005296,42.36,35
E01005214,1.69,3
E01005214,38.56,37
E01005208,0.49,37
E01005208,6.26,1
E01005208,38.95,37
E01005208,0.4,36
E01005208,40.53,37
E01005208,0.65,32
E01005243,0.52,32
E01005210,0.65,21
E01005210,4.3,3
E01005210,0.67,34
E01005212,0.83,26
E01005159,44.37,34
E01005296,0.81,38
E01005296,43.17,35
E01005150,0.55,38
E01005150,44.22,34
E01005150,-0.07,38
E01005150,0.21,1
E01005154,0.48,28
E01005150,50.7,30
E01006109,40.1,36
E01006115,0.97,35
E01006115,40.34,36
E01006115,1.4,35
E01006115,42.95,35
E01005631,-1.83,1
E01005637,-5.61,1
E01005733,4.92,1
E01005733,2.56,1
E01005726,2.11,1
E01005727,1.94,1
E01005727,3.16,1
E01005634,-3.47,1
E01005632,-4.11,1
E01005636,-3,1
E01006179,-0.28,1
E01006184,-1.74,1
E01006184,-2.41,1
E01006200,-2.89,1
E01006200,-3.74,1
E01006200,-4.01,1
E01006202,-4.44,1
E01006201,-5.21,1
E01006184,-1.43,1
E01006184,-1.07,1
E01006131,-5.94,1
E01006128,-5.21,1
E01006129,-5.23,1
E01006197,-4.37,1
E01006197,-4.76,1
E01006201,-4.53,1
E01006131,-3.62,1
E01006131,-2.45,1
E01006100,-0.13,1
E01006151,-0.09,1
E01006151,-0.21,1
E01006100,-0.57,1
E01006150,-0.94,1
E01006149,-1.05,1
E01006149,0.15,1
E01006165,-0.27,1
E01006154,-0.25,1
E01006144,-0.35,1
E01006144,-0.72,1
E01006131,-4.68,1
E01006082,-3.71,1
E01006075,-2.6,1
E01006096,1.2,1
E01006096,0.85,1
E01006089,0.7,1
E01006089,0.2,1
E01006096,1.46,1
E01006096,0.88,1
E01006094,0.7,1
E01006076,-5.16,1
E01005213,5.66,1
E01033672,5.34,1
E01005213,-4.53,1
E01005208,5.14,1
E01034000,5.85,1
E01005214,4.89,1
E01005208,4.1,1
E01033672,5.3,1
E01005213,4.74,1
E01005214,4.2,1
E01005208,5.39,1
E01034118,4.48,1
E01034123,3.18,1
E01034123,4.78,1
E01005208,4.52,1
E01034001,4.78,1
E01034001,4.23,1
E01006117,0.93,1
E01006126,0.74,1
E01006124,1.03,1
E01006124,1.36,1
E01006130,8.25,1
E01006123,2.12,1
E01006123,1.73,1
E01006120,2.17,1
E01006198,13.57,1
E01006126,0.87,1
E01006126,-0.69,1
E01006119,0.62,1
E01006126,-1.15,1
E01005958,10.13,1
E01005957,9.53,1
E01005958,10.37,1
E01005956,10.73,1
E01005956,10.56,1
E01005956,10.43,1
E01005956,11.26,1
E01005995,11.04,1
E01005995,10.48,1
E01005995,11.32,1
E01005993,11.71,1
E01005993,10.69,1
E01005997,12.36,1
E01005997,12.33,1
E01006000,13.18,1
E01005997,12.73,1
E01006004,12.14,1
E01006004,4.16,1
E01005160,4.85,1
E01005160,3.82,1
E01005165,3.27,1
E01005162,4.43,1
E01005160,5.48,1
E01005160,4.72,1
E01005160,5.5,1
E01005160,4.71,1
E01005165,2.91,1
E01005166,1.98,1
E01005294,-1.09,1
E01005775,-2.87,1
E01005846,-0.69,1
E01005776,-0.16,1
E01005770,-3.25,1
E01005845,-0.42,1
E01005845,-1.81,1
E01005845,-1.05,1
E01005844,0.59,1
E01005767,-2.3,1
E01005767,-2.91,1
E01005851,-0.7,1
E01005851,-1.04,1
E01005767,-2.56,1
E01005845,-1.58,1
E01005753,-3.77,1
E01005756,-2.78,1
E01005753,-2.75,1
E01005756,-1.61,1
E01005756,-0.59,1
E01005756,1.47,1
E01005756,0.44,1
E01005754,2.49,1
E01005754,3.51,1
E01005753,4.55,1
E01005755,-2.95,1
E01005317,6.25,1
E01005769,4.57,1
E01005773,4.77,1
E01005776,4.58,1
E01005774,5.63,1
E01005784,4.96,1
E01005785,5.74,1
E01005785,6.13,1
E01005769,3.81,1
E01005777,6.4,1
E01005777,6.33,1
E01005844,7.19,1
E01005849,6.21,1
E01005849,7.3,1
E01005845,6.71,1
E01005845,6.48,1
E01005845,6,1
E01005846,7.16,1
E01005846,6.78,1
E01005846,6.52,1
E01006136,1.23,1
E01006136,1.42,1
E01006137,2.3,1
E01005264,0.96,1
E01005269,0.86,1
E01005269,1.01,1
E01005268,1.98,1
E01005268,1.62,1
E01005176,5,1
E01005078,1.61,1
E01005078,1.63,1
E01005078,1.62,1
E01005078,2.03,1
E01005176,4.71,1
E01005176,4.45,1
E01005169,7.77,1
E01005172,3.5,1
E01005078,3.46,1
E01006205,2.7,1
E01006080,3.12,1
E01006204,3.61,1
E01006205,2.73,1
E01006192,3.11,1
E01006205,3.31,1
E01006192,2.84,1
E01006204,2.66,1
E01006192,3.55,1
E01006076,-1.55,1
E01005151,12.63,1
E01005155,12.28,1
E01005155,11.86,1
E01005112,5.08,1
E01005112,5.58,1
E01005112,4.55,1
E01006179,13.08,1
E01006144,14.19,1
E01006160,7.96,1
E01006161,6.17,1
E01006143,12.75,1
E01006142,12.65,1
E01006142,13.24,1
E01006136,3.03,1
E01006137,3.56,1
E01006160,6.25,1
E01006160,7.17,1
E01006160,7.61,1
E01006161,5.16,1
E01006178,7.95,1
E01005316,4.71,1
E01005315,1.87,1
E01005315,3.92,1
E01005840,-0.92,1
E01005793,6.54,1
E01005793,6.71,1
E01005793,6.35,1
E01005791,7.52,1
E01005930,3.78,1
E01005930,4.17,1
E01005930,4.96,1
E01005930,5.48,1
E01005924,5.6,1
E01005924,5.16,1
E01005930,5.57,1
E01005792,6.16,1
E01005792,6.64,1
E01005791,7.15,1
E01005930,6.16,1
E01005812,3.2,1
E01005812,3.57,1
E01005812,3.1,1
E01005812,2.31,1
E01005806,1.85,1
E01005813,1.03,1
E01005806,1.53,1
E01005807,0.46,1
E01005815,-0.32,1
E01005838,-0.74,1
E01005831,-0.35,1
E01005838,-0.22,1
E01005838,-1.42,1
E01006136,5.75,1
E01006136,5.54,1
E01006135,4.29,1
E01005797,20.75,1
E01005797,22.62,1
E01005800,23.63,1
E01005800,23.21,1
E01005803,23.55,1
E01005811,23.94,1
E01005812,24.61,1
E01005812,24,1
E01005812,24.03,1
E01005812,23.52,1
E01005812,22.95,1
E01005806,22.69,1
E01005813,22.79,1
E01005797,16.09,1
E01005798,23.31,1
E01005835,13.27,1
E01005835,13.01,1
E01005798,24.03,1
E01005811,23.88,1
E01005877,19.28,1
E01005884,13.94,1
E01005905,5.16,1
E01005825,14.48,1
E01005825,15.58,1
E01005798,16.65,1
E01005825,17.47,1
E01005825,16.76,1
E01005877,19,1
E01005837,11.72,1
E01005837,11.92,1
E01005836,11.7,1
E01005836,12.32,1
E01005766,5.38,1
E01005766,6.56,1
E01005975,1.92,5
E01006015,2.6,2
E01006015,3.66,2
E01006008,2.86,2
E01006008,3.52,2
E01005990,1.6,2
E01005948,1.74,2
E01005948,4.43,2
E01006009,1.81,2
E01006009,3.9,3
E01006011,4.44,4
E01005986,0.7,2
E01005986,2.72,3
E01005986,3.94,5
E01006016,4.05,4
E01006016,1.44,2
E01006016,4.55,2
E01006016,4.2,4
E01006016,1.98,2
E01006016,4.19,2
E01005974,1.23,2
E01005974,-0.01,3
E01006008,6.69,5
E01006008,2.07,2
E01006008,3.39,3
E01005974,1.81,2
E01005974,0.18,3
E01006008,5.66,4
E01006008,2.74,2
E01006008,3.11,3
E01006012,4.78,4
E01005986,0.68,3
E01005948,1.94,2
E01005948,4.43,2
E01005985,0.9,2
E01005987,2.43,1
E01005990,7.39,1
E01005948,7.57,1
E01006012,1.88,2
E01006012,3.56,3
E01006009,4.96,4
E01005974,5.15,5
E01005991,2.68,2
E01005990,4.94,2
E01005985,4.17,2
E01005992,2.87,2
E01005992,1.06,2
E01005974,2.39,2
E01005974,1.94,3
E01005986,5.22,2
E01005986,1.23,5
E01005986,0.86,2
E01005986,2.53,3
E01006011,2.45,2
E01006011,3.9,3
E01006009,5.2,4
E01006008,5.72,4
E01006015,4.75,4
E01006011,4.89,4
E01006008,4.81,4
E01006008,2.52,2
E01006008,4.04,2
E01006008,6.53,5
E01006008,1.83,2
E01006008,2.72,3
E01005965,6.52,5
E01005965,2.56,2
E01005965,2.95,3
E01005974,2.44,2
E01005974,2,3
E01005971,5.09,5
E01005974,4.92,5
E01005974,2.12,2
E01005974,2.13,3
E01005972,5.8,5
E01005970,6.38,5
E01005970,1.14,2
E01005970,0.07,3
E01005970,6.49,5
E01005970,1.82,2
E01005970,1.32,3
E01005965,2.6,2
E01005965,1.42,3
E01005965,6.15,5
E01006011,2.48,2
E01006011,4.4,2
E01006011,3.58,4
E01006011,4.23,4
E01006011,2.88,2
E01006011,4.62,2
E01005985,4.35,2
E01005971,3.72,2
E01005992,4.82,2
E01005992,3.76,2
E01005974,4.69,5
E01006016,2.32,2
E01006016,4.73,2
E01006016,4.44,4
E01005976,3.01,5
E01005976,1.33,2
E01005976,0.89,3
E01005976,5.25,5
E01005992,5,2
E01005974,1.24,3
E01005986,1.11,3
E01005986,0.63,3
E01005989,0.84,1
E01005989,6.51,3
E01005989,-0.29,5
E01005989,1.6,1
E01005989,6.1,3
E01005989,0.15,3
E01005974,6.85,5
E01006011,4.18,4
E01005992,0.91,2
E01005986,7.25,3
E01005986,2.51,4
E01005972,1.73,2
E01005972,1.32,3
E01005976,0.99,2
E01005976,3.01,3
E01005974,4.91,2
E01005986,4.51,2
E01005986,5.1,2
E01005974,1.9,2
E01005974,0.46,3
E01006011,2.93,2
E01006011,5.12,2
E01005976,0.08,2
E01005976,0.95,3
E01005976,4.55,5
E01005972,5.42,5
E01005988,1.41,1
E01005886,2.01,1
E01005888,1.36,1
E01006011,7.22,1
E01006015,7.04,1
E01006033,6.74,1
E01006033,7.19,1
E01006032,6.3,1
E01006024,1.9,1
E01006050,3.65,1
E01006038,3.11,1
E01006038,3.48,1
E01006066,5.14,1
E01006025,2.52,1
E01006066,11.5,1
E01006064,10.46,1
E01006064,10.42,1
E01006064,9.36,1
E01006065,8.29,1
E01006064,7.24,1
E01006048,3.65,1
E01006027,3.04,1
E01006024,2.53,1
E01006024,1.53,1
E01006024,1.75,1
E01006024,2.08,1
E01006024,2.02,1
E01006026,1.79,1
E01006026,2.47,1
E01006032,5.51,1
E01006034,5.67,1
E01006034,5.17,1
E01006034,5.28,1
E01006037,5.22,1
E01006037,4.32,1
E01006037,2.56,1
E01006038,2.73,1
E01006035,2.72,1
E01006049,2.29,1
E01006049,1.6,1
E01006049,1.39,1
E01005389,2.03,1
E01005420,0.84,1
E01005419,1.4,1
E01005413,1.63,1
E01005418,0.97,1
E01005388,1.52,1
E01032556,1,1
E01005420,1.06,1
E01005419,1.69,1
E01005419,1.58,1
E01005413,1.92,1
E01005413,0.82,1
E01005413,1.17,1
E01006054,0.68,1
E01006053,0.51,1
E01006053,0.96,1
E01005294,11.07,1
E01005775,11.59,1
E01005846,8.68,1
E01005846,8.29,1
E01005846,8.53,1
E01005770,10.99,1
E01005848,9.08,1
E01005773,15.75,1
E01005769,17.73,1
E01005768,13.86,1
E01005768,13.82,1
E01005845,10.45,1
E01005767,10.79,1
E01005767,11.18,1
E01005851,11.49,1
E01005851,11.41,1
E01005767,11.41,1
E01005777,9.73,1
E01005846,8.83,1
E01005777,10.17,1
E01005845,11.26,1
E01005874,10.24,5
E01005793,4.93,4
E01005793,4.11,4
E01005793,3.18,4
E01005791,3.04,5
E01005795,2.33,5
E01005923,3.05,5
E01005923,2.82,5
E01005931,3.56,5
E01005923,4.31,5
E01005924,6.38,5
E01005811,-15.05,3
E01005930,-0.93,4
E01005930,24.86,4
E01005930,13.54,4
E01005930,-8.14,4
E01005930,-23.39,1
E01005810,20.6,1
E01005925,10.7,2
E01005930,-9.74,2
E01005924,21.44,2
E01005924,3.3,2
E01005924,6.39,4
E01005924,-0.08,2
E01005930,1.08,4
E01005792,1.6,4
E01005792,3.14,4
E01005791,3.52,4
E01005930,-0.54,4
E01005797,29.59,4
E01005797,14.23,3
E01005797,-4.66,4
E01005800,10.62,5
E01005800,-16.57,3
E01005798,-6.07,5
E01005800,25.76,3
E01005803,29.12,2
E01005798,-4.94,2
E01005811,15.69,3
E01005927,-10.51,3
E01005812,9.97,3
E01005930,-20.54,3
E01005812,7.55,3
E01005812,0.49,3
E01005812,-0.76,2
E01005798,19.29,4
E01005798,-18.72,4
E01005798,28.91,4
E01005811,31.02,3
E01033948,-0.64,1
E01033948,25.96,5
E01033948,-16.36,3
E01005795,3.56,2
E01005795,4.55,2
E01005874,-40.18,5
E01033948,-46.32,3
E01033948,1.58,3
E01005877,1.94,4
E01005174,14.88,1
E01005306,15.15,1
E01005088,7.19,1
E01005074,6.73,1
E01005090,5.75,1
E01005176,14,1
E01005319,5.98,1
E01005319,5.38,1
E01005316,5.17,1
E01005174,15.09,1
E01005175,15.02,1
E01005126,13.69,1
E01005176,13.41,1
E01005169,13.73,1
E01005768,14.13,1
E01005171,13.41,1
E01005315,2.76,1
E01005315,4.54,1
E01005289,7.2,1
E01005289,7.56,1
E01005289,7.13,1
E01005089,6.93,1
E01005319,6.88,1
E01005176,14.63,1
E01005176,13.68,1
E01005169,14.17,1
E01005169,14.65,1
E01005171,13.51,1
E01005070,6.15,1
E01005075,6.55,1
E01005074,6.81,1
E01005070,6.45,1
E01005073,7.68,1
E01005070,5.87,1
E01005770,6.32,1
E01005772,15.3,1
E01005768,14.7,1
E01005768,15.19,1
E01005768,14.79,1
E01005768,13.68,1
E01006136,4.82,1
E01006136,4.75,1
E01006137,5.26,1
E01005182,4.7,1
E01034123,2.37,1
E01005246,2.32,1
E01005245,2.4,1
E01005208,1.34,1
E01006043,3.02,1
E01006030,-0.07,1
E01006030,-0.29,1
E01006030,-1.41,1
E01006030,-0.17,1
E01006029,2.58,1
E01006043,2.3,1
E01006046,2.41,1
E01006043,2.3,1
E01006029,2.69,1
E01006042,1.1,1
E01006030,0.54,1
E01006030,0.15,1
E01006030,0.07,1
E01006028,1.22,1
E01006030,0.59,1
E01006030,0.15,1
E01006030,0.89,1
E01006029,0.53,1
E01006029,0.46,2
E01006040,2.09,1
E01006030,0.64,1
E01006028,0.61,1
E01006028,1.06,1
E01006043,0.5,2
E01006028,1.22,1
E01006028,0.56,1
E01006028,1.08,1
E01006028,0.71,1
E01006043,0.23,2
E01006030,0.21,1
E01006042,0.91,1
E01006042,1.8,2
E01006043,3.21,2
E01006039,2.41,2
E01006043,1.5,2
E01006046,1.42,2
E01006232,2.42,1
E01006238,-1.12,1
E01006238,12.62,2
E01006238,-1.34,1
E01006238,13.04,2
E01006319,-0.84,1
E01006319,12.52,2
E01006317,-1.56,1
E01006315,12.48,2
E01006315,-1,1
E01006317,-1.42,1
E01006317,12.04,2
E01006315,11.44,2
E01006315,-0.86,1
E01006315,-1.35,1
E01006315,10.7,2
E01006315,-0.16,1
E01006315,-0.99,1
E01006316,-1,1
E01006369,2.16,1
E01006370,4.62,1
E01006369,1.2,1
E01006232,1.68,1
E01006233,2.43,1
E01006370,2.99,1
E01006238,13.14,2
E01006370,1.33,1
E01006372,1.23,1
E01006315,10.5,2
E01006315,10.93,2
E01006315,-0.86,1
E01006238,12,2
E01006232,2.15,1
E01006315,10.17,2
E01006237,0.58,1
E01006232,-0.25,1
E01006232,2.77,1
E01006237,0.23,1
E01006237,3.67,1
E01006237,3.56,1
E01006237,0.23,1
E01006237,5.02,1
E01006237,0.86,1
E01006237,6.08,1
E01006238,-0.56,1
E01006372,0.42,1
E01006232,0.08,1
E01006232,0.79,1
E01006232,0.31,1
E01006232,1.56,1
E01006370,-0.9,1
E01006370,1.95,1
E01006370,-1.26,1
E01006370,0.74,1
E01006374,-0.87,1
E01006374,1.48,1
E01006372,1.8,1
E01006372,-0.41,1
E01006372,1.31,1
E01006372,0.2,1
E01006372,-0.1,1
E01006372,1.68,1
E01006372,0.58,1
E01006372,1.04,1
E01006370,1.17,1
E01006320,11.44,1
E01006320,-2.62,2
E01006316,-2.54,2
E01006316,11.56,1
E01005433,5.44,2
E01005350,3.04,2
E01005417,7.51,1
E01005387,7.04,1
E01005433,4,2
E01005433,5.54,2
E01032920,5.36,2
E01005448,5.62,2
E01005456,5.58,2
E01005449,5.78,2
E01005449,7.12,1
E01005448,5.2,2
E01005448,5.42,2
E01006059,6.51,1
E01006058,6.51,1
E01006058,7.04,1
E01006059,6.42,1
E01006058,7.22,1
E01006058,7.3,1
E01006054,0.73,1
E01006054,1.09,1
E01006054,0.31,1
E01005938,-0.02,1
E01005937,-1.86,1
E01005936,-2.03,1
E01005944,-2.46,1
E01005944,-2.97,1
E01005944,-3.37,1
E01005947,-1.64,1
E01005941,-2.04,1
E01006059,6.88,1
E01005948,-1.98,1
E01005948,-1.34,1
E01005949,-2.45,1
E01006348,11.93,5
E01006348,10.12,5
E01006302,9.96,4
E01006298,17.69,6
E01006298,13.22,4
E01006300,12.5,4
E01006300,17.04,6
E01006299,16.69,6
E01006299,12.98,4
E01006347,9.71,5
E01006347,14.18,5
E01006341,9.8,4
E01006347,14.3,5
E01006341,10.22,4
E01006341,14.84,5
E01006302,10.31,4
E01006302,14.56,5
E01006302,10.45,4
E01006302,13.7,5
E01006302,10.7,4
E01006303,11.25,4
E01006302,13.54,5
E01006303,11.62,4
E01006303,13.83,5
E01006299,12.21,4
E01006299,17.61,6
E01006348,8.18,5
E01006348,11.62,3
E01006348,4.32,5
E01006348,11.61,3
E01006348,4.82,5
E01006348,13.45,2
E01006348,12.96,2
E01006348,4.75,5
E01006348,5.01,5
E01006348,12.74,2
E01005956,0.17,4
E01005948,-1.08,4
E01005959,2.5,4
E01005959,1.98,4
E01005959,-1.78,4
E01005959,5.27,5
E01005960,6.86,4
E01005960,2.33,2
E01005959,-0.92,4
E01005959,-0.97,4
E01005956,-0.03,4
E01005959,1.31,4
E01005959,4.63,5
E01005957,5.16,5
E01005121,100.71,1
E01005318,7.47,1
E01005075,4.54,1
E01005314,6.96,1
E01005318,7.48,1
E01005318,8.28,1
E01005317,8.82,1
E01005314,8.03,1
E01005314,7.75,1
E01005075,4.29,1
E01005315,7.49,1
E01005317,8.98,1
E01005317,8.92,1
E01005074,5.29,1
E01005070,5.17,1
E01005090,4.39,1
E01005071,5.17,1
E01005071,4.22,1
E01005117,4.6,1
E01005840,3.79,1
E01005793,10.83,1
E01005793,11.61,1
E01005793,11.16,1
E01005848,10.38,1
E01005791,11.41,1
E01005848,10.8,1
E01005930,9.62,1
E01005930,9.99,1
E01005930,10.79,1
E01005930,11.06,1
E01005924,11.04,1
E01005924,10.46,1
E01005930,11.22,1
E01005792,11.67,1
E01005792,11.13,1
E01005791,11.48,1
E01005930,10.84,1
E01005812,9.05,1
E01005812,9.38,1
E01005812,8.86,1
E01005812,8.34,1
E01005806,8.05,1
E01005813,7.25,1
E01005806,6.5,1
E01005807,6.33,1
E01005815,4.43,1
E01005838,3.91,1
E01005831,4.42,1
E01005793,11.05,1
E01005838,4.67,1
E01005831,4.08,1
E01005838,3.94,1
E01006076,3.74,1
E01006076,8.54,1
E01006179,6.85,1
E01006144,7.23,1
E01006100,8.79,1
E01006151,9.61,1
E01006151,9.26,1
E01006100,8.91,1
E01006150,9.13,1
E01006149,8.45,1
E01006149,8.02,1
E01006165,8.33,1
E01006154,8.06,1
E01006144,7.82,1
E01006144,7.54,1
E01006091,8.18,1
E01006082,1.04,1
E01006077,7.95,1
E01006075,5.95,1
E01006096,7.37,1
E01006143,6.95,1
E01006091,7.87,1
E01006091,7.12,1
E01006089,6.95,1
E01006089,9.19,1
E01006096,7.12,1
E01006094,7.4,1
E01006096,6.61,1
E01006089,7.79,1
E01005324,3.11,1
E01005325,3.52,1
E01005350,2.15,1
E01005433,1.56,1
E01005433,2.38,1
E01005433,2.5,1
E01005350,3.6,1
E01005459,3.53,1
E01005434,3.9,1
E01005434,3.65,1
E01005438,3.18,1
E01005322,3.15,1
E01005320,3.57,1
E01005325,2.97,1
E01005324,2.82,1
E01005323,4.04,1
E01005323,4.27,1
E01005323,3.56,1
E01005324,3.44,1
E01005350,0.47,1
E01005591,4.57,1
E01005591,4.42,1
E01005575,5,1
E01005575,5.33,1
E01005575,5.05,1
E01005575,4.51,1
E01005574,4.27,1
E01005574,4.07,1
E01005588,3.82,1
E01005588,4.68,1
E01005588,4.64,1
E01005591,4.53,1
E01005591,3.79,1
E01005496,4.78,1
E01005496,4.58,1
E01005496,4.43,1
E01005492,4.4,1
E01005488,4.83,1
E01005488,5.2,1
E01005488,4.47,1
E01005769,-0.75,1
E01005773,-1.41,1
E01005776,-1.71,1
E01005774,-1.27,1
E01005784,-0.86,1
E01005782,6.23,1
E01005765,5.88,1
E01005820,5.3,1
E01005765,5.21,1
E01005820,4.42,1
E01005816,3.74,1
E01005778,6.63,1
E01005762,7.06,1
E01005761,7.22,1
E01005761,6.91,1
E01005782,5.83,1
E01005774,0.93,1
E01005769,1.66,1
E01005781,3.48,1
E01005781,2.2,1
E01005780,2.77,1
E01005779,2.96,1
E01005779,2.37,1
E01005778,3.1,1
E01005778,2.86,1
E01005902,-2.27,1
E01005904,-2.47,1
E01005899,-3.19,1
E01005900,-1.63,1
E01005899,-1.38,1
E01005902,-1.22,1
E01005902,-1.62,1
E01005905,-2.1,1
E01005905,-2.31,1
E01005880,14.08,1
E01005880,0.94,1
E01005880,0.52,1
E01005880,11.47,1
E01005898,8.49,1
E01005898,1.35,1
E01005897,4.06,1
E01005898,0.99,1
E01005897,1.53,1
E01005904,0.89,1
E01005883,1.4,1
E01005897,0.81,1
E01005797,0.09,3
E01033948,-2.16,1
E01005916,-0.68,1
E01005863,-1.22,1
E01033948,-1.27,3
E01005917,0.17,1
E01005766,0.18,3
E01005874,-0.84,3
E01033948,-1.29,3
E01005917,0.17,1
E01005917,-0.52,1
E01005917,-0.41,1
E01006058,9.81,1
E01006058,10.78,1
E01006058,10.32,1
E01006059,10.62,1
E01006061,9.09,1
E01006061,9.55,1
E01006058,10.66,1
E01006056,9.95,1
E01006056,9.69,1
E01006056,10.2,1
E01006056,10.69,1
E01006056,10.62,1
E01006059,10.65,1
E01006059,10.33,1
E01006059,10.94,1
E01006057,9.48,1
E01005189,2.46,8
E01034112,4.99,11
E01005189,3.23,7
E01005189,4.14,11
E01005189,2.38,8
E01005191,2.2,8
E01005998,2.66,9
E01005998,4.74,11
E01005191,4.79,11
E01005998,5.09,11
E01005998,2.56,9
E01034112,3.43,9
E01034112,3.42,9
E01034114,5.06,11
E01034114,5.1,11
E01005187,2.7,8
E01005187,4.93,11
E01005187,3.01,8
E01005187,2.58,8
E01005187,5.15,11
E01005191,5.23,11
E01005191,2.1,8
E01005191,1.71,8
E01005191,5.53,11
E01005189,1.68,8
E01005189,4.54,11
E01005192,4.19,11
E01005192,3.54,7
E01005191,4.01,11
E01005193,5.01,8
E01005991,5.23,8
E01005991,3.83,11
E01005990,3.87,11
E01005990,5.27,8
E01005991,4.01,11
E01005950,1.78,6
E01005985,5.37,11
E01005987,5.03,11
E01005987,7.8,2
E01005948,6.33,12
E01005948,1.69,5
E01005951,0.89,7
E01005951,6.64,12
E01006000,4.94,12
E01005951,7.08,12
E01005985,5.04,11
E01005987,8.68,2
E01005987,5.88,11
E01005990,4.55,9
E01006000,5.56,12
E01006000,1.21,9
E01005969,1.66,9
E01005969,6.2,12
E01005962,6.55,12
E01005962,2.28,9
E01005962,2.2,9
E01005962,7.4,12
E01005999,2.19,9
E01005999,5.21,11
E01005999,2.34,9
E01005999,5.24,12
E01005999,2.1,9
E01005999,4.98,12
E01005999,2.08,9
E01006000,4.49,12
E01006000,2.11,9
E01005962,1.49,7
E01005962,7.12,12
E01005951,0.91,7
E01005991,4.66,8
E01005985,4.33,8
E01005921,4.06,8
E01033947,2.36,10
E01005921,5.45,11
E01005894,4.43,8
E01005889,5,7
E01005889,5.48,11
E01005889,5.8,6
E01005889,6.22,11
E01005886,2.7,10
E01005886,3.25,5
E01005886,9.32,11
E01005886,7.84,5
E01005887,3.56,9
E01005887,3.34,7
E01005886,9.97,9
E01005886,9.06,7
E01005890,7.48,11
E01005890,7.92,8
E01005890,5.62,11
E01005890,4.92,8
E01005890,5,11
E01005890,4.71,8
E01005890,5.08,11
E01005890,5,8
E01005893,5.34,11
E01005869,3.04,7
E01005866,2.57,8
E01005866,3.1,10
E01005863,3.41,10
E01005863,2.1,8
E01005916,3.61,10
E01005916,2.36,8
E01005916,2.05,8
E01005916,1.95,8
E01005917,2.98,10
E01005917,2.03,8
E01005916,3.29,10
E01005918,2.44,10
E01005890,5.63,11
E01005890,5.24,8
E01005917,2.48,8
E01005919,4.33,10
E01005920,4.72,11
E01005920,2.96,7
E01005894,3.24,9
E01005894,4.29,11
E01005893,4.61,8
E01005893,4.62,11
E01005921,4.54,8
E01005921,4.68,11
E01005869,3.47,10
E01005869,2.55,7
E01005919,2.6,7
E01005919,4.17,10
E01005919,2.93,7
E01005919,4.34,10
E01005919,2.84,7
E01005919,4.26,11
E01005919,2.29,7
E01005919,5.04,11
E01005921,4.41,8
E01005920,2.54,7
E01005920,4.86,11
E01005987,6.55,11
E01005888,4.85,11
E01005888,3.95,11
E01033947,2.36,10
E01005822,15.54,1
E01033658,2.6,3
E01033658,-3.36,1
E01033990,2.31,4
E01033990,-1.2,1
E01033989,1.9,4
E01033989,0.96,1
E01033991,1.12,5
E01033991,1.77,1
E01032906,2.47,5
E01032906,2.91,1
E01033991,2.19,5
E01033991,3.2,1
E01033991,2.04,5
E01033991,3.05,1
E01005682,0.47,5
E01005682,1.38,1
E01005680,-1.22,5
E01005680,-0.12,1
E01005212,-4.73,1
E01033653,-6.14,1
E01033662,-6.69,1
E01034115,-1.38,1
E01005210,-2.84,1
E01033658,2.45,3
E01033658,-3.57,1
E01033677,1.06,2
E01033677,-6.2,1
E01005715,2.26,4
E01005715,2.29,1
E01005740,1.22,5
E01005740,0.09,2
E01005694,-0.7,5
E01005694,-0.62,1
E01005690,0.99,5
E01005690,0.95,1
E01005687,1.93,5
E01005687,2.19,1
E01005740,1.27,5
E01005740,0.13,2
E01005717,3.97,1
E01005316,3.64,6
E01005316,289.63,5
E01005316,4.14,5
E01005316,288.67,5
E01005316,2.19,2
E01005316,483.85,3
E01005316,5.95,1
E01005316,483.98,3
E01006136,3.04,6
E01006075,363.83,4
E01006075,2.87,5
E01006075,2.92,5
E01006088,363.41,4
E01006088,291.3,5
E01006140,3.86,6
E01006083,3.28,6
E01006139,3.57,6
E01006083,2.9,6
E01006136,3.2,6
E01006136,289.41,5
E01006136,289.43,5
E01006137,289.68,5
E01006136,2.6,6
E01006135,290.68,5
E01006135,3.54,6
E01006134,3.62,6
E01006083,291.25,5
E01006083,291.2,5
E01006139,290.99,5
E01006139,290.49,5
E01006083,289.93,5
E01006135,290.18,5
E01006088,2.42,6
E01006088,2.81,6
E01006077,2.85,6
E01004823,-0.99,1
E01004886,1.21,16
E01033217,2.24,16
E01033217,1.93,13
E01004870,2.68,15
E01004823,-0.89,1
E01004823,-2.16,1
E01033217,2.18,14
E01004817,1.6,2
E01004870,2.12,16
E01004870,2.75,16
E01004870,1.51,16
E01004870,2.92,16
E01004868,0.79,16
E01004868,2.84,17
E01004845,2.26,17
E01004845,2.65,17
E01004845,2.97,17
E01004845,2.25,17
E01004845,2.85,17
E01004837,2.67,17
E01004837,3.14,17
E01004837,2.72,17
E01004837,3.11,17
E01004837,3.24,17
E01004837,2.98,17
E01004837,2.99,17
E01004837,2.98,17
E01004837,2.66,17
E01004837,3.34,17
E01004837,2.85,18
E01004844,3.25,17
E01004844,3.2,17
E01004844,2.52,18
E01004844,3.62,17
E01004844,2.5,18
E01004844,3.54,17
E01004844,2.28,18
E01004844,3.58,17
E01004775,2.23,18
E01004775,4.2,17
E01004775,2.69,18
E01004775,3.67,17
E01004775,2.32,18
E01004885,2.6,18
E01004885,3.82,17
E01004885,2.31,18
E01004823,2.71,7
E01004823,2.53,14
E01004881,0.88,10
E01004889,3.25,15
E01004889,3.48,15
E01004889,3.86,9
E01004889,4.97,7
E01004889,-6.84,4
E01004889,0.68,6
E01004889,0.24,6
E01004881,2.52,15
E01004881,0.87,16
E01004881,2.78,17
E01004890,1.35,16
E01004890,2.71,17
E01004890,1.35,16
E01004777,2.66,17
E01004781,1.34,16
E01004781,2.37,17
E01004883,1.19,16
E01004883,2.75,17
E01004883,1.03,16
E01004883,2.52,17
E01004883,1.11,16
E01004886,3,17
E01004886,1.06,16
E01004886,2.77,17
E01004886,1.75,16
E01004887,3.09,17
E01004886,2.42,17
E01004781,3.26,17
E01004781,3.53,17
E01005213,5.56,21
E01005213,2.04,20
E01033677,4.07,18
E01033656,3.14,21
E01033653,3.3,5
E01033653,4.4,17
E01033677,4.77,18
E01033656,6.14,19
E01033677,4.74,19
E01005213,5.79,21
E01005214,2.22,20
E01005208,3.12,21
E01005212,3.06,22
E01005214,6.18,21
E01005208,6.07,21
E01005212,5.04,20
E01033653,2.12,16
E01005213,2.26,20
E01033653,4.9,1
E01006189,3.43,18
E01006187,3.29,17
E01006187,3.3,17
E01006186,3.13,18
E01006186,2.85,18
E01006186,2.81,18
E01006188,2.66,18
E01034001,2.43,18
E01034001,6.63,21
E01006186,5.04,20
E01006188,4.88,20
E01006186,7.03,22
E01006186,6.57,22
E01006186,7.12,21
E01006187,5.48,20
E01034000,5.98,21
E01006181,4.93,20
E01006180,1.15,16
E01006157,5.48,20
E01006157,5.14,21
E01006159,4.96,21
E01006158,4.92,21
E01006121,4.37,21
E01006121,1.99,17
E01006158,2.56,17
E01006159,2.06,18
E01006157,1.88,18
E01006180,3.01,16
E01006180,4.6,20
E01006157,5.51,20
E01006157,4.96,20
E01006181,2.18,16
E01006117,1.66,17
E01006117,5.16,21
E01006117,1.47,17
E01006117,5.21,21
E01006118,2.09,17
E01006118,5.04,21
E01006118,4.58,20
E01006116,1.74,16
E01006116,5.38,20
E01006131,2.41,17
E01006126,5.21,19
E01006132,5.07,18
E01006126,5.58,16
E01006127,2.41,11
E01006124,4.52,20
E01006130,4.63,20
E01006130,1.9,16
E01006124,1.52,16
E01006124,5.24,20
E01006124,1.3,16
E01006123,5.61,20
E01006123,1.4,16
E01006123,5.52,20
E01006123,5.37,20
E01006120,1.52,16
E01006123,5.38,20
E01006118,1.14,16
E01006157,2.07,18
E01006157,2.38,16
E01006123,1.65,16
E01006126,2.26,16
E01006186,6.62,21
E01034000,2.51,21
E01006188,6.5,21
E01034001,2.38,20
E01006049,1.34,1
E01006048,4.83,1
E01006052,4.47,1
E01006052,5.38,1
E01006051,5.17,1
E01006051,5.87,1
E01006051,5.66,1
E01006051,6.94,1
E01005871,15.06,22
E01005873,-0.4,23
E01005873,13.83,21
E01005875,13.17,21
E01005875,-0.22,17
E01005875,-1.47,20
E01005871,15.59,22
E01005871,-4.68,21
E01005872,17.42,18
E01005872,-0.43,19
E01005872,-8.94,24
E01033947,6.02,20
E01033947,5.99,19
E01033947,6.65,21
E01033948,-9.96,19
E01033947,-4.71,16
E01033948,7.18,20
E01033947,5.66,21
E01033947,26.52,16
E01005832,2.11,24
E01005832,2.39,19
E01005832,12.51,24
E01005873,0.79,22
E01005832,13.36,21
E01005833,10.71,20
E01005826,5.89,27
E01005828,6.36,27
E01005828,6.57,27
E01005826,6.7,27
E01005827,7.44,27
E01005828,5.53,27
E01005826,8.94,27
E01005826,7.48,27
E01005826,5.48,27
E01005875,16.31,20
E01033947,4.68,19
E01005822,35.8,11
E01005757,-2.15,27
E01033947,-3.23,22
E01005753,1.57,29
E01005757,-1.19,22
E01005917,-2.41,25
E01005918,25.13,10
E01005756,2,29
E01005753,3.62,29
E01005753,0.99,29
E01005756,3.73,29
E01005756,3.21,29
E01005756,4.11,29
E01005756,3.98,29
E01005754,4.2,30
E01005754,4.67,31
E01005753,5.84,30
E01005755,-2.83,22
E01005755,8.89,25
E01005757,-2.66,22
E01005757,10.95,24
E01005757,13.17,24
E01005757,-7.75,22
E01005757,9.48,25
E01005757,-3.93,23
E01005757,8.35,24
E01033947,25.96,18
E01033947,-8.44,25
E01033947,15.63,27
E01033947,12.55,19
E01005822,-28.86,4
E01005948,-0.87,1
E01005747,2.9,31
E01005745,2.72,32
E01006028,-0.33,30
E01005948,1.66,34
E01006043,3.53,30
E01005948,-1.79,2
E01006016,1.95,18
E01006016,2.17,34
E01006016,2.28,23
E01006016,1.66,34
E01006010,2.89,26
E01006010,2.82,35
E01006010,2.89,29
E01006014,2.8,35
E01006014,3.01,35
E01006008,2.33,29
E01005745,2.4,31
E01005747,3.24,32
E01005948,2.12,33
E01005948,4.1,5
E01006029,2.32,32
E01006029,2.88,29
E01006029,3.92,23
E01006041,1.96,30
E01006040,-0.56,30
E01006028,4,32
E01006036,3.24,33
E01006036,0.21,29
E01006031,3.49,35
E01006031,0.09,29
E01006031,3.78,35
E01006031,0.81,29
E01006031,3.55,35
E01006031,1.09,29
E01006008,3.34,35
E01006046,1.6,31
E01006044,2.12,30
E01006046,2.27,32
E01006043,2.78,32
E01006046,3.71,30
E01006044,2.66,30
E01006044,2.78,31
E01006008,2.83,36
E01006008,0.52,28
E01006041,1.96,28
E01006041,4.39,23
E01005757,4.46,30
E01033947,5.92,29
E01005750,2.35,20
E01005750,2.9,29
E01005917,6,28
E01005918,1.41,28
E01005747,2.39,31
E01005747,2.44,32
E01005747,2.22,31
E01005745,2.43,32
E01005745,1.53,31
E01005746,2.09,30
E01005746,2.4,31
E01005751,2,30
E01005749,2.78,30
E01005744,2.43,30
E01005744,3.22,31
E01005751,3.31,30
E01005744,3.03,30
E01005751,3.27,30
E01005751,2.34,20
E01005743,3.09,29
E01005743,2.19,20
E01005750,3.04,20
E01005750,2.56,29
E01005757,3.01,22
E01005757,3.66,30
E01005757,4.23,30
E01033947,1.94,27
E01033947,5.56,29
E01033947,2.01,27
E01033947,1.83,29
E01005757,2.65,28
E01005757,2.62,28
E01005822,2.38,2
E01005948,0.95,1
E01005941,2.5,4
E01006009,5.67,16
E01006032,5.73,15
E01006032,4.52,16
E01006032,5.28,15
E01006020,5.12,15
E01006020,5.84,16
E01006020,4.85,15
E01006020,6.72,16
E01006013,6.37,16
E01006028,5.28,1
E01006038,4.08,17
E01006038,4.43,17
E01006012,6.17,14
E01006035,5.62,17
E01005948,6.39,15
E01006035,4.18,16
E01006033,6.04,16
E01005948,6.48,15
E01005948,2.05,4
E01006035,4.08,16
E01006035,5.73,17
E01006035,4.06,15
E01006035,5.65,16
E01006032,4.4,16
E01006034,4.78,15
E01006034,4.29,16
E01006034,4.28,17
E01006034,4.99,15
E01006034,4.39,17
E01006034,4.93,15
E01006037,4.03,17
E01006037,5.55,14
E01006037,4.03,17
E01006037,5.59,14
E01006037,5.55,14
E01006037,3.61,17
E01006038,3.85,17
E01006038,5.44,14
E01006038,6.05,15
E01006035,5.71,16
E01006035,5.59,17
E01006035,4.74,17
E01006016,5,16
E01006016,6.79,13
E01006016,6.05,13
E01006016,5.69,16
E01006012,6.33,14
E01006012,5.83,16
E01006009,5.01,15
E01006011,5.41,16
E01006009,5.38,16
E01006011,6.26,16
E01006009,5.34,15
E01006021,5.94,16
E01006021,6.04,17
E01006013,5.8,16
E01006028,6.5,2
E01005294,87.06,17
E01005294,0.91,3
E01005294,72.65,20
E01005292,87.27,17
E01005292,1.03,3
E01005291,79.92,18
E01005291,-1.1,14
E01005294,73.56,20
E01005294,87.02,17
E01005294,1.25,3
E01005294,87.16,17
E01005294,1.4,3
E01005294,73.25,20
E01005291,76.63,19
E01005292,92.27,16
E01005292,1.27,3
E01005290,76.47,19
E01005294,87.06,17
E01005294,1.36,3
E01005294,77.29,19
E01005294,87.21,17
E01005294,1.68,3
E01005317,77.81,19
E01005294,78.19,19
E01005290,92.38,16
E01005290,1.39,3
E01005290,80.7,18
E01005091,92.54,16
E01005091,1.24,3
E01005785,71.45,21
E01005782,74.41,20
E01005782,75.18,20
E01005782,78.9,19
E01005766,107.39,14
E01005822,79.76,18
E01005822,-1.41,3
E01005765,82.03,18
E01005765,1.37,3
E01005820,82.98,18
E01005820,81.9,18
E01005820,1.14,3
E01005820,83.78,18
E01005765,81.68,18
E01005765,0.88,3
E01005820,83.85,18
E01005820,81.1,18
E01005820,0.15,3
E01005820,88.68,17
E01005816,80.24,18
E01005816,-0.26,3
E01005764,94.47,16
E01005822,80,18
E01005822,-1.15,3
E01005818,83.49,18
E01005778,82.25,18
E01005778,1.09,3
E01005778,83.57,18
E01005762,82.52,18
E01005762,1.34,3
E01005781,83.29,18
E01005761,83.06,18
E01005761,82.35,18
E01005761,1.25,3
E01005761,82.21,18
E01005761,0.71,3
E01005821,83.79,18
E01033948,2.45,7
E01033948,2.71,11
E01033948,96.79,15
E01033948,-1.23,2
E01005777,86.12,17
E01005777,0.41,3
E01005777,72.08,21
E01005777,72.17,21
E01005777,86,17
E01005777,0.1,3
E01005785,72.5,21
E01005844,86.71,17
E01005844,0.47,3
E01005849,87.43,17
E01005849,1,3
E01005845,75.02,20
E01005849,86.87,17
E01005849,0.98,3
E01005845,74.59,20
E01005845,86.9,17
E01005845,1.02,3
E01005845,86.71,17
E01005845,0.85,3
E01005845,87.43,17
E01005845,1.34,3
E01005845,77.73,19
E01005844,75.17,20
E01005782,82.37,18
E01005782,0.94,3
E01005782,82.07,18
E01005782,0.74,3
E01033948,81.08,18
E01033948,-1.3,3
E01033948,122.97,12
E01005846,86.23,17
E01005846,0.77,3
E01005846,86.43,17
E01005846,0.42,3
E01005777,75.09,20
E01005785,85.74,17
E01005785,-0.02,3
E01005786,82.25,18
E01005786,1.39,3
E01005846,74.59,20
E01005846,86.8,17
E01005846,0.44,3
E01005777,75.15,20
E01005845,77.48,19
E01005091,-5.49,1
E01005291,-1.34,2
E01005291,-2.22,6
E01005811,-17.48,6
E01005800,63.28,6
E01005800,-12.82,7
E01005798,-8.64,5
E01005800,57.64,7
E01005803,44.11,8
E01005798,-20.19,7
E01005927,38.4,8
E01005927,-17.92,7
E01005928,40.08,6
E01005928,-14.45,5
E01005928,70.08,5
E01005928,21.67,4
E01005927,58.56,5
E01005927,7.41,4
E01005927,41.15,5
E01005927,-13.69,4
E01005807,37.93,7
E01005807,10.84,6
E01005807,21.59,7
E01005807,-2.43,6
E01005807,45.9,6
E01005807,-10.65,6
E01005815,30.05,6
E01005815,4.91,7
E01005806,2.47,7
E01005806,40.65,7
E01005814,41.96,7
E01005814,-1.08,7
E01005814,4.8,7
E01005814,50.09,7
E01005814,51.89,7
E01005814,20.68,5
E01005814,6.11,4
E01005813,5.94,4
E01005813,44.34,5
E01005800,-6.48,5
E01005759,66.23,7
E01005759,-25.52,4
E01005800,42.83,5
E01005800,-20.16,5
E01005799,-19.91,6
E01005799,49.66,6
E01005799,56.6,5
E01005763,-10.54,4
E01005799,54.21,8
E01005763,59.29,6
E01005763,-17.45,7
E01005759,71.51,7
E01005759,-3.57,6
E01005804,58.35,7
E01005760,-18.63,6
E01005760,8.02,4
E01005766,8.38,4
E01005766,6.62,6
E01005807,22.95,7
E01005840,14.91,5
E01005840,1.71,5
E01005838,24.51,6
E01005838,10.51,6
E01005813,40.27,6
E01005813,-2.37,4
E01005811,-6.43,5
E01005811,30.84,5
E01005811,49.24,8
E01005811,-14.86,5
E01005798,57.11,5
E01005813,-5.58,4
E01005813,27.35,7
E01005813,46.5,6
E01005840,27.73,6
E01005840,13.35,5
E01005813,-1.59,5
E01005811,29.36,4
E01005839,19.47,6
E01005874,13.89,7
E01005874,13.92,7
E01033948,27.83,3
E01005766,14.65,6
E01033948,58.98,7
E01033948,27.86,3
E01005811,48.31,8
E01005811,-0.62,7
E01005840,25.54,5
E01005840,10.54,4
E01033948,13.3,7
E01005766,50.18,8
E01005840,7.18,7
E01005840,30.63,6
E01005840,30.4,6
E01005840,16.74,5
E01033948,50.12,6
E01005840,27.55,6
E01005840,12.24,5
E01005805,1.09,4
E01005805,23.97,6
E01005836,27.23,5
E01005840,16.73,5
E01005836,18.83,5
E01005836,23.93,6
E01005841,2.22,7
E01005842,7.99,7
E01005841,26.23,7
E01005842,36.71,7
E01005874,62.44,3
E01005789,13.66,2
E01005789,13.82,2
E01005789,13.27,2
E01005795,28.74,3
E01005923,30.63,3
E01005923,31.5,3
E01005931,32.77,3
E01005923,34.06,3
E01005924,40.09,3
E01005848,19.42,3
E01005848,18.93,3
E01005811,1.07,2
E01005930,0.22,2
E01005930,52.52,2
E01005930,41.78,3
E01005930,-9.19,3
E01005930,-8.03,3
E01005810,40.47,3
E01005925,39.47,3
E01005930,-7.53,3
E01005924,45.48,2
E01005924,5.76,1
E01005924,47.34,3
E01005924,-8.64,2
E01005930,10.61,2
E01005792,12.12,2
E01005792,12.58,2
E01005791,12.92,2
E01005930,5.07,2
E01005789,13.9,2
E01005797,78.79,3
E01005797,55.4,3
E01005797,-14.9,3
E01005800,65.8,2
E01005800,-24.84,2
E01005798,2.39,3
E01005800,42.12,2
E01005803,64.35,3
E01005798,0.17,3
E01005811,47.78,2
E01005927,-8.5,2
E01005812,63.82,3
E01005930,5.49,3
E01005812,61.8,3
E01005812,45.77,3
E01005812,-0.1,2
E01005798,67.33,2
E01005798,1.33,2
E01005798,64.86,2
E01005811,45.57,2
E01033948,78.38,2
E01005796,14.25,2
E01033948,14.03,1
E01005777,7.98,2
E01005777,9.93,2
E01005844,11.51,2
E01005849,10.08,3
E01005849,8.77,3
E01005845,10.16,3
E01005786,13.16,2
E01005793,24.43,3
E01005793,23.27,3
E01005795,26.32,3
E01005766,7.23,3
E01005874,-16.84,3
E01033948,7.27,1
E01033948,91.53,1
E01005877,61.79,3
E01005846,9.86,2
E01005846,8.98,2
E01005785,11.36,2
E01005846,10.84,2
E01005850,12.12,3
E01005850,13.23,3
E01005850,14.33,3
E01005850,15.55,3
E01005848,16.72,3
E01005874,90.65,1
E01005785,16.05,3
E01005786,15.97,3
E01005789,15.98,3
E01005796,16.49,3
E01005789,17.29,3
E01005792,17.39,3
E01005848,10.57,3
E01005795,9.39,3
E01005795,5.1,4
E01005795,3.13,4
E01005923,1.69,4
E01005931,0.16,4
E01005848,11.17,3
E01005811,-4.26,4
E01005924,37.67,4
E01005924,-2.74,3
E01005924,21.87,3
E01005924,-2.03,3
E01005931,31.97,3
E01005930,23.92,3
E01005930,19.2,3
E01005792,18.59,3
E01005792,18.07,3
E01005797,74.02,3
E01005797,39.14,2
E01005797,-7.9,2
E01005800,72.24,2
E01005800,-15.34,3
E01005798,-15.02,3
E01005800,58.48,3
E01005803,36.39,2
E01005798,-17.21,3
E01005811,61.84,2
E01005927,5.68,2
E01005812,37.65,3
E01005930,-20.48,3
E01005812,33.05,3
E01005812,22.85,3
E01005812,6.84,2
E01005798,53.35,2
E01005798,-11.7,2
E01005798,71.38,2
E01005811,63.16,2
E01005923,-1.07,4
E01033948,23.77,1
E01033948,1.98,1
E01005810,21.3,3
E01005924,23.01,3
E01005924,-18.35,3
E01005930,-7.5,3
E01005810,-8.52,3
E01005810,-25.38,3
E01005808,-28.63,3
E01005808,22.73,3
E01005810,36.11,3
E01005810,32.74,3
E01005777,15.8,3
E01005777,16.44,3
E01005785,16.29,3
E01005845,10.4,4
E01005845,10.03,4
E01005844,10.05,4
E01005793,8.98,3
E01005793,8.53,3
E01005795,9.07,3
E01005766,6.91,2
E01005874,-21.04,3
E01033948,-50.8,2
E01033948,1.67,1
E01005877,30.54,3
E01005777,15.49,3
E01005846,11.29,4
E01005777,11.72,4
E01005849,13.24,3
E01005847,12.69,3
E01005850,12.44,3
E01005850,12.06,3
E01005850,11.69,3
E01005874,6,13
E01005876,7.97,15
E01033947,11.82,17
E01005750,8.59,16
E01033948,5.01,5
E01005766,6.67,13
E01005874,7.4,13
E01005874,6.23,13
E01005824,7.62,14
E01005835,9.47,14
E01005835,8.45,13
E01005835,8.82,14
E01005833,8.84,14
E01005833,8.87,14
E01005832,8.47,13
E01033948,5.5,13
E01033947,12.29,16
E01033947,12.38,16
E01005917,12.26,16
E01005824,6.77,15
E01005871,7.07,15
E01005911,10.17,16
E01005911,9.87,16
E01005910,9.79,16
E01005910,9.75,16
E01005885,9.95,16
E01005909,10.02,16
E01005885,9.61,16
E01005883,9.89,16
E01005885,9.23,16
E01005883,10.27,16
E01005880,9.8,17
E01005880,11.09,16
E01005898,10.23,16
E01005898,9.91,16
E01005897,8.43,15
E01005898,8.37,15
E01005904,7.45,15
E01005904,7.81,15
E01005904,6.79,15
E01005899,6.18,15
E01005900,7.26,15
E01005899,7.08,16
E01005884,9.82,15
E01005902,7.71,16
E01005902,7.21,16
E01005905,7.08,16
E01005905,7.89,17
E01005751,8.43,17
E01005744,8.38,17
E01005751,8.58,16
E01005743,8.25,16
E01005750,7.98,16
E01005757,3.52,9
E01033948,5.48,14
E01005757,8.71,14
E01005757,9.81,15
E01033947,12.77,16
E01033947,12.5,16
E01005822,83.43,1
E01005822,6.45,1
E01005824,4.12,16
E01005876,4.64,16
E01033947,3.25,14
E01005750,4.06,9
E01005824,4.76,16
E01033948,-2.61,8
E01005877,4.59,17
E01005874,4.63,17
E01005874,4.1,17
E01005871,4.66,16
E01005824,4.33,16
E01005835,4.65,16
E01005835,5.06,16
E01005835,5.41,16
E01005835,5.41,16
E01005833,4.64,16
E01005832,5.21,16
E01005832,4.98,16
E01005902,4.97,14
E01033947,3.27,14
E01033948,4.98,15
E01005918,2.57,13
E01005884,6.05,16
E01005884,6.2,16
E01005884,6.38,16
E01005884,6.14,16
E01005882,6.54,16
E01005879,6.2,16
E01005909,6.2,15
E01005885,5.93,15
E01005883,5.93,16
E01005883,6.19,16
E01005909,4.93,17
E01005883,4.95,17
E01005880,4.67,17
E01005880,4.1,13
E01005898,3.61,13
E01005898,4.34,14
E01005898,5.38,14
E01005897,5.02,14
E01005904,5.39,14
E01005904,4.8,14
E01005904,4.96,15
E01005904,4.67,14
E01005899,5.06,13
E01005899,3.93,13
E01005884,5.21,16
E01005905,4.01,12
E01005905,4.93,14
E01005751,4.44,14
E01005744,3.97,14
E01005751,2.94,8
E01005743,2.11,8
E01005750,3.28,8
E01005757,4.67,9
E01005874,4.67,17
E01033948,4.39,17
E01033947,2.77,15
E01005757,3.07,12
E01005757,3.05,13
E01005757,2.94,13
E01033947,2.94,14
E01005874,4.34,17
E01005822,5.08,1
E01006369,23.92,1
E01006369,22.46,1
E01006362,19.69,1
E01006349,24.86,2
E01006349,25.26,1
E01006349,24.84,2
E01006352,25.13,2
E01006351,26.27,1
E01006351,25.5,2
E01006351,25.92,1
E01006353,25.02,2
E01006353,25.55,1
E01006354,24.58,1
E01006354,26.02,2
E01006359,25.58,1
E01006359,25.75,2
E01006359,25.85,2
E01006359,24.19,1
E01006358,23.88,1
E01006399,23.5,1
E01006363,23.42,2
E01006358,26.39,2
E01006358,24.33,1
E01006358,24.96,2
E01006399,24.88,2
E01006399,24.34,1
E01006399,23.92,2
E01006399,23.86,1
E01006363,19.29,1
E01006362,23.71,1
E01006349,24.89,2
E01006349,25.28,1
E01006362,23.25,1
E01006349,24.33,2
E01006349,24.45,1
E01006349,24.86,1
E01006362,19.31,1
E01006362,22.5,1
E01033674,2.32,8
E01033674,1.47,5
E01033674,3.13,16
E01033658,10.09,1
E01033658,2.62,4
E01033658,2,2
E01033674,1.76,10
E01033674,0.77,5
E01005036,3.91,12
E01005036,0.44,5
E01005034,3.72,12
E01005034,-0.03,5
E01005034,3.37,11
E01005647,5.21,13
E01005044,2.94,11
E01005044,-0.2,5
E01005036,4.28,13
E01005648,2.21,11
E01005648,-0.16,5
E01005612,6.2,14
E01005612,5.56,16
E01005612,0.1,10
E01005612,-2.65,5
E01005615,1.73,10
E01005615,0.42,5
E01005647,6.52,14
E01033664,-1.74,2
E01033664,1.84,1
E01005315,2.5,12
E01005318,3.77,13
E01005318,3.42,12
E01033653,0.88,6
E01033653,1.72,2
E01033653,0.7,8
E01033653,2.86,5
E01005294,5.46,13
E01005294,3.65,14
E01033662,0.29,10
E01033662,3.67,11
E01033677,0.57,10
E01033662,2.8,8
E01034117,1.97,15
E01034117,3.22,11
E01034117,2.91,11
E01034117,1.83,15
E01005292,5.22,13
E01005318,5.37,14
E01005318,3.41,12
E01005318,5.65,13
E01005318,2.93,13
E01005317,2.97,13
E01005317,5.54,13
E01033662,3.63,11
E01005314,3.37,12
E01005291,3.06,14
E01005291,3.2,14
E01005294,3.66,14
E01005294,5.34,13
E01005294,5.13,13
E01005294,3.37,14
E01005291,3.53,14
E01005292,5.09,13
E01005290,3.24,14
E01005316,3.72,12
E01005316,2.34,12
E01005264,2.47,12
E01005264,2.11,14
E01005269,2.99,12
E01005269,3.07,12
E01005263,2.14,14
E01005263,2.56,12
E01005269,2.69,14
E01005263,2.82,12
E01005315,3.43,13
E01005315,2.08,6
E01005085,2.44,14
E01005085,2.71,12
E01005087,2.92,14
E01005086,1.96,10
E01005315,4.22,9
E01005316,2.54,12
E01005315,2.03,12
E01005315,3.73,12
E01033653,0.16,8
E01005212,3.58,11
E01005085,1.92,14
E01005085,1.48,10
E01005212,0.69,14
E01005212,3.12,11
E01034118,2.24,16
E01005181,3.78,14
E01005178,4.17,12
E01005182,3.92,12
E01005182,3.36,14
E01034123,2.99,14
E01034123,2.73,12
E01034123,3.35,14
E01005246,2.91,12
E01005245,2.94,11
E01005208,2.46,15
E01005208,2.27,11
E01005210,3.72,10
E01005210,3.61,11
E01005210,1.32,15
E01005183,2.57,14
E01005279,4.45,12
E01005084,2.14,14
E01005083,2.58,11
E01033670,1.88,14
E01005272,1.76,14
E01033670,3.5,10
E01005272,2.73,14
E01005272,3.43,10
E01005272,1.78,14
E01005279,3.65,10
E01005077,2.31,11
E01005267,2.84,11
E01005077,2.31,14
E01005077,2.48,14
E01005084,1.6,14
E01005084,2.24,10
E01005079,2.68,10
E01005290,5.31,13
E01005290,3.19,14
E01005091,5.52,13
E01005269,2.31,14
E01005264,2.81,14
E01005264,2.15,12
E01005269,2.48,14
E01005263,2.37,14
E01005086,1.86,14
E01005295,1.87,11
E01005295,2.63,14
E01005087,2.33,12
E01005085,2.58,12
E01005087,2.16,12
E01005087,3.36,14
E01005088,2.15,13
E01005088,3.09,14
E01005091,3.39,14
E01005091,3.46,15
E01005091,3.15,14
E01005091,3.31,14
E01005091,3.49,14
E01005091,3.14,14
E01005291,3.67,13
E01005291,3.58,14
E01005291,3.09,14
E01005091,3.36,14
E01005291,2.89,14
E01005291,3.66,12
E01005088,6.49,1
E01005087,6.3,1
E01005088,6.68,1
E01005091,7.05,1
E01005073,5.56,1
E01005071,5.49,1
E01005072,5.99,1
E01005072,5.11,1
E01005295,22.78,1
E01005085,17.69,1
E01005085,21.45,1
E01005085,22.33,1
E01005770,22.98,1
E01005295,21.98,1
E01005114,14.54,1
E01005113,14.78,1
E01005112,15.49,1
E01005112,14.3,1
E01005117,13.49,1
E01005117,14.25,1
E01005117,13.48,1
E01005112,15.53,1
E01005916,31.86,1
E01005863,31.53,1
E01005772,29.87,1
E01005917,31.26,1
E01005768,28.53,1
E01005768,27.77,1
E01005768,26.08,1
E01005917,31.25,1
E01005917,30.92,1
E01005917,31.92,1
E01005856,29.73,1
E01005854,31.3,1
E01005854,29.98,1
E01005855,29.38,1
E01005866,31.32,1
E01005866,31.33,1
E01005859,30.95,1
E01005859,29.59,1
E01005859,29.93,1
E01006205,11.05,1
E01006204,12.93,1
E01006205,11,1
E01006192,10.62,1
E01006205,10.79,1
E01006192,10.42,1
E01006204,12.71,1
E01006192,10.52,1
E01006089,2.35,1
E01006091,0.95,1
E01006089,1.88,1
E01006140,0.4,1
E01006208,-1.41,1
E01006206,-1.93,1
E01006080,2.63,1
E01006075,2.4,1
E01006079,1.93,1
E01006204,-1.3,1
E01006083,1.63,1
E01006134,0.02,1
E01006091,1.94,1
E01006096,0.65,1
E01006089,2.8,1
E01006204,-1.14,1
E01006204,-1.93,1
E01006190,-1.16,1
E01006190,-1.36,1
E01006195,-1.05,1
E01006096,0.75,1
E01006096,0.8,1
E01006091,0.9,1
E01006174,7.27,1
E01006174,7.91,1
E01006099,6.94,1
E01006099,7.38,1
E01006098,7.16,1
E01006177,7.15,1
E01006153,8.85,1
E01006168,9.64,1
E01006168,9.34,1
E01006094,7.89,1
E01006153,7.71,1
E01006153,8.23,1
E01006140,1.51,1
E01006135,3.13,1
E01006140,2.77,1
E01006083,2.21,1
E01006139,2.5,1
E01006083,1.82,1
E01006088,2.42,1
E01006088,2.13,1
E01005216,1.84,1
E01005221,2.17,1
E01005219,1.73,1
E01005219,-0.24,1
E01005218,-3.33,1
E01034128,-2.94,1
E01034128,-3.71,1
E01005216,1.85,1
E01005122,1.58,1
E01005122,1.08,1
E01005119,0.63,1
E01034128,-4.56,1
E01005185,-2.65,1
E01005185,-2.96,1
E01005184,-4.25,1
E01005184,-4.25,1
E01005264,-1.92,1
E01005269,-1.32,1
E01005269,-1.41,1
E01005268,-0.98,1
E01005268,-1.34,1
E01005182,-3.98,1
E01005182,-4.48,1
E01006136,-1.22,1
E01006136,-0.58,1
E01006137,-1.04,1
E01005769,3.69,7
E01005773,4.04,7
E01005776,4.24,7
E01005774,4.5,7
E01005799,6.15,7
E01005763,6.75,7
E01005759,6.35,7
E01005821,4.05,7
E01005821,4.49,7
E01005818,5.16,7
E01005818,4.75,7
E01005816,-20.11,3
E01005764,-16.75,5
E01005764,20.5,7
E01005764,1.52,5
E01005764,7.47,6
E01005764,-14.37,4
E01005764,14.99,7
E01005764,-5.93,5
E01005759,-8.72,5
E01005764,-10.91,4
E01005763,6.76,7
E01005764,7.39,6
E01005766,24.06,7
E01005764,-1.24,4
E01005819,4.81,7
E01005761,6.26,7
E01005782,5.56,7
E01005759,10.04,7
E01005774,5.46,7
E01005769,5.39,7
E01005782,6.31,7
E01005781,5.95,7
E01005781,5.28,7
E01005780,5.62,7
E01005779,5.45,7
E01005778,5.26,7
E01005778,5.32,7
E01005816,6.1,5
E01005823,5.97,5
E01005784,5.23,7
E01005784,5.12,7
E01005817,5.84,5
E01005820,5.87,5
E01005822,26.73,5
E01005822,-12.25,5
E01005822,22.45,7
E01005822,-6.93,4
E01005875,-6.53,3
E01005870,34.3,2
E01005872,-43.48,2
E01033947,4.38,2
E01033947,8.07,3
E01033947,6.36,3
E01005831,12.2,3
E01033947,2.55,2
E01033948,-5.5,2
E01033948,-19.51,2
E01005832,7.02,2
E01005832,6.61,2
E01005832,34.26,2
E01005832,24.84,2
E01005875,4.41,2
E01005875,42.44,2
E01005873,-5.16,2
E01005873,30.27,2
E01005873,6.62,1
E01005873,22.44,3
E01005873,39.63,1
E01005873,0.51,3
E01005834,12.89,3
E01005833,29.48,3
E01005831,28.7,3
E01005829,22.25,3
E01005829,5.63,3
E01005831,21.89,3
E01005801,12.96,3
E01005827,8.38,2
E01005826,30.49,2
E01005826,30.4,3
E01005827,7.59,3
E01033947,-1.06,3
E01005838,7.92,3
E01005831,6.56,3
E01005840,12.51,3
E01005838,12.92,3
E01005801,17.65,3
E01005831,17.72,3
E01005840,11.55,3
E01005836,10.93,3
E01005841,11.39,3
E01005837,11.39,3
E01005836,11.93,3
E01005836,12.21,3
E01005834,12.48,3
E01005838,13.16,3
E01033947,53.73,3
E01005870,7.87,3
E01005870,7.94,3
E01005870,46.13,1
E01005871,-20.85,3
E01005871,20.2,3
E01033947,8.03,3
E01004831,-7.23,1
E01004831,-6.86,1
E01004831,-7.41,1
E01004831,-7.13,1
E01004929,1.91,1
E01004893,-5.15,1
E01004935,-8.65,1
E01004895,-7.24,1
E01004790,1.92,1
E01004848,-2.77,1
E01004892,-8.13,1
E01004830,-5.58,1
E01004829,-6.17,1
E01004829,-5.55,1
E01004854,-5.03,1
E01004851,-3.71,1
E01004927,0.16,1
E01033220,-0.79,1
E01004927,0.37,1
E01004928,0.8,1
E01033220,-0.51,1
E01004790,1.74,1
E01004939,-6.84,1
E01004938,-7.11,1
E01004939,-6.63,1
E01004939,-6.88,1
E01004939,-6.49,1
E01004938,-7.7,1
E01004892,-7.88,1
E01004892,-8.48,1
E01004892,-8.06,1
E01004892,-8.77,1
E01004892,-6.54,1
E01004891,-6.65,1
E01004891,-3.62,1
E01004893,-4.39,1
E01004893,-5.31,1
E01004894,-6.74,1
E01004892,-7.48,1
E01004892,-7.02,1
E01004899,-7.52,1
E01004900,-6.8,1
E01004895,-7.91,1
E01004894,-8.05,1
E01004895,-7.87,1
E01004935,-8.28,1
E01004935,-8.31,1
E01004935,-8.82,1
E01004933,-8.2,1
E01004934,-9.38,1
E01004934,-10.86,1
E01004929,2,1
E01004779,2.48,1
E01004890,2.38,1
E01004883,0.95,1
E01004882,1.68,1
E01004837,2.69,1
E01004844,2.2,1
E01004844,2.77,1
E01004844,2.28,1
E01004775,2.62,1
E01004775,2,1
E01004775,2.23,1
E01004885,1.62,1
E01004885,0.83,1
E01004927,2.04,1
E01004927,1.3,1
E01004928,1.75,1
E01004890,2.6,1
E01004890,2.27,1
E01004881,2.15,1
E01004777,2.72,1
E01004886,1.35,1
E01004887,1.41,1
E01004781,1.39,1
E01004886,2.01,1
E01004883,1.44,1
E01004882,0.64,1
E01033658,7.66,4
E01033658,10.14,3
E01033658,1.47,5
E01005034,6.82,2
E01005036,14.48,7
E01005033,11.86,8
E01005033,8.93,8
E01005033,8.55,8
E01005647,8.81,8
E01005044,11.92,8
E01005033,11.57,8
E01005033,11.95,8
E01005045,14.35,7
E01005036,14.32,7
E01005036,9.86,5
E01005036,10.58,7
E01005036,9.62,8
E01005033,9.21,8
E01032909,9.98,5
E01032909,3.54,8
E01033988,10.9,5
E01033987,4.8,8
E01005647,9.48,8
E01005650,11.03,8
E01033989,5.08,8
E01033989,10.74,6
E01005650,8.38,7
E01005615,6.74,7
E01005615,8.7,7
E01005611,6.51,7
E01005611,8.82,7
E01005611,8.24,7
E01005611,5.93,7
E01033985,8.55,7
E01033985,5.79,8
E01033985,8.08,7
E01033330,5.36,8
E01033330,9.69,6
E01033330,4.81,8
E01033330,10.33,6
E01033330,4.92,8
E01005649,11.08,8
E01005648,11.71,8
E01005612,8.62,8
E01005615,10.88,8
E01005650,8.49,8
E01005647,9.51,8
E01005650,8.52,8
E01034119,0.41,36
E01034128,1.69,36
E01005280,1.08,36
E01005280,0.82,36
E01005281,0.65,36
E01005287,0.46,36
E01005236,0.72,35
E01005231,0.78,35
E01005231,0.61,35
E01033653,-0.51,39
E01005128,0.1,38
E01005128,-1.09,37
E01034115,0.21,38
E01034115,0.09,38
E01034119,0.04,38
E01005284,0.74,36
E01005284,0.17,36
E01005286,0.76,39
E01005236,0.05,39
E01005286,-0.41,39
E01005287,0.13,38
E01005280,-0.2,40
E01005231,1.35,35
E01005171,2.12,19
E01005171,-0.22,28
E01005168,-0.21,39
E01005168,1.56,19
E01005126,1.3,19
E01005168,-0.1,42
E01005126,1.36,19
E01005126,0.33,42
E01005125,0.7,19
E01005125,-0.13,42
E01005121,1.61,31
E01005121,0.1,40
E01005121,1.72,34
E01005121,0,41
E01005311,0.22,41
E01005118,1.34,34
E01005217,1.05,35
E01005218,-0.47,41
E01034128,0.2,35
E01034128,0.19,41
E01033658,-1.92,36
E01033658,1.22,34
E01033990,1.46,35
E01032914,0.6,9
E01005723,0.62,31
E01032914,0.91,15
E01032914,0.7,34
E01032914,0.3,33
E01032914,1.5,28
E01005654,1.16,34
E01005654,0.69,35
E01033989,-1.7,37
E01033998,0.21,8
E01033989,1.24,35
E01032914,1.62,16
E01033998,1.7,2
E01032914,0.65,35
E01033995,1.17,1
E01005723,1.05,35
E01005682,0.34,36
E01033995,-1.09,7
E01032914,0.95,35
E01033991,0.19,35
E01033991,-0.32,36
E01005723,0.88,33
E01005656,1.18,34
E01005654,1.08,33
E01005682,0.57,34
E01033991,1.37,35
E01032906,-1.2,37
E01033991,-0.28,35
E01033991,1.01,35
E01033991,0.09,35
E01033991,1.19,36
E01005682,0.19,36
E01005610,0.66,36
E01005681,0.64,35
E01005212,0.42,34
E01033653,0.66,34
E01033662,0.38,34
E01033653,0.88,34
E01033677,0.43,31
E01033658,-0.93,29
E01033658,-1.35,32
E01005171,1.92,12
E01033658,0.28,39
E01034115,0.83,34
E01034119,0.98,35
E01034115,0.94,35
E01034115,1.06,35
E01034115,1.05,34
E01033653,0.62,34
E01033658,0.86,34
E01033677,0.25,35
E01005489,-0.48,18
E01005489,-0.31,18
E01005495,4.71,19
E01005482,4.21,19
E01005486,-0.41,8
E01005482,4.52,19
E01005486,-0.84,12
E01005580,4.83,19
E01005495,-0.41,18
E01005495,4.74,19
E01005482,2.14,8
E01005494,-0.51,18
E01005494,4.78,19
E01005494,-0.25,18
E01005489,4.61,19
E01005491,0.14,18
E01005491,4.85,19
E01005491,0.45,18
E01005491,4.37,19
E01005491,0.39,18
E01005491,3.85,19
E01005492,0.67,18
E01005492,4.13,19
E01004981,4.79,4
E01005015,4.49,4
E01005015,6.85,3
E01005015,4.07,4
E01005015,6.39,3
E01005015,4.44,4
E01005015,7.03,3
E01005015,3.64,4
E01005015,6.63,3
E01005015,4.08,4
E01005015,7.01,3
E01005017,3.78,4
E01005017,6.41,3
E01005017,4.51,4
E01005022,6.3,3
E01005017,4.47,4
E01005022,3.9,4
E01005022,6.17,3
E01005022,4.29,4
E01004981,6.49,3
E01004981,6.11,3
E01004981,4.39,4
E01004981,3.65,4
E01005024,5.35,2
E01005024,5.59,2
E01004980,3.33,3
E01005024,5.55,2
E01004976,4.41,4
E01004981,6.03,3
E01004981,3.95,4
E01004981,5.91,3
E01004976,5.9,3
E01004977,5.36,3
E01004978,2.18,3
E01004978,5.52,2
E01004978,2.36,3
E01004978,2.12,3
E01004978,5.74,2
E01004980,3.13,3
E01004980,5.11,2
E01004979,5.28,2
E01004979,2.2,3
E01004981,6.82,3
E01004981,4.71,6
E01005015,3.93,6
E01005015,3.47,3
E01005015,3.42,2
E01005015,3.62,6
E01005015,3,3
E01005015,2.66,2
E01005015,4.07,6
E01005015,3.7,3
E01005015,3.34,2
E01005015,3.41,6
E01005015,3.25,3
E01005015,2.78,2
E01005015,3.94,6
E01005015,3.59,3
E01005015,3.05,2
E01005017,3.6,6
E01005017,3.01,3
E01005017,2.37,2
E01005017,4.31,6
E01005022,2.68,3
E01005022,2.93,2
E01005017,4.1,6
E01005022,4.15,6
E01005022,2.95,3
E01005022,2.62,2
E01005022,4.16,6
E01004981,3.17,3
E01004981,2.81,2
E01004981,2.96,3
E01004981,2.32,2
E01004981,4.34,6
E01004981,3.71,6
E01005024,2.01,3
E01005024,2.14,2
E01005024,3.91,6
E01005024,3.86,6
E01005024,1.89,3
E01005024,2.15,2
E01004980,4.92,6
E01005024,4.82,2
E01005024,2.54,2
E01005024,3.65,6
E01004976,5.04,6
E01004981,2.99,3
E01004981,2.13,2
E01004981,4.75,6
E01004981,2.7,3
E01004981,1.9,2
E01004976,2.65,3
E01004976,2.56,2
E01004977,2.09,3
E01004977,1.99,2
E01004978,4.8,6
E01004978,2.01,3
E01004978,1.56,2
E01004978,5.11,6
E01004978,4.6,6
E01004978,1.96,3
E01004978,1.9,2
E01004980,5.01,6
E01004980,2.28,4
E01004980,1.37,2
E01004979,2.67,4
E01004979,1.84,2
E01004979,4.58,6
E01004981,3.58,3
E01004981,2.12,2
E01005328,8.36,6
E01005338,4.54,2
E01005338,9.63,3
E01005338,9.23,5
E01005333,6.34,2
E01005333,12.37,3
E01005329,8.45,4
E01005535,7.68,2
E01005338,8.09,6
E01005340,10.27,5
E01005323,3.02,6
E01005323,8.25,2
E01005323,14.42,4
E01005324,8.68,2
E01005324,15.22,3
E01005324,2.28,6
E01005324,2.81,6
E01005323,2.64,6
E01005323,2.87,6
E01005436,5.4,2
E01005436,11.71,3
E01005436,5.23,5
E01005462,5.93,5
E01005461,5.59,2
E01005461,12.14,3
E01005461,5.79,5
E01034233,6.02,2
E01034233,12.03,3
E01034233,6.28,5
E01034232,6.91,6
E01034232,6.42,2
E01034232,12.46,3
E01034232,7.96,6
E01005328,5.46,2
E01005328,11.09,3
E01005328,5.91,2
E01005328,10.9,3
E01005328,7.82,6
E01005535,7.69,2
E01005535,2.49,2
E01005325,8.38,2
E01005325,14.87,3
E01005328,5.52,2
E01005328,10.35,3
E01005322,3.76,5
E01005535,1.49,2
E01005328,5.88,2
E01005328,10.62,3
E01005535,6.69,2
E01005535,13.24,2
E01005328,8.59,6
E01005328,5.3,2
E01005328,10.55,3
E01005436,5.27,5
E01005436,6.36,2
E01005436,13,3
E01005322,3.5,5
E01005322,7.93,2
E01005322,14.41,3
E01005320,8.17,2
E01005320,14.78,3
E01005320,3.33,6
E01005325,3.74,6
E01005325,8.17,2
E01005325,15.51,3
E01005325,3.17,6
E01005324,8.9,2
E01005324,15.23,3
E01005324,2.16,6
E01005323,8.63,2
E01005323,14.75,4
E01005323,2.93,6
E01005323,8.17,2
E01005323,15.25,4
E01005323,8.59,2
E01005323,15.67,4
E01005324,8.95,2
E01005324,16.08,4
E01005438,7.71,2
E01005438,13.74,3
E01005438,4.4,5
E01005324,2.21,6
E01005323,8.48,2
E01005323,14.83,4
E01005323,7.87,2
E01005323,15.47,4
E01005323,2.51,6
E01005323,3.17,6
E01005323,7.41,2
E01005323,14.04,4
E01005323,3.03,6
E01005323,7.5,2
E01005323,14.14,4
E01005440,3.39,6
E01005440,7.9,2
E01005440,13.55,4
E01005338,8.37,6
E01005542,8.22,4
E01005329,6.17,2
E01005329,12.09,3
E01005336,9.66,5
E01005336,8.24,4
E01005542,6.96,2
E01005542,12.69,3
E01005329,7.11,4
E01005335,5.03,2
E01005335,11.05,3
E01005339,8.62,4
E01005335,8.51,4
E01005336,8.39,4
E01005339,7.57,4
E01005338,5.66,2
E01005338,10.64,3
E01005338,5.74,2
E01005338,10.71,3
E01005339,5.62,2
E01005339,11.08,3
E01005336,4.63,2
E01005336,10.9,3
E01005336,9.32,5
E01005336,5.22,2
E01005336,11.08,3
E01005336,4.58,2
E01005336,10.74,3
E01005336,3.91,2
E01005336,10.27,3
E01005336,8.36,4
E01005336,4.16,2
E01005336,10.73,3
E01005339,5.02,2
E01005339,10.47,3
E01005328,8.57,6
E01005338,8.02,6
E01005328,6.28,2
E01005328,10.77,3
E01005935,5.13,2
E01005935,10.21,4
E01005949,7.74,2
E01005933,4.02,7
E01005934,4.61,7
E01005955,4.1,6
E01005955,4.15,2
E01005955,9.4,4
E01005933,4.9,2
E01005933,9.88,4
E01005933,5.51,2
E01005933,10.51,4
E01005933,3.85,7
E01005935,3.51,7
E01005935,4.72,2
E01005935,9.79,4
E01005948,4.17,1
E01005954,6.88,2
E01005954,12.63,4
E01005954,4.22,6
E01005954,3.82,6
E01005954,6.62,2
E01005954,13.28,4
E01005955,4.72,2
E01005955,9.79,4
E01005955,4.12,2
E01005955,9.27,4
E01005960,4.15,7
E01005948,2.8,4
E01005946,3.05,7
E01005946,0.47,1
E01005946,9.08,3
E01005946,2.9,7
E01005946,5.04,2
E01005946,10.51,4
E01005935,4.75,2
E01005935,10.14,4
E01005935,3.03,7
E01005946,5.42,2
E01005946,10.68,4
E01005946,3.22,7
E01005955,4.1,7
E01005955,4.31,6
E01005955,4.46,2
E01005955,10.81,4
E01005954,4.09,7
E01005954,4.82,7
E01005954,7,2
E01005954,13.34,4
E01005954,4.45,2
E01005954,10.62,4
E01005955,3.17,7
E01005955,5.54,2
E01005955,11.88,4
E01005955,3.9,2
E01005955,8.72,4
E01005541,11.78,3
E01005533,8.59,5
E01005535,2.49,2
E01005535,12.5,3
E01005535,12.61,3
E01005541,13.16,2
E01005540,12.66,2
E01005541,11.89,3
E01005542,11.69,3
E01005534,11.6,3
E01005541,2.06,2
E01005541,12.68,2
E01005541,6.64,2
E01005540,7.04,2
E01005541,2.66,2
E01005542,3.06,2
E01005541,6.06,2
E01005533,6.11,3
E01005533,13.48,2
E01005533,9.32,5
E01005533,5.39,3
E01005533,13.06,2
E01005533,1.03,1
E01005533,5.03,3
E01005533,14.17,2
E01005534,13.52,2
E01005542,13.3,2
E01005534,12.01,3
E01005534,13.48,2
E01005753,9.31,1
E01005753,0.31,1
E01006210,2.24,1
E01006100,3.23,1
E01006151,2.94,1
E01006150,2.81,1
E01006149,3.61,1
E01006149,2.51,1
E01006165,2.8,1
E01006154,3.87,1
E01006172,3.18,1
E01006166,2.59,1
E01006166,3.49,1
E01006167,2.82,1
E01006168,2.51,1
E01006168,3.21,1
E01006168,2.63,1
E01006168,2.26,1
E01006153,3.23,1
E01006148,3.8,1
E01006170,2.64,1
E01006172,2.77,1
E01006172,2.39,1
E01006154,3.29,1
E01006170,3.55,1
E01006147,4.44,1
E01006148,4.05,1
E01006170,3.48,1
E01006169,3.29,1
E01006153,3.92,1
E01006094,3.39,1
E01006097,3.55,1
E01006140,4.33,1
E01006208,2.49,1
E01006206,3.08,1
E01006170,3.15,1
E01006083,3.52,1
E01006097,3.25,1
E01006100,3.43,1
E01006099,3.39,1
E01006098,3.13,1
E01006097,3.78,1
E01006097,3.58,1
E01006099,3.19,1
E01006099,3.91,1
E01006210,2.91,1
E01006210,2.59,1
E01006098,3.6,1
E01006098,3.7,1
E01005151,14.6,1
E01006203,11.18,1
E01006184,14.04,1
E01006184,13.72,1
E01006184,13.02,1
E01006200,12.66,1
E01006200,12.22,1
E01006200,11.96,1
E01006202,12.43,1
E01006201,11.13,1
E01006184,14.11,1
E01006184,14.17,1
E01006132,9.81,1
E01006203,11.39,1
E01006129,10.62,1
E01006133,9.98,1
E01006131,9.81,1
E01006131,10.56,1
E01006116,7.99,1
E01006123,8.22,1
E01006123,7.92,1
E01006124,9.26,1
E01006125,9.61,1
E01006131,9.7,1
E01006131,10.83,1
E01006131,10.47,1
E01006126,10.03,1
E01006143,12.35,1
E01006143,11.74,1
E01006142,14.25,1
E01006075,3.73,1
E01006089,4.42,10
E01006131,7.65,10
E01006131,5.81,10
E01006131,6.89,10
E01006126,5.22,10
E01006131,6.21,10
E01006131,5.92,10
E01006131,7.34,10
E01006124,5.94,10
E01006130,5.68,10
E01006130,7.5,10
E01006124,7.26,10
E01006124,6.11,10
E01006124,7.17,10
E01006123,6.23,10
E01006123,7.22,10
E01006123,6.24,10
E01006118,7.91,9
E01006120,6.13,10
E01006197,7.86,9
E01006116,8.06,9
E01006121,8.68,8
E01006132,5.78,10
E01006132,7.51,10
E01006132,6.35,10
E01006132,7.59,10
E01006104,5.16,9
E01006121,3.06,1
E01006116,6.79,6
E01006131,7.46,10
E01006091,5.9,9
E01006089,5.8,8
E01006080,3.62,9
E01006078,5.83,8
E01006080,3.52,9
E01006080,5.67,8
E01006080,2.7,7
E01006131,5.46,10
E01006087,6.62,11
E01006126,7.47,10
E01006120,5.68,10
E01006120,7.78,9
E01006087,3.87,7
E01006107,7.02,10
E01006091,5.48,8
E01006092,5.48,8
E01006092,4.98,8
E01006091,4.82,8
E01006091,4.28,8
E01006087,4.31,7
E01006105,3.76,9
E01006104,4.36,9
E01006104,8.36,11
E01006106,4.19,9
E01006106,7.79,11
E01006106,4.23,9
E01006106,7.05,11
E01006106,4.39,10
E01006106,7.28,11
E01006106,4.92,10
E01006106,7.35,11
E01006108,4.31,9
E01006108,6.61,11
E01006104,1.29,8
E01006104,5.99,11
E01006104,5.47,8
E01006107,6.18,9
E01006107,5.46,9
E01006107,5.25,9
E01006107,6.9,10
E01006107,6.72,10
E01006107,6.59,10
E01006107,6.07,10
E01006107,6.06,10
E01006107,6.1,10
E01006107,5.08,10
E01006107,5.72,10
E01006107,5.39,10
E01006107,5.28,10
E01006107,5.98,10
E01006107,6.22,11
E01006104,5.53,11
E01006104,5.3,11
E01006104,6.89,11
E01006105,7.48,11
E01006105,9.27,11
E01006105,4.22,5
E01006087,7.93,11
E01006087,7.86,11
E01006091,4.77,11
E01006091,5.2,11
E01006092,4.74,11
E01006092,4.5,11
E01006092,4.46,11
E01006091,4.42,10
E01006089,5.43,9
E01006089,5.91,9
E01006089,5.68,8
E01006105,6.78,6
E01006087,4.08,8
E01006087,5.82,11
E01006087,3.18,2
E01006105,6.3,11
E01006087,7.17,11
E01006121,2.76,2
E01005729,0.17,1
E01005728,0.02,1
E01005637,10.54,1
E01005603,-1.32,1
E01005603,-1.03,1
E01005602,-0.71,1
E01005726,-0.26,1
E01005727,-0.78,1
E01005727,-0.13,1
E01005727,4.84,1
E01005637,10.52,1
E01005634,10.59,1
E01005636,9.98,1
E01005636,9.78,1
E01005631,9.46,1
E01006189,-0.38,1
E01006189,-0.67,1
E01006181,-1.17,1
E01006181,-0.24,1
E01006157,0.81,1
E01006157,0.47,1
E01006159,0.22,1
E01006158,0.38,1
E01006121,0.04,1
E01006117,-0.55,1
E01006117,-0.08,1
E01006118,0.1,1
E01006118,-0.97,1
E01006116,-0.83,1
E01006121,-2.14,1
E01006121,-3.4,1
E01006121,-3.46,1
E01006121,-1.3,1
E01006141,-0.35,1
E01006187,-1.74,1
E01006113,2.16,1
E01006113,1.53,1
E01006141,-0.46,1
E01006146,0.07,1
E01006114,1.46,1
E01006145,0.48,1
E01006028,3.74,2
E01006024,3.82,3
E01006024,3.79,3
E01006022,5.04,2
E01006022,1.93,1
E01005944,1.42,1
E01005944,5.1,2
E01006048,3.54,2
E01006024,3.38,3
E01006052,2.16,3
E01006052,1.86,2
E01006024,4.23,2
E01006028,3.61,3
E01006052,4.07,2
E01006068,3.08,1
E01006068,2.65,3
E01005947,7.38,2
E01005941,7.36,1
E01005941,2.3,1
E01006022,3.24,2
E01006022,1.68,1
E01006022,1.91,3
E01006060,4.64,2
E01006027,4.37,2
E01006027,2.47,2
E01006052,1.64,2
E01006027,3.81,3
E01005944,4.22,1
E01005944,6.94,2
E01005948,6.75,1
E01005948,6.37,1
E01006060,1.94,1
E01006066,4.77,2
E01006066,7.34,2
E01006066,6.77,2
E01005944,4.69,2
E01005944,1.64,1
E01006066,6.38,2
E01006066,4.05,2
E01006066,4.62,2
E01005948,2.51,1
E01005949,6.01,1
E01005948,2.27,1
E01006050,2.03,2
E01006050,4.54,2
E01006022,4.03,1
E01006072,2.89,3
E01006072,1.24,1
E01006072,3.31,3
E01006072,0.62,1
E01006048,0.14,1
E01006048,3.95,3
E01006048,3.68,2
E01006048,4.39,3
E01006048,4.13,3
E01006052,4.2,2
E01006052,4.68,2
E01006052,3.76,2
E01006052,4.24,2
E01006052,2.17,2
E01006050,3.48,2
E01006050,2.2,2
E01006050,2.22,2
E01006050,3.01,2
E01006027,3.34,2
E01006050,1.88,2
E01006025,4,2
E01006050,4.42,3
E01006025,4.1,3
E01006025,4.53,2
E01006025,4.17,3
E01006025,4.32,2
E01006025,3.61,3
E01006027,4.07,3
E01006027,3.8,2
E01006027,3.99,2
E01006027,2.25,2
E01006027,4.33,2
E01006027,2.63,2
E01006027,3.85,2
E01006027,2.16,2
E01006027,4.38,2
E01006025,2.02,2
E01006050,3.86,2
E01006025,4.69,2
E01006025,3.72,3
E01006025,4.06,2
E01006025,4.4,3
E01006025,4.64,2
E01006025,2.02,2
E01006027,4.76,2
E01006027,1.74,2
E01006027,4.25,2
E01006024,3.86,2
E01006024,3.94,2
E01006026,3.17,3
E01006024,4.21,2
E01006024,3.17,3
E01006024,4.78,2
E01006024,3.5,3
E01006024,3.02,3
E01006024,4.5,2
E01006026,2.32,3
E01006026,4.15,2
E01006028,-0.32,1
E01006028,1.18,2
E01006048,4.42,2
E01006072,0.95,1
E01006072,2.9,3
E01006072,3.47,3
E01006071,3.01,3
E01006071,2.42,1
E01006072,0.79,1
E01006142,-2.69,7
E01006144,-1.86,7
E01006179,-1.55,7
E01006179,8.02,5
E01006144,6.34,3
E01006144,-1.66,7
E01006184,5.07,3
E01006184,-1.53,7
E01006184,3.18,5
E01006184,6.32,5
E01006184,2.47,5
E01006184,5.92,5
E01006200,1.88,5
E01006200,5.44,5
E01006200,1.61,5
E01006200,4.48,5
E01006200,2.13,5
E01006200,4.06,5
E01006202,2.65,4
E01006202,3.33,5
E01006201,2.49,4
E01006201,2.97,5
E01006120,3.05,4
E01006120,2.1,7
E01006202,3.35,11
E01006202,3.35,11
E01006201,3.91,11
E01006202,3.27,11
E01006200,3.05,11
E01006200,2.5,11
E01006184,1.5,11
E01006184,0.93,10
E01006184,-0.76,9
E01006184,0.31,4
E01006184,5.72,4
E01006184,-1.13,9
E01006184,-0.26,2
E01006184,5.94,4
E01006124,3.01,5
E01006124,3.84,7
E01006124,3.97,10
E01006125,3.4,5
E01006125,4.12,7
E01006125,3.32,11
E01006125,3.7,11
E01006124,3.52,5
E01006124,4.16,7
E01006130,3.02,5
E01006130,4.48,7
E01006130,3.21,11
E01006124,3.1,11
E01006124,4.21,5
E01006124,4.43,7
E01006124,2.78,11
E01006123,3.7,5
E01006123,4.77,7
E01006123,2.54,11
E01006123,4.2,5
E01006123,3.94,7
E01006120,4.48,5
E01006120,3.97,7
E01006197,2.97,11
E01006120,3.81,5
E01006120,3.76,7
E01006120,3.1,11
E01006198,3.97,5
E01006198,3.58,7
E01006116,4.61,9
E01006123,4.51,9
E01006122,4.38,9
E01006122,4.28,10
E01006122,4.32,10
E01006122,3.97,10
E01006124,2.75,5
E01006124,4.21,7
E01006122,3.14,5
E01006122,4,7
E01006122,2.83,5
E01006122,3.51,7
E01006122,3.34,5
E01006122,3.87,7
E01006122,3.08,5
E01006122,3.18,7
E01006123,3.66,5
E01006123,3.6,7
E01006116,3.09,5
E01006116,3.09,7
E01006116,3.4,5
E01006116,2.81,6
E01006121,0.71,4
E01006121,3.52,5
E01006184,-1.73,7
E01006165,-0.85,7
E01006165,-0.7,7
E01006149,-0.68,6
E01006160,0.29,6
E01006150,-0.13,6
E01006151,-0.25,6
E01006151,-0.86,6
E01006100,9,6
E01006151,8.83,6
E01006151,7.9,6
E01006100,7.5,6
E01006150,6.82,6
E01006149,6.75,6
E01006149,6.14,6
E01006165,7,6
E01006154,6.9,6
E01006144,6.83,6
E01006144,7.42,6
E01006121,2.76,3
E01006116,3.37,5
E01006089,-0.46,6
E01006080,5.99,5
E01006078,-0.66,5
E01006080,6.07,5
E01006080,-0.1,5
E01006080,7.48,3
E01006096,8.19,6
E01006122,4.6,10
E01006126,3.03,11
E01006126,2.79,5
E01006126,3.73,7
E01006100,-1.01,6
E01006089,7.71,6
E01006089,9.08,6
E01006096,9.01,6
E01006096,8.51,6
E01006094,8.08,6
E01006151,-1.22,6
E01006103,-1.02,7
E01006096,-1.15,7
E01006096,-0.8,7
E01006089,-1.49,7
E01006089,-1.74,7
E01006121,2.71,5
E01005619,-1.51,1
E01005619,-1.1,1
E01005619,-1.78,1
E01005618,-2.02,1
E01005621,-2.55,1
E01005618,-0.66,1
E01006221,5.91,1
E01006224,5.52,1
E01006345,1.97,1
E01006340,3.4,1
E01006333,7.07,1
E01006298,6.16,1
E01006300,5.32,1
E01006299,5.63,1
E01006302,3.73,1
E01006302,4.69,1
E01006303,4.29,1
E01006299,5.41,1
E01006252,8.21,1
E01006246,7.71,1
E01006335,8.21,1
E01006339,3.4,1
E01006340,3.02,1
E01006303,3.95,1
E01006303,3.94,1
E01006340,2.55,1
E01006340,1.78,1
E01006340,1.3,1
E01006340,1.98,1
E01006224,4.73,1
E01006220,4.2,1
E01006220,3.64,1
E01005132,-1.27,1
E01005132,0.16,1
E01005129,-0.99,1
E01005257,-1.09,1
E01033678,0.08,1
E01033679,0.37,1
E01005203,0.94,1
E01005203,1.19,1
E01005203,1.37,1
E01005092,12,1
E01005107,12.34,1
E01005106,11.9,1
E01005107,12.21,1
E01005107,9.37,1
E01033669,10.03,1
E01033668,10.08,1
E01005092,11.68,1
E01005092,12.26,1
E01005092,12.26,1
E01005522,4.86,9
E01034234,1.26,9
E01005519,4.61,9
E01005519,3.59,9
E01005522,3.8,9
E01005520,5.87,9
E01005523,-0.42,8
E01005518,5.8,9
E01005518,5.2,7
E01005518,5.62,9
E01005583,3.41,6
E01005583,-0.06,9
E01005585,0.49,9
E01005585,3.54,7
E01034235,0.87,9
E01034235,3.58,8
E01034234,2.95,9
E01005518,4.18,4
E01005518,1.69,5
E01005518,1.23,5
E01005520,1.55,5
E01005522,5.53,5
E01005522,4.53,5
E01005522,2.65,5
E01005522,4.22,9
E01005522,4.93,9
E01005523,4.39,9
E01005519,5.2,7
E01005520,5.95,9
E01005523,4.58,8
E01005519,1.96,8
E01005519,6.69,9
E01005519,6.68,9
E01005519,4.42,9
E01005519,5.39,9
E01005519,4.44,9
E01005595,3.62,9
E01005581,1.02,9
E01005578,2.95,9
E01005581,1.63,9
E01005581,3.88,9
E01005578,1.29,9
E01005581,3.88,9
E01005581,0.72,9
E01005581,4.03,9
E01034234,0.38,9
E01034234,3.89,9
E01005523,3.57,8
E01005523,2.28,7
E01005523,3.13,9
E01005598,2.69,8
E01005598,3.57,9
E01005598,2.07,8
E01005598,3.37,9
E01005598,1.65,8
E01005596,3.85,9
E01005596,1.08,8
E01005596,1.41,8
E01005596,3.79,9
E01005596,3.54,9
E01005596,1.18,9
E01005595,3.25,9
E01005596,1.33,9
E01005595,3.46,9
E01005595,1.13,9
E01005595,3.58,9
E01005595,1.81,9
E01005521,2.97,4
E01005521,-0.91,3
E01005520,-0.77,3
E01005521,3.34,4
E01005520,-0.64,3
E01005521,3.07,4
E01005521,2.85,4
E01005521,2.46,4
E01034234,0.88,4
E01005520,3.56,4
E01005521,-0.29,3
E01005521,-0.56,3
E01005521,0.9,3
E01005583,3.38,4
E01005583,0.58,4
E01005585,0.75,4
E01005585,3.54,3
E01034235,1.08,4
E01034235,2.86,3
E01034234,2.86,3
E01005521,3.25,4
E01005521,-1.02,3
E01005522,-0.77,3
E01005595,3.09,3
E01005581,0.2,4
E01005578,2.47,3
E01005581,0.69,4
E01005581,3.61,3
E01005578,0.6,4
E01005581,3.36,3
E01005581,0.32,4
E01005581,3.54,3
E01034234,0.88,4
E01034234,3.37,3
E01005523,0.94,4
E01005523,0.46,3
E01005523,1.44,4
E01005598,0.13,3
E01005598,1.97,4
E01005598,0.08,4
E01005598,2.18,4
E01005598,-0.2,4
E01005596,2.64,4
E01005596,-0.77,4
E01005596,-0.36,4
E01005596,2.68,4
E01005596,2.26,4
E01005596,-0.22,4
E01005595,2.3,3
E01005596,0.72,4
E01005595,2.6,3
E01005595,0.74,4
E01005595,2.52,3
E01005595,0.75,4
E01005521,3.23,1
E01005521,1.04,3
E01004908,0.98,1
E01005521,1.97,3
E01005521,3.07,1
E01006214,-6.41,1
E01006214,-9.01,1
E01004803,1.5,15
E01004803,1.85,7
E01004803,1.55,15
E01004823,1.6,12
E01004803,2.31,7
E01033220,2.09,12
E01004803,2.45,12
E01004773,1.68,13
E01004773,1.95,15
E01004822,2.14,12
E01004766,2.56,13
E01004808,2.98,13
E01004803,1.04,15
E01004774,1.8,13
E01004773,1.73,15
E01004773,1.36,15
E01004773,2.03,13
E01004771,2.74,15
E01004771,1.51,13
E01004771,2.54,15
E01004771,1.26,13
E01004771,2.37,15
E01004771,2.75,15
E01004771,1.86,13
E01004771,2.2,15
E01004771,2.42,13
E01004771,1.93,15
E01004771,2.5,13
E01004808,2.71,13
E01004823,1.66,12
E01033217,1.62,12
E01033217,-7.69,1
E01004803,0.61,15
E01004804,2.92,13
E01004804,2.55,13
E01004804,1.31,15
E01004804,2.84,13
E01004804,1.71,15
E01004808,1.79,15
E01033217,-9.89,1
E01033217,1.62,13
E01004808,2.12,15
E01004766,1.77,15
E01004766,1.94,15
E01004824,2.26,13
E01004824,2.26,15
E01004824,2.87,12
E01004824,1.25,15
E01004822,2.57,12
E01004822,1.25,15
E01033220,1.83,12
E01033220,2.01,13
E01033220,2.02,15
E01005817,22.21,1
E01005823,21.73,1
E01005821,23.23,1
E01005821,22.86,1
E01005818,23.57,1
E01005818,23.1,1
E01005916,21.32,1
E01005863,20.95,1
E01005819,22.95,1
E01005917,21.82,1
E01005917,21.6,1
E01005917,21.03,1
E01005917,21.67,1
E01005856,22.23,1
E01005854,21.02,1
E01005854,20.18,1
E01005855,17.47,1
E01005866,20.69,1
E01005866,20.87,1
E01005859,20.67,1
E01005859,19.41,1
E01005859,20.04,1
E01006136,1.32,1
E01006136,2.64,1
E01006137,2.09,1
E01005168,1.4,1
E01005168,1.9,6
E01005171,1.17,6
E01005184,4.16,7
E01005284,2.09,1
E01005284,0.46,5
E01034117,3.41,6
E01005284,0.16,5
E01005288,0.18,5
E01005288,0.34,5
E01005286,3.23,7
E01005286,-0.85,5
E01005286,4.03,7
E01005281,-0.99,5
E01005184,-0.84,5
E01005281,4.55,7
E01005168,5.5,9
E01005066,1.1,6
E01033653,1.22,2
E01033653,1.43,2
E01033653,1.59,5
E01033662,0.64,4
E01005066,1.66,3
E01033662,1.59,5
E01033653,1.48,2
E01033662,1.32,4
E01005176,5.03,6
E01005168,3.93,11
E01005176,-0.96,5
E01005176,5.02,6
E01005176,0.99,6
E01005169,5.23,6
E01005309,4.3,7
E01005210,0.27,1
E01033653,1.48,5
E01034115,1.18,1
E01034115,1.3,2
E01005212,1.38,2
E01005066,1.8,6
E01034115,3.02,6
E01034115,3.54,6
E01005284,2.77,6
E01005284,4.2,6
E01005274,3.49,7
E01005273,-1.88,5
E01005185,3.9,7
E01005185,-0.95,5
E01005185,3.7,7
E01005271,-0.87,5
E01005309,-1.77,5
E01005304,-1.12,3
E01005304,3.33,7
E01005276,3.49,7
E01005307,-0.48,4
E01005277,3.69,6
E01005277,0.27,5
E01005277,4.34,6
E01005277,-0.26,5
E01005306,4.87,6
E01005172,-0.71,5
E01005176,-1.15,5
E01005176,5.52,6
E01005176,0.73,6
E01005176,0.68,6
E01005176,4.74,6
E01005169,0.05,6
E01005169,5.44,6
E01005169,5.79,6
E01005169,0.18,6
E01005852,3.06,10
E01005852,2.84,11
E01005855,0.25,3
E01005855,1.86,6
E01005921,3.18,11
E01005921,0.63,4
E01005921,2.51,7
E01005894,2.53,11
E01005889,2.86,11
E01005889,1.15,4
E01005889,2.62,7
E01005889,3.04,10
E01005889,1.51,4
E01005889,3.69,7
E01005886,3.17,10
E01005886,1.18,4
E01005886,3.2,7
E01005896,3,10
E01005896,0.64,4
E01005896,2.75,7
E01005896,2.73,10
E01005193,0.94,4
E01005193,3.24,7
E01005193,2.74,10
E01005192,0.25,3
E01005192,2.2,7
E01005896,-2.26,7
E01005855,-0.4,3
E01005855,1.28,6
E01005893,1.09,4
E01005893,2.49,7
E01005855,4.8,11
E01005852,1.44,2
E01005852,2.24,6
E01005855,0.57,3
E01005855,1.83,6
E01005892,0.11,3
E01005892,1.13,7
E01005894,3.26,11
E01005893,3.35,10
E01005893,0.06,3
E01005893,2.03,6
E01005921,2.74,11
E01005921,0.1,3
E01005921,1.81,6
E01005862,3.32,11
E01005869,0.51,3
E01005869,2.82,6
E01005869,3.08,11
E01005866,0.89,3
E01005866,3,6
E01005866,3.04,11
E01005869,1.24,3
E01005869,3.34,6
E01005869,2.72,10
E01005854,4.57,11
E01005854,0.74,3
E01005854,1.34,6
E01005854,3.29,11
E01005855,3.45,11
E01005866,0.29,3
E01005866,1.89,6
E01005866,3.43,10
E01005866,2.7,10
E01005859,3.17,10
E01005852,2.12,1
E01005852,2.41,6
E01005859,0.52,3
E01005859,1.58,6
E01005859,3.02,10
E01005859,0.89,3
E01005859,0.41,6
E01005859,2.82,10
E01005866,0.01,3
E01005866,0.83,7
E01005859,0.11,3
E01005859,0.56,6
E01005005,8.13,1
E01005005,7.49,1
E01005005,8.46,1
E01005005,7.74,1
E01005006,8.65,1
E01005006,7.97,1
E01005006,8.28,1
E01005006,8,1
E01004998,8.3,1
E01004800,2.24,1
E01005005,1.94,1
E01005000,2.42,1
E01005000,2.46,1
E01004798,1.38,1
E01004930,1,1
E01004796,1.13,1
E01004793,0.76,1
E01004785,0.89,1
E01004787,-0.02,1
E01004787,0.67,1
E01004787,0.94,1
E01004787,0.16,1
E01004794,1.09,1
E01004930,1.72,1
E01004926,0.33,1
E01004929,0.86,1
E01004929,1.32,1
E01004790,-4.9,1
E01004794,0.68,1
E01004793,0.71,1
E01004798,2.08,1
E01004799,1.24,1
E01004800,1.61,1
E01004800,2.39,1
E01004800,1.89,1
E01004800,1.48,1
E01004798,1.12,1
E01004798,2.01,1
E01004791,-3.08,1
E01004791,-2.35,1
E01004791,-2.85,1
E01004792,-1.4,1
E01004792,-1.35,1
E01006271,-6.81,1
E01006271,-7.3,1
E01006271,-7.14,1
E01006236,-6.56,1
E01006236,-6.9,1
E01006236,-6.16,1
E01006236,-6.05,1
E01006236,-5.46,1
E01006236,-5.11,1
E01005128,1.79,6
E01005184,0.7,10
E01005284,0.21,7
E01034117,0.71,11
E01005284,-0.34,8
E01005288,-0.47,9
E01005288,-0.39,9
E01005286,0.11,10
E01005286,-0.01,9
E01005286,1.04,10
E01005281,-0.41,9
E01005184,-0.41,9
E01005281,1.11,10
E01033661,0.65,7
E01033661,0.44,7
E01005128,0.97,11
E01005128,0,11
E01005128,1.69,7
E01005212,0.12,11
E01005066,1.93,5
E01033654,0.06,10
E01005309,0.98,10
E01034117,1.87,6
E01005128,1.83,7
E01034117,0.19,11
E01034115,1.27,11
E01034115,0.61,11
E01005210,0.99,11
E01005212,1.81,5
E01005210,1.05,5
E01034115,1.34,7
E01034115,1.32,5
E01005284,1.4,11
E01005274,0.6,10
E01005273,-1.41,7
E01005185,0.5,10
E01005185,-0.06,9
E01005185,0.39,10
E01005271,-0.68,9
E01005309,-1.73,9
E01005276,0.58,3
E01005276,-1.48,5
E01005276,0.57,9
E01005274,-1.64,8
E01005274,0.29,10
E01005304,-1.34,7
E01005304,0.29,10
E01005066,1.26,11
E01033653,1.95,6
E01033653,-0.1,4
E01033653,1.27,11
E01033662,2.45,7
E01005066,9.7,11
E01033662,1.03,13
E01033653,0.83,6
E01033662,2.14,7
E01005243,2.73,12
E01034118,3.07,15
E01033653,1.26,11
E01034117,3.47,13
E01006109,2.38,15
E01005208,2.12,15
E01005243,2.9,15
E01005212,1.59,13
E01005210,1.42,13
E01005066,-5.76,12
E01034115,-4.05,13
E01034115,2.12,13
E01034115,0.77,13
E01034115,0.68,13
E01005284,1.55,13
E01005208,3.28,15
E01006109,1.73,13
E01005245,-2.85,13
E01005208,3.33,15
E01005245,-1.96,13
E01034117,3.06,13
E01034118,2.15,14
E01034117,-3.06,14
E01034117,2.94,13
E01034117,2.36,13
E01033653,3.31,1
E01006184,7.87,17
E01006180,-3.15,11
E01006184,8.42,17
E01006184,8.12,17
E01006200,7.94,17
E01006200,7.04,17
E01006200,6.95,17
E01006202,6.12,17
E01006201,6,17
E01006120,6.1,17
E01006198,7.6,17
E01006120,5.8,16
E01006118,1.53,11
E01006198,1.52,10
E01006202,1.81,12
E01006202,-0.31,12
E01006201,4.69,13
E01006202,4.65,13
E01006200,1.79,13
E01006200,4.31,13
E01006184,0.79,13
E01006184,-1.68,12
E01006184,-1.91,12
E01006184,9.28,17
E01006184,-2.59,12
E01006184,9.58,17
E01006124,4.69,11
E01006124,5.67,16
E01006125,5.42,13
E01006125,5.09,16
E01006125,3.23,8
E01006131,3.75,12
E01006127,2.11,11
E01006127,1.57,9
E01006124,3.77,2
E01006118,6.61,16
E01006116,6.37,16
E01006123,6.47,16
E01006122,6.39,15
E01006122,5.57,16
E01006122,5.95,16
E01006122,5.45,16
E01006124,2.23,10
E01006122,1.66,10
E01006122,0.95,11
E01006122,1.68,10
E01006122,1.76,10
E01006123,1.36,11
E01006116,1.54,10
E01006126,5.58,2
E01006114,3.35,13
E01006122,6.12,16
E01006126,6.06,13
E01006126,1.51,7
E01006109,1.73,13
E01006110,3.45,15
E01006115,1.35,12
E01006113,3.26,15
E01006113,3.26,13
E01006113,2.79,13
E01006113,3.71,16
E01006113,3.34,14
E01006146,-1.82,11
E01006146,6.33,17
E01006141,-1.59,13
E01006141,2.97,13
E01006141,6.12,17
E01006142,3.38,13
E01006142,5.98,17
E01006142,-0.78,12
E01006142,4.39,11
E01006142,4.98,17
E01006142,4.71,11
E01006142,4.53,17
E01006143,7.6,17
E01006143,0.25,11
E01006114,5.4,16
E01006145,2.25,14
E01006145,5.55,16
E01006145,0.7,14
E01033654,1.6,14
E01005066,4.23,4
E01033654,3.68,2
E01033653,-1.4,1
E01033654,1.47,11
E01005063,1.48,10
E01005067,2.36,14
E01005189,2.88,12
E01033654,1.63,9
E01005189,2.94,12
E01005189,1.58,13
E01005189,2.43,12
E01005186,1.94,13
E01005186,1.5,12
E01005186,1.52,13
E01005065,1.56,13
E01005065,2.43,5
E01005065,1.95,13
E01005065,1.28,7
E01005065,2.04,13
E01005063,2.87,13
E01005063,0.01,11
E01005063,2.46,13
E01005063,2.32,12
E01005061,1.66,11
E01005061,2.33,12
E01005067,2.07,11
E01005067,2.37,14
E01005067,0.96,12
E01005067,2.59,14
E01005067,1.53,12
E01005232,2.19,13
E01005232,1.72,12
E01005192,1.87,13
E01005192,3.75,14
E01005191,1.16,13
E01005193,3.47,14
E01005991,3.14,14
E01005991,1.61,13
E01005990,1.86,12
E01005990,3.26,14
E01005991,2.31,13
E01006042,1.43,12
E01006030,1.09,12
E01005978,3.69,12
E01005975,2.4,14
E01005983,2.51,12
E01006041,0.72,12
E01006030,1,12
E01005981,2.19,14
E01005981,2.01,12
E01005979,1.57,14
E01005983,2.41,12
E01006029,0.54,12
E01006029,3.2,14
E01006029,0.71,12
E01006042,1.35,12
E01006045,1.97,12
E01006042,1.28,12
E01006030,2.46,14
E01006030,0.83,12
E01006030,2.55,14
E01006030,2.51,14
E01006044,1.67,1
E01006046,1.69,1
E01005974,1.93,14
E01005991,2.93,14
E01005991,3.16,14
E01006040,2.9,13
E01006040,3.04,11
E01005990,2.93,13
E01005985,3.12,13
E01005992,2.68,13
E01005992,3.08,13
E01005974,1.88,13
E01005983,1.59,14
E01005984,1.92,14
E01005984,1.96,12
E01005984,1.18,14
E01005984,1.57,14
E01005975,1.8,13
E01005974,1.94,13
E01005974,3.57,14
E01005981,2.46,13
E01005981,2.64,14
E01005979,1.58,14
E01006029,2.89,14
E01006040,1.24,13
E01005977,3.11,14
E01005981,2.35,12
E01005984,2.21,12
E01005980,2.06,14
E01005983,2.69,12
E01005979,2.42,12
E01005979,1.5,14
E01005978,1.27,13
E01005975,3.44,14
E01006040,3.14,13
E01005979,3.1,12
E01005979,2.78,12
E01006040,0.83,13
E01005979,1.94,12
E01005977,2.18,14
E01005981,2.46,12
E01005984,2.6,12
E01005984,1.35,14
E01005985,2.36,14
E01005971,2.2,14
E01005992,1.9,14
E01005976,1.76,13
E01005992,2.87,13
E01006035,0.38,11
E01006028,2.54,13
E01033654,2.64,10
E01005066,1.06,5
E01033654,2.64,8
E01005061,2.17,12
E01005061,2.08,12
E01005061,1.87,13
E01005061,2.17,13
E01005061,2.15,13
E01005063,0.31,12
E01005189,2.71,12
E01033654,2.16,6
E01005189,2.97,12
E01005189,1.6,12
E01005189,2.34,12
E01005067,1.76,13
E01005067,2.84,12
E01005067,1.58,13
E01005067,2.57,12
E01005061,1.66,13
E01005061,2.45,12
E01005065,2.96,12
E01005065,0.05,8
E01005065,3.31,12
E01005065,-0.49,10
E01005065,3.75,12
E01005063,4.28,13
E01005063,-0.69,12
E01005063,3.38,11
E01005063,3.42,11
E01005061,2.19,12
E01005186,2.12,12
E01005186,2.05,13
E01005186,2.43,13
E01005186,2.47,13
E01005186,2.82,13
E01005186,1.8,12
E01005186,2.85,12
E01005189,1.54,12
E01005189,2.89,12
E01005189,1.31,12
E01005189,3.05,12
E01005189,1.46,12
E01005189,2.35,12
E01005189,0.82,10
E01005192,1.46,12
E01005192,2.94,12
E01005191,1.48,13
E01005193,2.92,12
E01005991,2.67,12
E01005991,1.04,12
E01005990,1.15,12
E01005990,2.32,12
E01005985,1.14,11
E01005990,2.54,12
E01005987,3.25,1
E01005990,1.39,12
E01005990,1.12,11
E01005991,2.54,12
E01005888,1.44,9
E01005948,3.97,1
E01005948,-4.42,5
E01005061,-1.52,2
E01005061,0.58,38
E01034112,5.59,36
E01034114,1.66,40
E01034113,1.91,40
E01005105,2.15,33
E01033661,-0.5,2
E01033661,1.26,32
E01033661,2.02,31
E01033661,-0.46,2
E01033661,1.76,38
E01033661,1.54,33
E01005061,3.02,33
E01005061,-0.38,2
E01005061,1.33,38
E01005061,2.81,33
E01005061,-0.6,2
E01005061,0.97,38
E01005105,2.29,33
E01005105,0.15,2
E01005105,1.18,38
E01005105,2.16,33
E01005105,0.87,2
E01005105,2.01,38
E01005106,-1.37,2
E01005106,0.67,38
E01005106,2.44,34
E01005106,-1.06,2
E01005106,1.73,39
E01005106,2.37,34
E01005106,-0.38,2
E01005106,2.01,39
E01005106,2.13,32
E01005106,-1.35,1
E01005106,2,39
E01005106,1.82,32
E01005106,2.35,39
E01005107,2.08,32
E01005107,2.43,39
E01005107,3.09,33
E01005107,2.76,40
E01005107,4.16,36
E01005107,2.96,40
E01034113,4.24,36
E01005998,1.95,40
E01005998,6.02,36
E01034111,5.7,35
E01034114,5.15,36
E01034112,2.21,40
E01034111,1.86,40
E01034114,2.56,40
E01005951,3.66,36
E01005951,3.93,36
E01005951,2.35,35
E01005953,2.44,35
E01005953,3.35,36
E01005953,3.51,35
E01005953,1.73,35
E01033950,2.36,35
E01005964,3.12,37
E01005948,4.85,1
E01006066,3.58,2
E01006066,5.89,4
E01006066,6.09,4
E01005943,6.57,4
E01005948,6.93,4
E01005941,6.86,3
E01033949,2.08,34
E01033949,3.66,19
E01033949,1.55,23
E01033949,4.75,14
E01006000,4.79,35
E01034114,2.68,40
E01005950,4.01,26
E01005964,2.77,35
E01005951,3.73,35
E01005964,3,36
E01005964,3.63,35
E01005964,2.85,37
E01005961,3.68,35
E01005964,3.81,34
E01005961,2.21,38
E01005964,4.14,34
E01005961,2.86,39
E01005961,4.19,34
E01005961,4.81,34
E01005961,2.36,39
E01005961,4.56,35
E01005961,2,39
E01006047,2.97,11
E01006047,1.96,6
E01005948,1.66,1
E01006022,3.11,8
E01006022,3.35,15
E01006048,4.16,6
E01005943,2.18,14
E01006048,3.16,10
E01006022,1.01,11
E01006022,4.21,16
E01006022,1.41,11
E01006060,3.3,11
E01006048,1.95,3
E01006048,3.64,3
E01005948,1.67,14
E01005948,1.68,14
E01006060,3.72,15
E01006066,2.38,13
E01006066,3.9,15
E01006066,4.28,15
E01005941,4.14,15
E01005941,1.56,14
E01005941,5.07,14
E01005941,0.84,14
E01006066,4.15,15
E01006066,1.48,14
E01005943,1.92,14
E01005943,4.31,15
E01005948,4.95,14
E01005949,1.04,14
E01005948,3.35,10
E01006022,4.09,16
E01006022,0.33,13
E01006022,4.43,16
E01006070,0.77,13
E01006022,4.18,16
E01006070,1.29,13
E01006022,3.93,16
E01006022,4.1,16
E01006071,1.14,12
E01006070,4.16,16
E01006071,1.76,11
E01006071,3.86,16
E01006072,2.03,11
E01006072,1.99,11
E01006072,3.71,16
E01006072,0.68,8
E01006072,3.36,16
E01006048,3.27,16
E01006048,1.78,5
E01006048,3.1,16
E01006048,0.8,2
E01006048,1.1,2
E01006049,1.36,9
E01006049,3.36,10
E01006049,3.28,6
E01006049,3.16,10
E01006049,3.69,6
E01006049,2.7,7
E01006049,2.56,6
E01006048,3.42,6
E01006049,2.35,12
E01006049,3.57,10
E01006049,3.11,6
E01006049,2.36,12
E01006049,3.75,11
E01006049,2.6,6
E01006047,2.46,12
E01006047,3.89,11
E01006047,2.49,6
E01005066,38.33,39
E01033653,1.53,13
E01033653,0.86,4
E01033653,1.75,32
E01033662,39.02,38
E01033653,1.55,20
E01033662,1.81,21
E01005210,37.59,39
E01005210,1.49,12
E01005214,36.23,41
E01005214,37.3,40
E01005208,36.99,40
E01005212,36.92,40
E01005210,36.57,40
E01005214,1.46,32
E01005208,2.03,33
E01005212,1.35,29
E01005212,1.76,20
E01033653,1.8,32
E01033662,1.69,17
E01033656,2.62,16
E01005066,2.02,10
E01005210,0.94,10
E01005210,36.7,40
E01034001,37.08,40
E01006188,0.88,33
E01005214,37.48,40
E01005214,1.46,32
E01006157,1.21,33
E01006157,1.39,33
E01006157,1.24,33
E01006158,0.43,33
E01006158,1.99,14
E01006157,2.78,19
E01006157,41.44,37
E01006157,40.65,38
E01006157,39.24,39
E01006157,38.81,39
E01006157,39.51,39
E01006157,1.13,34
E01006157,0.81,33
E01006157,1.62,33
E01006157,37.43,40
E01006157,36.88,40
E01006157,2.06,33
E01006157,1.51,33
E01006157,1.12,34
E01006157,1.29,34
E01006157,1.11,33
E01006157,1.48,33
E01006157,38.44,40
E01006157,38.33,40
E01006121,0.62,34
E01006121,0.75,34
E01006121,2.25,14
E01006121,3.03,1
E01006121,1.91,14
E01006157,37.73,40
E01006157,0.93,33
E01006121,0.88,34
E01034001,0.59,32
E01034001,37.44,40
E01006112,37.64,40
E01006112,1.2,32
E01034001,1.47,32
E01006121,-1.35,1
E01033677,3.94,9
E01033653,0.87,4
E01033653,1.31,11
E01033677,4.8,9
E01033677,1.55,10
E01034131,5.23,12
E01034131,5.98,12
E01034131,1.62,10
E01034000,5.73,12
E01033682,0.86,11
E01033653,1.29,12
E01034000,1.35,12
E01033672,5.85,12
E01033660,1,12
E01006189,2.62,12
E01006187,2.86,13
E01006187,1.93,12
E01006186,1.87,12
E01006186,1.83,12
E01006186,1.48,12
E01006188,1.5,11
E01034001,1.74,12
E01034001,3.96,12
E01006186,5.38,12
E01006188,5.68,12
E01006186,6.01,12
E01006186,6.09,12
E01006186,5.98,12
E01006187,5.95,12
E01006184,4.74,12
E01006180,1.83,12
E01006184,4.59,12
E01006184,4.29,12
E01006200,3.96,12
E01006200,3.9,12
E01006200,4.15,13
E01006202,4.44,13
E01006201,3.94,13
E01006201,2.74,12
E01006202,3.52,12
E01006200,3.42,12
E01006200,3.33,12
E01006184,2.8,11
E01006184,2.66,12
E01006184,2.28,12
E01006184,4.82,12
E01006184,2.09,12
E01006184,5.14,12
E01006131,2.81,12
E01006131,3.94,13
E01006131,2.39,12
E01006131,4.6,13
E01006131,2.44,12
E01006128,4.85,13
E01006129,2,12
E01006129,4.91,13
E01006129,1.78,11
E01006197,5.48,13
E01006197,5.32,13
E01006201,1.9,11
E01006201,2.11,11
E01006201,5.06,13
E01006132,3.78,13
E01006132,3.14,12
E01006132,4.51,13
E01006132,2,11
E01006104,1.44,10
E01006108,2.71,8
E01006197,2.14,11
E01006186,6.24,12
E01006107,1.98,10
E01034000,2.04,12
E01006188,4.22,12
E01034001,4.83,12
E01034000,1.41,12
E01006104,6.24,8
E01006106,10.3,1
E01006106,9.3,1
E01006106,2.65,6
E01006108,1.94,9
E01006108,5.83,5
E01006104,2.1,10
E01006104,1.74,10
E01006107,2.39,10
E01006107,1.74,10
E01006107,1.64,10
E01006107,2.47,10
E01006107,1.8,10
E01006107,1.7,10
E01006107,1.49,10
E01006107,1.29,10
E01006107,4.82,13
E01006107,4.73,13
E01006107,5,13
E01006107,4.63,13
E01006107,4.38,13
E01006107,5.09,13
E01006107,4.77,13
E01006104,4.36,13
E01006104,4.34,13
E01006104,4.79,13
E01006075,-14.76,1
E01006080,-8.97,3
E01006075,8.54,6
E01006080,5,5
E01006075,3.64,5
E01006079,6.71,7
E01006079,1.62,7
E01006074,1.22,7
E01006079,1.49,7
E01006079,0.34,6
E01006075,-3.86,5
E01006080,-13.47,1
E01006080,-0.16,1
E01006079,1.51,7
E01006075,-4.64,4
E01006080,4.74,2
E01006074,1.49,7
E01006079,1.73,7
E01006136,2.66,5
E01006075,19.32,3
E01006075,-11.15,4
E01006076,-1.71,5
E01006140,3.33,5
E01006140,2.99,5
E01006083,5.44,3
E01006083,3.09,4
E01006083,2.73,4
E01006084,3.62,5
E01006134,3.38,5
E01006134,3.26,5
E01006134,3.21,5
E01006134,3.01,5
E01006135,2.66,5
E01006136,2.7,5
E01006136,2.32,5
E01006137,2.21,5
E01006136,2.43,5
E01006136,2.39,5
E01006136,2.67,5
E01006139,2.91,5
E01006088,13.05,3
E01006194,2.72,5
E01006135,3.94,3
E01006135,4.29,3
E01006138,3.92,3
E01006138,4.91,3
E01006138,3.66,3
E01006140,3.22,5
E01006140,3.35,5
E01006135,4.46,3
E01006136,2.85,4
E01006136,2.91,5
E01006140,3.06,4
E01006135,1.01,4
E01006075,-1.39,4
E01006075,-9.6,4
E01006076,3.4,3
E01006139,2.64,3
E01006140,3.36,3
E01006136,1.69,4
E01006136,1.82,4
E01006137,1.7,4
E01006137,1.44,4
E01006136,1.08,4
E01006136,1,4
E01006134,0.3,4
E01006134,0.34,4
E01006134,0.16,4
E01006134,-0.46,4
E01006084,-0.36,3
E01006083,-0.28,3
E01006083,-0.82,3
E01006083,0.48,4
E01006139,2.97,3
E01006194,3.19,3
E01006135,2.22,4
E01006138,2.3,4
E01006135,2.44,4
E01006135,2.24,4
E01006140,2.8,4
E01006138,2.16,4
E01006138,2.66,4
E01006136,1.99,4
E01006136,1.87,4
E01006077,0.37,4
E01006209,11.6,7
E01006211,8.32,7
E01006211,8.9,7
E01006208,10.54,7
E01006206,10.27,7
E01006080,-4.71,6
E01006080,2.6,2
E01006204,10.44,7
E01006209,10.45,7
E01006192,11.29,7
E01006204,9.8,7
E01006204,9.49,7
E01006196,8.14,7
E01006196,7.71,7
E01006196,8.16,7
E01006195,7.91,7
E01006196,7.4,7
E01006195,6.95,7
E01006190,6.63,7
E01006093,5.31,7
E01006093,4.74,7
E01006191,4.05,7
E01006193,1.67,7
E01006078,-0.45,7
E01006080,-2.73,7
E01006211,6.58,6
E01006195,9.04,6
E01006196,8.37,6
E01006196,8.59,6
E01006196,7.9,6
E01006196,7.39,6
E01006196,7.56,6
E01006211,7.27,6
E01006206,7.87,6
E01006205,8.21,6
E01006080,11.22,6
E01006080,43.47,1
E01006209,7.25,6
E01006204,6.93,6
E01006192,3.97,5
E01006192,3.74,5
E01006192,7.24,6
E01006080,10.74,6
E01006080,10.79,6
E01006193,10.59,6
E01006093,9.51,6
E01006093,9.79,6
E01006093,9.4,6
E01006190,9.35,6
E01005168,8.11,3
E01005770,3.14,2
E01005168,3.23,2
E01005295,3.03,2
E01005295,9.18,2
E01005171,3.28,2
E01005264,7.7,2
E01005264,2.16,3
E01005269,8.78,2
E01005263,8.23,2
E01005263,0.02,3
E01005263,-0.23,3
E01005268,9.14,2
E01005268,-0.05,3
E01005171,5.25,1
E01005171,4.22,2
E01005086,7.74,2
E01005115,1.61,3
E01005085,2.64,2
E01005085,7.62,2
E01005770,8.9,2
E01005295,8.85,2
E01005295,3.14,2
E01005114,10.05,2
E01005114,1.12,3
E01005265,3.15,3
E01005117,8.2,2
E01005117,1.92,3
E01005112,2.42,3
E01005112,7.15,2
E01005112,6.94,2
E01005112,2.02,3
E01005115,1.13,3
E01005115,9.62,2
E01005116,9.68,2
E01005116,0.6,3
E01005116,9.48,2
E01005115,9.53,2
E01005115,8.6,2
E01005117,0.2,3
E01005114,0.2,3
E01005113,9.64,2
E01005086,3.38,2
E01005295,8.32,2
E01005295,0.15,3
E01005856,8.82,3
E01005852,1.75,2
E01005852,1.52,2
E01005822,1.46,1
E01005774,3.64,2
E01005852,8.36,3
E01005856,2.65,1
E01005769,5.23,1
E01005769,4.23,2
E01005770,2.66,2
E01005773,10.32,2
E01005769,6.35,3
E01005769,3.47,2
E01005774,7.62,1
E01005774,4.37,2
E01005772,3.62,2
E01005768,10.24,2
E01005768,10.27,2
E01005768,3.42,2
E01005768,9.22,2
E01005856,8.34,3
E01005853,8.02,3
E01005856,9.47,2
E01005856,2.67,2
E01005852,8.57,3
E01005769,6.38,1
E01005769,4.49,2
E01005773,3.3,2
E01005853,2.78,2
E01005857,7.57,3
E01005857,2.97,2
E01005852,2.11,2
E01005852,8.17,3
E01005853,7.75,3
E01006205,8.46,2
E01006204,0.88,3
E01006204,9.36,2
E01006080,1.59,1
E01006205,7.14,2
E01006192,-0.33,2
E01006192,-0.7,2
E01006192,7.88,2
E01006205,8.12,2
E01006192,7.6,2
E01006204,9.08,2
E01006204,0.66,3
E01006192,-0.99,2
E01006205,-0.28,2
E01006192,8.26,2
E01006192,-0.98,2
E01006075,8.81,1
E01005770,3.47,7
E01005295,2.77,7
E01005295,3.51,8
E01005264,3.14,8
E01005264,2.5,8
E01005269,3.94,8
E01005263,3.57,8
E01005263,2.89,7
E01005263,2.86,8
E01005268,4.08,8
E01005268,2.56,8
E01005086,3,8
E01005115,2.4,8
E01005085,2.49,7
E01005085,2.95,8
E01005770,2.98,8
E01005295,3.17,8
E01005295,3.03,7
E01005114,4.06,8
E01005114,2.4,8
E01005265,3.47,8
E01005117,1.76,7
E01005117,2.75,8
E01005112,2.74,8
E01005112,1.35,7
E01005112,1.31,7
E01005112,2.97,8
E01005115,1.68,8
E01005115,2.34,7
E01005116,2.59,7
E01005116,1.09,8
E01005116,4.1,8
E01005115,1.98,7
E01005115,1.85,7
E01005117,0.93,8
E01005114,1.44,8
E01005113,3.26,8
E01005086,3.14,7
E01005295,3.3,8
E01005295,2.99,7
E01005822,4.86,4
E01005822,2.23,8
E01005817,2.49,8
E01005817,4.16,5
E01005823,3.2,8
E01005823,4,5
E01005823,3.51,5
E01005823,3.4,7
E01005821,3.37,8
E01005821,3,8
E01005821,3.01,7
E01005818,3.53,8
E01005821,3.46,7
E01005818,3.1,7
E01005818,3.56,8
E01005774,2.73,7
E01005819,3.8,8
E01005819,3.48,7
E01005770,2.67,7
E01005773,3.86,8
E01005769,2.91,8
E01005769,2.76,7
E01005774,3.99,8
E01005774,2.73,7
E01005769,3.8,8
E01005778,2.71,7
E01005772,3.45,7
E01005768,3.54,8
E01005768,3.86,8
E01005768,3.25,7
E01005768,2.94,8
E01005778,2.95,8
E01005773,2.83,7
E01005778,3.92,8
E01005778,2.55,7
E01006205,4.15,8
E01006204,2.17,8
E01006204,4.22,8
E01006080,3.88,4
E01006205,3.38,8
E01006192,1.27,8
E01006192,0.85,7
E01006192,3.8,8
E01006205,3.68,8
E01006192,3.74,8
E01006204,4.51,8
E01006204,2.18,8
E01006192,1.44,8
E01006205,1.84,8
E01006192,4.28,8
E01006192,1.4,8
E01005171,2.09,7
E01005184,0.68,3
E01005284,3.08,7
E01005284,1.56,7
E01005284,5.12,7
E01005288,4.26,7
E01005288,3.36,7
E01005286,0.12,1
E01005286,2.54,7
E01005286,1.18,2
E01005281,1.98,7
E01005184,1.66,7
E01005281,1.28,3
E01005066,2.67,5
E01033653,3.44,2
E01033653,-1.81,2
E01033662,4.71,4
E01005066,4.79,5
E01033662,2.91,4
E01033653,2.98,4
E01033662,3.02,4
E01005176,6.7,5
E01005171,1.6,7
E01005176,0.52,7
E01005176,5.29,6
E01005176,1.21,7
E01005169,6.04,6
E01005171,6.72,6
E01005171,3.45,7
E01005309,2.27,4
E01005210,3.52,6
E01033653,-1.54,2
E01034115,2.35,7
E01034115,3.9,7
E01005212,3.78,6
E01005066,-0.47,4
E01034115,0.86,3
E01034115,0.19,1
E01005274,1.7,4
E01005273,1.02,7
E01005185,1.79,4
E01005185,1.67,7
E01005185,1.79,4
E01005271,1.66,7
E01005309,0.71,7
E01005304,0.98,7
E01005304,1.78,4
E01005276,1.68,4
E01005307,0.46,7
E01005277,7.61,5
E01005277,1.04,7
E01005277,8.14,5
E01005277,1.06,7
E01005306,2.69,4
E01005172,0.92,7
E01005176,0.6,7
E01005176,6.99,5
E01005176,0.92,7
E01005176,1.33,7
E01005176,5.09,6
E01005169,1.19,7
E01005169,6.39,6
E01005169,7.14,6
E01005169,0.98,7
E01005171,7,6
E01033658,5.08,2
E01005769,4.06,4
E01005769,5.71,6
E01005773,5.51,6
E01005773,3.79,4
E01005776,5.63,6
E01005773,3.56,4
E01005774,6.04,6
E01005774,2.44,4
E01005784,1.83,4
E01005784,3.14,5
E01005785,1.9,4
E01005785,4.08,5
E01005785,3.85,5
E01005785,3.54,5
E01005786,2.91,5
E01005789,2.56,5
E01005796,2.41,4
E01005789,2.4,4
E01005792,2.07,4
E01005793,1.74,4
E01005793,4.08,5
E01005793,2.42,4
E01005793,2.28,4
E01005791,3.5,5
E01005791,3.54,5
E01005789,1.43,4
E01005789,3.3,5
E01005789,3.37,5
E01005789,3.32,5
E01005791,2.32,4
E01005795,2.76,5
E01005795,1.76,5
E01005795,2.42,5
E01005923,2.15,5
E01005923,2.1,5
E01005795,3.05,5
E01005931,1.52,5
E01005923,3.13,5
E01005931,2.9,5
E01005923,1.92,5
E01005924,1.32,5
E01005925,4.24,5
E01005925,1.38,5
E01005925,4.36,5
E01005926,4.56,5
E01005926,1.66,4
E01005926,2,5
E01005926,2,5
E01005926,3.79,5
E01005789,1.97,4
E01005774,2.89,6
E01005925,1.79,5
E01005923,2.9,5
E01005769,6.6,6
E01005769,3.51,7
E01005796,2.97,5
E01005769,4.18,4
E01005774,6.69,6
E01005774,3.39,7
E01005786,1.96,4
E01005793,2.85,5
E01005795,2.1,4
E01005795,3,5
E01005926,3.19,5
E01005926,2.1,2
E01005926,1.71,1
E01005926,2.28,4
E01005926,1.99,4
E01005926,-0.85,5
E01005926,2.13,5
E01005785,1.46,4
E01005769,6.98,6
E01005769,3.53,7
E01005171,2.19,4
E01005184,3,5
E01005284,3.93,3
E01005284,2.33,3
E01005284,6.65,3
E01005288,5.65,3
E01005288,4.84,3
E01005286,2.32,2
E01005286,3.54,3
E01005286,3.45,4
E01005281,2.52,3
E01005184,2.07,3
E01005281,3.61,5
E01005066,0.1,5
E01033653,-0.38,4
E01033653,-0.24,6
E01033662,5.06,3
E01005066,5.3,3
E01033662,0.26,6
E01033653,6.43,1
E01033662,8.35,1
E01005176,2.94,4
E01005171,1.46,4
E01005176,0.23,3
E01005176,2.45,4
E01005176,0.42,4
E01005169,3.6,5
E01005171,4.32,5
E01005171,4.3,4
E01005309,3.43,5
E01005210,4.29,3
E01033653,-0.16,6
E01034115,2.96,3
E01034115,4.47,3
E01005212,5.02,3
E01005066,0.8,5
E01034115,1.71,5
E01034115,2.9,2
E01005274,2.78,4
E01005273,1.06,3
E01005185,2.92,5
E01005185,1.33,3
E01005185,2.91,5
E01005271,1.4,3
E01005309,1.04,3
E01005304,1.51,3
E01005304,2.66,4
E01005276,2.64,4
E01005307,0.96,3
E01005277,2.63,4
E01005277,1.42,3
E01005277,3.7,4
E01005277,1.6,3
E01005306,3.46,4
E01005172,0.79,3
E01005176,0.52,3
E01005176,4.14,4
E01005176,0.31,3
E01005176,1,4
E01005176,2.08,4
E01005169,0.72,4
E01005169,4.07,5
E01005169,5.22,5
E01005169,0.78,4
E01005171,5,5
E01005846,3.64,4
E01005846,4.26,4
E01005846,4.62,5
E01005846,3.35,4
E01005846,4.73,5
E01005846,5.46,5
E01005846,4.09,4
E01005769,2.36,4
E01005769,3.86,5
E01005773,4.15,5
E01005773,3.36,4
E01005776,4.28,5
E01005773,3.23,4
E01005776,3.56,4
E01005784,4.98,5
E01005776,3.62,4
E01005784,4.97,5
E01005776,3.37,4
E01005848,4.51,1
E01005793,4.47,1
E01005848,5.57,4
E01005848,4.66,4
E01005848,7.7,2
E01005774,2.46,4
E01005769,4.16,5
E01005769,3.83,4
E01005848,4.08,4
E01005850,4.76,5
E01005769,3.48,4
E01005774,3.83,5
E01005774,2.42,4
E01005793,2.41,1
E01005793,5.25,1
E01005769,4.26,5
E01005769,3.13,4
E01005850,4.06,4
E01005848,4.35,5
E01005848,4.46,5
E01005129,3.83,1
E01005107,1.94,1
E01005132,6.93,1
E01005132,5.52,1
E01005132,5.17,1
E01005132,5.6,1
E01005132,5.28,1
E01005132,4.4,1
E01005129,3.85,1
E01033688,2.3,1
E01033688,2.81,1
E01033688,3.26,1
E01033669,2.77,1
E01033669,3.28,1
E01005107,2.35,1
E01033669,0.94,1
E01033669,0.42,1
E01033668,0.1,1
E01005092,0.09,1
E01005092,0.27,1
E01005093,-0.15,1
E01005093,-0.88,1
E01005257,4.05,1
E01006001,0.39,1
E01034135,4.84,1
E01005228,6.9,1
E01005256,6.97,1
E01005256,7.68,1
E01005256,7.8,1
E01005226,5.84,1
E01005226,6.84,1
E01005226,5.89,1
E01005259,6.58,1
E01006000,7.47,1
E01005993,6.21,1
E01005993,6.08,1
E01005993,8,1
E01005997,4.52,1
E01005997,8.33,1
E01005997,8.97,1
E01005997,9.43,1
E01006000,8.66,1
E01006007,7.52,1
E01006007,6.72,1
E01006005,7.22,1
E01006007,7.22,1
E01006004,7.53,1
E01006002,6.66,1
E01006002,7.27,1
E01006003,7.46,1
E01006000,7.25,1
E01005197,13.69,1
E01005195,13.69,1
E01005201,13.89,1
E01005197,13.28,1
E01005105,6.79,1
E01005191,13.13,1
E01005105,6.21,1
E01005106,6.19,1
E01005106,6.71,1
E01005106,5.98,1
E01005106,5.41,1
E01005107,6.55,1
E01005107,9.02,1
E01005107,10.68,1
E01034113,11.03,1
E01005998,12.27,1
E01034112,12.62,1
E01005187,11.55,1
E01005187,13.03,1
E01005187,12.69,1
E01005191,12.63,1
E01005191,12.15,1
E01005189,13.77,1
E01033667,1.34,2
E01034133,4.7,4
E01034133,2.75,3
E01033667,1.93,2
E01033667,5.39,1
E01033651,1.34,2
E01005132,4.98,4
E01005132,0.82,2
E01005132,5.28,4
E01005132,0.08,2
E01005132,5.02,4
E01005132,0.23,2
E01005132,4.01,4
E01005132,0.64,2
E01005132,4.38,4
E01005132,1.04,2
E01005130,1.13,2
E01034133,1.1,2
E01033651,1.18,2
E01005130,2.64,3
E01033651,3.07,3
E01033669,4.22,4
E01033669,0.3,2
E01005257,4.26,4
E01005257,1.54,2
E01005257,4.86,4
E01005257,1.03,2
E01005257,4.9,4
E01005257,1.26,2
E01005257,4.64,4
E01005261,0.9,2
E01005261,4.48,4
E01005261,0.94,2
E01005261,1.16,2
E01005261,4.39,4
E01005261,1.58,2
E01005261,4.35,4
E01005255,4.22,4
E01005255,1.74,2
E01005255,4.43,4
E01005255,2.02,2
E01005259,4.42,4
E01005259,3.5,4
E01005259,3.08,2
E01005259,4.1,4
E01005259,3.24,2
E01005258,3.14,4
E01005260,3.67,2
E01005260,3.11,4
E01005362,4.15,3
E01005362,4.22,2
E01005378,4.52,3
E01005363,4.1,3
E01005366,5.1,3
E01005373,2.88,2
E01005434,1.6,2
E01005371,4.54,3
E01005371,2.6,2
E01005372,3.96,3
E01005375,3.26,2
E01005375,3.24,2
E01005375,4.77,3
E01005373,2.65,2
E01005378,4.2,2
E01005378,3.67,2
E01005350,0.52,2
E01005459,5.29,3
E01005372,1.84,2
E01005372,4.69,3
E01005363,3.04,2
E01005364,4.39,3
E01005363,3.28,2
E01005364,3.27,2
E01005364,4.55,3
E01005366,4.51,2
E01005364,4.71,3
E01005459,5,3
E01005459,0.98,2
E01005437,1.23,2
E01005437,5.71,3
E01005438,1.76,2
E01005437,5.62,3
E01005437,1.84,2
E01005439,5.74,3
E01005439,2.78,2
E01005439,5.85,3
E01005439,3.3,2
E01005382,6.09,3
E01005382,3.56,2
E01005382,2.96,2
E01005377,5.5,3
E01005377,3.34,2
E01005377,5.32,3
E01005377,4.12,2
E01005377,5.39,3
E01005379,4.57,3
E01005379,3.36,2
E01005378,4.22,2
E01005378,5.32,3
E01005378,5.01,3
E01005260,4,3
E01005260,3.66,2
E01005375,4.53,3
E01005375,4.18,3
E01005365,4.23,2
E01033667,3.74,14
E01034133,2.62,16
E01034133,4.74,3
E01034133,2.47,14
E01034133,3.18,2
E01033667,4.89,16
E01033651,4.61,17
E01005132,2.22,17
E01005132,4.38,3
E01005132,4.24,21
E01005132,2.66,17
E01005132,5.22,3
E01005132,3.54,21
E01005132,2.8,17
E01005132,5.27,3
E01005132,3.98,21
E01005132,2.16,17
E01005132,4.11,3
E01005132,4.11,21
E01005132,2.43,18
E01005132,4.49,3
E01005132,3.98,21
E01005130,4.4,19
E01034133,4.44,21
E01033651,4.2,17
E01005130,13.36,1
E01005130,3.16,13
E01005130,2.24,2
E01033651,12.73,1
E01033651,2.9,11
E01033651,1.73,2
E01033669,2.42,18
E01033669,4.61,3
E01033669,3.34,20
E01005257,2.12,18
E01005257,4.67,3
E01005257,3.83,20
E01005257,2.72,18
E01005257,5.25,3
E01005257,3.68,20
E01005257,2.71,18
E01005257,4.82,3
E01005257,3.51,20
E01005257,2.69,17
E01005257,4.99,3
E01005261,3.1,20
E01005261,2.78,17
E01005261,5.15,3
E01005261,3.71,20
E01005261,2.82,17
E01005261,5.19,3
E01005261,3.5,19
E01005261,3.91,19
E01005259,1.66,17
E01005259,3.62,3
E01005259,4.63,21
E01005259,2.13,17
E01005259,4.23,3
E01005259,4.56,21
E01005259,2.35,17
E01005259,4.18,3
E01005259,4.53,21
E01005258,1.84,17
E01005258,3.96,3
E01005260,5.13,21
E01005260,1.73,17
E01005260,3.52,3
E01005362,1.97,16
E01005362,4.76,3
E01005362,5.37,20
E01005378,2.2,16
E01005378,5.09,3
E01005363,2.34,17
E01005363,4.91,3
E01005366,2.15,17
E01005366,4.57,3
E01005373,4.11,23
E01005434,3.71,20
E01005371,2.19,17
E01005371,4.81,3
E01005371,4.54,24
E01005372,1.93,17
E01005372,4.41,3
E01005375,4.96,21
E01005375,4.41,21
E01005375,2.39,17
E01005375,4.94,3
E01005373,4.14,23
E01005433,8.19,4
E01005378,5.04,20
E01005378,4.79,20
E01005350,2.9,19
E01005350,7.17,2
E01005459,1.57,9
E01005459,4.58,2
E01005372,3.51,23
E01005372,2.18,17
E01005372,4.65,3
E01005350,8.55,4
E01005363,4.65,24
E01005364,1.79,17
E01005364,4.33,3
E01005363,5.06,23
E01005364,5.02,22
E01005364,2.21,17
E01005364,4.48,3
E01005366,5.06,22
E01005364,2.05,16
E01005364,4.67,3
E01005459,1.9,15
E01005459,4.16,3
E01005459,3.06,20
E01005437,3.32,21
E01005437,2.37,15
E01005437,4.4,3
E01005438,3.95,21
E01005437,2.35,15
E01005437,4.11,3
E01005437,3.65,21
E01005439,2.17,15
E01005439,3.88,3
E01005439,3.93,21
E01005439,2.27,16
E01005439,4.98,3
E01005439,4.33,21
E01005382,2.48,16
E01005382,4.75,3
E01005382,4.54,21
E01005382,4.46,21
E01005377,2.11,16
E01005377,4.38,3
E01005377,4.93,20
E01005377,2.42,16
E01005377,5.39,3
E01005377,5.71,20
E01005377,2.36,16
E01005377,5.39,3
E01005379,1.63,16
E01005379,4.51,3
E01005379,4.75,20
E01005378,5.17,20
E01005378,2.56,16
E01005378,5.39,3
E01005378,2.3,16
E01005378,5.15,3
E01005260,1.84,17
E01005260,3.57,3
E01005260,5.18,21
E01005375,2.29,17
E01005375,4.78,3
E01005375,2.1,17
E01005375,4.18,3
E01005365,5.02,21
E01005350,1.81,4
E01005350,5.08,1
E01005350,3.45,3
E01004929,-1.13,2
E01004919,-2.7,2
E01004864,-2.45,2
E01004920,-2,2
E01004924,-3.1,2
E01004766,-0.77,2
E01004845,-3.37,1
E01004864,-1.88,2
E01004864,-1.8,2
E01004842,-4.17,1
E01004842,-4.91,1
E01004920,-4.84,1
E01004842,-5.7,1
E01004920,-6.9,1
E01004920,-6.41,1
E01004920,-5.94,1
E01004840,-5.8,1
E01004843,-3.63,1
E01004842,-4.62,1
E01004767,-0.82,2
E01004927,-1.31,2
E01004767,-1.88,2
E01004767,-1.47,2
E01004767,-1.42,2
E01004924,-2.28,2
E01006241,-1.03,1
E01006240,-3.21,1
E01006241,-1.78,1
E01006240,-3.5,1
E01006240,-2.86,1
E01006289,-3.93,1
E01006240,-3.13,1
E01006240,-2.58,1
E01006241,-0.99,1
E01005001,0.42,1
E01005002,0.62,1
E01005000,0.33,1
E01005000,1.16,1
E01005001,0.19,1
E01005002,0.17,1
E01005004,1.4,1
E01005004,0.97,1
E01005004,1.41,1
E01005004,0.8,1
E01004997,1.17,1
E01004996,1.4,1
E01004996,1.05,1
E01005009,-0.39,1
E01004773,-1.55,1
E01004929,2.12,1
E01004769,0.14,1
E01004770,0.09,1
E01004770,-0.34,1
E01004770,-0.94,1
E01004770,-0.6,1
E01004773,-1.34,1
E01004767,-0.14,1
E01004927,1.53,1
E01004767,-1.51,1
E01004767,-0.89,1
E01004767,-3.06,1
E01004929,0.07,1
E01004865,-6.9,1
E01004865,-6.84,1
E01004790,-2.25,1
E01004766,-2.83,1
E01004864,-2.94,1
E01004864,-3.27,1
E01004924,-5.1,1
E01004924,-0.54,1
E01004924,-2.85,1
E01004924,-2.01,1
E01004924,-2.36,1
E01004924,-3.36,1
E01004826,-6.74,1
E01004867,-4.84,1
E01004866,-5.35,1
E01004867,-4.66,1
E01004925,-4.39,1
E01004921,-4.43,1
E01004919,-5.36,1
E01004919,-4.3,1
E01004864,-7.13,1
E01004767,-1.75,1
E01004927,-1.24,1
E01004767,-3.2,1
E01004767,-2.54,1
E01004767,-4.74,1
E01004919,-3.52,1
E01004920,-5.67,1
E01004920,-1330.25,1
E01004865,-7.05,1
E01004826,-6.25,1
E01004826,-6.89,1
E01004929,3.46,1
E01004776,6.04,1
E01004835,5.63,1
E01004894,8.15,1
E01004894,8.53,1
E01004894,8.54,1
E01004780,8.76,1
E01033218,6.49,1
E01004849,4.4,1
E01004849,4.53,1
E01004850,4.18,1
E01004850,4.02,1
E01004827,5.66,1
E01004834,4.95,1
E01004834,4.42,1
E01004838,3.97,1
E01004838,4.65,1
E01004836,4.55,1
E01033218,6.58,1
E01033219,6.76,1
E01033219,8.01,1
E01033219,7.59,1
E01033219,9.71,1
E01033219,9,1
E01004897,9.19,1
E01004897,9.62,1
E01004897,6.72,1
E01004927,2.15,1
E01033220,3.2,1
E01004927,2.89,1
E01004928,3.32,1
E01033220,2.42,1
E01004778,8.74,1
E01004782,9.22,1
E01004780,8.95,1
E01004780,9.34,1
E01004783,8.7,1
E01004783,9.12,1
E01004783,8.83,1
E01004783,8.42,1
E01004894,6.61,1
E01004776,6.05,1
E01004776,4.68,1
E01004776,5.73,1
E01004775,6.22,1
E01004776,6.21,1
E01004776,6.64,1
E01004775,7.7,1
E01004775,8.53,1
E01004775,8.93,1
E01004991,3.86,1
E01004993,3.29,1
E01004993,2.79,1
E01004993,3.1,1
E01004992,3.15,1
E01004992,3.19,1
E01004994,2.52,1
E01004994,1.29,1
E01005060,3.75,1
E01005060,3.55,1
E01005060,3.92,1
E01005009,2.49,1
E01005184,2.53,1
E01005268,2.28,1
E01005268,2.72,1
E01005263,2.45,1
E01005263,2.23,1
E01005176,1.99,1
E01005775,5.5,1
E01005180,3.64,1
E01005183,4.13,1
E01005183,3.13,1
E01005184,1.89,1
E01005078,3.9,1
E01005078,3.88,1
E01005078,3.36,1
E01005268,3.67,1
E01005307,3.54,1
E01005277,3.39,1
E01005277,3.92,1
E01005172,2.95,1
E01005176,2.37,1
E01005172,2.54,1
E01005078,2.3,1
E01005274,1.57,1
E01005770,1.24,1
E01005295,0.53,1
E01005771,4.25,1
E01005770,4.38,1
E01005849,8.67,1
E01005845,9.12,1
E01005845,7.57,1
E01005845,8.6,1
E01005767,4.6,1
E01005767,5.19,1
E01005851,6.08,1
E01005851,5.97,1
E01005767,5.06,1
E01005772,6.46,1
E01005844,8.18,1
E01004929,-2.02,1
E01004803,-13.24,1
E01004767,1.51,1
E01004790,-1.25,1
E01004929,-1.2,1
E01004790,-0.5,1
E01004810,-4.32,1
E01004790,-2.38,1
E01004790,-0.35,1
E01004804,-11.9,1
E01004804,-9.88,1
E01004808,-9.02,1
E01004808,-8.19,1
E01004808,-7.67,1
E01004809,-6.38,1
E01004809,-5.8,1
E01004806,-5.75,1
E01004929,-1.44,1
E01004767,0.06,1
E01004767,0.92,1
E01004767,-1.53,1
E01004802,-1.3,1
E01004806,-4.28,1
E01006263,3.91,1
E01006226,7.26,1
E01006223,-10.17,1
E01006266,6.12,1
E01006268,6.74,1
E01006268,3.94,3
E01006268,3.76,3
E01006268,6.52,1
E01006266,4.19,3
E01006266,4.88,2
E01006266,4.53,3
E01006368,5,3
E01006368,4.6,2
E01006368,4.4,3
E01006368,4.09,2
E01006223,-1.75,1
E01006223,14.48,1
E01006268,4.8,3
E01006268,4.33,1
E01006268,5.06,1
E01006268,4.86,3
E01006223,4.65,1
E01006265,7.42,2
E01006223,5.28,1
E01006223,7.12,2
E01006223,3.68,1
E01006226,6.37,1
E01006225,4.49,1
E01006226,5.96,1
E01006368,4.41,2
E01006368,5,3
E01005805,4.1,2
E01005805,4.26,2
E01005805,4.47,2
E01005815,3.3,2
E01005806,3.5,1
E01005814,3.28,1
E01005814,3.65,1
E01005831,5.37,2
E01005838,5.78,2
E01005801,5.7,2
E01005801,5.29,2
E01005831,5.9,2
E01005801,4.96,2
E01005840,5.62,2
E01005840,5.14,2
E01005838,4.88,2
E01005807,4.45,2
E01005805,4.72,2
E01005002,3.91,1
E01005000,3.61,1
E01005001,-2.37,1
E01005002,3.58,1
E01005004,4.57,1
E01005004,4.05,1
E01005004,4.48,1
E01005004,3.84,1
E01004997,4.16,1
E01004996,4.34,1
E01004996,4.6,1
E01004995,3.04,1
E01004911,-0.25,1
E01004914,1.55,1
E01004914,2.03,1
E01004916,1.56,1
E01004911,-0.08,1
E01004911,0.14,1
E01004911,-0.97,1
E01004918,-1.23,1
E01004800,-0.29,1
E01005005,-0.86,1
E01005000,-2.16,1
E01005003,-4.43,1
E01005004,-3.71,1
E01005001,-2.93,1
E01005001,-2.36,1
E01005000,-2.04,1
E01005002,-3.96,1
E01005004,-4.17,1
E01004997,-4.29,1
E01004996,-4.8,1
E01004996,-4.85,1
E01004990,-3.74,1
E01004798,-0.52,1
E01006379,7.25,1
E01005736,10.53,1
E01005736,11.15,1
E01005734,14.6,1
E01005734,16.55,1
E01005735,19.17,1
E01005717,23.46,1
E01005717,26.91,1
E01004842,0.13,1
E01004920,-0.78,1
E01004870,3.7,1
E01004869,0.63,1
E01004869,0.52,1
E01004823,1.11,1
E01004843,0.67,1
E01004922,0.85,1
E01004922,0.3,1
E01004921,0.38,1
E01004800,4.26,1
E01005005,3.84,1
E01004798,3.16,1
E01004930,3.42,1
E01004929,0.81,1
E01004796,3.01,1
E01004796,3.34,1
E01004796,2.68,1
E01004796,2.92,1
E01004926,1.9,1
E01004929,2.52,1
E01004929,0.47,1
E01004929,1.25,1
E01004931,2.53,1
E01004930,2.69,1
E01004930,3.11,1
E01004798,2.83,1
E01004799,2.92,1
E01004800,2.43,1
E01004800,3.42,1
E01004800,3.95,1
E01004800,3.66,1
E01004798,3,1
E01004798,3.8,1
E01004776,17.28,1
E01004835,3.11,1
E01004893,11.81,1
E01004780,20.65,1
E01004850,0.81,1
E01004850,1.31,1
E01004827,1.34,1
E01004834,1.79,1
E01004834,1.22,1
E01004838,1.65,1
E01004838,2.25,1
E01004836,3.14,1
E01004835,3.56,1
E01004899,3.3,1
E01004899,2.85,1
E01004899,3.3,1
E01004939,12.65,1
E01004938,11.89,1
E01004783,20.11,1
E01004783,20.8,1
E01004783,20.61,1
E01004783,20.24,1
E01004891,10.07,1
E01004893,12.41,1
E01004893,12.49,1
E01004894,12.09,1
E01004936,13.49,1
E01004936,14.31,1
E01004894,14.03,1
E01004776,14.31,1
E01004776,15.17,1
E01004776,15.24,1
E01004775,16,1
E01004776,16.71,1
E01004776,17.54,1
E01004775,19.14,1
E01004775,19.85,1
E01004775,20.79,1
E01004837,-5.37,1
E01004844,-4.46,1
E01004844,-4.66,1
E01004844,-3.21,1
E01004775,-3.11,1
E01004775,-3.48,1
E01004775,-2.23,1
E01004885,0.93,1
E01004885,1.78,1
E01004881,2,1
E01004890,1.56,1
E01004777,0.65,1
E01004781,1.4,1
E01004883,0.86,1
E01004883,1.38,1
E01004886,1.18,1
E01004886,1.84,1
E01004887,2.18,1
E01004781,1.19,1
E01004981,-4.74,1
E01004980,-3.55,1
E01004976,-3.95,1
E01004981,-4.12,1
E01004978,-3.95,1
E01004978,-3.74,1
E01004978,-3.45,1
E01004980,-3.9,1
E01004979,-4.17,1
E01006028,5.64,1
E01006024,5.55,1
E01006027,4.95,1
E01006048,3.76,1
E01006052,3.55,1
E01006052,4.28,1
E01006052,4.03,1
E01006052,4.06,1
E01006052,4.59,1
E01006050,5.29,1
E01006027,5.69,1
E01006027,5.08,1
E01006025,4.81,1
E01006025,4.96,1
E01006025,5.11,1
E01006027,4.5,1
E01006027,5.29,1
E01006024,6.22,1
E01006024,5.15,1
E01006024,5.59,1
E01006026,5.13,1
E01006026,5.17,1
E01006049,4.51,1
E01006049,4.36,1
E01006049,4.28,1
E01005094,-1.07,1
E01005093,-0.9,1
E01005093,-1.73,1
E01005093,-2.19,1
E01005094,-0.02,1
E01005094,0.52,1
E01005998,3.51,1
E01034112,1.95,1
E01005998,1.8,1
E01034114,1.46,1
E01034114,1.74,1
E01034114,2.23,1
E01005187,2.43,1
E01005998,2.11,1
E01006001,-2.45,1
E01005046,4.14,1
E01004967,3.96,1
E01004967,3.19,1
E01005046,4.15,1
E01005046,4.34,1
E01005046,4.36,1
E01005046,3.7,1
E01005046,4.05,1
E01005046,3.39,1
E01004965,4.53,1
E01004966,4.73,1
E01004966,3.8,1
E01004967,4.35,1
E01004961,4.7,1
E01006273,-11.29,1
E01006213,-6.87,1
E01006213,-7.59,1
E01006269,-8.71,1
E01006269,-8.3,1
E01006269,-9.73,1
E01006285,-7.68,1
E01006286,-9.22,1
E01006286,-9.14,1
E01006270,-10.71,1
E01006286,-9.61,1
E01006275,-9.73,1
E01006273,-10.62,1
E01006270,-9.92,1
E01006270,-9.25,1
E01006269,-10.04,1
E01006269,-9.83,1
E01006271,-11.99,1
E01006273,-10.82,1
E01005750,-0.03,1
E01005743,0.97,1
E01005748,-2.57,1
E01005743,1.67,1
E01005898,0.36,1
E01005897,1.4,1
E01005904,2.43,1
E01005904,-1.56,1
E01005904,3.16,1
E01005904,-1.84,1
E01005904,-1.41,1
E01005904,-1.76,1
E01005903,-1.5,1
E01005903,-1.28,1
E01005748,-1.79,1
E01005747,-2.11,1
E01005747,-2.03,1
E01005747,-1.55,1
E01005745,-2.83,1
E01005746,-4.82,1
E01005751,-4,1
E01005744,-2.73,1
E01005744,0.34,1
E01005743,1.23,1
E01005898,0.31,1
E01005897,-0.77,1
E01005228,5.62,1
E01005256,6.33,1
E01005256,6.3,1
E01005226,7.14,1
E01033669,4.07,1
E01005257,3.46,1
E01005257,2.85,1
E01005257,3.03,1
E01005261,2.88,1
E01005261,2.66,1
E01005261,2.89,1
E01005261,4.71,1
E01005259,4.05,1
E01005072,7.64,1
E01005264,8.7,1
E01005265,8.07,1
E01005265,9.29,1
E01005115,8.82,1
E01005071,7.65,1
E01005115,8.92,1
E01005116,8.08,1
E01005116,8.52,1
E01005115,9.07,1
E01005115,8.52,1
E01005115,9.25,1
E01005115,8.83,1
E01005071,7.95,1
E01005071,7.54,1
E01005071,7.75,1
E01005071,7.1,1
E01005072,7.69,1
E01005071,8.42,1
E01005117,8.12,1
E01005825,-12.2,1
E01005824,-5.43,1
E01005876,-3.33,1
E01005871,1.8,1
E01005875,0.27,1
E01005824,-1,1
E01005826,-8.57,1
E01005827,-7.93,1
E01005825,-9.66,1
E01005877,-9.06,1
E01005876,-7.89,1
E01005827,-9.56,1
E01005828,-7.93,1
E01005828,-8.07,1
E01005826,-9.14,1
E01005826,-9.66,1
E01005825,-12.12,1
E01005798,-10.54,1
E01005825,-10.18,1
E01005184,3.02,28
E01005284,40.57,35
E01034117,1.18,2
E01005284,45.33,35
E01005288,44.33,35
E01005288,39.45,38
E01005286,2.51,17
E01005286,39.63,38
E01005286,2.76,23
E01005281,39.16,38
E01005184,38.31,39
E01005281,3.53,24
E01005066,1.57,22
E01033653,0.48,11
E01033653,2.84,9
E01033653,0.9,17
E01033662,2.77,25
E01005066,53.3,28
E01033662,1.03,24
E01033653,3.1,15
E01033653,1.96,2
E01033662,3.56,18
E01005314,3.81,37
E01005314,3.23,38
E01005314,1.68,28
E01005291,2.68,39
E01005291,2.43,39
E01005316,2.29,27
E01005316,3.29,36
E01005314,3.71,37
E01005314,2.1,27
E01005314,1.93,28
E01005268,4.04,29
E01005268,1.39,39
E01005268,37.5,40
E01005268,3.95,29
E01005263,3.25,29
E01005263,1.61,39
E01005269,3.15,29
E01005263,1.17,39
E01005315,1.22,25
E01005078,3.51,27
E01005086,1.7,39
E01005309,2.81,29
E01005315,2.23,26
E01005316,3.34,29
E01005315,3.75,20
E01005319,1.31,26
E01005313,3.38,40
E01005313,1.49,27
E01033653,1,18
E01005089,3.07,30
E01005289,2.76,32
E01034117,42.87,35
E01005089,2.64,39
E01005089,2.68,32
E01005089,1.97,39
E01005089,2.7,32
E01005089,2.06,39
E01005086,2.47,30
E01005086,2.41,39
E01005085,2.51,29
E01005085,1.26,39
E01005212,47.81,31
E01005210,46.18,32
E01005066,2.4,21
E01034115,2.86,24
E01034115,44.03,34
E01034115,3.12,10
E01034115,41.24,35
E01005284,2.83,3
E01005284,3.84,2
E01005274,2.3,29
E01005273,38.45,39
E01005078,2.95,28
E01005078,39.12,39
E01005078,3.34,28
E01005078,39.04,39
E01005078,38.32,40
E01005078,3.32,27
E01005268,38.02,40
E01005185,2.38,30
E01005185,38.85,39
E01005185,2.34,31
E01005271,38.56,39
E01005309,38.52,39
E01005076,39.82,38
E01005277,3.03,28
E01005276,37.64,39
E01005276,2.67,28
E01005276,37.86,39
E01005276,2.89,31
E01005274,38.23,39
E01005274,2.59,31
E01005304,38.94,39
E01005304,2.43,31
E01005263,3.04,28
E01005086,2.31,27
E01005295,1.16,39
E01005295,3.04,29
E01005090,2.59,26
E01005291,1.1,39
E01005965,19.85,25
E01005965,-12.55,25
E01005963,-5.8,25
E01005963,23.12,24
E01005963,-8.59,25
E01005964,25.04,26
E01005951,-13.73,20
E01005951,23.93,22
E01005951,-7.57,17
E01005951,28.77,20
E01005953,35.96,22
E01005953,-10.65,18
E01005953,-4.39,25
E01005953,36.31,23
E01033950,28.06,16
E01005981,9.22,24
E01005981,-1.09,25
E01005979,4.5,29
E01005979,3.83,29
E01005983,2.23,28
E01033949,22.43,25
E01033949,-24.92,24
E01033949,19.94,20
E01033949,-29.64,20
E01005950,-1.68,17
E01005984,1.94,28
E01005980,5.15,29
E01005975,-5.06,28
E01005974,-5.73,27
E01005974,10.12,25
E01005981,-1.97,26
E01005981,9.86,25
E01005977,10.33,22
E01005981,1.95,28
E01005984,2.49,28
E01005983,2.52,29
E01005979,2.9,29
E01005975,11.26,24
E01005979,2.51,28
E01005981,1.24,28
E01005984,2.81,28
E01005967,10.74,26
E01005967,-3.21,18
E01005966,-9.05,24
E01005967,14.94,24
E01005972,-10.54,22
E01005964,16.94,19
E01005971,-4.93,20
E01005974,0.67,22
E01005966,12.75,27
E01005971,6.07,29
E01005974,8.1,19
E01005974,-6.69,17
E01005976,-3.76,24
E01005873,3.66,1
E01005875,4.44,1
E01005875,4.04,1
E01005871,4.67,1
E01005872,7.66,1
E01005835,4.14,1
E01005835,4.4,1
E01005835,4.34,1
E01005835,3.57,1
E01005833,3.79,1
E01005832,4.32,1
E01005832,4.06,1
E01005873,4.47,1
E01005753,0.39,1
E01005884,4.2,1
E01005756,1.39,1
E01005753,3.17,1
E01005753,-0.97,1
E01005756,3.35,1
E01005756,3.89,1
E01005756,4.97,1
E01005757,6.83,1
E01005757,6.89,1
E01005837,0.28,1
E01005843,-0.42,1
E01005877,3.65,1
E01005874,3.49,1
E01005835,-0.6,1
E01005835,-0.12,1
E01005833,-0.84,1
E01005826,-4.86,1
E01005828,1.03,1
E01005828,-0.74,1
E01005826,2.9,1
E01005828,-2.77,1
E01005826,-5.3,1
E01005835,-0.32,1
E01005874,4.84,1
E01033948,5.09,1
E01005874,2.37,1
E01005757,1.6,1
E01005921,8.17,1
E01005889,11.08,1
E01005889,11.27,1
E01005886,11.82,1
E01005896,12.13,1
E01005193,11.66,1
E01005192,11.3,1
E01005893,8.48,1
E01005757,1.28,1
E01005753,4.75,1
E01005751,4.43,1
E01005744,4.78,1
E01005751,5.29,1
E01005744,5.13,1
E01005744,5.29,1
E01005744,3.83,1
E01005753,4.26,1
E01005753,-5.74,1
E01005757,1.68,1
E01005918,0.61,1
E01005915,1.02,1
E01005915,0.27,1
E01005915,-0.19,1
E01005895,0.07,1
E01005892,5.42,1
E01005892,6.14,1
E01005752,11.21,1
E01005909,11.54,1
E01005908,13.22,1
E01005909,13.3,1
E01005908,12.93,1
E01005908,12.79,1
E01005908,12.4,1
E01005908,12.21,1
E01005883,10.32,1
E01005880,10.88,1
E01005880,9.06,1
E01005898,10.13,1
E01005902,11.55,1
E01005848,4.16,2
E01005850,-0.88,1
E01005850,11.76,2
E01005090,6.04,2
E01005090,14.35,2
E01005319,14.33,2
E01005319,7.98,2
E01005319,10,2
E01005316,12.97,2
E01005316,11.56,2
E01005316,12.66,2
E01005317,2.96,2
E01005317,1.29,1
E01005317,11,2
E01005315,17.48,1
E01005315,13.36,2
E01005316,14.12,1
E01005315,13.93,1
E01005090,2.59,1
E01005319,6.7,3
E01005313,8.95,1
E01005313,6.9,3
E01005293,6.18,3
E01005313,1.35,1
E01005313,11.05,2
E01005294,1.03,1
E01005294,10.88,2
E01005294,2.96,2
E01005294,0.53,1
E01005294,10.22,2
E01005317,3.63,2
E01005294,4.12,2
E01005845,0.66,1
E01005845,10.53,2
E01005845,0.13,1
E01005845,10.1,2
E01005845,3.89,2
E01005845,4.34,2
E01005849,0.2,1
E01005849,10.33,2
E01005850,3.51,2
E01005847,0.33,1
E01005847,10.38,2
E01005850,3.36,2
E01005850,3.9,2
E01005850,0.28,1
E01005850,10.3,2
E01005850,3.83,2
E01005850,0.1,1
E01005850,10.5,2
E01005850,-0.4,1
E01005850,11.06,2
E01005848,4.14,2
E01005291,12.61,2
E01006335,5.73,4
E01006333,11.08,2
E01006333,-6.17,1
E01006252,6.23,4
E01006252,5.62,3
E01006246,5.68,4
E01006246,6.1,3
E01006335,6.41,3
E01006335,4.8,4
E01006335,4.24,4
E01006297,5.3,4
E01006297,5.49,4
E01006247,5.07,4
E01006247,5,4
E01006297,6.09,3
E01006297,4.93,4
E01006340,1.66,3
E01006346,4.49,4
E01006214,2.96,4
E01006219,1.53,3
E01006369,1.52,3
E01006369,2.17,3
E01006349,2.22,2
E01006369,2.63,2
E01006369,2.37,3
E01006310,1.61,3
E01006306,1.67,3
E01006348,-0.15,4
E01006214,1.25,3
E01006214,1.8,4
E01006310,2.01,4
E01006310,1.44,3
E01006310,0.94,3
E01006214,2.86,4
E01006216,1.08,2
E01006310,2.33,2
E01006214,2.02,3
E01006214,1.64,3
E01006214,2.3,4
E01006214,3.44,4
E01006214,1.94,3
E01006214,2.5,3
E01006214,3.12,4
E01006214,1.44,2
E01006214,2.72,4
E01006214,2.4,2
E01006214,3.84,4
E01006214,2.73,2
E01006214,3.4,4
E01006340,2.28,2
E01006340,4.39,4
E01006340,1.79,3
E01006340,4.27,4
E01006340,3.56,4
E01006342,1.62,4
E01006342,4.15,4
E01006342,4.74,4
E01006342,1.08,4
E01006346,4.15,4
E01006348,0.6,4
E01006348,4.08,4
E01006346,0.56,4
E01006219,1.89,4
E01006219,1.79,3
E01006218,2.33,3
E01006215,2.18,4
E01006213,2.2,4
E01006213,1.36,3
E01006213,1.8,4
E01006213,1.39,4
E01006217,2.32,4
E01006217,0.93,4
E01006217,2.69,4
E01006217,0.55,4
E01006310,0.99,4
E01006310,2.51,4
E01006310,0.87,3
E01006075,1.06,5
E01005068,4.19,16
E01005289,10.07,17
E01005075,4.82,19
E01005314,8.31,18
E01005314,8.51,18
E01005314,84.23,18
E01005090,8.62,18
E01005291,12.85,17
E01005090,4.7,16
E01005319,4.67,16
E01005319,8.54,18
E01005319,7.86,18
E01005316,3.99,16
E01005316,8.62,18
E01005316,89.12,17
E01005316,84.44,18
E01005316,8.71,18
E01005314,8.43,18
E01005314,80.47,19
E01005314,80.62,19
E01005070,4.52,17
E01005070,9.53,18
E01005075,4.61,19
E01005775,7.32,17
E01005068,4.76,18
E01005068,8.64,19
E01005289,10.36,17
E01005289,2.11,16
E01005289,87.52,17
E01005289,7.78,16
E01005289,87.18,17
E01005089,10.51,17
E01005089,2.1,14
E01005319,8.38,18
E01005319,3.98,14
E01005313,8.1,18
E01005313,84.38,18
E01005114,4.73,15
E01005114,6.31,18
E01005117,5.13,18
E01005114,5.44,18
E01005113,4.89,15
E01005319,4.52,16
E01005319,9.18,19
E01005068,4.16,16
E01005074,8.69,19
E01005068,8.76,19
E01005068,4.46,17
E01005074,4.52,18
E01005070,8.72,19
E01005075,8.72,19
E01005074,8.76,19
E01005070,4.74,18
E01005070,8.29,19
E01005075,5.84,17
E01005075,9.86,18
E01005070,6.15,18
E01005070,6.03,18
E01005070,5.76,18
E01005070,5.62,16
E01005070,6,16
E01005071,6.23,18
E01005071,5.82,16
E01005071,6.03,18
E01005071,5.96,16
E01005117,5.73,18
E01005117,4.76,15
E01005766,8.21,14
E01005822,1.95,19
E01005818,70.46,21
E01005818,6.17,15
E01005818,6.24,15
E01005765,74.05,20
E01005820,5.61,15
E01005820,72.9,20
E01005820,6.64,15
E01005765,1.49,19
E01005820,7.06,15
E01005820,1,19
E01005820,6.93,15
E01005816,1.34,19
E01005764,7.48,15
E01005822,1.47,19
E01005821,5.86,15
E01005774,6.29,16
E01005771,7.28,16
E01005770,6.82,16
E01005770,1.58,16
E01005874,76.62,20
E01005874,76.48,20
E01033948,187.93,8
E01005766,75.86,20
E01005819,77.53,19
E01005819,6.07,15
E01033948,5.44,9
E01005818,70.66,21
E01033948,117.76,13
E01033948,83.95,18
E01005773,2.62,17
E01005769,1.55,18
E01005769,6.56,16
E01005774,2.79,20
E01005774,6.05,15
E01005769,2.45,18
E01005778,5.59,15
E01005772,7.43,16
E01005768,2.66,17
E01005768,3.27,17
E01005768,7.33,16
E01005768,1.79,16
E01033948,6.68,14
E01005778,77.32,19
E01005773,6.84,16
E01005778,2.14,18
E01005778,5.41,15
E01006205,5.02,17
E01006080,3.58,10
E01006206,5.71,15
E01006205,4.22,16
E01006192,3.52,15
E01006192,5.95,15
E01006192,4.6,16
E01006205,4.82,17
E01006192,4.81,17
E01006192,3.79,15
E01006205,6.43,15
E01006192,4.76,16
E01006192,3.57,14
E01006206,6.15,16
E01006206,6.09,17
E01006208,6.38,17
E01006207,6.73,17
E01006206,5.95,17
E01006206,5.55,15
E01006206,6.08,17
E01006207,6.46,16
E01006206,5.25,17
E01006207,5.66,16
E01006207,5.96,16
E01006206,6.55,16
E01006204,4.21,16
E01006204,4.3,16
E01006192,5.39,16
E01005822,11.18,1
E01005291,1.53,5
E01005091,11.26,17
E01006333,11.42,1
E01006345,10.16,1
E01006339,10.02,1
E01006298,12.21,1
E01006328,12.6,1
E01006328,13.95,1
E01006342,10.33,1
E01006342,10.18,1
E01006342,10.93,1
E01006346,10.46,1
E01006340,9.3,1
E01006340,9.65,1
E01006348,-4.42,1
E01006348,-5.24,1
E01006348,-3.88,1
E01005618,7.7,1
E01005619,6.56,1
E01005619,6.38,1
E01005616,8.84,1
E01005616,8.64,1
E01005617,6.58,1
E01005618,10.59,1
E01005621,10.78,1
E01005618,11.86,1
E01005620,11.41,1
E01005620,12.04,1
E01005645,12.21,1
E01005642,12.41,1
E01005642,13.21,1
E01005643,13.13,1
E01005639,13.22,1
E01005639,13.99,1
E01005641,15.24,1
E01005641,15.42,1
E01005168,2.93,16
E01005171,2.1,18
E01005184,2.06,16
E01005284,1.76,19
E01005284,0.36,19
E01005284,5.1,19
E01005288,4.36,19
E01005288,3.31,19
E01005286,1.73,6
E01005286,2.77,20
E01005286,2.67,12
E01005281,2.26,20
E01005184,2.03,20
E01005281,2.38,13
E01005168,4.44,15
E01005066,0.69,13
E01033653,1.25,9
E01033653,1.9,4
E01033653,1.34,16
E01033662,1.68,12
E01005066,1.93,16
E01033662,0.46,14
E01033653,2.09,11
E01033662,2.38,11
E01005176,4.04,15
E01005168,2.98,14
E01005171,-4.36,1
E01005176,1.22,20
E01005176,3.97,15
E01005176,1.48,20
E01005169,4.05,16
E01005309,2.46,17
E01005210,1.58,19
E01033653,1.33,15
E01034115,0.28,19
E01034115,1.8,19
E01005212,1.74,18
E01005066,1.64,11
E01034115,2.59,10
E01034115,3.88,6
E01005274,2.35,17
E01005273,1.33,20
E01005185,2.29,17
E01005185,2.01,20
E01005185,2.3,17
E01005271,1.98,20
E01005309,1.32,20
E01005304,1.42,20
E01005304,1.88,16
E01005276,2.04,16
E01005307,1.1,20
E01005277,2.46,15
E01005277,1.86,20
E01005277,3.31,15
E01005277,1.73,20
E01005306,3.23,15
E01005172,1.39,20
E01005176,1.47,20
E01005176,4.64,15
E01005176,1.81,20
E01005176,1.63,20
E01005176,3.84,16
E01005169,1.53,20
E01005169,4.52,16
E01005169,4.44,15
E01005169,1.55,20
E01033658,2.61,1
E01005856,1.53,5
E01005852,3.2,14
E01005852,3.1,14
E01005855,3,14
E01005852,3.38,16
E01005855,3.02,16
E01005853,4.06,14
E01005856,3.34,8
E01005854,3.83,14
E01005856,3.97,2
E01005856,2.67,15
E01005853,2.49,16
E01005856,0.46,5
E01005856,3.92,13
E01005853,3.15,16
E01005855,1.84,16
E01005855,3.6,14
E01005852,3.71,16
E01005548,-1.16,2
E01005547,33.77,1
E01005539,3.34,3
E01005539,2.21,1
E01005539,1.15,3
E01005524,0.94,3
E01005554,9.09,3
E01005554,8.3,3
E01005554,0.35,1
E01005554,6.08,3
E01005508,-0.01,2
E01005508,0.02,2
E01005508,3.81,3
E01005508,1.58,3
E01005508,-0.2,3
E01005508,2.65,3
E01005508,-2.25,3
E01005507,-1.68,3
E01005507,2.05,3
E01005506,-1.11,3
E01005506,1.66,3
E01005501,0.15,3
E01005501,1.21,3
E01005501,-0.21,1
E01005501,0.66,3
E01005528,5.47,3
E01005528,5.05,1
E01005528,1.53,3
E01005528,4.71,3
E01005528,4.17,1
E01005528,1.93,3
E01005524,4.03,3
E01005524,3.72,1
E01005528,1.36,3
E01005524,3.16,3
E01005524,3.28,1
E01005539,1.69,3
E01005539,3.65,3
E01005539,3.61,1
E01005539,1.5,3
E01005533,1.26,3
E01005533,4.03,3
E01005533,3.12,1
E01005539,3.2,3
E01005539,3.3,1
E01005527,1.23,1
E01005527,7.09,3
E01006075,1.34,1
E01006075,2.48,1
E01006075,-0.22,1
E01006077,2.81,1
E01006085,1.74,1
E01006085,5.84,1
E01006086,1.57,1
E01006086,19.19,1
E01006081,0.9,1
E01006081,41.29,1
E01006087,0.64,1
E01006087,39.27,1
E01006081,-0.4,1
E01006081,5.16,1
E01006087,-0.91,1
E01006081,-15.11,1
E01006085,-36.96,1
E01006085,-25.41,1
E01006085,-43.16,1
E01006075,4.3,1
E01006075,-54.7,1
E01006081,1.55,1
E01006081,6.26,1
E01006140,3.07,1
E01006083,2.52,1
E01006139,2.82,1
E01006083,2.12,1
E01006088,1.52,1
E01006088,1.9,1
E01006077,1.99,1
E01006051,1.58,1
E01006051,-1.2,2
E01006051,12.61,1
E01006051,1.14,1
E01006030,6.08,1
E01006030,-2.2,2
E01006050,0.39,2
E01006051,12.68,1
E01006051,1.84,1
E01006030,1.03,2
E01006030,1.76,2
E01006052,1.46,1
E01006052,0.23,2
E01006052,2.5,1
E01006052,1.27,2
E01006028,3.23,2
E01006030,1.28,2
E01006030,1.39,2
E01006052,11.36,1
E01006052,0.88,1
E01006041,6.11,1
E01006041,-2.18,2
E01006030,2.05,2
E01006027,10.24,1
E01006027,-1.26,2
E01006050,10.29,1
E01006050,-1.98,2
E01006030,-2.78,1
E01006027,2.43,1
E01006027,-0.42,2
E01006050,-0.32,2
E01006052,1.69,1
E01006052,0.65,2
E01006029,2.41,2
E01006029,-3.78,1
E01006040,-0.2,1
E01006030,4.71,1
E01006030,-3.58,2
E01006030,6.15,1
E01006030,-2.12,2
E01006030,1.93,2
E01006030,6.28,1
E01006030,-2.1,2
E01006024,1.34,2
E01006024,6.87,1
E01006024,-1.58,2
E01006024,1.66,2
E01006024,6.58,1
E01006024,-1.92,2
E01006024,1,2
E01006024,8.06,1
E01006024,-0.52,2
E01006024,8.56,1
E01006024,-0.1,2
E01006024,0.6,2
E01006052,11.72,1
E01006052,1.06,1
E01006052,12.1,1
E01006052,1.65,1
E01006052,11.31,1
E01006052,0.68,1
E01006052,11.65,1
E01006052,0.95,1
E01006052,2.38,1
E01006052,-0.01,2
E01006050,10,1
E01006050,-1.7,2
E01006050,0.22,2
E01006050,-0.34,2
E01006050,9.4,1
E01006050,-0.74,2
E01006027,8.89,1
E01006027,0.12,2
E01006050,-0.34,2
E01006050,11.21,1
E01006050,0.65,1
E01006025,11.57,1
E01006025,1.18,1
E01006050,0.63,1
E01006050,-3.18,2
E01006025,1.36,1
E01006025,-2.55,2
E01006025,10.9,1
E01006025,0.43,1
E01006025,1.58,1
E01006025,-2.17,2
E01006025,10.58,1
E01006025,-0.02,1
E01006025,1.67,1
E01006025,-1.58,2
E01006027,10.21,1
E01006027,-0.66,1
E01006027,2.13,1
E01006027,-1.04,2
E01006027,10.62,1
E01006027,-0.84,2
E01006050,9.9,1
E01006050,-2.22,2
E01006025,9.2,1
E01006025,-2.48,2
E01006025,1.86,1
E01006025,-0.34,2
E01006025,9.4,1
E01006025,-2.2,2
E01006025,1.88,1
E01006025,-0.8,2
E01006027,9.54,1
E01006027,-1.94,2
E01006027,1.8,1
E01006027,-1.17,2
E01006050,2.19,1
E01006050,-2.63,2
E01006028,2.71,2
E01006028,3.06,2
E01006028,1.22,2
E01006028,1.58,2
E01006030,2.02,2
E01006028,1.93,2
E01006028,5.2,1
E01006048,3.16,1
E01006048,1.46,2
E01006048,11.88,1
E01006048,1.06,1
E01006052,12.53,1
E01006052,1.65,1
E01006052,2.48,1
E01006052,0.86,2
E01006052,3,1
E01006052,1.32,2
E01006052,12.08,1
E01006052,1.09,1
E01006051,2.54,1
E01006051,0.6,2
E01006051,12.2,1
E01006051,1.54,1
E01006051,3.13,1
E01006051,0.94,2
E01006051,12.85,1
E01006051,2.19,1
E01006051,2.57,1
E01006051,0.36,2
E01006051,12.1,1
E01006051,1.41,1
E01006051,2.22,1
E01006051,0.08,2
E01006051,12.47,1
E01006051,1.33,1
E01006051,3.4,1
E01006051,0.92,2
E01006051,0.97,1
E01006051,-1.76,2
E01006051,13.01,1
E01006051,1.51,1
E01006028,-1.32,1
E01006280,-4.86,2
E01006280,-5.28,2
E01006280,-4.92,2
E01006277,-4.81,2
E01006277,-3.8,2
E01006274,-4.4,2
E01006278,-6.35,2
E01033667,-1.66,6
E01033684,1.89,7
E01033653,-3.51,6
E01034135,2.75,8
E01034135,0.95,9
E01034130,0.56,6
E01033688,1.09,9
E01034130,2.09,10
E01005107,1.98,9
E01005107,2.19,10
E01033667,3.06,8
E01034130,0.55,6
E01034130,3.08,10
E01034130,2.18,10
E01033661,1.48,10
E01033661,1.11,7
E01033688,1.81,9
E01033688,2.75,9
E01033688,2.08,9
E01033688,1.95,9
E01033688,2.61,9
E01033669,2.58,9
E01033669,2.74,9
E01033669,2.24,9
E01033669,2.11,10
E01005107,2.12,10
E01005107,2.59,9
E01033669,2.19,10
E01005094,3.42,9
E01005094,1.97,9
E01005094,3.16,10
E01005094,2.17,9
E01005094,3.34,10
E01005094,2.3,9
E01005092,2.48,10
E01005092,2.59,9
E01033669,2.5,9
E01033661,1.14,9
E01006007,1.28,9
E01006007,1.08,9
E01005960,3.34,6
E01005958,-1.06,9
E01005958,3.76,9
E01005998,3.14,9
E01005960,3.38,2
E01005960,0.08,9
E01005957,-0.06,9
E01005957,0.03,9
E01005954,-0.7,9
E01005998,2.8,9
E01005998,1.67,9
E01006003,2.88,8
E01006003,1.07,9
E01005999,3.58,8
E01005999,1.51,9
E01005957,3.17,9
E01005958,3.25,9
E01005956,-1.18,9
E01005956,3.94,9
E01005956,-0.78,9
E01005956,4.17,9
E01005956,-1.01,9
E01005956,3.81,9
E01005956,-0.63,9
E01005956,3.68,8
E01005995,-0.16,9
E01005995,3.46,8
E01005995,0.75,9
E01005995,3.52,8
E01005995,0.92,9
E01005995,3.31,8
E01005993,1.27,9
E01005993,3.29,8
E01005993,0.67,9
E01005993,2.88,8
E01005993,1.22,10
E01005997,3.39,8
E01005997,1.32,10
E01005997,1.23,10
E01005997,1.35,10
E01005997,2.91,8
E01006000,2.01,9
E01005997,1.94,9
E01006000,1.62,9
E01006004,1.5,9
E01006004,2,9
E01006007,2.6,9
E01006007,2.52,9
E01006005,1.2,9
E01006005,2.49,9
E01006005,1.57,9
E01006007,2.36,9
E01006007,1.17,9
E01006004,3.12,9
E01006004,1.01,9
E01005997,3.22,8
E01005998,1.63,9
E01006153,-7.33,1
E01006168,-6.86,1
E01006168,-7.07,1
E01006168,-7.17,1
E01006167,-7.98,1
E01006166,-9.32,1
E01006166,-10,1
E01006171,-9.8,1
E01006172,-10.1,1
E01006172,-10.74,1
E01006170,-11.04,1
E01006094,-6.25,1
E01006153,-6.98,1
E01006153,-6.91,1
E01006091,-3.32,1
E01006082,1.8,1
E01006075,-3.18,1
E01006096,-6.89,1
E01006091,-5.07,1
E01006091,-6.39,1
E01006089,-1.47,1
E01006089,-2.31,1
E01006096,-6.99,1
E01006094,-6.88,1
E01034001,9.4,1
E01006112,8.93,1
E01005594,5.57,1
E01005581,10.35,1
E01034235,10.03,1
E01005579,10.1,1
E01005566,10.65,1
E01005586,3.13,1
E01005586,3.72,1
E01005595,2.66,1
E01005594,3.28,1
E01005594,3.77,1
E01005594,3.94,1
E01005594,6.46,1
E01005594,1.83,1
E01005597,6.02,1
E01005597,3.46,1
E01005581,10.6,1
E01005581,10.17,1
E01032914,-0.69,1
E01032912,-1.4,1
E01032912,-1.01,1
E01033653,1.66,1
E01033653,0.69,7
E01033653,2.57,8
E01033653,2.15,20
E01033653,2.79,14
E01005068,1.63,27
E01033662,1.65,19
E01033662,3.63,21
E01033677,1.55,19
E01033662,4,14
E01005075,2.69,28
E01034117,2.18,18
E01034117,2.78,23
E01034117,2.6,23
E01034117,1.91,18
E01033662,3.06,17
E01005070,0.08,16
E01005070,1.91,27
E01005070,4.51,19
E01005070,2.86,27
E01005075,2.52,28
E01005068,1.72,27
E01005068,0.72,21
E01005090,1.25,16
E01005319,1.58,16
E01033653,2.06,20
E01005212,3.4,23
E01005212,1.8,19
E01005212,3.19,23
E01034118,2.75,22
E01005181,2.69,24
E01005178,3.25,25
E01005182,3.53,25
E01005182,2.54,24
E01034123,2.24,24
E01034123,1.49,24
E01034123,3.11,24
E01005246,2.29,24
E01005245,2.14,24
E01005208,2.89,25
E01005208,2.23,24
E01005210,3.51,23
E01005210,3.89,23
E01005210,1.14,18
E01005183,2.89,24
E01005279,2.74,25
E01005084,2.84,21
E01005083,2.94,25
E01033670,2,18
E01005272,1.55,18
E01033670,3.59,25
E01005272,2.77,18
E01005272,2.1,25
E01005272,2.02,18
E01005279,2.03,25
E01005077,4.46,25
E01005267,4.68,25
E01005077,2.46,25
E01005077,2.5,24
E01005084,2.69,21
E01005084,1.8,25
E01005079,2.78,25
E01005112,2.69,21
E01005269,1.98,23
E01005264,1.81,23
E01005264,2.96,25
E01005269,3.44,25
E01005112,2,25
E01005112,2.57,21
E01005319,1.26,25
E01005319,0.83,21
E01005068,1.34,27
E01005074,0.22,21
E01005068,1,21
E01005068,1.33,27
E01005074,2.19,28
E01005070,0.2,21
E01005075,0.08,22
E01005074,0.54,22
E01005070,2.35,28
E01005070,0.21,22
E01005075,1.51,16
E01005075,1.97,27
E01005070,2.58,22
E01005070,1.46,27
E01005070,1.5,27
E01005070,2.43,21
E01005071,2.42,22
E01005071,1.51,27
E01005071,1.28,27
E01005072,2.48,21
E01005071,1.93,27
E01005112,2.01,21
E01005112,1.98,27
E01005071,2.17,21
E01005105,6.78,1
E01005129,4.83,1
E01005106,6.95,1
E01005067,7.79,1
E01005067,8.11,1
E01005061,8.84,1
E01005132,5.53,1
E01005129,5.63,1
E01005106,6.2,1
E01033669,5.8,1
E01033669,6.28,1
E01005257,5.58,1
E01033678,5.57,1
E01033679,6.58,1
E01005106,7.44,1
E01005106,7.42,1
E01033676,5.44,1
E01033676,4.23,1
E01033676,4.56,1
E01033676,5.75,1
E01033676,5.04,1
E01033676,4.59,1
E01005142,5.96,1
E01005145,3.51,1
E01005145,3.03,1
E01005143,4.17,1
E01005165,5.15,1
E01033667,2.63,18
E01033653,-0.36,11
E01033667,3.62,23
E01033667,6.58,1
E01033667,13.97,1
E01033667,5.19,2
E01033651,4.18,27
E01005256,1.43,29
E01005256,2.76,2
E01005256,2.83,10
E01005256,3.85,18
E01005256,2.77,30
E01005129,1.74,2
E01005129,2.7,8
E01005129,3.35,19
E01005129,3.63,27
E01005129,3.06,1
E01005129,5.06,4
E01005129,4.2,12
E01005129,3.19,27
E01005130,21.39,2
E01005130,4.99,4
E01005130,3.66,11
E01005130,3.85,26
E01005130,20.96,2
E01005130,6.56,4
E01005130,3.82,11
E01005130,3.75,26
E01005130,21.08,2
E01005130,5.93,4
E01005130,3.64,11
E01033651,4,27
E01005130,4.66,1
E01005130,5.96,4
E01005130,3.16,11
E01033651,4.46,1
E01033651,6.65,4
E01033651,2.87,11
E01005256,2.51,2
E01005256,2.91,10
E01005256,3.63,19
E01005256,1.97,29
E01005256,3.08,2
E01005256,3.75,10
E01005256,4.32,19
E01005257,2.11,29
E01005257,2.79,2
E01005257,3.81,10
E01005257,4.18,19
E01005257,2.26,30
E01005257,2.4,2
E01005257,3.71,10
E01005257,3.87,19
E01005257,2.47,31
E01005257,2.67,31
E01005257,2.7,2
E01005257,3.12,9
E01005257,3.82,19
E01005129,3.09,28
E01005257,3.01,2
E01005257,3.53,10
E01005257,4.12,19
E01005389,3.34,26
E01005420,3.66,17
E01005434,2.44,32
E01005370,2.25,31
E01005419,3.01,25
E01005413,4.16,17
E01005350,0.99,2
E01005350,4,9
E01005350,2.35,17
E01005256,3.77,2
E01005256,2.78,12
E01005256,4.59,18
E01005408,0.94,16
E01005411,-0.26,6
E01005413,0.33,17
E01005406,0.7,17
E01005406,4.16,17
E01005406,1.09,17
E01005406,4.26,17
E01005406,3.88,17
E01005406,0.88,17
E01005406,4.2,17
E01005406,1.22,17
E01005407,1.57,16
E01005407,4.03,17
E01005407,1.15,16
E01005408,4.18,17
E01005407,0.84,16
E01005407,4.3,16
E01005407,4.15,14
E01005412,0.75,14
E01005412,0.03,13
E01005412,3.3,6
E01005433,0.88,2
E01005433,3.93,9
E01005433,2.59,17
E01005433,1.68,32
E01005433,2.74,9
E01005433,0.8,17
E01005433,2.62,18
E01005433,1.69,2
E01005433,5.5,9
E01005433,3.55,17
E01005350,1.39,33
E01005459,1.54,2
E01005459,2.59,10
E01005459,3.92,18
E01005428,4.53,24
E01005427,3.14,9
E01005427,1.32,17
E01005433,2,30
E01005376,2.81,31
E01005369,4.02,2
E01005369,2.69,12
E01005369,4.77,18
E01005370,2.5,31
E01005369,3.42,2
E01005369,2.87,12
E01005369,4.6,18
E01005369,1.98,31
E01005371,3.11,2
E01005371,2.52,12
E01005371,4.4,18
E01005371,2.36,31
E01005371,2.03,2
E01005371,2.6,12
E01005371,3.96,18
E01005371,2.36,32
E01005363,2.25,2
E01005363,2.5,12
E01005363,4.06,18
E01005368,1.93,31
E01005368,2.46,2
E01005368,2.14,12
E01005368,4.22,18
E01005368,2.22,31
E01005368,2.8,2
E01005368,1.38,12
E01005368,4.28,18
E01005362,1.8,2
E01005362,1.05,11
E01005362,3.64,18
E01005376,2.59,2
E01005376,1.87,11
E01005376,4.41,18
E01005378,2.58,2
E01005378,1.88,11
E01005378,4.52,18
E01005378,2.86,30
E01005459,1.22,2
E01005459,1.55,10
E01005459,3.58,18
E01005459,1.73,32
E01005434,1.7,2
E01005434,2.93,10
E01005434,4.49,18
E01005437,1.83,32
E01005437,1.28,2
E01005437,2.53,10
E01005437,4.21,18
E01005438,2.13,32
E01005437,1.18,2
E01005437,2.27,10
E01005437,4.39,18
E01005437,1.88,31
E01005439,1.04,2
E01005439,2.06,10
E01005439,4.24,18
E01005439,1.88,31
E01005439,1.06,2
E01005439,2.01,10
E01005439,4.15,18
E01005439,2.12,31
E01005382,1.5,2
E01005382,0.97,11
E01005382,3.8,18
E01005382,1.68,31
E01005382,2.27,2
E01005382,1.49,11
E01005382,4.29,18
E01005382,2.38,33
E01005382,2.3,2
E01005382,1.74,11
E01005382,4.18,18
E01005382,2.58,32
E01005382,2.65,2
E01005382,1.33,11
E01005382,4.39,18
E01005382,2.02,33
E01005419,-7.49,2
E01005419,0.22,17
E01005418,-0.68,7
E01005418,1.07,17
E01005420,2.84,24
E01005419,3.41,25
E01005419,0.21,7
E01005419,0.97,17
E01005419,3.12,25
E01005419,-0.51,7
E01005419,-0.03,17
E01032556,3.65,25
E01032556,0.76,8
E01032556,0.38,17
E01005431,3.85,25
E01005431,0.33,8
E01005431,0.03,17
E01005451,3.84,25
E01005451,0.25,8
E01005451,-0.27,17
E01005451,4.35,25
E01005451,0.27,9
E01005451,-0.03,17
E01005428,0.32,9
E01005428,-0.27,17
E01005428,4.64,25
E01005428,4.52,24
E01005428,0.7,9
E01005428,-0.38,17
E01005370,3.02,2
E01005370,3.79,10
E01005370,4.32,18
E01005256,2,31
E01005364,1.86,30
E01005350,5.24,27
E01005433,0.33,2
E01005433,2.43,9
E01005433,1.12,17
E01005433,1.63,1
E01005874,3.7,8
E01005875,5.42,8
E01005875,2.36,8
E01033948,-1.02,1
E01033948,4.66,3
E01005766,3.87,8
E01005877,2.37,9
E01005874,2.54,8
E01005874,4.3,8
E01005874,2.46,8
E01005874,4.11,8
E01005871,2.74,8
E01005835,3.05,8
E01005835,2.62,8
E01005835,5.32,8
E01005835,2.87,9
E01005835,4.96,8
E01005835,4.85,8
E01005835,2.87,9
E01005833,2.28,9
E01005833,5.44,8
E01005833,5.36,8
E01005832,2.74,9
E01005832,2.35,9
E01005832,5.3,8
E01005873,2.24,8
E01005832,4.71,8
E01033948,2.78,3
E01033948,3.77,8
E01005871,4.7,8
E01005910,4.7,8
E01005910,3.25,7
E01005909,2.7,7
E01005909,4.84,8
E01005909,2.56,7
E01005909,4.38,8
E01005909,4.4,8
E01005909,2.22,6
E01005912,4.16,8
E01005912,2.5,6
E01005912,2.04,6
E01005912,3.96,8
E01005912,2.78,6
E01005912,3.76,8
E01005912,3.85,8
E01005912,2.88,2
E01005911,5.48,8
E01005884,2.84,8
E01005884,3.21,8
E01005911,5.2,8
E01005884,2.96,8
E01005910,4.9,8
E01005884,3.21,8
E01005882,2.84,8
E01005910,5.04,8
E01005879,2.95,8
E01005885,4.95,8
E01005909,5.16,8
E01005909,2.22,8
E01005884,2.71,8
E01005884,5.39,8
E01005874,3.09,9
E01033948,2.83,9
E01033948,3.57,6
E01005874,2.76,8
E01005822,-4.97,1
E01005822,3.68,1
E01006395,6.36,1
E01006403,6.54,1
E01006220,-1.27,12
E01006220,1.75,8
E01006220,-0.89,11
E01006220,1.91,8
E01006220,-0.59,11
E01006220,1.29,8
E01006220,-0.33,11
E01006220,1.31,8
E01006215,0.05,11
E01006215,0.51,7
E01006215,0.11,11
E01006215,0.75,7
E01006215,0.27,7
E01006215,0.32,11
E01006215,0.14,11
E01006215,0.5,7
E01006215,-0.18,6
E01006215,0.26,11
E01006214,0.64,11
E01006214,-0.95,6
E01006219,0.48,11
E01006263,2.55,20
E01006263,2.48,19
E01006263,7.86,10
E01006263,0.19,12
E01006263,2.42,17
E01006223,0.64,9
E01006223,4.9,7
E01006223,-0.65,12
E01006221,-1.82,12
E01006221,1.54,9
E01006221,-1.62,12
E01006221,1.68,9
E01006221,-1.71,12
E01006221,1.77,9
E01006370,1.3,5
E01006369,1.81,10
E01006310,2.11,11
E01006306,2.08,11
E01006370,1.6,10
E01006214,1.62,9
E01006214,0.08,11
E01006310,0.76,10
E01006219,0.44,8
E01006310,1.63,11
E01006310,0.69,9
E01006310,0.06,9
E01006223,7.59,11
E01006223,0.12,12
E01006219,-0.58,11
E01006219,1.59,10
E01006218,1.89,10
E01006215,-0.44,11
E01006213,-0.01,11
E01006213,1.51,10
E01006213,0.27,11
E01006213,1.08,10
E01006217,0.37,11
E01006217,0.73,10
E01006217,0.87,11
E01006217,0.95,10
E01006310,0.63,10
E01006310,1.53,11
E01006310,0.76,9
E01006225,2.58,16
E01006225,6.95,11
E01006225,-0.57,12
E01006225,2.62,17
E01006223,3.23,20
E01006223,7.5,11
E01006223,-0.07,12
E01006223,7.98,11
E01006223,0.29,12
E01005906,8.89,2
E01005906,3.17,7
E01005874,9.22,10
E01005861,14.54,2
E01005861,5.35,2
E01005797,7.9,3
E01005797,4.55,7
E01005831,8.4,2
E01005831,5.03,7
E01005840,7.79,11
E01033948,11.6,2
E01033948,4,5
E01005841,7,12
E01005842,7,12
E01005842,7.35,12
E01005842,8.42,12
E01005842,8.42,12
E01005913,7.97,12
E01005913,9.02,2
E01005913,3.87,7
E01005842,8.63,2
E01005842,3.85,7
E01005842,8.42,2
E01005842,3.61,7
E01005842,9.02,2
E01005842,4.35,7
E01005841,8.64,2
E01005841,4.16,7
E01033948,9.89,9
E01033948,6.83,9
E01033948,10.97,3
E01033948,4.1,6
E01005907,8.38,2
E01005907,3.55,7
E01005913,7.43,12
E01005907,9.03,2
E01005907,4.38,7
E01005907,8.82,12
E01005907,7.48,2
E01005907,3.15,7
E01005907,8.84,12
E01005907,7.6,2
E01005907,3.24,7
E01005907,8.25,2
E01005907,3,7
E01005766,8.37,3
E01005766,4.78,7
E01005874,8.96,3
E01005874,4.85,7
E01033948,8.93,3
E01033948,5.05,7
E01005825,7.66,2
E01005825,3.74,7
E01005825,7.84,2
E01005825,3.74,7
E01005798,8,3
E01005798,3.84,7
E01005825,8.43,3
E01005825,4.37,7
E01005825,7.84,3
E01005825,4.55,7
E01005838,7.55,2
E01005838,4.77,7
E01005801,7.96,2
E01005801,3.56,7
E01005801,7.7,2
E01005801,3.79,7
E01005831,8.75,2
E01005831,4.59,7
E01005801,7.52,2
E01005801,3.63,7
E01005840,7.32,11
E01005840,6.99,3
E01005840,5.11,7
E01005840,7.41,3
E01005840,6.96,8
E01005838,7.2,3
E01005838,5.27,7
E01005856,5.86,6
E01005877,8.98,10
E01005797,9.04,10
E01005797,9.58,10
E01005798,9.56,10
E01005825,9.2,10
E01005801,8.88,10
E01005801,8.72,10
E01005801,8.08,10
E01005801,7.65,10
E01005831,7.68,10
E01005838,8.62,11
E01005840,7.69,11
E01033948,9.82,9
E01005917,9.06,9
E01005822,9.16,2
E01005822,1.88,5
E01006335,6.94,3
E01006333,-1.98,1
E01006252,7.38,3
E01006252,4.2,3
E01006246,7.12,3
E01006246,5.34,1
E01006335,5.35,1
E01006335,6.11,3
E01006335,4.5,3
E01006297,5.31,3
E01006297,7.03,3
E01006247,5.6,3
E01006247,6.78,3
E01006297,3.92,4
E01006297,5.79,3
E01006265,1.56,5
E01006265,289.01,5
E01006264,289.01,5
E01006264,1.55,5
E01006225,1.44,4
E01006265,288.94,5
E01006223,1.25,1
E01006223,1.37,1
E01005838,6.13,1
E01005831,5.71,1
E01005840,2.38,1
E01005841,1.2,2
E01005842,1.68,2
E01005842,1.94,2
E01005842,1.98,2
E01005842,2.46,2
E01005913,2.48,2
E01005913,3.26,1
E01005842,3,1
E01005842,2.79,1
E01005842,3.62,1
E01005841,3.55,1
E01005909,2.77,2
E01005909,2.8,2
E01005909,0.67,1
E01005885,0.83,1
E01005885,2.8,2
E01005883,3.22,2
E01005883,2.08,1
E01005885,2.52,2
E01005883,1.85,1
E01005909,1.59,1
E01005910,1.24,1
E01005910,1.66,2
E01005885,2.18,2
E01005885,1.99,1
E01005878,1.74,2
E01005878,2.39,1
E01005911,2.17,2
E01005911,1.89,1
E01005911,2.7,1
E01005912,1.02,2
E01005912,0.27,2
E01005912,2.27,1
E01005912,0.66,2
E01005912,2.69,1
E01005912,1.98,1
E01005912,1.25,2
E01005912,1.65,2
E01005912,2.17,1
E01005913,1.9,2
E01005913,2.32,1
E01005913,2.51,2
E01005913,1.78,1
E01005913,2.91,2
E01005913,2.47,1
E01005913,1.82,1
E01005913,3.18,2
E01005883,2.49,2
E01005883,2.23,1
E01005883,3.52,1
E01005883,2.68,1
E01005880,2.83,1
E01005881,1.85,1
E01005880,2.37,1
E01005880,1.92,1
E01005880,2.28,1
E01005880,2.37,1
E01005880,2.07,1
E01005880,1.65,1
E01005838,6.19,1
E01005840,1.87,1
E01005840,5.17,1
E01005840,5.89,1
E01005838,5.57,1
E01005801,0.63,1
E01005831,2.72,1
E01005838,3.25,1
E01005840,3.01,1
E01005168,2.92,21
E01005171,2.44,21
E01005168,1.76,16
E01005083,1.31,20
E01005168,0.52,16
E01005176,0.69,16
E01005176,2.17,21
E01005169,1.23,16
E01005078,1.52,16
E01005151,2.41,19
E01005151,2.96,16
E01005155,2.35,19
E01005151,2.92,16
E01005150,2.64,16
E01005151,1.88,19
E01005150,1.68,19
E01005150,2.99,16
E01005150,1.82,16
E01005154,3.41,19
E01005150,3.17,20
E01005150,-0.84,17
E01005150,0,17
E01005150,2.42,20
E01005150,2.36,20
E01005150,0.64,17
E01005150,2.17,20
E01005150,0.71,17
E01005150,1.44,17
E01005150,1.32,20
E01005150,1.72,16
E01005150,1.35,20
E01005150,1.28,20
E01005150,1.22,16
E01005083,1.36,16
E01005078,2.05,20
E01005078,1.75,16
E01005078,1.64,20
E01005083,1.95,20
E01005083,2.08,16
E01005176,1.78,21
E01005176,2.55,21
E01005176,0.89,16
E01005169,2.33,21
E01005169,1.62,16
E01005169,2.2,16
E01005169,1.82,21
E01005172,1.79,21
E01005172,1.67,15
E01005078,2.32,20
E01005078,1.25,15
E01005856,1.52,7
E01005852,-0.07,14
E01005852,-0.15,16
E01005855,-0.5,14
E01005852,2.78,21
E01005855,2.5,21
E01005853,0.82,14
E01005856,2.36,11
E01005854,0.58,14
E01005856,2.28,2
E01005856,1.16,21
E01005853,0.83,20
E01005856,-0.47,7
E01005856,1.7,14
E01005853,1.63,20
E01005855,1.39,21
E01005855,0.22,14
E01005852,3.47,21
E01006184,5.24,16
E01006184,1.74,19
E01006184,4.65,17
E01006184,4.44,17
E01006200,3.99,17
E01006200,3.41,17
E01006200,3.01,17
E01006202,2.81,17
E01006201,2.84,18
E01006202,4.14,18
E01006198,5.14,19
E01006120,4.87,19
E01006118,1.6,18
E01006198,1.3,18
E01006202,1.54,18
E01006202,2.05,18
E01006201,2.33,18
E01006202,2.59,18
E01006200,3.22,18
E01006200,2.72,19
E01006184,2.07,19
E01006184,2.06,19
E01006184,1.69,19
E01006184,4.98,16
E01006184,1.77,19
E01006184,5.31,16
E01006118,4.85,19
E01006116,5.09,19
E01006121,5.08,19
E01006121,-2.65,18
E01006116,1.55,18
E01006143,4.58,18
E01006143,1.63,19
E01006143,2.2,16
E01006142,2.65,19
E01006142,2.14,16
E01006142,2.82,19
E01006121,-5.4,18
E01006121,8.19,7
E01005160,7.85,1
E01005160,6.82,1
E01005165,5.59,1
E01005162,7.02,1
E01005160,7.27,1
E01005160,7.64,1
E01005160,8.58,1
E01005160,8.16,1
E01005165,3.54,1
E01005166,2.79,1
E01005165,0.34,1
E01006086,-11.82,1
E01006134,-12.75,1
E01006081,-11.84,1
E01006136,-9.99,1
E01006135,-9.9,1
E01006134,-9.88,1
E01005120,3.2,14
E01005120,2.92,10
E01005119,2.31,14
E01005119,3.51,10
E01005119,1.7,14
E01005118,2.45,14
E01005122,3.08,10
E01005118,2.64,14
E01005122,2.23,10
E01005311,1.91,14
E01005119,3.57,10
E01005120,2.41,14
E01005120,2.33,10
E01005120,3.36,10
E01005309,2.07,14
E01005120,3.2,11
E01005309,2.31,14
E01005120,3.51,11
E01005271,2.42,13
E01005151,3.21,13
E01005151,5.09,11
E01005155,2.87,13
E01005151,4.53,10
E01005150,4.78,10
E01005151,2.94,13
E01005150,2.9,13
E01005150,5.11,10
E01005150,3.92,11
E01005154,4.21,13
E01005150,4.2,13
E01005150,3.22,11
E01005150,3.88,11
E01005150,3.92,13
E01005150,3.88,13
E01005082,4.35,13
E01005158,2.98,11
E01005081,4.24,13
E01005081,4.99,11
E01005279,3.7,13
E01005081,3.97,11
E01005279,3.01,13
E01005279,4.55,11
E01005279,2.15,13
E01005279,4.91,11
E01005279,1.69,13
E01005181,4.06,11
E01005279,3.73,11
E01005279,1.19,13
E01005279,1.79,13
E01005279,3.78,11
E01005278,4.18,11
E01005278,1.28,13
E01005278,4.26,11
E01005278,1.83,13
E01005273,1.89,13
E01005182,3.94,11
E01005182,4,11
E01005860,0.84,13
E01005119,4.12,10
E01005867,1.23,14
E01033948,4.66,4
E01005860,0.61,14
E01005859,0.87,14
E01005859,3.86,10
E01005859,4.39,10
E01005859,0.99,14
E01005860,4.43,10
E01005860,4.43,8
E01005867,4.86,10
E01005867,4.04,10
E01005119,1.02,14
E01005867,3.89,10
E01005917,6.14,5
E01005917,5.76,6
E01005917,5.86,6
E01005865,1.57,14
E01005868,1.39,14
E01005867,1.39,14
E01005917,1.49,11
E01005917,1.39,11
E01005917,1.96,11
E01005917,1.81,10
E01006181,6.35,11
E01006184,-0.74,13
E01006157,7.48,11
E01006157,6.8,11
E01006159,6.59,11
E01006158,6.47,11
E01006121,5.76,11
E01006121,0.67,11
E01006158,1.14,12
E01006159,1.18,12
E01006157,0.71,12
E01006180,1.37,13
E01006180,7.41,11
E01006157,7.64,11
E01006157,7.59,11
E01006181,0.59,12
E01006117,0.95,11
E01006117,6.02,11
E01006117,0.38,12
E01006117,5.76,11
E01006118,1.49,12
E01006118,5.23,11
E01006118,4.18,11
E01006116,4.38,11
E01006121,10.89,3
E01006121,4.13,1
E01006116,1.97,9
E01006157,0.67,12
E01006157,0.51,12
E01006143,6.67,11
E01006143,3.1,13
E01006143,4.48,11
E01006142,3.52,13
E01006142,4.52,11
E01006142,3.09,13
E01005822,2.24,1
E01006322,4.61,1
E01006322,4.93,1
E01006329,3.27,1
E01006329,3.6,1
E01006329,3.63,1
E01006329,4.03,1
E01006329,3.45,1
E01006212,3.54,1
E01006212,3.31,1
E01006212,2.91,1
E01006219,2.09,1
E01006212,3.61,1
E01005355,5.81,1
E01005355,6.33,1
E01005356,7.51,1
E01005192,0.45,1
E01005192,3.76,1
E01005189,3.47,1
E01005189,2.19,1
E01005189,8.42,1
E01005191,1.91,1
E01005191,1.68,1
E01005189,2.68,1
E01005192,-1.55,1
E01005192,3.31,1
E01005191,2.81,1
E01005192,3.3,1
E01005193,3.23,1
E01005896,2.63,1
E01005873,14.59,1
E01005875,14.39,1
E01005875,14.09,1
E01005832,14.45,1
E01005873,14.12,1
E01005905,5.76,1
E01005870,12.94,1
E01005870,13.28,1
E01005871,14.13,1
E01033947,11.88,1
E01005092,15.63,1
E01005092,15.83,1
E01005093,15.54,1
E01005093,14.78,1
E01006001,14.1,1
E01006001,14.04,1
E01006000,8.94,1
E01005969,8.25,1
E01005962,8.09,1
E01005962,8.22,1
E01033949,5.15,1
E01033949,4.14,1
E01006000,9.84,1
E01005997,9.69,1
E01006004,11.05,1
E01006002,10.33,1
E01006002,14.74,1
E01006003,14.19,1
E01005962,7.43,1
E01005951,7.5,1
E01005951,6.26,1
E01005950,5.15,1
E01005953,4.59,1
E01033949,5.46,1
E01006186,1.23,1
E01006114,1.55,1
E01006115,0.25,1
E01006113,0.65,1
E01006113,0.44,1
E01006113,1.01,1
E01006146,2.16,1
E01006145,2.26,1
E01006145,2.7,1
E01005088,-0.34,1
E01005294,-1.51,1
E01005292,-1.71,1
E01005294,-0.97,1
E01005294,-0.88,1
E01005292,-1.39,1
E01005089,-0.59,1
E01005294,-0.32,1
E01005294,-0.02,1
E01005089,0.04,1
E01005089,-0.29,1
E01005290,-0.11,1
E01005091,0.51,1
E01005114,-0.79,1
E01005113,-0.92,1
E01005073,0,1
E01005070,-2.09,1
E01005071,-0.98,1
E01005071,-2.28,1
E01005117,-1.32,1
E01005769,3.33,1
E01005773,4.16,1
E01005776,4.39,1
E01005774,4.76,1
E01005784,6.52,1
E01005819,6.64,1
E01005774,5.25,1
E01005769,5.72,1
E01005777,2.58,1
E01005777,5.55,1
E01005844,0.85,1
E01005849,0.29,1
E01005849,0.95,1
E01005845,0.58,1
E01005845,0.1,1
E01005845,0.72,1
E01005846,0.25,1
E01005846,0.12,1
E01005785,4.64,1
E01005846,0.68,1
E01005778,7,1
E01005778,7.22,1
E01005785,6.86,1
E01006082,4.35,1
E01006080,1.58,1
E01006077,18.7,1
E01006192,1.72,1
E01034119,2.93,1
E01034119,3.31,1
E01034138,3.29,1
E01005221,2.73,1
E01034137,3.62,1
E01034137,3.61,1
E01005221,2.01,1
E01005221,2.5,1
E01005222,2.44,1
E01005234,4.87,1
E01005234,4.7,1
E01005239,4.12,1
E01005239,4.65,1
E01034119,2.93,1
E01034117,0.78,1
E01034117,0.35,1
E01005869,2.94,1
E01005867,7.6,1
E01005867,4.09,1
E01005867,3.69,1
E01005869,3.1,1
E01005866,2.8,1
E01005866,2.99,1
E01005866,4.15,1
E01005859,4.19,1
E01005859,4.13,1
E01006068,3.81,1
E01006022,4.16,1
E01006072,3.13,1
E01006072,1.68,1
E01005208,3.07,26
E01005066,4.77,11
E01033653,2.59,6
E01033653,0.51,11
E01033653,2.64,11
E01033662,2.72,13
E01033653,0.49,16
E01033653,1.02,1
E01005208,2.07,18
E01033662,1.68,16
E01005210,0.96,12
E01005210,2.01,22
E01005210,1.7,23
E01005210,2.88,14
E01034117,3,16
E01034117,1.47,25
E01034117,1.37,25
E01034117,2.62,15
E01005181,1.66,15
E01005208,2.32,18
E01033653,3.06,11
E01033662,0.76,19
E01033656,1.58,22
E01005066,3.17,22
E01005208,2.91,28
E01005208,1.77,18
E01005208,1.22,27
E01005208,3.36,19
E01005181,1.38,27
E01005300,1.83,16
E01005210,1.15,22
E01005210,0.97,9
E01034123,1.03,18
E01005243,1.44,27
E01005243,1.47,17
E01005243,1.18,27
E01034123,1,28
E01034123,3.81,18
E01034123,1.42,28
E01005179,4.1,18
E01005181,1.48,27
E01005181,1.33,27
E01005179,1.88,17
E01005181,1.9,16
E01005150,2.88,16
E01005150,0.49,26
E01005301,2.83,17
E01005301,0.26,26
E01005301,2.91,17
E01005301,0.69,26
E01005301,0.91,26
E01005301,1.83,16
E01005301,1.18,26
E01005150,1.77,14
E01005154,1.08,26
E01005150,-0.01,13
E01033677,1.76,11
E01033653,2.23,8
E01033653,1.58,10
E01033677,2.35,11
E01033653,1.76,1
E01033677,1.7,11
E01034131,1.99,11
E01034131,1.99,11
E01034131,1.5,9
E01034000,3.39,12
E01033682,0.55,10
E01033653,1.36,12
E01034000,1.43,13
E01033672,2.93,12
E01033660,1.35,13
E01006188,2.64,13
E01006188,2.96,12
E01006121,3.35,12
E01006121,3.16,12
E01006121,1.97,12
E01006121,1.58,14
E01006121,2.07,14
E01006121,2.2,14
E01006121,1.96,14
E01006121,2.54,14
E01006121,2.63,14
E01006121,2.34,14
E01006157,2.66,12
E01006121,3.97,12
E01006121,3.66,12
E01006121,3.62,12
E01006121,3.91,12
E01006121,1.69,3
E01006121,2.11,3
E01006121,2.25,7
E01006121,2.41,8
E01006121,2.84,12
E01006121,2.46,12
E01006121,2.51,10
E01006157,3.73,12
E01006157,2.59,12
E01006157,3.86,12
E01006157,2.98,12
E01006157,4.04,12
E01006157,2.62,14
E01006157,2.82,12
E01006157,2.8,12
E01006157,2.32,12
E01006121,3.51,12
E01006121,3.95,12
E01006157,3.06,12
E01006157,3.35,12
E01006157,3.86,12
E01006157,2.88,12
E01034000,2.46,13
E01006188,3.24,12
E01034001,3.08,12
E01034000,1.62,11
E01005948,-2.77,1
E01005948,10.12,1
E01006010,22.7,5
E01005967,0.38,1
E01005967,5.32,2
E01005967,25.56,4
E01005967,5.57,2
E01005967,30.61,3
E01005948,3.14,4
E01006016,48.11,3
E01006016,-24.52,1
E01006016,5.25,3
E01006016,-24.37,1
E01006016,-3.27,2
E01006016,10.23,1
E01005961,18.76,5
E01005966,15.02,5
E01005966,-5.03,2
E01005966,6.68,2
E01005964,6.04,2
E01005974,2.96,3
E01005964,19.47,5
E01006010,-4.82,2
E01006010,5.36,2
E01005981,8.06,4
E01005948,-1.72,2
E01005948,10.62,1
E01005948,-0.01,1
E01005971,-5.52,2
E01005971,-3.34,2
E01005971,8.45,4
E01005971,-2.18,3
E01005971,2.56,1
E01006008,1.51,2
E01006008,5.58,2
E01005974,9.34,6
E01005992,-2.3,3
E01005992,6.92,2
E01005974,-0.52,3
E01005974,7.3,2
E01005975,-0.82,4
E01005974,1.96,3
E01005974,4.5,3
E01005974,17.35,3
E01005981,6.07,4
E01005981,8.3,4
E01005975,3.99,4
E01005975,4.07,4
E01005977,9.32,4
E01005975,13.74,3
E01005975,5.34,4
E01005986,3.12,4
E01006016,24.7,5
E01006016,-6.51,3
E01006016,9.81,1
E01006010,22.22,5
E01006010,-6.35,3
E01006010,9.64,1
E01006008,26.23,6
E01006008,-7.34,3
E01006008,-8.84,3
E01006008,22.05,7
E01006008,28.04,6
E01006008,2.82,2
E01006008,-0.99,3
E01005965,27.55,4
E01005965,2.47,2
E01005965,6.04,2
E01005965,-14.74,2
E01005965,6.29,2
E01005965,19.14,5
E01005992,6.37,5
E01005976,1.11,4
E01005817,1.55,1
E01005823,2.98,1
E01005856,1.5,1
E01005853,0.01,1
E01005856,0.61,1
E01005859,-0.34,1
E01005859,-0.87,1
E01005859,-0.67,1
E01005171,-0.09,12
E01005184,0.43,46
E01005284,2.34,49
E01005284,1.06,49
E01034117,-2.67,1
E01005284,5.34,49
E01005288,4.47,49
E01005288,3.54,50
E01005286,0.6,26
E01005286,2.79,52
E01005286,1.07,37
E01005281,2.34,52
E01005184,2.19,52
E01005281,1.01,39
E01005168,3.47,18
E01005066,0.84,46
E01033653,1.86,4
E01033653,-0.97,16
E01033653,1.92,21
E01033653,-0.02,31
E01033662,3.27,41
E01005066,2.94,43
E01033662,0.58,39
E01033653,2.69,33
E01033662,3.97,34
E01005171,-1.01,4
E01005176,1.21,50
E01005176,1.23,52
E01005176,0.73,49
E01005176,0.93,52
E01005169,1.58,49
E01005309,0.43,48
E01005210,2.49,46
E01033653,-0.59,32
E01034115,0.98,49
E01034115,2.53,46
E01005212,2.65,45
E01005066,1.12,47
E01034115,1.82,44
E01034115,3.22,12
E01005284,0.97,3
E01005284,0.51,1
E01005274,0.18,47
E01005273,1.6,54
E01005185,0.11,49
E01005185,2.35,52
E01005185,0.06,48
E01005271,2.25,53
E01005309,1.57,54
E01005304,1.75,53
E01005304,-0.02,47
E01005276,0.05,47
E01005307,1.28,53
E01005277,0.25,49
E01005277,1.78,53
E01005277,1.16,49
E01005277,1.73,53
E01005306,1.15,49
E01005172,1.29,53
E01005176,1.26,52
E01005176,1.91,50
E01005176,1.27,52
E01005176,1.48,52
E01005176,1.22,49
E01005169,0.92,51
E01005169,2.01,49
E01005169,2.81,46
E01005169,0.69,50
E01005184,1.75,42
E01005284,-0.43,52
E01034117,1.62,3
E01005284,3.79,52
E01005288,2.79,52
E01005288,1.56,54
E01005286,1.12,22
E01005286,1.86,54
E01005286,1.83,35
E01005281,1.74,54
E01005184,1.46,54
E01005281,1.95,36
E01005066,0.66,41
E01033653,-0.05,21
E01033653,1.24,13
E01033653,0.68,35
E01033662,2.09,36
E01005066,1.5,42
E01033662,0.33,41
E01033653,1.58,28
E01033653,4.9,1
E01033662,2.49,29
E01005309,2.26,43
E01033653,0.58,34
E01034117,1.51,52
E01005212,1.31,47
E01005210,1.16,47
E01005066,1.55,39
E01034115,1.85,37
E01034115,1.51,49
E01034115,1.89,15
E01034115,0.08,51
E01005284,2,4
E01005284,3.44,3
E01005274,1.88,44
E01005273,1.69,52
E01005185,1.47,43
E01005185,1.96,53
E01005185,1.4,43
E01005271,1.9,53
E01005309,1.37,53
E01005276,0.3,18
E01005276,2.51,30
E01005274,0.84,43
E01005274,2.34,39
E01005304,1.91,48
E01005304,2.12,40
E01005948,2.8,2
E01005948,0.49,7
E01005948,-1.2,2
E01033667,2.54,26
E01033653,0.98,25
E01033653,3.02,1
E01034130,3.26,32
E01034130,2.27,34
E01005107,3.58,40
E01005107,3.83,35
E01033667,4.61,30
E01034130,3.35,29
E01034130,3.44,33
E01034130,3.21,34
E01033661,2.41,35
E01033661,2.95,32
E01034136,2.32,35
E01034136,2.81,32
E01033688,2.03,35
E01034135,3.85,32
E01033688,2.64,35
E01033688,3.79,38
E01033688,3.51,35
E01033688,3.46,38
E01033688,3.23,37
E01033669,3.42,37
E01033669,3.92,40
E01033669,3.45,40
E01033669,3.62,36
E01005107,4.21,35
E01005107,4.3,40
E01033669,4.36,35
E01005094,4.29,33
E01005094,4.32,40
E01005094,4.34,33
E01005094,4.23,40
E01005094,4.42,34
E01005094,4.27,40
E01005092,4.1,35
E01005092,4.35,40
E01033669,4.4,40
E01005998,4.49,33
E01005948,1.9,2
E01006060,0.84,1
E01006066,0.97,1
E01006066,1.78,1
E01005941,2.06,2
E01005941,2.5,2
E01006066,1.1,1
E01005943,2.2,2
E01005948,2.6,2
E01005948,1.1,2
E01005998,4.24,40
E01005998,3.69,33
E01005998,4.6,40
E01006003,4.43,33
E01006003,4.57,40
E01005999,4.12,33
E01005999,4.54,40
E01006000,3.99,40
E01006000,3.38,34
E01005969,3.67,33
E01005969,4.55,40
E01005962,4.49,40
E01005962,4.1,33
E01005962,3.97,33
E01005962,4.59,38
E01033949,3.45,28
E01033949,2.11,31
E01033949,3.28,24
E01033949,1.52,30
E01005962,3.62,32
E01005962,3.82,38
E01005951,3.33,32
E01005951,4,36
E01005951,2.9,32
E01005951,3.11,36
E01005950,3.18,30
E01005953,2.75,35
E01005953,3.66,29
E01033949,3.42,29
E01005950,2.4,34
E01005197,9.69,1
E01005201,9.61,1
E01005195,9.34,1
E01034120,9.7,1
E01005195,9.73,1
E01005195,9.17,1
E01005061,2.06,1
E01005197,9.95,1
E01005067,4.67,1
E01005067,4,1
E01005061,3.42,1
E01005186,4.05,1
E01005186,5.62,1
E01005186,7.14,1
E01005186,8.65,1
E01005189,9.22,1
E01005189,8.72,1
E01005189,9.42,1
E01005769,2.76,6
E01005773,3.7,6
E01005773,3.55,6
E01005774,3.48,6
E01005782,4.32,5
E01005763,5.27,6
E01005763,5.9,6
E01005759,4.76,6
E01005823,1.26,6
E01005821,1.83,6
E01005821,1.25,6
E01005818,1.91,6
E01005816,2.71,5
E01005816,-27.69,5
E01005764,3.63,4
E01005764,-25.87,4
E01005764,10.22,3
E01005764,10.72,6
E01005764,6.53,5
E01005759,6.63,5
E01005759,-21.57,5
E01005764,11.64,6
E01005764,-16.36,6
E01005761,5.81,5
E01005763,5.57,5
E01005774,2.46,6
E01005764,12.31,5
E01005766,23.29,4
E01005764,-18.84,4
E01005819,2.39,6
E01005769,3.39,6
E01005759,0.17,6
E01005774,3.01,6
E01005778,3.23,6
E01005781,4.76,5
E01005781,5.23,5
E01005780,4.77,5
E01005779,4.98,5
E01005778,2.68,6
E01005816,2.12,6
E01005784,4.45,5
E01005817,2.21,6
E01005823,1.27,6
E01005820,1.78,6
E01005822,21.28,2
E01005822,-17.9,3
E01005822,25.4,3
E01005822,-22.08,2
E01005784,4.12,5
E01005822,-48.77,1
E01006223,41.43,3
E01006223,-30.57,3
E01006223,23.2,5
E01006266,5.98,4
E01006268,7.01,4
E01006268,-58.99,4
E01006268,-58.24,4
E01006268,6.46,4
E01006266,-57.64,4
E01006266,5.54,4
E01006266,-56.88,4
E01006368,-56.31,4
E01006368,4.99,4
E01006368,3.25,1
E01006368,-55.81,4
E01006368,4.69,4
E01006223,23.39,5
E01006223,-46.08,4
E01006268,-39.89,3
E01006268,22.16,4
E01006268,21.72,4
E01006268,-59.32,4
E01006223,22.98,4
E01006265,-40.74,3
E01006223,23.42,4
E01006223,-40.99,3
E01006368,3.59,4
E01006368,4.27,1
E01006368,-55.33,4
E01005522,4.45,4
E01005519,3.96,3
E01005519,3.46,3
E01005522,4.64,3
E01005569,1.33,4
E01005520,4.41,3
E01005523,-0.34,3
E01005517,2.7,4
E01005518,3.33,3
E01005518,2.6,2
E01005518,3.16,3
E01005568,-0.99,3
E01005568,1.79,4
E01005482,-1.39,3
E01005482,1.56,4
E01005566,1.98,3
E01005566,1.26,3
E01005566,0.85,3
E01005566,1.48,4
E01005569,0.05,3
E01005568,1.49,4
E01005568,1.57,4
E01005568,-0.64,3
E01005518,1.94,2
E01005518,-0.88,3
E01005518,-0.64,3
E01005520,-0.19,3
E01005522,3.8,3
E01005522,3.8,3
E01005522,1.52,3
E01005522,4.83,3
E01005523,5.7,3
E01005519,3.86,3
E01005520,4.54,3
E01005523,5.65,3
E01005519,0.85,3
E01005519,6.51,3
E01005519,5.98,3
E01005519,4.12,3
E01005519,5.12,3
E01005519,4.11,3
E01005556,3.3,3
E01005556,2.42,3
E01005556,2.46,3
E01005556,2.61,3
E01005558,2.31,3
E01005558,4.58,3
E01005558,1.62,3
E01005558,3.95,3
E01005558,2.07,3
E01005558,4.3,3
E01005558,3.63,3
E01005556,1.86,3
E01005556,3.55,3
E01005559,1.82,3
E01005559,2.97,3
E01005559,2.22,3
E01005567,2.27,3
E01005567,2.15,3
E01005567,1.94,3
E01005567,1.82,3
E01005567,1.42,3
E01005555,1.56,3
E01005555,4.63,3
E01005555,1.47,3
E01005555,3.57,3
E01005517,3.43,3
E01005523,3.57,4
E01005523,1.75,3
E01005523,3.89,4
E01005598,2.14,3
E01005598,4.14,4
E01005598,1.68,3
E01005598,4.51,4
E01005598,1.27,3
E01005596,4.9,4
E01005596,1.62,3
E01005596,1.01,3
E01005596,4.37,4
E01005523,2.28,3
E01005523,4.53,4
E01005523,1.94,3
E01005523,3.82,4
E01005596,1.38,3
E01005596,3.77,4
E01005516,3.6,4
E01005516,3.19,3
E01005516,2.81,4
E01005516,3.21,3
E01005517,2.6,3
E01005517,2.33,4
E01005593,8.03,3
E01005594,7.8,3
E01005595,5.24,8
E01005593,4.76,8
E01005594,1.9,7
E01005595,6.1,3
E01005595,4.37,8
E01005521,1.97,5
E01005522,2,5
E01005522,1.54,2
E01005583,-1.61,7
E01005594,7.52,3
E01005586,5.31,8
E01005586,7.31,3
E01005586,4.99,8
E01005586,6.2,3
E01005595,3.82,8
E01005594,7.19,3
E01005594,4.4,8
E01005594,6.71,3
E01005594,4.82,8
E01005594,6.44,3
E01005594,5.42,7
E01005594,8.15,3
E01005594,4.82,7
E01005594,5.81,3
E01005594,2.8,8
E01005597,7.61,3
E01005597,5.15,8
E01005597,6.82,3
E01005597,4.17,8
E01005581,4.42,8
E01005578,8.01,3
E01005581,3.93,8
E01005581,8.77,3
E01005578,3.66,8
E01005581,8.13,3
E01005581,2.99,8
E01005581,8.48,3
E01034234,2.59,8
E01034234,7.79,3
E01005583,2.16,8
E01005583,7.62,3
E01005583,8.01,3
E01005583,-1.05,7
E01005482,-1.4,7
E01005482,6.4,3
E01005523,1.63,1
E01005523,6.48,2
E01005598,7.3,2
E01005598,6.86,2
E01005596,6.86,2
E01005596,7.86,2
E01005593,4.47,8
E01005593,7.47,3
E01005595,6.4,2
E01005596,7.32,2
E01005596,4.9,8
E01005523,4.74,8
E01005523,3.45,8
E01005596,2.57,7
E01005516,2.95,7
E01005516,2.3,7
E01005517,2.88,7
E01005517,2.47,7
E01005517,1.67,5
E01005521,3.35,5
E01005521,10.3,2
E01005523,10.52,2
E01005523,11.52,2
E01005523,5.86,2
E01005521,11.3,2
E01006335,1.06,2
E01006335,0.09,1
E01006333,1.59,1
E01006252,1.73,2
E01006252,0.94,1
E01006252,2.39,4
E01006246,1.26,2
E01006246,0.39,1
E01006246,1.92,2
E01006335,2.47,2
E01006335,0.89,1
E01006335,-0.05,1
E01006335,2.4,5
E01006297,2.88,5
E01006297,1.73,2
E01006297,0.69,1
E01006247,3.5,5
E01006247,2.02,2
E01006247,0.82,1
E01006297,1.52,2
E01006297,0.21,1
E01006297,3.2,5
E01005762,17.02,8
E01005762,1.43,8
E01005762,33.88,12
E01005762,-14.82,12
E01005769,18.42,12
E01005769,1.49,12
E01005773,-0.42,11
E01005773,15.21,13
E01005776,-0.25,12
E01005773,14.86,11
E01005774,10.93,7
E01005774,19.52,8
E01005784,9.83,13
E01005784,9.76,9
E01005785,8.99,12
E01005785,5.7,12
E01005785,8.05,14
E01005785,7.43,14
E01005782,-18.23,10
E01005763,16.83,14
E01005762,14.16,13
E01005762,14.8,12
E01005762,1.46,10
E01005763,3.15,13
E01005759,28.75,13
E01005759,-26.8,13
E01005804,44.07,12
E01005760,-14.11,11
E01005760,40.97,9
E01005760,-26.61,11
E01005760,55.57,12
E01005766,-4.82,10
E01005766,53.65,11
E01005766,-11.52,13
E01005766,51.94,14
E01005762,-12.41,11
E01005781,31.76,11
E01005761,26.7,14
E01005761,-13.12,11
E01005761,-13.42,13
E01033948,-10.88,8
E01005774,19.01,13
E01033948,-23.38,9
E01033948,47.61,9
E01005766,-17.07,10
E01005877,44.29,12
E01033947,58.31,4
E01005782,19.22,10
E01005769,15.21,9
E01005774,-2.8,11
E01005774,15.33,11
E01005769,-2.44,12
E01005778,22.63,10
E01005782,19.59,10
E01005781,-5.14,10
E01005781,26.47,13
E01005781,-3.27,10
E01005781,30.97,8
E01005780,-8.77,8
E01005780,29.72,8
E01005779,27.28,10
E01005779,-4.56,8
E01005779,18.96,11
E01005779,-9.58,10
E01005778,-10.6,9
E01005778,-0.32,10
E01005778,17.96,13
E01005786,7.32,14
E01006179,-0.64,1
E01006184,0.87,1
E01006184,0.44,1
E01006200,1.23,1
E01006200,1.42,1
E01006200,1.34,1
E01006202,1.13,1
E01006201,1.53,1
E01006131,3.33,1
E01006128,3.2,1
E01006129,2.3,1
E01006197,2.66,1
E01006197,2.22,1
E01006201,2.09,1
E01006117,0.51,1
E01006118,1.72,1
E01006124,2.7,1
E01006125,2.7,1
E01006131,2.71,1
E01006131,3.42,1
E01006124,2.31,1
E01006122,2.79,1
E01006122,2.48,1
E01006122,1.96,1
E01006122,1.83,1
E01006123,1.56,1
E01006116,0.95,1
E01006144,1.16,1
E01006144,0.92,1
E01006107,1.09,1
E01006171,0.96,1
E01006152,1.45,1
E01006153,1.87,1
E01006168,2.07,1
E01006168,2.71,1
E01006168,2.84,1
E01006167,2.11,1
E01006166,2.08,1
E01006166,1.57,1
E01006171,1.87,1
E01006171,0.53,1
E01006171,0.2,1
E01006169,0.55,1
E01006170,1.26,1
E01006170,0.68,1
E01006148,1.36,1
E01006147,1.01,1
E01006170,1.48,1
E01006094,1.89,1
E01006153,1.74,1
E01006153,1.48,1
E01006131,3.86,1
E01006080,3.1,1
E01006080,3.28,1
E01006096,2.22,1
E01006126,2.5,1
E01006096,2.35,1
E01006089,3.02,1
E01006089,3.07,1
E01006096,1.72,1
E01006096,1.84,1
E01006094,0.73,1
E01005266,0.43,1
E01006210,-1.81,1
E01005117,1.3,1
E01005266,0.73,1
E01005266,0.61,1
E01006205,-11.73,1
E01006176,0.4,1
E01006097,-0.61,1
E01006082,-0.49,1
E01006080,-10.53,1
E01006204,-0.6,1
E01006085,2.26,1
E01006077,-0.29,1
E01006205,-0.58,1
E01006192,-10.74,1
E01006205,1.42,1
E01006192,0.42,1
E01006204,-1.29,1
E01006192,-13,1
E01006178,0.18,1
E01006178,-0.28,1
E01006178,0.73,1
E01006176,0.42,1
E01006176,0.9,1
E01006174,0.1,1
E01006177,-0.75,1
E01006177,-0.1,1
E01006177,-0.58,1
E01006210,-1.12,1
E01006210,-1.46,1
E01006098,-0.81,1
E01006077,-1.18,1
E01006098,-0.49,1
E01006077,5.71,1
E01033674,1.31,4
E01033674,2.24,3
E01033674,0.67,4
E01033658,0.48,3
E01033658,3.4,2
E01033674,1,4
E01033674,1.79,3
E01033674,1.03,3
E01033674,0.6,3
E01033674,2.2,4
E01005014,15.97,1
E01005014,1.48,1
E01005014,-0.22,5
E01005014,15.92,1
E01005014,1.86,1
E01005014,-0.16,5
E01005014,1.07,3
E01005014,15.59,1
E01005014,1.14,1
E01005014,-0.14,5
E01005017,16.89,1
E01005017,3.95,1
E01005017,1.47,4
E01005017,0.16,3
E01005014,15.32,1
E01005014,2.16,1
E01005014,0.28,4
E01005014,1.1,3
E01005014,1.13,3
E01005014,16.02,1
E01005014,2.42,1
E01005014,0.09,4
E01005015,-0.68,3
E01005015,16.93,1
E01005015,4.2,1
E01005015,2,4
E01005015,-1.02,3
E01005015,17.26,1
E01005015,4.64,1
E01005015,2.23,4
E01005015,-0.61,3
E01005017,18.04,1
E01005017,5.23,1
E01005017,2.74,4
E01005017,-1.22,3
E01005017,17.84,1
E01005017,4.85,1
E01005017,3.03,4
E01005017,19.16,1
E01005017,5.16,1
E01005017,3.18,3
E01005036,2.28,3
E01005034,2.26,3
E01005034,2.55,3
E01005647,2.35,4
E01005044,1.34,3
E01005036,1.91,4
E01005612,3.4,4
E01005648,1.17,3
E01005612,2.38,4
E01005612,2.97,4
E01033674,0.09,3
E01005612,1.42,1
E01005612,1.84,1
E01005615,2.51,1
E01005647,2.93,4
E01033664,0.37,1
E01034112,6.44,3
E01005105,4.18,3
E01033661,5.92,1
E01033661,2.61,3
E01005061,3.77,3
E01005061,3.76,3
E01005105,3.32,3
E01005105,2.99,3
E01005106,2.83,3
E01005106,2.74,3
E01005106,2.73,3
E01005106,2.5,3
E01005107,2.51,3
E01005107,4.25,3
E01005107,5.11,3
E01034113,4.73,3
E01005998,6.92,3
E01034111,6.6,3
E01034114,6.75,3
E01006020,8.18,3
E01006020,7.97,3
E01006020,7.68,3
E01006020,7.65,3
E01006019,7.72,3
E01006020,7.16,3
E01006017,7.13,3
E01006017,-2.14,1
E01005964,6.25,3
E01005967,7.24,3
E01005967,7.73,3
E01006010,8.46,3
E01006010,8.3,3
E01006016,7.41,3
E01006010,7.55,3
E01006000,5.83,3
E01006008,7.4,3
E01006011,8.24,3
E01006016,8.01,3
E01006010,6.65,3
E01006008,7.64,3
E01006008,7.87,3
E01005965,7.35,3
E01005965,7.93,3
E01006021,8.18,3
E01006013,7.89,3
E01006012,8.01,3
E01006011,7.72,3
E01006011,8.18,3
E01006011,9.18,3
E01005964,5.85,3
E01005961,6.46,3
E01005961,7.11,3
E01005961,6.04,3
E01033658,0.07,27
E01033658,5.19,24
E01033990,5.46,25
E01033989,0.02,25
E01033989,5.76,25
E01005680,3.03,28
E01033991,1.38,26
E01033991,4.76,28
E01005681,1.9,24
E01033991,5.62,27
E01032906,-0.44,25
E01033991,0.47,23
E01033991,5.36,27
E01033991,0.47,25
E01033991,5.63,28
E01005682,4.22,28
E01005610,1.49,24
E01005681,1.77,23
E01005657,1.82,24
E01005657,4.17,28
E01005680,4.08,28
E01005680,1.22,24
E01005628,1.75,25
E01005628,4.71,28
E01005680,4.22,28
E01005680,1.83,25
E01005680,2.16,24
E01005623,3.96,28
E01005622,4.2,28
E01005624,2.33,24
E01005624,3.79,28
E01005624,1.95,24
E01033653,2.63,2
E01033653,6.12,3
E01033677,0.64,26
E01033658,0.56,26
E01033658,0.54,26
E01033658,4.82,22
E01033658,4.38,17
E01004833,2.48,16
E01004833,3.9,27
E01004833,3.8,24
E01004833,4.19,30
E01004833,1.51,18
E01005659,1.18,19
E01004833,4.39,30
E01004833,1.56,12
E01004833,2.46,5
E01004833,1.95,7
E01004833,2.32,7
E01005687,1.45,23
E01005691,1.53,24
E01005691,4.45,29
E01005663,3.93,30
E01005718,2.63,30
E01005712,3.15,23
E01005712,2.28,30
E01005711,2.27,30
E01033977,2.56,30
E01033976,2.79,30
E01005711,2.86,29
E01005711,3.66,29
E01033976,4.03,29
E01005691,4.56,29
E01005687,4.7,29
E01005687,4.18,29
E01005686,4.56,29
E01005686,2.24,24
E01005686,3.28,29
E01005686,3.38,29
E01005700,3.4,24
E01005672,3.27,30
E01005672,3.57,26
E01005701,3.54,30
E01005701,3.45,25
E01005674,3.42,25
E01005674,3.64,30
E01005701,3.02,29
E01005674,3.08,25
E01005701,3.76,29
E01005701,2.29,25
E01005718,3.96,30
E01005718,3.97,30
E01005663,2.06,24
E01005663,4.09,29
E01005660,2.23,25
E01005663,4.22,29
E01005660,2.12,25
E01005704,3.87,29
E01005659,2,25
E01005660,4.4,29
E01004833,4.83,30
E01005659,0.76,21
E01005659,5.24,30
E01005659,0.56,22
E01005659,5.09,30
E01005659,0.96,25
E01005704,1.59,25
E01005660,1.42,25
E01005659,4.97,29
E01005704,2.06,23
E01005708,2.3,23
E01005718,2.16,23
E01033977,3.7,23
E01005711,3.65,23
E01005711,3.33,24
E01033976,2.92,24
E01005711,2.88,24
E01005711,2.3,25
E01033976,1.57,25
E01005691,1.61,24
E01005693,1.51,23
E01005689,2.09,24
E01005686,2.16,24
E01033654,3.24,25
E01005066,3.09,15
E01033654,-0.48,2
E01033653,-7.41,1
E01033654,3.81,21
E01005063,1.94,30
E01005067,3.92,26
E01005189,4.89,34
E01033654,4.55,17
E01005189,4.81,34
E01005189,3.39,27
E01005189,4.38,34
E01005186,3.85,27
E01005186,3.55,34
E01005186,3.89,27
E01005065,3.37,28
E01005065,2.41,19
E01005065,3.69,28
E01005065,1.92,21
E01005065,3.58,29
E01005063,4.19,28
E01005063,0.73,30
E01005063,3.46,22
E01005063,3.29,21
E01005061,2.48,30
E01005061,3.53,22
E01005067,3.02,31
E01005067,3.83,26
E01005067,2.13,33
E01005067,4.63,27
E01005067,2.9,33
E01005232,4.53,27
E01005232,3.27,34
E01005192,3.63,26
E01005192,5.15,34
E01005191,3.04,27
E01005193,4.83,34
E01005991,4.4,35
E01005991,3.11,26
E01005990,3.32,25
E01005990,4.63,35
E01006028,3.15,22
E01006024,2.47,33
E01006024,2.61,33
E01005991,3.37,25
E01006050,2.13,32
E01006024,3.05,33
E01006024,5.23,24
E01006028,4.85,35
E01006028,3.05,11
E01005974,3.31,25
E01005974,4.77,36
E01006052,2.86,6
E01006052,3.34,23
E01006052,2.67,18
E01006052,3.14,20
E01006052,3.37,32
E01006052,3.16,23
E01006052,3.73,23
E01006052,3,32
E01006050,4.21,23
E01006027,2.23,33
E01006027,5.43,23
E01006027,1.89,33
E01006027,5.28,22
E01006027,2.32,32
E01006027,5.19,22
E01006027,2.17,32
E01006027,5.18,22
E01006027,1.74,32
E01006027,5.28,22
E01006027,2.2,32
E01006025,5.1,22
E01006025,2.25,32
E01006050,5.07,22
E01006025,2.71,32
E01006025,4.61,23
E01006050,2.39,32
E01006027,5.3,23
E01006024,4.89,23
E01006024,3.42,33
E01006026,3.96,33
E01006024,4.13,24
E01006024,4.51,25
E01006026,3.55,25
E01006026,3.96,33
E01006026,2.94,26
E01006026,4.18,33
E01006040,3.12,36
E01005973,4.49,36
E01005973,3.63,37
E01005974,4.71,36
E01005974,3.21,36
E01005991,4.29,35
E01005991,4.55,35
E01005974,3.85,20
E01006040,4.28,19
E01006040,4.32,19
E01006040,5.05,17
E01006040,4.63,13
E01006028,3.31,13
E01006028,3.68,35
E01006040,2.77,36
E01005990,4.01,25
E01005985,4.13,25
E01005992,3.85,25
E01005992,4.48,26
E01005974,3.58,25
E01005974,3.1,23
E01005985,3.86,35
E01005971,3.6,35
E01005992,3.27,35
E01005992,4.08,25
E01005974,4.78,36
E01006035,2,11
E01006028,3.5,35
E01033654,4.44,37
E01005066,2.63,16
E01033654,1.43,5
E01033653,-1.13,3
E01033654,4.81,34
E01005063,2.08,38
E01005192,4.88,38
E01005192,3.83,41
E01005067,5.28,41
E01005189,4.65,40
E01033654,4.89,21
E01005189,4.74,41
E01005189,4.43,38
E01005189,4.36,40
E01005186,4.61,38
E01005186,3.76,40
E01005186,4.52,39
E01005065,4.36,40
E01005065,3.16,23
E01005065,4.75,40
E01005065,2.76,29
E01005065,4.87,40
E01005063,5.36,37
E01005063,1.13,39
E01005063,5.17,37
E01005063,5.22,36
E01005061,2.82,39
E01005061,5.24,37
E01005067,3.28,39
E01005067,5.39,41
E01005067,2.49,40
E01005067,5.49,41
E01005067,3.32,40
E01005232,5.21,40
E01005232,3.42,40
E01005192,4.85,38
E01005192,4.1,41
E01005191,4.73,37
E01005192,4.26,41
E01005193,5.43,39
E01033947,4.4,31
E01005921,5.35,37
E01005894,3.56,42
E01005889,4.21,41
E01005889,5.89,38
E01005889,4.52,41
E01005889,5.33,37
E01005886,4.51,41
E01005886,5.79,37
E01005896,3.96,41
E01005896,5.93,38
E01005896,4.34,41
E01005193,5.78,38
E01005193,4.27,41
E01005192,5.22,39
E01005193,3.67,41
E01005193,4.92,39
E01005893,5.08,36
E01005916,4.73,38
E01005917,4.98,34
E01005917,4.7,37
E01005918,3.94,32
E01005917,5.05,34
E01005918,4.26,34
E01005918,4.2,40
E01005915,4.5,35
E01005915,4.12,40
E01005915,3.97,36
E01005915,4.28,41
E01005915,3.8,36
E01005895,4.67,40
E01005895,3.81,35
E01005895,4.63,41
E01005895,3.72,35
E01005895,4.78,42
E01005895,4.08,33
E01005892,4.55,42
E01005892,4.62,34
E01005892,4.43,34
E01005893,4.67,42
E01033947,5.52,32
E01005822,1.7,1
E01005250,3.83,1
E01005250,3.59,1
E01005256,10.03,1
E01005249,6.12,1
E01005256,8.04,1
E01005249,7.57,1
E01005249,5.71,1
E01005249,4.31,1
E01005874,6.92,4
E01005908,15.3,1
E01005908,1.02,1
E01005908,1.62,1
E01005912,1.82,1
E01005912,-1.42,1
E01005912,-0.52,2
E01005797,-1.07,1
E01005797,0.34,1
E01005797,3.57,2
E01005908,0.95,1
E01005835,-0.38,1
E01005835,-1.02,1
E01005835,4.25,3
E01005835,-0.56,1
E01005835,-1.18,1
E01005835,3.18,3
E01005835,8.1,5
E01005910,7.39,5
E01033948,3.52,4
E01005835,-1.26,1
E01005835,-1.9,1
E01005835,2.48,3
E01005837,7.57,5
E01005837,-0.18,1
E01005837,-1.11,1
E01005837,3.47,3
E01005837,8.1,5
E01005843,-0.72,1
E01005843,0.09,1
E01005843,3.14,3
E01005843,6.76,5
E01005835,7.21,5
E01005835,0.95,1
E01005835,1.42,1
E01005835,4.9,3
E01005835,7.29,5
E01005835,6.76,5
E01005835,0.39,1
E01005835,0.89,1
E01005835,4.4,3
E01005833,-0.48,1
E01005833,0.13,1
E01005833,3.76,3
E01005833,7.67,5
E01005833,8.01,5
E01033948,3.96,4
E01005833,-0.67,1
E01005833,0.53,1
E01005833,4.67,3
E01005825,6.9,4
E01005825,-0.95,1
E01005825,-1.35,1
E01005825,2.84,2
E01005877,7.14,4
E01005877,-1.4,1
E01005877,-1.51,1
E01005877,4.25,3
E01005876,7.62,4
E01005876,-0.45,1
E01005876,-0.41,1
E01005876,5.18,3
E01005827,-0.74,1
E01005827,-0.76,1
E01005827,4.49,3
E01005827,7.76,4
E01005827,-0.53,1
E01005827,-0.39,1
E01005827,4.75,3
E01005827,8.13,4
E01005826,-1.09,1
E01005826,0.09,1
E01005826,4.66,3
E01005826,-1.36,1
E01005826,-0.45,1
E01005826,4.19,3
E01005827,7.91,4
E01033948,-3.92,1
E01033948,-2.32,1
E01033948,7.77,2
E01005909,7.17,5
E01005909,6.97,5
E01005835,0,1
E01005835,0.61,1
E01005835,3.76,3
E01005911,10.18,5
E01005884,1.29,1
E01005884,0.64,1
E01005884,4.24,3
E01005884,0.94,1
E01005884,0.31,1
E01005884,4.67,3
E01005911,10.08,5
E01005884,1.57,1
E01005884,0.97,1
E01005884,3.87,3
E01005910,9.86,5
E01005884,1.05,1
E01005884,0.5,1
E01005884,4.26,3
E01005882,1.53,1
E01005882,1.13,1
E01005882,4.53,3
E01005910,27.57,5
E01005879,1.74,1
E01005879,1.2,1
E01005885,13.91,3
E01005909,5.61,4
E01005909,-0.01,1
E01005909,0.4,1
E01005885,0.39,1
E01005885,0.82,1
E01005885,7.74,4
E01005883,8.04,4
E01005883,1.26,1
E01005883,0.62,1
E01005885,8.4,4
E01005883,1.48,1
E01005883,1.85,1
E01005909,0.77,1
E01005909,0.91,1
E01005909,9.38,4
E01005908,9.56,4
E01005908,1.63,1
E01005908,1.39,2
E01005909,10.16,4
E01005909,2.07,1
E01005909,1.67,2
E01005908,10.16,3
E01005909,2.6,1
E01005909,1.03,2
E01005908,1.27,2
E01005908,15.1,1
E01005908,15.79,1
E01005908,1.68,2
E01005908,1.43,1
E01005910,3.01,1
E01005910,7.57,4
E01005910,0.85,1
E01005910,-4.42,1
E01005910,3.94,4
E01005885,7.14,4
E01005885,0.12,1
E01005885,1.76,2
E01005878,7.86,4
E01005878,-0.56,1
E01005878,0.8,2
E01005911,7.58,4
E01005911,-1,1
E01005911,0.18,2
E01005911,-0.42,1
E01005911,0.75,2
E01005912,9.2,4
E01005910,1.33,1
E01005910,-5.99,1
E01005910,-1.58,2
E01005909,1.77,1
E01005909,-3.04,1
E01005909,-1.01,2
E01005909,2.18,1
E01005909,-0.02,1
E01005909,-0.48,2
E01005909,2.76,1
E01005909,0.19,1
E01005909,0.04,2
E01005909,7.53,5
E01005912,8.52,4
E01005884,0.29,1
E01005884,-0.35,1
E01005884,3.81,3
E01005884,10.81,5
E01005766,-1.39,1
E01005766,0.15,1
E01005766,2.2,2
E01005874,-2.42,1
E01005874,-0.79,1
E01005874,2.49,2
E01033948,-2.99,1
E01033948,-1.2,1
E01033948,2.26,2
E01005825,-1.58,1
E01005825,-0.27,1
E01005825,3.08,2
E01033948,5.94,4
E01005877,6.87,4
E01005797,6.04,4
E01005827,-0.62,1
E01005827,-0.21,1
E01005827,4.5,3
E01005184,4.74,3
E01005066,3.69,1
E01005066,1.94,3
E01033653,3.35,2
E01033653,1.94,1
E01033653,3.97,1
E01033653,2.33,3
E01033677,3.75,1
E01033677,1.55,3
E01033662,1.51,2
E01005066,1.46,2
E01033662,5.24,1
E01033662,2.85,3
E01033653,1.74,1
E01005083,2.31,2
E01005272,3.17,1
E01005272,1.17,1
E01005272,0.68,2
E01005272,4.29,3
E01033662,0.82,2
E01034124,4.21,1
E01034124,2.9,3
E01034124,4.91,3
E01005182,2.97,1
E01005182,-0.74,2
E01005078,2.23,1
E01005078,5.21,3
E01005082,0.32,1
E01005082,5.44,2
E01005084,0.29,1
E01005084,2.31,3
E01005084,5.64,2
E01005082,5.71,2
E01005082,5.76,2
E01005082,0.66,1
E01005082,5.71,2
E01033653,4.02,1
E01033653,2.05,3
E01005212,0.86,2
E01005210,-0.34,2
E01005066,4.54,1
E01005066,3.32,3
E01034115,3.74,1
E01034115,3.62,3
E01034115,-0.82,2
E01034115,4.08,1
E01034115,3.43,3
E01034115,-1.18,2
E01005180,5.27,3
E01005182,3.86,1
E01005182,-0.01,2
E01034117,4.08,1
E01034117,3.49,3
E01034117,3.87,3
E01005244,4.03,3
E01034117,4.24,1
E01034117,3.22,3
E01034124,4.36,3
E01034126,5.17,3
E01005246,3.48,1
E01005246,-1,2
E01005178,5.02,3
E01034126,4.65,1
E01034126,0.16,2
E01005182,3.6,1
E01005182,-0.44,2
E01005178,5.16,3
E01005183,5.88,3
E01005150,2.08,2
E01005150,7.23,1
E01005150,5.34,2
E01005154,4.06,2
E01005150,7.02,1
E01005150,1.68,2
E01005150,4.1,2
E01005150,0.34,1
E01005150,4.92,2
E01005150,1.23,1
E01005150,5.62,2
E01005150,4.9,2
E01005150,5.22,2
E01005182,4.31,1
E01005182,0.62,2
E01005184,5.05,3
E01005182,4.7,1
E01005182,0.98,2
E01005182,4.31,1
E01005182,0.46,2
E01005150,2.03,1
E01005150,4.8,3
E01005150,2.36,1
E01005150,5.26,3
E01005077,4.89,2
E01005077,3.9,2
E01033671,2.23,2
E01033671,3.2,1
E01033671,5.78,3
E01005083,2.84,1
E01005083,5.38,3
E01005083,1.88,2
E01005083,1.73,1
E01005083,4.89,3
E01005078,2.96,2
E01005078,2.49,1
E01005078,5.47,3
E01005078,2.34,2
E01005078,2.71,1
E01005078,5.36,3
E01005274,4.46,3
E01005274,5.11,1
E01005274,1.38,2
E01005273,1.1,1
E01005273,4.55,3
E01005084,8.82,2
E01005084,1.43,1
E01005084,6.61,3
E01005077,0.05,1
E01005077,2.36,3
E01005084,-4.35,1
E01005084,0.58,3
E01005155,7.35,1
E01005272,1.47,1
E01005272,1.55,1
E01005155,6.79,1
E01005272,4.83,1
E01005272,0.92,2
E01005272,2.02,1
E01005272,3.38,2
E01005272,6.32,3
E01005272,3.64,1
E01005272,1.62,1
E01005272,0.42,2
E01005272,4.29,3
E01005077,1.35,1
E01005077,4.45,3
E01005077,0.03,1
E01005077,3.35,3
E01005275,-0.26,1
E01005275,5.36,3
E01005275,3.72,2
E01034115,5.16,1
E01034115,3.91,3
E01034117,0.65,2
E01005272,2.36,1
E01005272,2.22,2
E01005272,5.37,3
E01005272,1.95,1
E01005272,1.72,2
E01005272,5.48,3
E01005272,4.31,1
E01005272,1.1,1
E01005272,0.3,2
E01005272,3.8,3
E01005272,5.33,1
E01005272,0.01,1
E01005272,1.39,2
E01005272,4.33,3
E01005274,2.01,2
E01005274,1.07,1
E01005274,4.79,3
E01005084,8.52,2
E01005084,1.65,1
E01005084,5.98,3
E01005084,0.39,1
E01005084,1.39,3
E01005316,9.93,2
E01005316,-4.15,1
E01005316,6.01,4
E01005316,6.29,4
E01006136,10.63,2
E01006136,-4.04,1
E01006075,7.59,4
E01006075,15.03,1
E01006075,-1.9,1
E01006075,16.44,1
E01006075,-1.47,1
E01006088,8.02,4
E01006088,7.18,4
E01006140,10.58,2
E01006140,-0.49,1
E01006083,6.37,3
E01006083,-1.08,1
E01006139,10.42,2
E01006139,-1.8,1
E01006083,9.78,2
E01006083,-1.51,1
E01006136,10.82,2
E01006136,-4.53,1
E01006136,5.97,4
E01006136,6.16,4
E01006137,6.59,4
E01006136,10.92,2
E01006136,-4.37,1
E01006135,7.01,4
E01006135,10.43,2
E01006135,-3.84,1
E01006134,10.36,2
E01006134,-0.82,1
E01006083,7.65,4
E01006083,7.07,4
E01006139,6.55,4
E01006139,6.08,4
E01006083,6.16,4
E01006135,6.65,4
E01006088,10.32,2
E01006088,-1.91,1
E01006088,9.7,2
E01006088,-1.55,1
E01006077,9.74,2
E01006077,-1.7,1
E01006266,0.26,1
E01006268,1.34,1
E01006268,-0.26,1
E01006268,1.1,1
E01006266,-0.24,1
E01006266,-0.43,1
E01006368,0.16,1
E01006368,0.54,1
E01006368,0.32,1
E01006368,0.07,1
E01006223,1.7,1
E01006268,-0.03,1
E01006268,0.69,1
E01006268,1.49,1
E01006268,-0.39,1
E01006223,1.79,1
E01006265,0.03,1
E01006223,2.29,1
E01006223,-0.54,1
E01006266,-0.69,1
E01006266,0.86,1
E01006267,-1.42,1
E01006266,-0.74,1
E01006266,1.44,1
E01006266,-1.29,1
E01006266,0.73,1
E01006368,-0.42,1
E01006368,-0.21,1
E01005948,25.84,6
E01005936,4.63,7
E01005937,5.93,9
E01005944,3.38,9
E01005944,2.86,9
E01005947,3.31,9
E01005941,2.54,9
E01005935,6.01,9
E01005948,1.5,9
E01005948,1.99,9
E01005936,3.6,9
E01005938,5.51,9
E01005933,6.44,9
E01005934,6.72,9
E01005949,6.08,9
E01005948,4.58,7
E01005937,7.11,9
E01005937,4.98,9
E01005937,3.94,9
E01005937,4.45,9
E01005935,6.17,9
E01005934,5.83,9
E01005948,2.13,5
E01005936,4.79,7
E01005936,3.61,9
E01005949,2.08,9
E01005948,37.88,1
E01005935,4.51,8
E01005937,5.32,7
E01005936,5.42,8
E01005935,4.67,8
E01005944,5.22,7
E01005944,5.1,7
E01005947,4.9,7
E01005941,5.23,8
E01005945,5.19,7
E01005939,4.83,7
E01005933,4.11,7
E01005933,4.91,7
E01005934,4.02,7
E01005949,3.95,8
E01005948,3.54,8
E01005948,3.29,7
E01005937,5.37,7
E01005937,6.31,8
E01005937,5.57,8
E01005937,6.14,8
E01005938,3.91,8
E01005935,4.12,8
E01005936,5.12,8
E01005948,5.96,7
E01005948,4.99,4
E01006022,-1.84,6
E01006022,20.39,6
E01006017,7.3,9
E01006020,6.85,8
E01006020,6.25,8
E01006013,6.52,8
E01006021,4.4,7
E01006021,14.26,9
E01006023,12.06,7
E01006020,6.74,8
E01006020,6.6,8
E01006019,5.83,7
E01006020,4.06,7
E01006020,8.36,9
E01006017,7.82,9
E01006017,5.56,9
E01006017,5.65,9
E01006017,6.43,9
E01006020,6.68,8
E01006021,-2.86,6
E01005947,-21.64,4
E01005941,-13.22,4
E01005941,27.87,9
E01006023,0.09,4
E01006023,14.83,7
E01006023,16.37,7
E01006023,-1.42,6
E01006022,-0.38,2
E01006022,20.07,7
E01006060,2.13,6
E01005948,0.64,4
E01005948,-10.38,5
E01006060,24.77,5
E01006066,-2.15,8
E01006066,21.91,9
E01006066,17.22,7
E01005944,21.97,4
E01005944,-22.53,3
E01005944,-12.33,7
E01005944,18.8,9
E01006066,11.98,5
E01006066,22.24,7
E01006066,-12.98,6
E01006064,26.53,8
E01006064,-9.09,7
E01006064,24.69,9
E01006064,-11.37,8
E01006064,27.32,8
E01006064,-8.59,7
E01006065,25.32,9
E01006065,-11.19,8
E01006064,20.73,8
E01006064,-16.75,7
E01006065,18.08,6
E01006065,-18.05,5
E01006060,23.13,6
E01006060,-10.27,5
E01006066,22.23,7
E01006066,-12.53,6
E01006066,-17.26,6
E01006066,-9.82,6
E01005948,28.56,8
E01005949,-22.62,7
E01005948,47.51,6
E01006023,13.74,7
E01006021,8.92,9
E01006019,8.68,9
E01006019,9.56,8
E01006019,8.69,8
E01006019,8.83,8
E01005809,3.63,4
E01005809,-3.25,1
E01005809,-0.61,2
E01005874,1.12,3
E01005807,4.17,4
E01005815,-2.98,1
E01005815,-0.23,2
E01005815,3.89,4
E01005838,-3.48,1
E01005838,-0.44,2
E01005838,4.36,4
E01005838,2.66,4
E01005838,-1.51,1
E01005838,1.32,2
E01005797,-1.36,1
E01005797,1.04,2
E01005831,0.38,1
E01005831,2.14,2
E01005838,2.1,4
E01033948,-0.11,3
E01033948,0.67,1
E01033948,0.96,1
E01005840,0.52,1
E01005840,1.89,2
E01005766,-0.92,1
E01005766,1.07,2
E01005874,-1.47,1
E01005874,0.8,2
E01033948,-1.9,1
E01033948,0.18,2
E01005825,-0.48,1
E01005825,2.08,2
E01005798,-0.39,1
E01005798,2.32,2
E01005825,-0.67,1
E01005825,1.86,2
E01005825,-0.57,1
E01005825,1.83,2
E01005838,0.59,1
E01005838,2.52,2
E01005801,0.44,1
E01005801,1.87,2
E01005801,0.13,1
E01005801,1.73,2
E01005831,0.45,1
E01005831,2.1,2
E01005801,-0.22,1
E01005801,1.48,2
E01005877,1.74,3
E01005797,1.88,3
E01005797,2.13,3
E01005798,1.69,3
E01005825,1.54,3
E01005801,1.31,3
E01005801,1.04,3
E01005801,1.21,3
E01005801,2.17,3
E01005831,2.28,3
E01005838,2.21,3
E01033948,0.21,3
E01005176,2.39,1
E01005295,3.4,1
E01005269,3.19,1
E01005263,3.06,1
E01005268,3.36,1
E01005176,1.97,1
E01005169,2.18,1
E01005768,3.12,1
E01005171,1.8,1
E01005086,2.46,1
E01005085,2.79,1
E01005274,3.4,1
E01005304,2.34,1
E01005276,2.57,1
E01005277,2.63,1
E01005277,2.92,1
E01005306,3.44,1
E01005176,2.8,1
E01005176,2.54,1
E01005169,2.73,1
E01005169,3.03,1
E01005171,2.18,1
E01005770,2.92,1
E01005295,2.31,1
E01005295,3.59,1
E01005772,4.66,1
E01005768,3.34,1
E01005768,3.65,1
E01005768,2.23,1
E01005768,1.9,1
E01033999,7.86,1
E01032914,6.99,1
E01032914,6.39,1
E01032914,7.17,1
E01033998,7.03,1
E01005654,8.67,1
E01032914,6.69,1
E01005723,7.17,1
E01032914,6.86,1
E01005656,9.02,1
E01033997,8.09,1
E01033997,7.89,1
E01032912,7.71,1
E01005657,8.89,1
E01005680,7.82,1
E01005628,10.76,1
E01005680,10.05,1
E01005623,9.8,1
E01005622,9.7,1
E01005624,8.26,1
E01005213,-5.11,1
E01005208,-20.34,1
E01005243,-5.77,1
E01034001,5.16,1
E01005214,2.64,1
E01005214,-6.37,1
E01034001,4.88,1
E01006112,3.37,1
E01034001,3.06,1
E01005700,12.56,1
E01005699,10.01,1
E01005673,9.08,1
E01005673,7.89,1
E01005671,6.43,1
E01005671,5.88,1
E01005671,4.18,1
E01005670,3.79,1
E01005692,7.29,1
E01005672,9.97,1
E01005672,11.33,1
E01005686,10.6,1
E01005700,13.45,1
E01005697,10.75,1
E01005690,9.14,1
E01005697,10.64,1
E01005687,15.16,1
E01005700,13.54,1
E01005690,10.58,1
E01005697,9.94,1
E01006268,-5.3,1
E01006268,-5.33,1
E01006266,-5.83,1
E01006266,-5.26,1
E01006368,-5.56,1
E01006232,-4.82,1
E01006232,-6.51,1
E01006233,-5.8,1
E01006364,17.11,1
E01006364,15.72,1
E01006372,-6.68,1
E01006365,13.87,1
E01006365,15.28,1
E01006360,4.81,1
E01006360,4.23,1
E01006361,2.95,1
E01006361,3.16,1
E01006390,-6.32,1
E01006254,-0.23,1
E01006231,-6.05,1
E01006253,0.94,1
E01006364,17.8,1
E01006232,-4.9,1
E01006232,-4.75,1
E01006231,-6.15,1
E01006391,-6.74,1
E01006360,4.56,1
E01006232,-4.47,1
E01006231,-4.75,1
E01006232,-3.97,1
E01006232,-4.33,1
E01006232,-4.46,1
E01006372,-3.18,1
E01006372,-3.69,1
E01006372,-5.33,1
E01006372,-5.8,1
E01006260,-0.71,1
E01006236,-6.73,1
E01006235,-6.38,1
E01006235,-7.15,1
E01006236,-8.54,1
E01006236,-9.3,1
E01006388,-7.73,1
E01006231,-6.79,1
E01006231,-5.92,1
E01006231,-5.71,1
E01006388,-7.47,1
E01006391,-6.63,1
E01006387,-4.53,1
E01006373,-2.28,1
E01006255,-1,1
E01005006,-1.27,1
E01005006,-1.51,1
E01005006,-1.84,1
E01005006,-0.28,1
E01004998,-0.61,1
E01004998,0.87,1
E01005003,1.2,1
E01005003,-0.01,1
E01005004,0.7,1
E01005002,-0.01,1
E01004995,0.34,1
E01004785,-0.14,1
E01004786,-0.03,1
E01004794,-0.08,1
E01004790,3.35,1
E01004792,1.6,1
E01004792,1.72,1
E01004785,1.31,1
E01004792,0.98,1
E01004794,2.69,1
E01004930,3.66,1
E01004790,2.81,1
E01004790,2.93,1
E01004792,1.94,1
E01004785,0.07,1
E01004792,2.31,1
E01004790,3.81,1
E01004791,3.09,1
E01004784,2.34,1
E01006238,1.23,1
E01006238,0.39,1
E01006319,0.72,1
E01006317,1.21,1
E01006315,1.9,1
E01006317,2.44,1
E01006315,1.96,1
E01006315,2.44,1
E01006315,2.7,1
E01006315,3.12,1
E01006316,3.38,1
E01006321,3.51,1
E01006320,3.74,1
E01006320,3.41,1
E01006314,5.15,1
E01006315,2.97,1
E01006320,4.27,1
E01006237,1.49,1
E01006237,-1.49,1
E01006237,0.2,1
E01006237,1.61,1
E01006238,1.72,1
E01006312,5.16,1
E01006314,5.79,1
E01006314,5.43,1
E01006314,4.77,1
E01006314,4.52,1
E01006320,4.36,1
E01006327,6.65,1
E01006327,7.03,1
E01006327,7.24,1
E01006327,7.59,1
E01006324,9.01,1
E01006324,6.2,1
E01006324,6.19,1
E01006323,6.57,1
E01006323,5.61,1
E01006322,6.58,1
E01006322,6.7,1
E01006322,6.05,1
E01006284,6.23,1
E01006284,6.24,1
E01006327,7.27,1
E01006327,7.18,1
E01006327,7.79,1
E01006325,8.54,1
E01006325,8.57,1
E01006325,9.68,1
E01006340,-2.94,1
E01004823,-0.95,1
E01004772,4.7,1
E01033220,-0.92,1
E01004773,1.5,1
E01004822,-0.01,1
E01004772,1.15,1
E01004774,3.23,1
E01004766,1.25,1
E01004808,1.63,1
E01033217,-0.51,1
E01033217,-0.61,1
E01004774,4.79,1
E01004774,1.49,1
E01004774,4.43,1
E01004774,0.79,1
E01004772,4.19,1
E01004768,0.73,1
E01004768,5.08,1
E01004768,4.48,1
E01004768,1.36,1
E01004768,0.54,1
E01004768,4.14,1
E01004768,4.75,1
E01004768,1.35,1
E01004768,4.15,1
E01004768,1.05,1
E01004848,-1.05,1
E01004808,4.34,1
E01004766,3.57,1
E01004766,3.45,1
E01004824,0.79,1
E01004824,3.73,1
E01004824,0.22,1
E01004824,0.58,1
E01004822,-0.39,1
E01004822,1.26,1
E01033220,-0.55,1
E01033220,2.21,1
E01033220,1.65,1
E01005741,-1.69,1
E01005740,-2.16,1
E01005740,-1.02,1
E01005741,-1.94,1
E01005741,-1.26,1
E01005741,-1.57,1
E01005742,-2.33,1
E01005742,-2.24,1
E01005697,-1.78,1
E01005697,-1.16,1
E01004908,0.91,1
E01004908,1.35,1
E01004904,1.71,1
E01005677,-0.51,1
E01005700,-2.1,1
E01005670,-1.82,1
E01005677,-1.35,1
E01005692,-0.69,1
E01005676,1.03,1
E01005676,1.55,1
E01005672,-1.11,1
E01005686,-1.69,1
E01005700,-2.08,1
E01005697,-2,1
E01005700,-1.56,1
E01005690,-1.24,1
E01005697,-1.41,1
E01004930,3.37,1
E01004814,4.02,1
E01004857,4.53,1
E01004907,9.05,1
E01004909,8.42,1
E01004904,6.9,1
E01004904,6.46,1
E01004796,2.85,1
E01004926,3.31,1
E01004929,3.8,1
E01004929,4.19,1
E01004905,6.15,1
E01004906,5.33,1
E01004906,4.43,1
E01004906,5.02,1
E01004855,5.19,1
E01004911,2.9,1
E01004931,2.52,1
E01004930,2.62,1
E01004930,3.16,1
E01004907,6.84,1
E01004909,7.07,1
E01004910,7.55,1
E01004910,7.1,1
E01004910,7.48,1
E01004910,6.77,1
E01004814,3.31,1
E01004917,2.22,1
E01004917,1.82,1
E01004917,1.58,1
E01004801,2.28,1
E01004801,1.29,1
E01004801,1.61,1
E01004814,2.39,1
E01004917,3.41,1
E01004917,2.36,1
E01004917,1.67,1
E01006350,14.16,1
E01006354,19.66,1
E01006392,-0.41,1
E01006359,16.87,1
E01006357,16.93,1
E01006357,15.97,1
E01006357,15.04,1
E01006361,9.21,1
E01006361,23.59,1
E01006350,10.33,1
E01006361,23.48,1
E01006350,10.44,1
E01006350,21.46,1
E01006361,12.41,1
E01006361,22.41,1
E01006351,20.56,1
E01006391,-3.2,1
E01006351,19.62,1
E01006388,-3.16,1
E01006391,-2.41,1
E01006390,-3.34,1
E01006387,-1.96,1
E01006357,16.89,1
E01006359,18.77,1
E01006359,18.73,1
E01006254,9.3,1
E01006253,8.16,1
E01006354,19.69,1
E01006357,15.01,1
E01006375,5.06,1
E01006375,4.38,1
E01006370,1.12,1
E01006373,5.59,1
E01006255,6.6,1
E01006255,6.76,1
E01006260,8.66,1
E01006260,9.06,1
E01006235,-5.88,1
E01006236,-4.79,1
E01006236,-4.34,1
E01006388,-3.55,1
E01006256,10.03,1
E01006350,13.27,1
E01006256,25.03,1
E01006388,-10.82,1
E01006388,-10.88,1
E01006388,-12.06,1
E01006388,-12.15,1
E01006388,-13.09,1
E01006388,-14.27,1
E01006388,-14.41,1
E01004886,-0.62,1
E01004844,6.23,1
E01004844,5.27,1
E01004844,5.41,1
E01004844,5.15,1
E01004775,4.5,1
E01004775,5.19,1
E01004885,4.99,1
E01004886,1.12,1
E01004886,2.59,1
E01004781,3.5,1
E01004798,3.11,1
E01004796,2.19,1
E01004796,14.27,1
E01004796,2.88,1
E01004798,4.14,1
E01004799,3.37,1
E01004800,2.09,1
E01004798,2.94,2
E01004798,3.61,1
E01033667,3.08,6
E01033684,6,9
E01034135,5.47,9
E01034135,2.75,9
E01034130,3.69,10
E01033688,3.85,9
E01034130,3.45,7
E01005107,5.6,10
E01005107,3.97,9
E01034130,3.39,6
E01034130,5.1,3
E01033661,2.43,8
E01033661,5.14,12
E01033688,3.28,9
E01033688,6.71,8
E01033688,3.74,9
E01033688,5.77,8
E01033688,4.21,9
E01033669,4.55,9
E01033669,5.7,11
E01033669,5.18,10
E01033669,4.14,9
E01005107,4.21,9
E01005107,6.15,10
E01033669,4.48,9
E01005094,3.45,8
E01005094,6.31,10
E01005094,3.98,8
E01005094,7.25,10
E01005094,4.26,9
E01005094,6.92,10
E01005092,4.39,9
E01005092,6.91,9
E01033669,6.59,9
E01033661,3.88,9
E01005944,6.74,10
E01005944,0.41,2
E01005944,4.58,10
E01005955,7.15,10
E01006007,5.82,11
E01005947,0.73,3
E01005947,5.99,10
E01005941,0.21,3
E01005941,5.7,10
E01005941,8.1,10
E01006007,6.32,10
E01005958,6.59,12
E01005958,8.87,8
E01005944,8.93,10
E01005944,-0.31,2
E01005944,5.08,10
E01005998,3.35,8
E01005948,-0.53,3
E01005948,5.1,10
E01005948,-0.96,3
E01005948,6.63,11
E01005939,8.77,10
E01005938,0.74,3
E01005938,6.74,11
E01005939,8.98,10
E01005938,1.27,3
E01005938,6.83,11
E01005938,0.2,2
E01005938,7.26,11
E01005940,8.43,10
E01005938,0.61,2
E01005938,7.23,11
E01005940,8.13,10
E01005938,0.02,2
E01005938,6.58,12
E01005934,7.42,10
E01005958,0.32,2
E01005958,6.93,13
E01005955,7.51,10
E01005938,0.66,3
E01005938,6.42,11
E01005938,9.35,10
E01005935,0.25,3
E01005935,6.2,11
E01005935,9.49,10
E01005945,0.05,3
E01005945,6.43,12
E01005945,8.78,10
E01005947,-0.59,3
E01005947,6.15,12
E01005947,8.85,10
E01005947,-1.25,3
E01005947,5.82,12
E01005944,12.01,10
E01005944,-1.09,3
E01005944,6.62,12
E01005958,-0.89,2
E01005958,7.55,12
E01005955,8.12,8
E01005958,0.7,2
E01005958,7.25,12
E01005934,8.26,9
E01005958,0.59,2
E01005958,6.96,13
E01005948,7.52,9
E01005949,-1.03,3
E01005949,4.46,10
E01005948,4.93,5
E01005998,3.02,8
E01005956,4.23,11
E01005956,8.57,8
E01005956,3.69,11
E01005956,8.83,8
E01005956,4.33,10
E01005956,8.18,8
E01005956,4.62,10
E01005956,7.81,8
E01005995,5.36,10
E01005995,7.48,8
E01005995,5.22,10
E01005995,7.16,8
E01005995,5.75,10
E01005995,7,8
E01005993,6.22,10
E01005993,6.36,8
E01005993,6,10
E01005993,6.21,8
E01005993,6.45,10
E01005997,6.56,8
E01005997,6.48,10
E01005997,3.86,9
E01005997,3.98,9
E01005997,6.46,8
E01006007,4.75,8
E01006007,4.97,8
E01006005,6.06,10
E01006005,5.2,8
E01006005,6.16,10
E01006007,5.16,8
E01006007,6.52,10
E01006004,6.03,8
E01006004,5.95,10
E01005997,6.36,8
E01006004,6.21,11
E01006002,3.93,8
E01006002,6.16,11
E01006002,3.54,8
E01006003,3.27,8
E01006007,6.7,11
E01005998,6.92,10
E01005938,8.98,10
E01005208,2.09,7
E01005066,2.06,7
E01033653,8.53,1
E01033653,0.63,1
E01033653,3.79,3
E01033662,1.94,6
E01033653,1.36,6
E01005208,1.07,8
E01033662,1.18,7
E01005210,0.66,8
E01005210,0.93,3
E01005210,0.99,4
E01005210,0.79,8
E01034117,1.29,8
E01034117,1.36,6
E01034117,0.99,6
E01034117,1.05,8
E01005082,3.67,7
E01005082,4.17,8
E01005181,1.11,8
E01005208,1.42,8
E01033653,3.54,3
E01033662,1.01,4
E01033656,1.78,3
E01005066,1.06,2
E01005208,2.1,7
E01005208,0.92,8
E01005208,2.06,7
E01005208,1.35,8
E01005181,2.11,7
E01005300,1.56,8
E01005210,0.58,3
E01005210,0.72,8
E01034123,0.6,8
E01005243,2.1,6
E01005243,0.53,8
E01005243,2.12,6
E01034123,1.43,6
E01034123,1.52,8
E01034123,1.77,6
E01005179,1.32,8
E01005181,1.85,6
E01005181,1.6,6
E01005179,1.56,8
E01005181,1.57,8
E01005150,2.62,8
E01005150,1.34,8
E01005301,2.65,8
E01005301,0.92,8
E01005301,2.82,8
E01005301,1.32,8
E01005301,1.67,7
E01005301,1.7,8
E01005301,2.04,7
E01005150,1.89,8
E01005154,2.04,8
E01005150,1.72,8
E01005150,0.42,8
E01005150,1.31,8
E01005150,2.02,8
E01005150,2.57,8
E01005082,1.22,7
E01005082,2.04,8
E01005082,2.31,8
E01005158,2.98,7
E01005081,2.38,7
E01005081,1.35,7
E01005081,2.16,6
E01005081,1.82,6
E01005081,-0.88,1
E01005081,0.34,2
E01004800,-6.79,1
E01005005,-6.2,1
E01005000,-6.21,1
E01005000,-5.69,1
E01005000,-4.18,1
E01004798,-3.89,1
E01004814,-7.21,1
E01004911,-4.86,1
E01004796,-3.9,1
E01004796,-4.24,1
E01004911,-4.69,1
E01004912,-5.14,1
E01004911,-4.92,1
E01004918,-4.43,1
E01004860,-7.58,1
E01004859,-8.17,1
E01004814,-6.93,1
E01004798,-3.49,1
E01004799,-4.55,1
E01004800,-6.68,1
E01004800,-6.18,1
E01004800,-6.22,1
E01004800,-6.44,1
E01004798,-3.51,1
E01004798,-3.76,1
E01004814,-7.28,1
E01004855,-6.67,1
E01004912,-6.15,1
E01006345,-14.72,1
E01006298,-15.94,1
E01006300,-16.58,1
E01006299,-16.7,1
E01006347,-13.89,1
E01006347,-13.73,1
E01006341,-14.94,1
E01006302,-14.97,1
E01006302,-15.21,1
E01006302,-15.43,1
E01006303,-16.02,1
E01006299,-16.28,1
E01006348,-13.86,1
E01006348,-15.84,1
E01006345,-14.62,1
E01006345,-14.01,1
E01006340,-14.15,1
E01006340,-14.29,1
E01006340,-13.64,1
E01004835,7.37,1
E01004836,6.17,1
E01004835,7.2,1
E01004835,7.46,1
E01004835,1.53,1
E01004835,6.29,1
E01004837,5.57,1
E01004837,6.12,1
E01004837,6.67,1
E01004836,6.6,1
E01004849,-1.33,1
E01004850,-1.05,1
E01004850,-0.16,1
E01004838,1.53,1
E01004827,3.16,1
E01004834,3.91,1
E01004838,5.39,1
E01004897,7.23,1
E01004836,6.58,1
E01004935,28.43,1
E01004937,16.14,1
E01004937,17.48,1
E01004937,9.84,1
E01004937,13.45,1
E01004937,14.74,1
E01004894,35.32,1
E01004895,31.42,1
E01004894,32.46,1
E01004895,33.72,1
E01004935,28.33,1
E01004935,27.13,1
E01004935,26.12,1
E01004933,24.83,1
E01004934,22.98,1
E01004934,19.21,1
E01006271,0.27,1
E01006273,4.97,1
E01006273,6.26,1
E01004870,-1.07,1
E01004845,1.22,1
E01004842,0.88,1
E01004842,1.08,1
E01004920,1.12,1
E01004842,1.21,1
E01004920,1.23,1
E01004920,1.76,1
E01004870,0.27,1
E01004870,1.16,1
E01004868,0.99,1
E01004845,1.15,1
E01004844,1.24,1
E01004844,1.59,1
E01004844,2.09,1
E01004844,1.8,1
E01004844,1.51,1
E01004775,2.14,1
E01004775,1.56,1
E01004885,2.72,1
E01004843,1.54,1
E01004842,1.56,1
E01004886,0.87,1
E01004781,1.34,1
E01006332,1.9,2
E01006333,1.5,2
E01033658,0.93,8
E01033658,2.75,11
E01033990,3.07,11
E01005631,-0.37,12
E01005628,1.74,12
E01033989,0.73,8
E01033989,3,11
E01005736,1.94,12
E01005736,1.66,12
E01005736,1.81,9
E01005736,1.82,9
E01005682,0.46,12
E01005631,2.17,8
E01033991,1.68,9
E01033991,1.64,12
E01005736,1.7,12
E01005736,2.04,9
E01005736,1.84,12
E01005734,2.07,9
E01005734,2.33,9
E01005734,1.64,12
E01005734,1.69,12
E01005734,2.23,9
E01005734,1.77,12
E01005734,1.92,9
E01005737,2,12
E01005734,1.78,9
E01005737,1.49,9
E01005737,1.68,9
E01005737,2.26,12
E01005738,1.96,12
E01005738,1.42,9
E01005738,2.11,12
E01005737,1.07,9
E01005637,3.22,9
E01005637,1.02,12
E01005738,0.61,9
E01005738,1.4,12
E01005738,2.37,9
E01005738,1.74,12
E01005733,1.66,13
E01005733,2.26,9
E01005733,1.82,13
E01005726,1.84,9
E01005726,1.64,9
E01005726,1.61,13
E01005727,1.78,9
E01005727,1.29,13
E01005727,1.91,9
E01005727,1.49,13
E01005727,2.42,9
E01005637,3.34,9
E01005634,1.21,12
E01005634,4.02,10
E01005632,1,12
E01005636,3.94,10
E01005636,0.02,12
E01005631,3.9,9
E01005631,-0.28,12
E01005635,2.28,9
E01005635,0.18,12
E01005719,2.78,9
E01005719,-0.21,12
E01005724,-0.15,12
E01005724,3.59,9
E01005630,-0.13,12
E01005630,3.97,9
E01005722,0.42,12
E01005629,3.83,9
E01005722,3.54,10
E01005722,0.85,12
E01005628,3.15,10
E01005628,2.12,12
E01005681,2.74,9
E01033991,2.78,11
E01032906,0.48,8
E01033991,0.86,8
E01033991,2.12,12
E01033991,1.08,9
E01033991,2.45,12
E01005610,0.68,12
E01005610,1.94,9
E01005681,2.47,9
E01005657,3.46,9
E01005657,1.09,12
E01005680,1.39,12
E01005680,2.7,9
E01033653,3.36,4
E01033677,1.41,8
E01033658,0.92,9
E01033658,1.08,8
E01033658,2.88,10
E01033677,2.84,9
E01006222,3.28,2
E01006221,3.84,2
E01006221,3.7,2
E01006221,2.84,2
E01006223,3.69,2
E01006345,2.76,2
E01006348,2.41,2
E01006251,2.45,9
E01006385,2.21,12
E01006251,3.15,8
E01006246,3.5,8
E01006246,1.18,13
E01006249,4.1,8
E01006249,0.45,13
E01006302,1.07,2
E01006380,1.66,9
E01006333,0.01,2
E01006380,1.86,9
E01006380,2.06,12
E01006380,2.05,9
E01006380,1.67,12
E01006250,1.77,9
E01006385,1.92,12
E01006385,2.08,9
E01006385,1.75,12
E01006385,1.91,12
E01006385,2.12,9
E01006385,2.16,9
E01006376,2.12,9
E01006376,2.53,13
E01006251,2.24,13
E01006251,1.58,13
E01006251,2.26,8
E01006246,1.67,13
E01006246,0.86,13
E01006246,3.87,8
E01006328,0.24,2
E01006298,2.12,2
E01006332,3.54,9
E01006332,3.33,9
E01006332,3.5,8
E01006300,1.92,2
E01006299,2.34,2
E01006347,2.38,2
E01006341,1.78,2
E01006341,1.96,2
E01006302,1.85,2
E01006302,1.4,2
E01006302,1.81,2
E01006303,2.13,2
E01006303,1.76,2
E01006299,2.58,2
E01006249,0.56,13
E01006249,4.16,8
E01006249,0.28,13
E01006249,4.36,8
E01006246,4.5,8
E01006246,0.54,13
E01006252,0.69,13
E01006252,4.01,8
E01006246,1.03,11
E01006246,4.19,9
E01006335,4.04,9
E01006335,0.86,10
E01006348,2.62,2
E01006348,2.98,2
E01006345,2.48,2
E01006345,2.04,2
E01006342,2.5,2
E01006342,2.23,2
E01006342,2.1,2
E01006340,2.64,2
E01006340,2.41,2
E01006347,1.87,2
E01006224,2.91,2
E01006220,3.22,2
E01006220,3.72,2
E01006220,3.38,2
E01006220,4,2
E01006227,3.6,2
E01006227,3.96,2
E01006346,3.93,2
E01006228,2.94,2
E01006223,3.34,2
E01006268,3.66,2
E01006223,3.96,2
E01006223,4.53,2
E01033658,1.58,11
E01033658,1.95,4
E01033658,2.52,14
E01005610,2.37,6
E01005610,1.8,19
E01005722,2.62,18
E01005731,0.88,3
E01005731,0.99,13
E01005611,3.1,6
E01005611,3.57,19
E01005683,3.55,6
E01005683,3.83,19
E01005732,0.37,13
E01005732,1.86,10
E01032909,2.34,23
E01032909,1.92,4
E01032909,1.67,15
E01033988,3.02,25
E01033987,1.88,6
E01033987,3.4,17
E01033983,3.68,6
E01033983,1.54,17
E01005631,4.81,27
E01005610,2.78,6
E01005610,2.9,19
E01005731,0.84,24
E01005732,0.71,23
E01005732,0.69,21
E01005682,3.04,6
E01005682,1.8,18
E01033984,1.56,24
E01033989,2.02,6
E01033989,2.78,18
E01033989,3.22,25
E01005729,1.38,29
E01005731,1.05,1
E01005731,0.6,13
E01005731,0.24,1
E01005730,3.19,6
E01005730,1.15,14
E01005730,1.23,27
E01005730,3.69,6
E01005730,1.57,14
E01005730,1.4,28
E01005730,3.69,6
E01005730,1.15,14
E01005729,1.27,28
E01005729,1.72,28
E01005603,3.55,6
E01005603,1.1,14
E01005601,1.77,28
E01005601,3.83,6
E01005601,0.94,14
E01005599,3.59,6
E01005599,1.36,15
E01005599,1.77,29
E01005599,3.03,6
E01005599,0.99,15
E01005599,2.1,28
E01005632,3.55,6
E01005632,1.5,16
E01005632,2.25,28
E01005631,4.57,6
E01005631,3.37,16
E01005599,2.7,28
E01005599,5.04,6
E01005599,1.71,16
E01005599,3.04,19
E01005599,5.09,6
E01005599,2.21,16
E01005635,3.25,25
E01005635,4.6,6
E01005635,1.95,16
E01005635,2.81,27
E01005719,4.41,6
E01005719,1.39,16
E01005719,2,26
E01005724,2.03,25
E01005724,5.34,6
E01005724,3.14,16
E01005680,1.7,25
E01005680,4.65,6
E01005680,2.1,17
E01005723,4.09,6
E01005723,1.27,17
E01005723,3.01,18
E01033982,2.39,18
E01033982,4.29,6
E01033982,1.71,17
E01005722,4.75,6
E01005722,2.12,17
E01005722,2.85,18
E01005722,5.04,6
E01005722,1.78,16
E01005722,2.59,18
E01005724,5.56,6
E01005724,2.41,16
E01005724,2.69,19
E01005724,5.32,6
E01005724,2.43,16
E01005724,2.77,19
E01005657,3.14,6
E01005657,0.33,17
E01005657,2.99,22
E01005680,2.97,21
E01005680,3.38,6
E01005680,0.83,17
E01033330,2.04,6
E01033330,1.76,19
E01005610,3.22,24
E01005610,2.14,23
E01005610,3.4,6
E01005610,3.38,19
E01005610,2.39,25
E01005611,2.98,6
E01005611,2.98,19
E01005611,2.99,25
E01033980,2.72,25
E01033980,2.89,6
E01033980,3.18,19
E01033981,3,26
E01005683,2.61,6
E01005683,3.59,19
E01005683,2.27,26
E01005681,1.93,26
E01005681,3.87,6
E01005681,4.2,18
E01005681,2.84,6
E01005681,2.53,18
E01005681,2.24,26
E01005631,2.28,6
E01005631,0.53,16
E01033658,1.58,20
E01033664,-0.54,1
E01006316,11.19,1
E01006319,9.96,1
E01006316,10.12,1
E01006319,11.1,1
E01006229,11.66,1
E01006362,11.79,1
E01006396,11.34,1
E01006362,11.32,1
E01006362,11.95,1
E01006313,10.57,1
E01006314,10.24,1
E01006314,11.08,1
E01006237,13.5,1
E01006237,10.53,1
E01006237,12.18,1
E01006237,13.11,1
E01006316,12.23,1
E01006316,11.92,1
E01006316,12.03,1
E01006320,11.46,1
E01006318,11.95,1
E01006318,11.86,1
E01006312,10.72,1
E01006238,1.68,1
E01006238,1.08,1
E01006319,2.18,1
E01006317,2.09,1
E01006315,1.57,1
E01006317,2.08,1
E01006315,2.57,1
E01006315,2.99,1
E01006315,3.61,1
E01006229,1.04,1
E01006315,3.17,1
E01006238,-0.25,1
E01006230,-2.4,1
E01005027,29.87,1
E01005014,1.43,15
E01005014,-0.26,15
E01005046,0.97,13
E01005014,-0.02,15
E01005021,1.28,16
E01005019,1.09,15
E01005019,0.7,15
E01005019,0.78,15
E01005018,0.36,15
E01005018,0.12,14
E01005016,-0.19,13
E01005014,-1.15,15
E01005017,2.84,15
E01005014,2.57,15
E01005014,2.69,15
E01005014,2.02,15
E01005014,2.27,14
E01005015,2.67,15
E01005015,2.78,15
E01005015,2.6,15
E01005017,2.02,15
E01005022,1.71,15
E01005022,1.81,15
E01004981,1.61,15
E01004981,1.08,16
E01005024,1.18,14
E01005027,1.84,15
E01005024,0.84,14
E01005024,0.88,15
E01005024,1.11,13
E01004981,1.73,16
E01004981,1.37,16
E01004976,1.07,16
E01004977,1.01,16
E01004978,0.93,16
E01004978,0.64,15
E01004980,0.49,15
E01004979,0.93,15
E01005046,0.87,13
E01005046,0.58,13
E01005046,0.87,14
E01005046,0.78,14
E01005046,0.61,14
E01005046,0.87,15
E01005046,0.66,15
E01004965,2.04,13
E01004966,2.47,13
E01004966,2.55,13
E01004967,2.55,13
E01004961,2.63,13
E01004964,2.83,14
E01004964,3.27,15
E01004964,3.38,15
E01004962,3.07,15
E01004981,1.43,15
E01006328,0.15,1
E01004831,3.22,29
E01004831,-0.04,31
E01004831,3.32,29
E01004831,0.22,31
E01004831,2.95,29
E01004831,0.4,31
E01004831,2.77,29
E01004900,0.64,30
E01004848,2.45,23
E01004848,1.42,30
E01006290,2.27,27
E01004896,0.26,29
E01004896,2.68,27
E01004896,2.19,29
E01004896,0.58,29
E01004848,0.67,31
E01004848,2.71,27
E01004892,0.3,29
E01004830,0.36,31
E01004830,3.45,29
E01004829,0.03,31
E01004829,3.03,29
E01004829,0.27,32
E01004829,3.04,28
E01004829,0.44,32
E01004854,0.32,32
E01004854,2.8,28
E01004851,0.29,31
E01004851,2.68,28
E01004892,0.77,29
E01004892,0.96,29
E01004892,2.04,29
E01004896,1.05,29
E01004896,1.56,29
E01004892,1.22,29
E01004892,1.43,29
E01004892,1.11,29
E01004892,1.08,29
E01004892,0.85,29
E01004892,1.79,30
E01004892,1.67,29
E01004892,1.19,30
E01004899,2.23,29
E01004899,0.55,30
E01004900,2.54,29
E01006242,3.27,31
E01006242,3.92,31
E01006290,2.92,27
E01006290,0.59,29
E01006290,0.62,29
E01006290,3.33,28
E01006289,0.65,29
E01006289,2.88,29
E01006291,0.86,30
E01006291,2.69,29
E01006291,0.81,30
E01006291,1.13,30
E01006291,1.94,29
E01006244,2.78,31
E01006244,3.21,31
E01006244,1.1,28
E01006239,2.22,27
E01006244,1.07,28
E01006242,1.34,30
E01006242,1.7,30
E01006245,1.52,30
E01006245,3.26,31
E01006245,1.66,29
E01006245,3.16,31
E01006245,3.19,30
E01006245,1.87,29
E01006337,2.11,29
E01006337,2.69,30
E01006337,2.17,28
E01006337,2.61,29
E01006337,2.75,29
E01006338,2.16,28
E01006338,2.97,29
E01006334,1.81,27
E01006338,2.58,29
E01006334,2.38,29
E01006334,1.5,26
E01006334,2.15,26
E01006328,2.22,28
E01006328,2.43,22
E01006333,2.1,22
E01004831,2.33,5
E01004831,1.21,4
E01004831,2.47,1
E01004831,2.46,5
E01004831,1.52,4
E01004831,3.19,1
E01004831,1.83,6
E01004831,1.27,4
E01004831,2.64,1
E01004831,2.08,6
E01004900,1.42,4
E01004900,2.8,1
E01004848,2.51,5
E01004848,-2.51,4
E01004848,-1.96,1
E01004893,1.56,4
E01004893,-1.59,1
E01004893,2.43,6
E01004834,0.93,4
E01004834,2.1,1
E01004838,1.42,5
E01004839,1.37,4
E01004839,2.82,1
E01004838,0,5
E01004848,-2.06,4
E01004848,-0.89,1
E01004848,2.78,5
E01004839,1.19,4
E01004839,2.45,1
E01004830,1.91,5
E01004829,-0.49,4
E01004829,-0.21,1
E01004828,1.12,5
E01004828,0.41,4
E01004828,1.1,1
E01004827,0.63,5
E01004834,0.55,5
E01004827,0.52,4
E01004827,1.65,1
E01004834,0.86,4
E01004834,2.01,1
E01004834,0.67,5
E01004829,1.63,5
E01004829,-0.95,4
E01004829,0,1
E01004854,-1.18,4
E01004854,-0.36,1
E01004854,2.06,5
E01004851,-1.51,4
E01004851,-0.64,1
E01004851,2.34,5
E01004937,2.81,6
E01004937,3.39,6
E01004937,-2.52,5
E01004937,-4.46,1
E01004937,3.58,6
E01004937,3.77,6
E01004939,-2.38,5
E01004939,-4.88,1
E01004939,3.95,6
E01004939,-2.94,5
E01004939,-6.45,1
E01004939,4.08,6
E01004939,-2.45,5
E01004939,-6.94,1
E01004939,3.56,5
E01004939,-2.35,5
E01004939,-7.25,1
E01004938,3.48,5
E01004936,-1.25,5
E01004936,-5.83,1
E01004937,1.79,6
E01004937,-0.04,5
E01004937,-1.8,1
E01004937,-0.51,5
E01004937,-2.17,1
E01004937,2.32,6
E01004937,2.49,6
E01004937,-1.03,5
E01004937,-3.61,1
E01004937,-1.8,5
E01004937,-3.38,1
E01004892,1.03,6
E01004892,1.14,4
E01004892,1.71,1
E01004892,1.15,6
E01004892,1.73,4
E01004892,2.51,1
E01004892,1.38,4
E01004892,2.23,1
E01004892,1.44,6
E01004892,1.47,6
E01004892,1.53,4
E01004892,2.93,1
E01004892,1.62,4
E01004892,2.59,1
E01004892,1.03,6
E01004891,0.84,6
E01004891,1.58,4
E01004891,3.08,1
E01004891,1.67,4
E01004891,1.79,1
E01004891,2.34,6
E01004893,2.31,6
E01004893,1.42,4
E01004893,-0.14,1
E01004893,1.21,4
E01004893,-3.3,1
E01004893,2.12,6
E01004894,2.35,6
E01004894,1.1,4
E01004894,-4.63,1
E01004892,1.81,4
E01004892,2.76,1
E01004892,1.43,6
E01004892,1.69,4
E01004892,2.47,1
E01004892,1.81,6
E01004892,1.53,4
E01004892,2.91,1
E01004899,1.9,6
E01004899,1,4
E01004899,2.5,1
E01004900,2.24,6
E01006220,1.09,5
E01006220,2.1,5
E01006220,1.1,5
E01006220,1.65,5
E01006220,1.69,5
E01006220,1.61,5
E01006220,2.11,5
E01006220,1.45,5
E01006215,2.97,5
E01006215,0.84,5
E01006215,3.36,5
E01006215,0.59,5
E01006215,0.76,5
E01006215,3.92,5
E01006215,4.36,5
E01006215,0.5,5
E01006215,0.39,5
E01006215,4.99,5
E01006214,5.7,5
E01006214,0.13,5
E01006219,6.49,5
E01006218,5.38,5
E01006213,1.48,5
E01006213,-0.93,1
E01006213,5.23,5
E01006213,5.63,5
E01006213,1.11,5
E01006213,-2.44,1
E01006213,6.19,5
E01006213,0.72,5
E01006213,-3.15,1
E01006269,7.02,5
E01006269,0.13,5
E01006269,-5.31,1
E01006269,7.15,5
E01006269,-0.19,5
E01006269,-5.88,1
E01006269,5.73,6
E01006269,-0.62,5
E01006269,-6.9,1
E01006223,-5.36,2
E01006221,0.41,5
E01006221,2.13,5
E01006221,0.4,5
E01006221,1.77,5
E01006221,0.54,5
E01006221,2.24,5
E01006214,0.78,5
E01006214,-0.55,1
E01006214,5.36,5
E01006219,0.01,5
E01006218,1.99,5
E01006218,0.21,1
E01006218,5.23,5
E01006269,-0.17,5
E01006269,-8.22,1
E01006269,5.12,6
E01006272,5.64,6
E01006269,-0.88,5
E01006269,-7.82,1
E01006271,1.04,5
E01006271,-7.36,1
E01006271,2.27,5
E01006273,0.85,5
E01006273,-1.14,1
E01006273,0.95,6
E01006273,0.31,5
E01006273,-0.51,1
E01006273,1.05,6
E01006223,0.09,2
E01005631,-0.63,7
E01005631,1.84,12
E01005631,2.37,12
E01005631,0.82,12
E01005601,1.52,12
E01005601,1.37,12
E01005599,0.99,12
E01005599,1.35,12
E01005599,0.13,12
E01005599,1.57,12
E01005632,0.09,12
E01005632,1.83,12
E01005697,2.92,9
E01005696,3.94,12
E01005696,3.7,12
E01005696,2.05,11
E01005695,3.75,12
E01005695,2.05,11
E01005634,2.41,11
E01005637,2.88,12
E01005634,3.55,11
E01005634,2.29,12
E01005632,3.04,11
E01005603,0.75,11
E01005603,1.89,11
E01005603,1.86,10
E01005602,0.09,11
E01005602,-0.15,11
E01005602,2.15,9
E01005637,1.42,12
E01005634,4.02,13
E01005634,1.73,12
E01005632,3.57,13
E01005636,1.49,12
E01005636,2.64,12
E01005631,1.5,12
E01005631,2.04,12
E01005631,0.3,8
E01005599,1.57,12
E01005599,2.3,9
E01005599,0.92,12
E01005599,2.28,11
E01005635,0.46,12
E01006121,0.68,4
E01006121,0.5,4
E01006121,2.36,9
E01006121,-0.88,10
E01004908,2.68,11
E01004848,4.55,11
E01004906,4.43,10
E01004814,1.7,10
E01004857,1.8,10
E01004907,2.68,11
E01004909,2.51,11
E01004905,4.63,10
E01004857,1.52,10
E01004908,2.63,11
E01004904,2.91,11
E01004904,2.98,11
E01004909,2.83,11
E01004909,3.18,11
E01004907,4.88,10
E01004907,5.24,10
E01004909,4.56,10
E01004905,2.7,11
E01004906,2.52,11
E01004906,1.59,11
E01004906,1.57,11
E01004855,1.53,10
E01004857,5.39,10
E01004848,3.58,11
E01004908,6.74,12
E01004908,6.93,12
E01004904,6.45,12
E01004903,6.63,12
E01004903,5.73,11
E01004909,5.78,11
E01004907,2.42,11
E01004909,3.37,11
E01004905,5.04,10
E01004906,4.05,10
E01004857,4.87,10
E01004857,5.33,10
E01004814,5.56,10
E01004814,5.84,10
E01004857,1.8,10
E01004814,6.02,10
E01004856,2.24,10
E01004873,6.06,11
E01004873,5.6,11
E01004856,1.84,10
E01004873,5.45,11
E01004856,2.72,10
E01004880,5.68,11
E01004880,2.57,9
E01004816,2.7,8
E01004816,5.53,11
E01004815,4.75,11
E01004815,2.71,8
E01004880,5.39,12
E01004816,2.75,8
E01004880,4.96,12
E01004816,2.88,8
E01004848,3.55,11
E01004817,3.32,11
E01004817,2.72,5
E01004817,3.22,7
E01004811,4.02,11
E01004811,3.12,8
E01004811,4.17,11
E01005677,2.3,11
E01005677,7.16,12
E01005700,1.79,11
E01005676,6.67,12
E01005670,2.05,11
E01005677,2.15,11
E01005692,2.12,11
E01005676,2.39,11
E01005676,2.69,11
E01005700,3.48,11
E01005690,4,11
E01005697,3.82,10
E01005686,4.6,11
E01005672,2.41,11
E01005686,4.94,12
E01005686,2.52,11
E01005700,4.57,12
E01005700,4.51,12
E01005700,1.39,11
E01005697,3.27,12
E01005700,1.46,11
E01005690,2.12,12
E01005697,2.1,12
E01005670,5.57,11
E01005677,7.21,12
E01005692,7.21,12
E01005676,6.88,12
E01004908,6.43,12
E01032914,1.91,5
E01032914,3.08,5
E01032914,1.86,5
E01032914,3.39,5
E01033998,1.81,4
E01033995,2.25,3
E01033998,3.06,5
E01033995,3.13,5
E01033995,1.57,4
E01033996,1.68,1
E01005719,2.96,5
E01032914,1.6,5
E01032914,3.53,5
E01033983,2.48,5
E01033983,2.22,6
E01005723,1.77,5
E01005723,2.43,6
E01005719,2.09,6
E01033983,1.54,6
E01033983,2.79,5
E01005719,1.55,6
E01005719,2.04,6
E01005724,2.83,6
E01005724,1.73,6
E01005724,1.48,6
E01005724,2.78,6
E01005630,1.96,6
E01005630,1.28,6
E01005630,1.5,6
E01005627,2.01,6
E01005627,1.95,6
E01005627,1.15,6
E01005626,0.12,6
E01005626,0.08,6
E01005687,2.25,6
E01005686,3.93,5
E01005714,4.66,5
E01005714,0.61,7
E01005691,2.23,6
E01005691,1.49,7
E01005711,4.11,5
E01005710,1.35,6
E01005710,1.76,6
E01005710,1.76,1
E01005710,6.27,5
E01005700,2.81,6
E01005663,1.49,6
E01005718,-0.64,6
E01005711,0.65,7
E01005711,0.79,7
E01033976,1.2,7
E01005691,1.6,7
E01005687,1.6,7
E01005687,1.07,7
E01005686,1.01,7
E01005715,3.71,6
E01005715,-4.44,4
E01005718,1.88,3
E01005715,0.44,6
E01005712,0.19,7
E01005714,0.71,7
E01005711,0.54,7
E01033976,0.46,7
E01005686,-0.15,7
E01005686,-0.89,7
E01005700,3.6,6
E01005698,0.59,7
E01005698,1.93,6
E01005674,0.37,7
E01005674,1.66,6
E01005701,0.85,7
E01005694,1.29,6
E01005701,1.53,7
E01005701,0.8,6
E01005700,0.29,7
E01005700,-0.13,7
E01005700,2.04,6
E01005700,0.16,7
E01005700,3.5,6
E01005698,-0.11,7
E01005698,-0.58,7
E01005698,3.52,6
E01005698,3.62,6
E01005698,-0.61,7
E01005716,0.43,1
E01005713,1.1,1
E01005718,4.53,5
E01005710,1.22,4
E01005710,7.29,4
E01005710,5.84,5
E01005710,1.27,6
E01005718,1.28,6
E01005704,6.76,5
E01005708,6.51,5
E01005718,6.32,5
E01033976,4.58,5
E01005711,4.01,5
E01005711,3.62,5
E01033976,2.91,5
E01005691,2.56,6
E01005693,2.12,6
E01005689,2.54,6
E01005686,3.67,5
E01005718,7.4,5
E01005718,6.96,5
E01005718,6.39,5
E01005714,12.28,3
E01005715,0.85,4
E01005714,4.22,5
E01005714,0.61,7
E01005714,4.26,5
E01005714,4.26,5
E01033976,4.48,5
E01005713,6.25,4
E01005713,-3.07,1
E01005712,3.61,5
E01005715,16.17,4
E01006379,1.88,1
E01005716,1.11,1
E01005038,2.9,6
E01005033,2.78,6
E01005033,2.66,6
E01005038,3.96,5
E01005036,4.9,5
E01005039,5.13,5
E01005039,2.96,6
E01005042,4.97,5
E01005042,3.02,6
E01005039,3.11,6
E01005039,3.2,6
E01005032,4.73,5
E01005033,4.11,5
E01005045,2.39,6
E01005033,5.19,5
E01005045,5.13,5
E01005045,4.48,4
E01005045,4.9,5
E01005045,3.09,6
E01005045,3.49,6
E01005039,3.38,6
E01005039,5.13,5
E01005045,5.24,5
E01005045,2.02,6
E01005045,4.74,5
E01005036,5.36,5
E01005036,5.21,5
E01005039,5.1,5
E01005602,2.77,6
E01005728,1.32,7
E01005728,2.26,5
E01033979,2.65,6
E01005032,2.69,6
E01005032,3.88,5
E01005738,-1.03,6
E01005738,2,5
E01005741,2.36,5
E01005741,0.4,6
E01005741,2.71,5
E01005741,-0.04,6
E01005741,-0.59,6
E01005741,2.75,5
E01005741,-0.94,6
E01005741,3.36,5
E01005742,-0.92,6
E01005742,3.78,5
E01005602,1.47,6
E01005604,1.1,6
E01005604,1.99,6
E01005604,1.26,6
E01005604,1.54,6
E01005604,0.63,6
E01005604,1.55,6
E01005730,1.26,6
E01005729,1.58,6
E01005738,1.38,5
E01005738,-0.23,6
E01005738,2.1,6
E01005738,-0.35,6
E01005733,0.37,6
E01005733,1.85,6
E01005733,0.7,6
E01005726,1.78,6
E01005726,2.41,6
E01005729,1.01,6
E01005730,1.2,6
E01005726,1.99,5
E01005726,2.41,5
E01005726,0.77,6
E01005631,-1.65,2
E01005599,1.48,3
E01005599,1.73,6
E01005599,1.62,6
E01005600,2.13,6
E01005600,1.92,6
E01005601,2.3,6
E01005601,1.28,6
E01005742,-1.05,6
E01005742,3.61,5
E01005697,3.87,5
E01005697,-1.06,6
E01033979,3.94,5
E01005673,2.62,5
E01033978,3.49,5
E01033978,1.47,6
E01005729,0.78,6
E01005729,0.97,6
E01005729,1.18,7
E01005729,0.59,6
E01005687,-0.35,6
E01005700,1.86,5
E01005692,2,5
E01005692,1.57,6
E01005688,2.78,5
E01005688,3.02,6
E01005691,0.15,6
E01005691,2.92,6
E01005687,2.84,6
E01005687,2.41,6
E01005686,2.18,6
E01005693,-0.59,6
E01005687,-0.75,6
E01005687,-0.1,6
E01005692,3.46,5
E01005692,3.75,6
E01005673,3.34,5
E01005673,1.56,6
E01005673,2.16,6
E01005671,3.26,5
E01005671,2.57,6
E01005671,2.81,5
E01005671,2.33,6
E01005671,2.63,5
E01005670,1.79,5
E01005670,2.83,6
E01005692,2.05,5
E01005692,3.11,6
E01005672,2.59,6
E01005672,2.54,5
E01005686,3.27,6
E01005672,2.46,4
E01005686,3.21,6
E01005686,2.46,4
E01005700,2.74,6
E01005700,1.04,6
E01005700,1.99,6
E01005689,-0.41,6
E01005686,-0.28,6
E01005687,2.63,5
E01005687,2.81,5
E01005688,1.97,5
E01005688,2.18,6
E01005692,1.4,5
E01005692,1.2,6
E01005692,4.95,5
E01005692,6.24,6
E01005670,4.31,4
E01005691,-1.36,6
E01005691,2.49,5
E01005693,-0.27,6
E01005693,2.61,5
E01005631,-1.4,6
E01005741,4.11,12
E01005631,0.89,12
E01005631,107.06,14
E01005737,3.18,12
E01005719,106.58,14
E01005631,106.93,14
E01005601,106.94,14
E01005601,0.59,12
E01005599,0.12,12
E01005599,107.02,14
E01005599,-0.56,12
E01005599,106.98,14
E01005632,-0.81,12
E01005632,107.27,14
E01005740,3.23,12
E01005737,114.05,13
E01005737,3.74,12
E01005737,113.92,13
E01005737,3.77,12
E01005740,113.98,13
E01005740,4.1,12
E01005740,3.85,12
E01005740,113.35,13
E01005740,113,13
E01005740,3.96,12
E01005741,3.83,12
E01005741,112.48,13
E01005738,3.5,12
E01005738,111.75,13
E01005741,111.68,13
E01005741,4.26,12
E01005741,111.88,13
E01005741,3.87,12
E01005637,106.8,14
E01005637,3.06,13
E01005603,115.32,13
E01005603,1.41,12
E01005603,1.65,11
E01005602,114.77,13
E01005602,114.93,13
E01005602,2.49,11
E01005738,112.13,13
E01005738,3.74,13
E01005738,113.52,13
E01005738,3.33,13
E01005733,3.55,13
E01005733,113.27,13
E01005733,3.18,13
E01005726,105.28,14
E01005726,105.45,14
E01005726,3.57,13
E01005727,106.02,14
E01005727,3.52,13
E01005727,105.98,14
E01005727,3.74,13
E01005727,105.92,14
E01005637,107.96,14
E01005634,3.75,13
E01005634,107.68,14
E01005632,3.48,13
E01005636,107.79,14
E01005636,2.33,13
E01005631,106.95,14
E01005631,1.12,12
E01005631,0.14,8
E01005599,107.34,14
E01005719,0.69,10
E01005719,106.57,14
E01005719,106.41,14
E01005719,0.67,11
E01005719,0.6,12
E01005740,113.5,13
E01005635,106.27,14
E01005635,1.06,12
E01005719,106.47,14
E01005719,0.73,12
E01005719,0.68,12
E01005719,106.69,14
E01006121,1.08,2
E01006121,1.14,5
E01006121,2.93,11
E01006121,114.56,13
E01004900,1.59,15
E01004838,124.97,12
E01004900,124.4,12
E01004849,1.23,15
E01004833,119.47,12
E01004833,2.16,7
E01004833,125.54,12
E01004833,0.95,13
E01004833,123.34,12
E01004833,1.23,10
E01004849,124.54,12
E01004849,125.2,12
E01004849,1.57,15
E01004850,126.08,12
E01004850,0.98,15
E01004850,1.66,15
E01004850,125.75,12
E01004838,1.3,15
E01004827,125.49,12
E01004827,1.63,15
E01004834,125.29,12
E01004834,1.86,15
E01004834,124.52,12
E01004838,2.07,15
E01004838,123.69,12
E01004838,1.06,15
E01004900,2.22,14
E01004900,1.47,15
E01004839,124.95,12
E01004838,1.29,15
E01004838,124.79,12
E01004892,123.15,12
E01004833,123.78,12
E01004833,2.76,11
E01004833,123.43,12
E01004833,2.38,9
E01004833,123.75,12
E01004833,1.36,8
E01004833,124.2,12
E01004892,2.43,13
E01004892,123.89,12
E01004892,2.86,13
E01004892,124.61,12
E01004892,2.53,13
E01004899,124.79,12
E01004899,2.04,13
E01004900,124.85,12
E01004833,1.22,14
E01004833,121.6,12
E01005659,121.86,12
E01004833,1.83,14
E01005664,112.49,13
E01005664,112.53,13
E01005660,2.76,14
E01005663,2.31,13
E01005718,1.17,13
E01005737,2.22,13
E01005737,1.47,14
E01005715,0.72,14
E01005715,-0.45,14
E01005718,-0.46,14
E01005718,2.07,14
E01005718,2.23,14
E01005663,112.76,13
E01005663,1.95,14
E01005660,113.09,13
E01005663,1.49,14
E01005660,113.17,13
E01005704,1.3,14
E01005659,113.16,13
E01005660,1.68,13
E01004833,2.32,14
E01005659,112.48,13
E01005659,2.64,14
E01005659,112.1,13
E01005659,2.47,14
E01005659,112.45,13
E01005664,112.56,13
E01005659,2.48,14
E01005659,2.53,14
E01005664,2.46,14
E01005664,112.36,13
E01005664,2.64,14
E01005660,112.65,13
E01005664,2.4,14
E01005704,112.57,13
E01005664,2.43,14
E01005660,112.66,13
E01005660,2.21,13
E01005704,1.91,13
E01005704,113.18,13
E01005704,112.62,13
E01005708,112.8,13
E01005718,112.93,13
E01005712,112.8,13
E01005714,113.46,13
E01005714,113.95,13
E01005715,113.88,13
E01005737,113.59,13
E01005737,114,13
E01005683,2.66,6
E01005683,3.01,6
E01005683,2.84,6
E01005624,0.18,5
E01005624,0.67,5
E01005624,1.01,5
E01005680,0.43,4
E01005680,1.99,4
E01005680,1.42,4
E01005680,2.48,4
E01033979,4.14,6
E01005682,-1.84,1
E01005682,-28.84,1
E01005680,2.14,5
E01005680,1.69,5
E01005680,2.76,4
E01005624,-0.18,5
E01005681,2.44,6
E01005681,3.04,6
E01005683,2.46,6
E01005683,3.04,6
E01005683,2.52,6
E01005680,2.88,6
E01033979,3.43,6
E01033979,3.73,6
E01033979,3.73,6
E01033979,4.36,6
E01033978,2.44,6
E01005699,3.24,5
E01005673,2.87,6
E01006351,1.11,6
E01006351,2.27,6
E01006351,2.68,4
E01006406,18.01,5
E01006369,19.64,3
E01006369,-24.02,2
E01006408,-4.77,5
E01006359,-6.37,4
E01006359,4.08,4
E01006349,-19.6,1
E01006355,12.08,5
E01006355,3.63,3
E01006355,14.22,4
E01006355,-8.9,3
E01006355,5.73,4
E01006355,9.01,4
E01006355,4.65,5
E01006349,20.89,3
E01006408,4.34,2
E01006408,18.9,6
E01006406,-4.96,3
E01006408,14.17,6
E01006408,-31.91,2
E01006405,23.39,6
E01006405,25.87,6
E01006405,-10.42,4
E01006349,-1.71,4
E01006349,32.18,5
E01006349,27.82,5
E01006349,-8.8,4
E01006349,19.93,3
E01006349,-42.38,1
E01006351,-0.83,4
E01006359,-4.38,4
E01006359,-1.43,5
E01006404,10.09,4
E01006404,0.03,4
E01006404,14.33,4
E01006404,0.56,5
E01006408,24.29,3
E01006349,-20.22,2
E01006359,1.71,3
E01006355,-6.49,3
E01006354,-7.66,4
E01006359,3.35,5
E01006359,5.18,6
E01006354,3.54,6
E01006350,0.91,4
E01004952,1.41,5
E01004952,3.65,5
E01005005,2.34,5
E01005005,1.72,4
E01005000,1.7,4
E01005000,2.44,5
E01004947,-0.96,4
E01004948,2.59,5
E01005004,-0.45,5
E01005010,0.29,4
E01005001,1.48,4
E01005008,0.06,5
E01005008,-1.22,4
E01005006,0.46,5
E01005010,1.28,4
E01005008,-0.07,5
E01005027,1.91,3
E01005027,-0.99,4
E01004948,2.9,5
E01004952,1.52,4
E01005006,1.7,5
E01005006,2.28,5
E01005006,1.14,4
E01005006,1.67,5
E01005006,-0.11,4
E01005006,1.02,5
E01005006,0.31,4
E01005006,1.28,5
E01005005,1.47,4
E01005002,3.06,5
E01005002,-0.39,5
E01005000,1.55,4
E01004995,0.69,5
E01005001,1.29,5
E01005000,1.09,4
E01005001,1.3,4
E01005001,1.89,5
E01005000,1.72,5
E01005000,-0.05,4
E01005002,0.22,5
E01005002,4.25,6
E01005004,4.47,6
E01005004,3.94,6
E01005004,-0.78,5
E01005004,4.5,6
E01005004,-1.1,5
E01005004,4.96,6
E01004996,-1.65,5
E01004997,4.31,6
E01004997,-1.14,5
E01004996,-1.6,5
E01004996,4.68,6
E01004996,2.67,5
E01004996,-1.46,5
E01005010,1.07,5
E01005010,1.28,5
E01005010,1.04,4
E01005010,1.06,5
E01005010,1.46,4
E01005010,1.99,4
E01005010,0.5,5
E01005010,1.64,4
E01005010,0.93,5
E01005013,-0.19,5
E01005013,0.28,5
E01005013,0.39,4
E01005010,0.59,5
E01005013,0.02,4
E01004948,-1.17,4
E01004947,3.04,5
E01004948,-0.5,4
E01004951,3.02,5
E01004951,-0.04,4
E01004951,2.48,5
E01004951,-0.63,4
E01004951,3.1,5
E01004951,1.95,5
E01004951,3.04,5
E01004952,1.97,5
E01004952,2.22,5
E01004952,2.64,5
E01004952,2.26,5
E01004952,3.1,5
E01004952,1,5
E01004949,1.89,5
E01004949,3.76,5
E01004952,1.95,5
E01004952,2.98,5
E01005009,1.54,3
E01005008,-0.45,5
E01005008,0.38,2
E01005009,0.64,5
E01005009,-0.51,4
E01004910,-1.49,5
E01004910,2.78,4
E01004906,-2.4,5
E01004906,2.54,3
E01004905,1.78,4
E01004906,2.12,3
E01004905,-0.63,5
E01004910,0.49,5
E01004903,0.95,5
E01004910,0.5,5
E01004910,0.94,5
E01004906,-2.72,5
E01004906,-2.26,5
E01004906,2.3,2
E01004906,2.32,2
E01004905,1.33,4
E01004910,0.9,3
E01004910,2.28,3
E01004910,1.74,4
E01004910,1.28,4
E01004906,1.66,3
E01004906,1.99,4
E01004905,1.96,4
E01004910,2.64,4
E01004910,1.62,5
E01004910,1.69,4
E01004910,0.68,5
E01004910,1.5,4
E01004910,0.05,5
E01004910,1.39,4
E01004910,-1.08,5
E01004910,0.95,4
E01004910,-0.61,5
E01004910,1.71,4
E01004910,0.21,5
E01004910,0.74,4
E01004910,-2.05,5
E01004905,-1.39,5
E01004910,1.32,4
E01004910,-0.09,5
E01004910,-0.53,4
E01004910,-4.6,5
E01004910,0.83,3
E01004910,3.42,5
E01004910,1.38,4
E01004910,0.33,5
E01004910,0.89,4
E01004910,-0.6,5
E01004906,-2.23,5
E01033658,1.6,9
E01033990,4.07,22
E01033658,-7.09,10
E01032909,-3.64,18
E01033990,-3.48,18
E01033989,4,22
E01005681,-0.21,31
E01005681,3.01,25
E01033991,0.22,28
E01033991,1.93,30
E01032906,3.63,26
E01032906,-3.21,26
E01033991,-1.57,28
E01033991,2.92,27
E01033991,-0.48,28
E01033991,3.3,30
E01005610,1.32,30
E01005610,1.32,27
E01005681,1.76,25
E01005680,3.36,26
E01005681,0.67,31
E01005681,3.15,26
E01005680,0.81,31
E01005628,2.7,28
E01005628,1.27,31
E01005680,1.17,31
E01005680,3.03,28
E01005680,3.45,28
E01005623,0.91,31
E01005622,0.75,31
E01005624,3.26,27
E01005624,0.74,31
E01005624,3.34,27
E01032909,2.54,22
E01033658,2.46,21
E01033664,1.38,2
E01004812,4.28,24
E01004908,4.3,25
E01004906,2.81,33
E01004814,3.85,25
E01004857,3.78,25
E01004905,2.76,33
E01004814,2.73,33
E01004908,4.55,25
E01004904,4.77,25
E01004904,5.15,25
E01004909,5.05,25
E01004909,5.05,25
E01004905,5.34,25
E01004905,5.08,24
E01004906,4.99,24
E01004906,3.7,25
E01004906,3.74,24
E01004855,3.43,25
E01004817,0.65,31
E01004848,4.05,19
E01004817,1.73,25
E01004908,3.25,33
E01004908,3.6,33
E01004904,2.86,33
E01004903,2.62,33
E01004903,2.49,33
E01004909,2.15,33
E01004905,2.1,33
E01004906,2.73,33
E01004857,3.03,33
E01004857,3.02,34
E01004857,3.07,33
E01004814,3.85,24
E01004857,2.71,33
E01004814,4.66,24
E01004812,2.37,33
E01004812,2.01,32
E01004812,4.66,24
E01004812,4.67,24
E01004812,1.61,32
E01004812,4.47,24
E01004812,1.51,32
E01004817,4.11,23
E01004817,1.16,32
E01004817,3.82,19
E01005677,3.43,26
E01005677,4.59,33
E01005676,4.12,33
E01005670,3.1,28
E01005677,3.01,26
E01005692,3.32,26
E01005676,3.94,26
E01005676,4.06,25
E01005699,3.38,27
E01005699,1.68,31
E01005699,3.88,27
E01005673,1.85,31
E01005673,4.01,27
E01005673,2.06,31
E01005673,3.41,27
E01005673,3.76,28
E01005671,1.89,31
E01005671,3.6,28
E01005671,1.8,31
E01005671,4.07,28
E01005671,2,31
E01005670,2.2,32
E01005670,4.07,27
E01005692,2.29,32
E01005692,3.39,27
E01005672,3.4,27
E01005672,4.01,32
E01005670,4.64,32
E01005677,4.88,32
E01005692,4.43,33
E01005676,3.6,33
E01004908,3.5,33
E01004848,4.14,4
E01005027,5.12,27
E01005027,2.71,16
E01005005,5.99,29
E01005005,4.22,24
E01004800,5.03,24
E01005000,5.37,29
E01005005,4.37,24
E01004947,1.81,26
E01004959,5.01,25
E01005024,5.72,21
E01005027,3.75,27
E01005027,5,25
E01005027,3.2,26
E01004948,5.91,30
E01004959,6.6,8
E01004959,4.02,19
E01005024,4.9,24
E01005024,3.63,19
E01005024,6.37,8
E01005024,5.79,18
E01005024,3.29,19
E01005005,5.39,29
E01005005,4.55,24
E01005005,5.82,28
E01005005,6.59,28
E01005005,3.23,24
E01005006,3.09,24
E01005006,6.76,28
E01005006,7.27,28
E01005006,2.44,24
E01005024,4.85,26
E01004959,4.65,26
E01004959,5.61,26
E01004959,8.7,8
E01004959,4.68,19
E01004959,8.24,8
E01004959,4.79,19
E01004959,7.76,8
E01004959,4.47,19
E01004948,1.38,26
E01004947,6.39,31
E01004948,0.93,27
E01004951,6.5,31
E01004951,1.29,26
E01004951,6.8,31
E01004951,0.98,26
E01004951,6.81,31
E01004951,1.25,25
E01004951,7.52,29
E01004952,1.38,25
E01004952,7.35,29
E01004952,1.56,25
E01004952,7.13,28
E01005006,1.89,25
E01005006,7.06,28
E01005006,2.42,24
E01005006,7.1,28
E01005485,3.88,19
E01005485,8.62,7
E01005485,4.89,17
E01005500,5.67,22
E01005482,5,12
E01005482,4.74,2
E01005482,6.79,10
E01005473,6.48,8
E01005473,4.09,17
E01005473,5.77,24
E01005485,6.82,8
E01005485,4.45,17
E01005484,5.11,22
E01005472,5.78,8
E01005472,1.94,18
E01005480,6.32,8
E01005480,1.93,18
E01005474,5.95,26
E01005474,6.03,8
E01005474,1.81,18
E01005474,5.65,26
E01005474,6.73,8
E01005474,1.67,18
E01005474,5.42,25
E01005481,6.38,8
E01005481,2.04,19
E01005481,6.48,23
E01005500,5.45,22
E01005500,7.53,8
E01005500,2.62,19
E01005500,7.15,8
E01005500,2.95,19
E01005500,4.65,22
E01005500,7.46,8
E01005500,3.1,19
E01005500,4.65,20
E01005500,4.03,20
E01005501,7.6,8
E01005501,2.94,19
E01005501,4.64,19
E01005501,8.15,8
E01005501,3.18,19
E01005504,7.69,8
E01005504,2.95,20
E01005472,5.06,26
E01005473,6.98,8
E01005473,3.19,17
E01005473,6.25,24
E01005473,6.62,24
E01005513,6.82,28
E01005509,7.52,8
E01005509,2.29,19
E01005501,5.57,27
E01005509,5.37,30
E01005509,7.57,8
E01005509,2.31,19
E01005509,5.52,29
E01005509,8.06,8
E01005509,2.1,20
E01005505,7.63,8
E01005505,1.69,20
E01005512,5.91,29
E01005512,8.19,8
E01005512,2.01,20
E01005512,6.14,29
E01005512,7.51,8
E01005512,1.86,20
E01005512,6.35,28
E01005512,7.88,8
E01005512,2.52,20
E01004957,5.74,27
E01004957,9.14,8
E01004957,4.72,20
E01005514,8.46,8
E01005514,3.6,20
E01005514,5.81,27
E01005514,6.05,27
E01005514,8.28,8
E01005514,3.68,20
E01005514,7.05,27
E01005514,7.75,8
E01005514,2.48,20
E01005509,6.52,15
E01005501,5.3,17
E01005482,1.64,1
E01004818,6.06,21
E01004817,3.33,30
E01004848,6.66,15
E01004818,5.55,19
E01004818,3.48,29
E01004818,5.78,21
E01004818,3.56,30
E01004798,4.74,30
E01004798,4.79,24
E01004796,4.5,29
E01004796,5.35,23
E01004793,4.03,30
E01004796,4.21,23
E01004796,5.14,23
E01004796,4.43,30
E01004796,5.6,23
E01004796,5.69,22
E01004796,4.23,30
E01004931,4.28,30
E01004931,5.82,22
E01004932,4.38,30
E01004932,5.89,22
E01004817,4.3,23
E01004817,3.52,4
E01004932,3.84,29
E01004932,3.83,29
E01033220,5.77,22
E01033658,1.31,19
E01033658,1.61,10
E01033990,2.17,16
E01033989,1.52,18
E01033989,2.88,24
E01005680,0.87,28
E01033991,2.59,23
E01033991,1.61,28
E01005681,2.22,21
E01033991,2.64,28
E01032906,1.64,19
E01033991,2.08,19
E01033991,2.25,28
E01033991,1.92,20
E01033991,2.71,28
E01005682,0.69,28
E01005610,2.14,24
E01005681,2.57,21
E01005657,2.06,21
E01005657,2.17,29
E01005680,2.12,29
E01005680,1.55,20
E01005628,1.89,21
E01005628,2.55,29
E01005680,2.64,29
E01005680,1.79,21
E01005680,2.35,22
E01005623,2.54,29
E01005622,2.61,29
E01005624,2.57,22
E01005624,2.56,30
E01005624,2.14,22
E01033658,5.8,3
E01033658,1.92,20
E01033658,3.24,13
E01033658,2.33,4
E01004812,3.66,18
E01004906,3.03,33
E01004814,4.02,20
E01004857,3.91,21
E01004902,2.52,32
E01004814,3.22,32
E01004906,3.83,22
E01004906,4,22
E01004855,3.7,22
E01004817,1.96,31
E01004848,3.82,15
E01004817,2.69,25
E01004817,1.54,2
E01004906,2.46,33
E01004857,3.19,33
E01004857,3.72,33
E01004902,4.43,22
E01004902,2.42,32
E01004902,4.39,22
E01004902,4.25,22
E01004902,4.47,22
E01005702,2.06,32
E01005702,2.02,32
E01004857,3.28,32
E01004814,4.11,21
E01004857,3.39,32
E01004814,4.73,20
E01004812,3.21,33
E01004812,3.33,32
E01004812,4.62,20
E01004812,4.64,19
E01004812,2.98,32
E01004812,3.91,18
E01004812,2.65,32
E01004817,3.69,19
E01004817,2.13,32
E01004817,3.45,16
E01005687,1.16,22
E01005691,1.4,22
E01005691,3.2,31
E01005712,1.87,19
E01005712,1.32,32
E01005711,1.31,32
E01033977,1.29,31
E01033976,1.45,31
E01005711,1.98,31
E01005711,2.35,31
E01033976,2.86,31
E01005691,3.5,31
E01005687,3.53,31
E01005687,2.97,31
E01005686,2.78,31
E01005707,2.18,32
E01005708,2.51,32
E01005708,2.98,32
E01033977,3.12,32
E01005712,3.4,32
E01005712,2.41,32
E01005686,2.09,22
E01005686,2.57,30
E01005686,2.3,30
E01005700,2.86,23
E01005672,2.49,30
E01005672,3.52,22
E01005701,2.09,30
E01005701,3.6,22
E01005674,3.43,22
E01005674,1.82,30
E01005701,2.19,30
E01005674,3.18,22
E01005701,2.44,30
E01005701,2.57,22
E01033977,2.83,23
E01005711,2.93,22
E01005711,2.66,22
E01033976,2.46,22
E01005711,2.41,22
E01005711,1.98,22
E01033976,1.55,22
E01005691,1.18,22
E01005693,1.22,22
E01005689,1.85,21
E01005686,1.79,21
E01005702,3.95,22
E01005702,3.53,22
E01005708,3.2,21
E01005712,2.43,21
E01005718,1.98,21
E01005718,1.76,21
E01006370,1.14,1
E01006370,0.96,1
E01006386,3.74,1
E01006392,3.8,1
E01006386,3.61,1
E01006306,2.31,1
E01006217,-3.16,1
E01006217,-0.14,1
E01006219,0.5,1
E01006215,0.53,1
E01006213,0.68,1
E01006213,1.38,1
E01006217,-0.59,1
E01006217,-0.18,1
E01006310,1.14,1
E01006309,1.23,1
E01006307,3.19,1
E01006308,1.53,1
E01006308,2.09,1
E01006307,2.7,1
E01006309,0.3,1
E01006309,1.87,1
E01006309,1.16,1
E01006217,3.95,1
E01006213,1.78,1
E01006218,0.28,1
E01006215,-0.53,1
E01006215,0.2,1
E01006217,2.14,1
E01006213,1.05,1
E01006213,-17.44,1
E01006213,-17.27,1
E01006269,-19.85,1
E01006269,-21.11,1
E01004848,-11.7,2
E01004831,2.31,5
E01004831,2.99,5
E01004848,3.55,3
E01004839,2.59,4
E01004877,0.29,4
E01004811,1.06,4
E01004846,0.88,4
E01004845,1.15,4
E01004842,2.23,4
E01004842,2.63,4
E01004920,2.86,4
E01004842,2.21,4
E01004920,2.1,3
E01004920,2.73,3
E01004835,1.51,4
E01004835,1.01,4
E01004837,0.82,4
E01004837,1.52,3
E01004837,0.99,3
E01004836,0.55,3
E01004839,2.7,3
E01004848,3.06,4
E01004836,1.05,3
E01004839,1.49,3
E01004835,3.31,3
E01033217,-2.51,4
E01033217,-2.53,4
E01033217,-1.88,4
E01004871,-1.04,4
E01004845,0.69,4
E01004845,1.08,4
E01004843,1.46,4
E01004842,1.69,4
E01004838,3.28,4
E01004838,2.58,4
E01004839,2.48,4
E01004877,1.41,4
E01004832,1.8,5
E01004832,2.52,4
E01004878,1.89,4
E01004848,-2.3,4
E01004836,-0.62,3
E01004815,1.55,4
E01004811,2.11,4
E01004848,2.58,4
E01004848,2.54,4
E01004846,0.6,4
E01004877,1.26,4
E01004833,2.42,5
E01004879,1.52,4
E01004877,0.96,4
E01004877,1.23,4
E01004839,2.75,4
E01033217,389.11,4
E01004831,241.82,6
E01004831,242.29,6
E01004848,239.91,6
E01004837,291.47,5
E01004838,241.52,6
E01004838,241.74,6
E01004846,1.92,5
E01004845,370.82,4
E01004843,370.56,4
E01004842,369.62,4
E01004842,294.35,5
E01004920,293.85,5
E01004842,293.7,5
E01004920,293.08,5
E01004920,366.89,4
E01004835,291.94,5
E01004837,291.08,5
E01004836,290.61,5
E01004839,241.98,6
E01004848,240.58,6
E01004836,291.72,5
E01004835,242.88,6
E01033217,298.99,5
E01033217,298.5,5
E01004871,372.63,4
E01004871,372.02,4
E01004871,372.38,4
E01004845,370.78,4
E01004845,371.23,4
E01004845,370.61,4
E01004843,369.82,4
E01004842,370.11,4
E01004838,242.28,6
E01004830,242.02,6
E01004878,2.83,5
E01004877,2.78,5
E01004877,2.38,5
E01004833,241.93,6
E01004832,241.6,6
E01004878,241.96,6
E01004836,290.68,5
E01004813,241.38,6
E01004811,241.33,6
E01004848,240.53,6
E01004848,240.73,6
E01004848,241.03,6
E01004847,2.1,5
E01004877,2.36,5
E01004877,2.67,5
E01004833,241.7,6
E01004877,2.31,5
E01004879,1.91,5
E01004839,242.15,6
E01005736,0.05,8
E01005736,0.62,8
E01005736,-0.01,9
E01005736,0.35,9
E01005736,0.46,8
E01005736,0.07,8
E01005736,-0.84,8
E01005734,0.15,8
E01005734,0.82,8
E01005734,-0.4,8
E01005734,-0.81,8
E01005734,1.38,8
E01005734,-0.23,7
E01005734,0.48,7
E01005737,-0.42,6
E01005734,0.64,7
E01005737,0.75,7
E01005737,0.52,6
E01005737,-0.76,4
E01005738,-0.34,4
E01005738,0.85,6
E01006121,-2.04,6
E01006121,2.21,4
E01006121,-3.49,6
E01006251,1.33,9
E01006385,0.2,8
E01006251,1.24,9
E01006246,1.41,9
E01006246,-0.42,8
E01006249,2.27,9
E01006249,-1.11,8
E01006380,0.39,9
E01006380,0.27,9
E01006380,0.78,8
E01006380,0.19,9
E01006380,0.42,8
E01006250,0.41,9
E01006385,-0.11,8
E01006385,0.76,9
E01006385,-0.24,8
E01006385,-0.16,8
E01006385,0.97,9
E01006385,1.22,9
E01006376,1.16,9
E01006376,0.15,8
E01006251,-0.08,8
E01006251,-0.62,8
E01006251,0.78,9
E01006246,-0.61,8
E01006246,-0.52,8
E01006246,1.98,9
E01006332,1.9,8
E01006332,2.13,8
E01006332,1.8,8
E01006249,-1.03,8
E01006249,2.04,9
E01006249,-1.38,8
E01006249,2.51,9
E01006246,2.35,9
E01006246,-0.68,8
E01006252,-0.82,8
E01006252,2.47,9
E01006246,-0.39,8
E01006246,2.28,9
E01006335,2.7,9
E01006335,-1.06,6
E01004848,1.88,13
E01033658,1.13,25
E01033658,2.88,6
E01033990,2.9,17
E01033989,0.96,25
E01033989,2.82,23
E01005680,0.05,29
E01033991,2.25,25
E01033991,1.07,29
E01005681,2.74,25
E01033991,2.39,28
E01032906,0.62,26
E01033991,1.25,25
E01033991,1.85,28
E01033991,1.54,26
E01033991,2.2,29
E01005682,0.02,29
E01005610,2.33,24
E01005681,2.96,24
E01005657,4.81,24
E01005657,1.44,29
E01005680,1.52,30
E01005680,4.65,23
E01005628,2.55,23
E01005628,1.69,30
E01005680,1.69,30
E01005680,3.07,23
E01005680,2.83,22
E01005623,1.52,30
E01005622,1.6,30
E01005624,4.1,22
E01005624,1.57,30
E01005624,2.33,21
E01033658,2.75,1
E01033658,7.43,2
E01033658,1.46,25
E01033658,2.16,18
E01033658,3.91,4
E01004848,3.91,13
E01004848,94.87,16
E01004848,2.99,13
E01004848,78.08,20
E01005665,70.65,21
E01005660,3.14,33
E01004861,70.98,21
E01005665,3.09,33
E01004861,71.1,21
E01004862,3.82,33
E01004861,70.74,21
E01004862,3.58,33
E01004861,70.42,21
E01004872,3.76,33
E01004858,3.5,32
E01004858,64.59,23
E01004862,3.89,33
E01004861,68.52,22
E01004873,3.79,33
E01004856,64.88,23
E01004880,3.71,33
E01004880,68.11,22
E01004816,68.23,22
E01004816,3.61,33
E01004815,2.65,33
E01004815,68.83,22
E01004880,3.46,33
E01004816,68.42,22
E01004880,3.9,33
E01004816,68.62,22
E01004848,73.12,21
E01004848,2.59,13
E01004817,2,23
E01004817,72.77,21
E01004817,69.1,22
E01004811,2.2,33
E01004811,68.98,22
E01004811,2.32,33
E01005687,4.98,22
E01005718,1.89,23
E01005718,2.28,32
E01005691,1.93,21
E01005691,2.38,31
E01005660,2.96,32
E01005660,1.81,20
E01005661,2.18,32
E01005709,2.17,32
E01005710,2.05,32
E01005718,2.05,32
E01005718,1.9,32
E01005663,2,31
E01005718,0.38,31
E01005712,2.52,21
E01005712,-0.13,31
E01005711,0,31
E01033977,0.08,31
E01033976,0.24,31
E01005711,0.87,31
E01005711,1.19,31
E01033976,1.97,31
E01005691,2.49,31
E01005687,2.22,30
E01005687,1.38,30
E01005686,1.55,30
E01005686,3.46,22
E01005686,1.33,30
E01005686,1.16,30
E01005700,3.76,23
E01005672,1.27,30
E01005672,3.4,23
E01005701,1.03,30
E01005701,3.52,23
E01005674,3.3,22
E01005674,1.08,31
E01005701,1.43,31
E01005674,3.59,23
E01005701,1.71,31
E01005701,2.51,22
E01005718,1.86,31
E01005661,2.26,32
E01005661,2.75,23
E01005661,3.1,23
E01005661,2.41,32
E01005663,2.3,32
E01005709,2.56,23
E01005709,2.32,32
E01005663,2.85,23
E01005709,2.07,32
E01005709,2.48,23
E01005660,3.1,32
E01005704,1.68,32
E01005704,3.25,17
E01005660,2.28,32
E01005659,3.69,17
E01005704,70.76,21
E01005660,2.93,32
E01005660,2.51,20
E01005709,2.61,23
E01005710,2.17,23
E01005718,2.5,23
E01005718,2.08,23
E01005704,1.73,23
E01005708,1.46,22
E01005718,1.68,22
E01033977,3.19,20
E01005711,3.34,20
E01005711,2.94,20
E01033976,6.86,21
E01005711,6.76,21
E01005711,2.31,20
E01033976,2.05,21
E01005691,5.24,22
E01005693,5.14,22
E01005689,5.42,22
E01005686,5.26,23
E01004780,2.64,2
E01004776,0.84,1
E01004783,2.01,1
E01004780,4.1,1
E01004776,0.49,1
E01004776,1.07,1
E01004776,0.8,1
E01004775,1.62,1
E01004778,1.6,2
E01004782,2.56,2
E01004780,2.43,2
E01004783,1.96,2
E01004783,0.37,2
E01004783,2.26,1
E01004783,1.52,1
E01004783,2.19,1
E01004783,1.74,1
E01004936,0.06,1
E01004936,0.41,1
E01004776,0.59,1
E01004776,0.47,1
E01004775,0,1
E01004775,0.66,1
E01004776,0.81,1
E01004776,0.62,1
E01006234,1.09,1
E01006236,1.13,1
E01006236,0.94,1
E01006236,0.76,1
E01006236,1.48,1
E01006236,1.71,1
E01006236,1.2,1
E01006234,1.71,1
E01006234,1.61,1
E01033999,0.8,5
E01032915,0.55,5
E01032915,1.02,6
E01032915,-0.2,6
E01032915,0.6,6
E01033993,1.01,6
E01033998,-0.01,6
E01032914,0.64,6
E01005654,0.28,4
E01005654,1.65,6
E01033998,0,6
E01033995,-0.9,6
E01033995,0.77,6
E01033996,-0.05,5
E01033998,1.1,6
E01033998,-0.78,5
E01032915,0.31,6
E01033998,0.51,6
E01033995,0.27,6
E01033995,-1.64,6
E01033996,-0.19,6
E01033991,0.04,6
E01033984,0.89,5
E01033984,0.75,6
E01033984,0.42,5
E01033984,0.04,5
E01033984,1.16,6
E01033999,-1.16,5
E01033997,1.42,5
E01033999,-0.93,5
E01032912,0.72,6
E01005667,2.43,5
E01005667,0.3,6
E01005667,2.92,5
E01033993,0.27,6
E01033993,3.06,5
E01033993,0.44,6
E01033993,1.73,5
E01005667,0.93,6
E01005667,0.48,6
E01006188,-0.12,3
E01006189,2.13,6
E01006189,2.16,6
E01006181,2.72,5
E01006181,2.47,4
E01006141,1.69,6
E01006141,0.89,3
E01006145,1.63,6
E01006187,1.33,6
E01006186,0.02,5
E01006187,0.48,5
E01006186,1.62,6
E01005601,-6.53,5
E01005599,-7.23,4
E01005599,9.59,3
E01005599,-5.49,4
E01005599,16.05,5
E01005632,-9.32,6
E01005632,15.02,6
E01005637,7.98,4
E01005637,-1.78,4
E01005637,6.46,2
E01005637,-4.04,2
E01005637,-5,6
E01005638,-3.94,6
E01005638,13.46,6
E01005638,-6.85,4
E01005601,11.61,6
E01005601,-7.74,6
E01005726,3.42,5
E01005727,2.73,5
E01005727,2.75,6
E01005727,4.67,5
E01005727,-2.58,6
E01005631,-10.82,4
E01005599,15.24,4
E01005725,4.04,5
E01005727,4.16,6
E01005631,-24.33,1
E01006379,3.33,12
E01005736,5.69,9
E01005736,2.96,12
E01005736,4.97,15
E01005736,1.97,12
E01005734,4.51,15
E01005734,5.06,15
E01005734,2.08,12
E01005734,1.76,12
E01005734,5.38,16
E01005734,1.97,11
E01005734,5.17,15
E01005737,3.77,7
E01005734,5.35,15
E01005737,5.6,11
E01005737,6.42,10
E01005737,6.84,4
E01005738,6.62,4
E01005738,6.21,10
E01006121,3.48,10
E01006121,12.16,2
E01006121,2.98,10
E01006269,1.11,1
E01006269,8.25,13
E01006280,4.51,13
E01006280,3.13,15
E01006280,3.09,15
E01006280,4.73,13
E01006280,3.5,14
E01006286,4.27,13
E01006277,4.05,13
E01006277,4.14,13
E01006277,4.3,13
E01006277,4.65,12
E01006274,4.01,6
E01006276,3.06,1
E01006276,5.46,13
E01006369,3.4,13
E01006369,3.76,13
E01006349,-0.51,4
E01006369,-0.89,4
E01006369,3.81,12
E01006310,3.77,13
E01006306,3.81,13
E01006306,3.38,13
E01006306,2.91,12
E01006306,3.19,13
E01006295,4.59,12
E01006306,4.15,12
E01006306,2.64,13
E01006310,5.74,6
E01006269,8.44,13
E01006272,0.22,11
E01006272,-1.07,13
E01006272,8.55,13
E01006308,-1.14,13
E01006308,8.69,13
E01006308,0.35,13
E01006308,7.31,13
E01006307,1.97,13
E01006307,0.6,14
E01006307,6.37,13
E01006307,5.39,12
E01006306,2.04,13
E01006369,-0.23,5
E01006274,4.13,13
E01006379,7.1,12
E01006244,4.85,12
E01006244,4.59,12
E01006244,4.84,12
E01006239,3.35,15
E01006244,2.03,14
E01006242,2.82,13
E01006245,5.38,12
E01006244,4.78,12
E01006244,3.77,14
E01006244,4.15,12
E01006244,3.51,14
E01006292,3.53,14
E01006292,4.4,12
E01006293,3.2,14
E01006293,4.72,12
E01006293,2.48,14
E01006293,4.85,12
E01006295,2.26,14
E01006294,1.8,14
E01006294,3.86,12
E01006294,3.62,12
E01006294,2.66,14
E01006294,3.93,12
E01006294,2.67,15
E01006294,4.05,12
E01006377,4.66,12
E01006377,2.07,15
E01006378,1.83,15
E01006378,5.38,12
E01006380,5.91,12
E01006380,1.46,14
E01006380,1.68,14
E01006380,5.94,12
E01006380,6.39,12
E01006380,1.52,14
E01006380,6.53,12
E01006380,1.1,14
E01006379,7.1,12
E01006379,0.57,14
E01006379,2.4,8
E01006379,4.33,12
E01006281,3.38,14
E01006281,4.57,13
E01006245,1.73,14
E01006245,5.11,12
E01006243,5.31,12
E01006243,1.71,14
E01006278,2.68,15
E01006278,5.13,13
E01006278,4.66,13
E01006278,3.34,15
E01006279,4.41,13
E01006279,3.59,14
E01006281,4.85,13
E01006281,3.1,14
E01006281,2.69,14
E01006281,5.12,13
E01006281,5.51,12
E01006281,3.01,14
E01006243,5.57,12
E01006243,2.41,14
E01006307,1.74,13
E01006307,5.12,12
E01006306,4.93,12
E01005683,4.9,6
E01005683,4.84,6
E01005683,4.79,6
E01033979,3.87,6
E01005624,3.78,5
E01005624,1.06,1
E01005624,2.69,5
E01005624,0.11,1
E01005624,2.35,5
E01005624,1.36,1
E01005680,1.97,5
E01005680,0.98,1
E01005680,-0.14,5
E01005680,0.45,1
E01005680,0.45,5
E01005680,0.66,1
E01033978,0.66,1
E01005682,0.14,1
E01005682,-25.86,1
E01005624,2.45,4
E01005624,0.44,1
E01005681,8.8,6
E01005681,8.64,6
E01005683,7.46,6
E01005683,6.19,6
E01005683,5.44,6
E01005680,4.74,6
E01005680,4.49,6
E01033979,4.05,6
E01033979,3.89,6
E01005673,1.51,5
E01005673,1.01,1
E01033978,2.05,5
E01033978,1.08,1
E01005699,2.82,5
E01005699,1.13,1
E01005699,2.9,5
E01005699,1.49,1
E01005673,2.86,5
E01005673,1.15,1
E01005629,3.3,2
E01005657,3.2,5
E01005722,3.59,4
E01005722,3.59,5
E01005633,4.05,5
E01005633,2.72,5
E01033982,3.6,5
E01005631,2.79,5
E01005631,2.78,2
E01005633,3.04,5
E01005635,3.03,4
E01005633,3.52,5
E01005633,2.98,5
E01005633,3.57,5
E01005631,3.18,2
E01005599,1.95,4
E01005635,2.57,5
E01005722,2.82,5
E01005629,3.18,4
E01033982,3.88,4
E01033982,3.35,5
E01033982,3.39,4
E01033982,3.52,4
E01005721,3.51,5
E01005722,3.37,5
E01005722,3.46,4
E01005629,3.48,4
E01005629,3.4,5
E01005630,2.35,2
E01005627,2.64,5
E01005681,-0.43,1
E01005681,4.87,1
E01005657,4.23,4
E01005657,4.44,2
E01005680,4.18,4
E01005680,3.97,4
E01005627,2.5,5
E01005633,2.67,5
E01005627,3.18,2
E01005633,3.87,5
E01005014,-0.93,4
E01005014,3.2,11
E01004981,0.44,4
E01004981,2.88,12
E01005017,0.77,4
E01005017,4.4,12
E01005014,-1.57,4
E01005014,0.36,11
E01005014,-1.08,4
E01005014,1.22,11
E01005046,0.88,4
E01005046,2.87,12
E01005014,-1.19,4
E01005014,2.04,11
E01005019,0.5,4
E01005019,3.88,13
E01005019,0.17,4
E01005019,4.06,13
E01005019,0.57,4
E01005019,4.43,13
E01005019,1.23,4
E01005019,4.32,13
E01005017,0.71,4
E01005017,4.72,12
E01005018,0.34,4
E01005018,4.4,12
E01005016,0.81,4
E01005016,4.75,9
E01005014,-2.87,4
E01005014,1.16,11
E01005017,-1.21,4
E01005017,0.58,11
E01005014,-1.63,4
E01005014,0.2,11
E01005014,-1.17,4
E01005014,0.26,11
E01005014,-1.55,4
E01005014,0.21,11
E01005014,-1.18,4
E01005014,0.5,11
E01005015,-0.89,4
E01005015,0.75,11
E01005015,-1.38,4
E01005015,0.55,12
E01005017,-0.63,4
E01005017,1.05,12
E01005017,-0.85,4
E01005017,1.46,12
E01005017,-0.48,4
E01005017,1.77,12
E01005022,0.15,4
E01005022,2.15,12
E01005022,-0.15,4
E01005022,2.35,12
E01004981,0.03,4
E01004981,2.27,12
E01004981,-0.06,4
E01004981,2.9,12
E01005024,3.07,10
E01005027,1.56,3
E01005027,-0.34,4
E01005027,2.92,10
E01005027,0.21,4
E01005027,2.02,12
E01005024,3.14,10
E01004980,0,4
E01004980,3.8,10
E01005024,3.37,10
E01004976,0.63,4
E01004976,3.68,12
E01004981,0.2,4
E01004981,3.56,12
E01004978,0.6,4
E01004978,3.69,12
E01004978,0.25,4
E01004978,4,11
E01004978,-0.06,4
E01004978,3.94,11
E01004980,0.62,4
E01004980,3.9,10
E01004979,0.29,4
E01004979,4.19,10
E01005049,0.83,4
E01005049,2.99,12
E01005046,1.69,4
E01005046,3.66,12
E01005046,1.5,4
E01005046,3.59,12
E01005046,0.82,4
E01005046,3.5,12
E01005046,1.62,4
E01005046,3.42,12
E01005046,1.25,4
E01005046,3.79,12
E01005046,0.11,4
E01005046,3.29,13
E01004965,0.45,4
E01004965,2.58,12
E01004966,0.68,4
E01004966,2.22,12
E01004966,0.35,4
E01004966,2.02,12
E01004961,-0.29,4
E01004961,1.46,12
E01004967,0.27,4
E01004967,1.41,12
E01004961,-0.43,4
E01004961,1.59,12
E01004961,-0.78,4
E01004961,1.48,12
E01004962,-0.35,4
E01004962,1.22,12
E01004996,9.7,25
E01004996,5.82,26
E01005008,6.38,19
E01005009,9.79,25
E01004991,4.54,26
E01004993,10.56,28
E01004993,4.26,26
E01004993,10.22,28
E01004993,10.4,28
E01004993,4.05,26
E01004993,10.6,29
E01004993,3.67,26
E01004992,10.28,29
E01004992,3.67,26
E01004992,3.4,27
E01004992,10.74,29
E01004994,10.69,29
E01004994,3.2,27
E01004994,10.9,29
E01004994,2.41,27
E01005010,2.85,27
E01005060,10.34,28
E01005060,4.43,26
E01005060,9.81,28
E01005030,5.27,26
E01005060,9.58,28
E01005025,5.03,26
E01005030,9.19,28
E01005008,10.09,29
E01004994,10.69,29
E01005008,9.98,26
E01005027,9.36,27
E01005027,4.96,23
E01005027,4.48,19
E01005027,13.43,1
E01004995,6.07,27
E01004990,5.26,27
E01004990,17.14,9
E01004990,5.69,27
E01004990,10.8,21
E01004990,5.43,27
E01004990,9.99,25
E01004996,5.66,27
E01004996,9.73,25
E01005009,5.46,26
E01005008,9.39,24
E01005008,5.21,26
E01004812,8.94,23
E01004914,6.4,27
E01004814,8.24,28
E01004914,7.47,27
E01004916,7.89,27
E01004911,7.72,27
E01004911,8.43,27
E01004911,8.78,28
E01004911,7.84,26
E01004912,9.08,28
E01004912,7.33,24
E01004817,7.52,26
E01004848,10.27,16
E01004817,8.66,17
E01004817,21.49,1
E01004857,8.28,28
E01004814,9.97,25
E01004812,7.8,28
E01004812,7.43,27
E01004812,9.31,23
E01004812,9.33,23
E01004812,7.3,27
E01004812,9.31,23
E01004812,7.56,27
E01004817,8.7,22
E01004817,7.67,26
E01004817,8.61,19
E01004814,9.54,26
E01004814,8.23,28
E01004855,7.95,28
E01004855,9.48,25
E01004855,8.62,24
E01004912,8.35,28
E01004823,1.79,3
E01004823,0.97,4
E01004930,2.49,3
E01004930,3.63,3
E01033220,1.99,3
E01033220,1.15,4
E01004802,2.91,6
E01004929,3.16,3
E01004929,2.43,4
E01004802,4.99,7
E01004802,3.64,6
E01004820,3.16,5
E01004767,0.72,5
E01004864,2.4,6
E01004865,2.8,6
E01004926,2,3
E01004926,2.85,3
E01004929,2.44,3
E01004929,4.31,3
E01004929,2.77,3
E01004929,2.17,4
E01004766,0.88,6
E01004864,0.99,6
E01004864,1.68,6
E01004864,1.21,6
E01004924,0.5,6
E01004924,3.85,6
E01004924,1.38,6
E01004924,3.32,6
E01004924,2.24,6
E01004924,1.24,6
E01004823,2.48,3
E01004823,0.54,4
E01033217,2.17,3
E01033217,0.43,4
E01033217,-26.31,3
E01033217,-31.51,1
E01033217,1.58,3
E01004864,2.8,5
E01033217,7.22,4
E01004848,2.61,3
E01004848,-0.19,4
E01004802,2.41,3
E01004929,2.4,3
E01004929,2.31,4
E01004767,1.95,5
E01004767,1.63,5
E01004767,2.61,5
E01004928,2.15,3
E01004928,3,4
E01004928,2.5,3
E01004928,2.65,4
E01004928,2.13,3
E01004928,2.52,4
E01004931,2.49,3
E01004931,1.92,4
E01004931,2.21,3
E01004931,1.66,4
E01004932,1.93,3
E01004932,2.06,4
E01004932,2.26,3
E01004932,2.16,4
E01033220,2.32,3
E01033220,1.49,4
E01033220,3.79,5
E01033220,3.24,5
E01004865,2.48,6
E01004826,2.77,6
E01004826,2.22,6
E01004820,2.74,5
E01004929,3.38,4
E01004802,4.24,4
E01004802,3.35,4
E01004823,-2.24,5
E01033220,-1.85,5
E01004924,0.89,3
E01004840,1.3,1
E01004924,1.45,4
E01004864,1.34,6
E01004820,-1.49,5
E01004820,2.7,6
E01004865,0.4,5
E01004864,1.8,6
E01004865,2.24,6
E01004865,-0.04,5
E01004924,0.1,6
E01004924,1.01,6
E01004924,3.54,6
E01004924,2.95,6
E01004924,1.44,6
E01004924,0.44,6
E01004924,2.4,6
E01004924,2.44,6
E01004924,2.32,6
E01004924,1.46,6
E01004924,1.32,6
E01004924,0.46,6
E01004823,-2.27,6
E01033217,-1.96,5
E01004864,2.17,6
E01004864,0.08,5
E01004848,-2.6,6
E01004840,1.5,2
E01004924,1.95,6
E01004840,0.93,5
E01004840,1.57,3
E01004919,1.58,6
E01004919,1.59,3
E01033220,-1.77,5
E01033220,2.92,5
E01033220,2.34,5
E01004865,2.02,6
E01004865,-0.26,5
E01004826,2.36,6
E01004826,-0.7,5
E01004826,1.8,6
E01004826,-0.8,5
E01004820,1.89,6
E01004820,-0.97,5
E01006332,-3.22,4
E01006332,40.23,4
E01006377,12.68,4
E01006377,-5.32,4
E01006251,14.11,5
E01006252,29.95,4
E01006333,52.41,3
E01006333,1,3
E01006330,36.21,5
E01006376,2.03,6
E01006330,30.79,5
E01006330,25.76,4
E01006251,19.28,4
E01006246,17.24,5
E01006246,-11.91,5
E01006384,13.2,6
E01006384,-5.13,6
E01006333,-32.74,4
E01006330,-7.84,5
E01006330,-18.49,4
E01006295,1.12,5
E01006294,2.06,5
E01006376,7.11,6
E01006376,8.1,6
E01006385,-1.44,6
E01006384,-2.58,5
E01006378,5.86,6
E01006377,5.96,6
E01006294,4.16,4
E01006381,2.37,6
E01006383,7.65,5
E01006294,2.35,5
E01006294,1.63,6
E01006294,2.81,6
E01006377,4.01,6
E01006376,17,5
E01006376,-7.05,6
E01006251,-12.26,4
E01006251,-10.36,4
E01006251,17.14,4
E01006246,-13.68,4
E01006246,-12.46,5
E01006246,15.58,4
E01006333,2.42,2
E01006333,56.08,3
E01006330,18.56,4
E01006330,-26.42,4
E01006332,26.54,4
E01006330,-33.33,5
E01006249,-16.45,4
E01006249,24.51,4
E01006249,-13.59,5
E01006249,23.62,5
E01006252,-6.07,5
E01006252,-17.95,4
E01006252,19.56,4
E01006252,0.48,4
E01006252,15.59,3
E01006333,-63.83,1
E01033653,0.66,5
E01033653,-1.67,3
E01033667,1.62,1
E01033667,-1.11,15
E01033664,1.74,1
E01033664,-0.56,18
E01033667,3.17,8
E01005539,3.07,15
E01005539,5.72,4
E01005539,6.86,22
E01033664,0.44,3
E01033664,-1.07,24
E01033664,62.36,25
E01033664,67.08,23
E01033651,-0.71,4
E01033651,-1.98,25
E01033665,58.97,26
E01033665,-0.24,4
E01033665,-0.75,26
E01033651,59.7,26
E01033651,-0.52,4
E01033651,-1.76,25
E01033651,64.28,24
E01033664,-1.08,4
E01033664,-2.04,25
E01033651,64.89,24
E01033676,56.05,27
E01005130,-0.68,4
E01005130,-0.61,26
E01005203,50.74,29
E01005650,54.13,27
E01005650,2.17,4
E01005650,3.28,25
E01005099,55.93,26
E01005136,1.82,4
E01005136,3.39,25
E01005136,56.18,26
E01005136,2.42,4
E01005136,3.13,25
E01005136,1.67,4
E01005136,3.04,25
E01005136,56.58,26
E01005136,56.91,26
E01034108,1.66,4
E01034108,3.04,26
E01005205,55.58,27
E01005205,2.12,4
E01005205,2.7,26
E01005205,53.58,28
E01005205,1.56,4
E01005205,2.52,26
E01005205,52.78,28
E01005205,1.69,4
E01005205,2.33,26
E01005205,51.23,29
E01005206,2.41,4
E01005206,2.64,26
E01005203,1.7,4
E01005203,2.26,25
E01005203,52.37,28
E01005203,1.14,4
E01005203,2.06,25
E01005203,50.78,29
E01005203,1.4,4
E01005203,1.2,25
E01005203,54.54,27
E01005203,0.67,4
E01005203,0,25
E01033676,55.28,27
E01033676,0.87,4
E01033676,0.52,25
E01004959,48.24,31
E01005024,51.35,29
E01004959,-0.12,5
E01004959,3.62,18
E01005024,47,32
E01005024,3.56,17
E01005024,0.06,4
E01005024,52.87,28
E01005024,3.43,17
E01005024,24.32,32
E01004959,46.76,32
E01004959,46.66,32
E01004959,0.35,5
E01004959,4.01,20
E01004959,0.07,5
E01004959,3.91,20
E01004959,0.71,5
E01004959,4.03,19
E01005515,0.46,5
E01005515,1.07,22
E01005501,44.93,32
E01005529,51.84,29
E01005514,0.81,5
E01005514,2.92,21
E01005549,52.69,28
E01005539,51.45,29
E01005539,55.06,27
E01005549,2.22,4
E01005549,2.71,25
E01005514,44,34
E01005514,46.66,32
E01005515,45.03,33
E01005515,0.13,5
E01005515,0.9,22
E01005515,44.9,33
E01005508,45.12,32
E01005508,1.34,5
E01005508,2.62,23
E01005507,0.82,5
E01005507,2.62,23
E01005507,43.93,33
E01005506,1.35,5
E01005506,2.5,23
E01005506,45.09,32
E01005501,0.7,5
E01005501,2.34,23
E01005501,44.67,32
E01005501,0.9,5
E01005501,2.64,23
E01005501,46.16,31
E01005501,0.96,5
E01005501,3.26,23
E01005507,45.17,32
E01005506,1.37,5
E01005506,3.12,23
E01005506,0.73,5
E01005506,3.39,23
E01005506,45.52,32
E01005508,45.46,32
E01005508,1.07,5
E01005508,2.97,23
E01005526,45.99,32
E01005526,0.32,5
E01005526,2.32,23
E01005528,46.19,32
E01005528,0.78,5
E01005528,2.94,23
E01005539,2.93,5
E01005539,3.94,25
E01005524,52.87,28
E01005529,49.87,30
E01005529,0.59,5
E01005529,3.72,25
E01005527,1.01,5
E01005527,3.26,24
E01005551,49.68,30
E01005551,1.47,5
E01005551,3.25,24
E01005554,49.35,30
E01005551,0.85,5
E01005551,3.3,24
E01005551,49.55,30
E01005551,1.4,5
E01005551,3.28,24
E01005527,48.53,31
E01005527,0.58,5
E01005527,3.38,23
E01005527,48.56,31
E01005527,0.85,5
E01005527,3.4,23
E01005527,48.12,31
E01005526,1.26,5
E01005526,3.34,23
E01005526,46.54,32
E01005526,0.73,5
E01005526,3.05,23
E01005526,46.57,32
E01005526,0.37,5
E01005526,2.97,23
E01005526,46.39,32
E01005514,0.7,5
E01005514,2.55,21
E01005514,43.75,34
E01005514,0.27,5
E01005514,3.01,21
E01005509,0.13,5
E01005509,1.39,22
E01005501,47.91,31
E01005509,46.15,32
E01005509,0.05,5
E01005509,1.33,22
E01005509,46.52,32
E01005509,0.5,5
E01005509,0.84,22
E01004957,46.62,32
E01004957,0.9,5
E01004957,3.52,21
E01005501,-0.02,5
E01005501,1.42,23
E01005509,50.02,29
E01005514,43.09,35
E01005514,0.46,5
E01005514,2.38,21
E01005514,43.25,34
E01005514,0.19,5
E01005514,2.34,22
E01005514,43.77,34
E01005514,0.34,5
E01005514,2.42,22
E01005514,43.72,34
E01005514,1.17,5
E01005514,1.86,22
E01005513,43.81,34
E01005513,0.58,5
E01005513,2.21,22
E01005513,43.82,34
E01005513,0.77,5
E01005513,1.57,22
E01005515,43.91,34
E01005515,0.58,5
E01005515,1.13,22
E01005539,-0.17,21
E01005539,2.16,4
E01005539,2.6,25
E01005544,2.22,4
E01005544,2.46,25
E01005549,50.61,29
E01005549,1.37,4
E01005549,2.17,25
E01005533,50.02,29
E01005548,1.8,4
E01005548,2.57,25
E01005548,49.86,29
E01005548,2.45,4
E01005548,3,25
E01005548,50.77,28
E01005508,0.59,5
E01005508,2.71,23
E01005508,46.1,32
E01004823,3.05,10
E01033220,0.51,8
E01004929,-2.71,8
E01004785,3.79,12
E01004790,6.77,7
E01004792,3.09,12
E01004791,-3.37,9
E01004791,8.11,9
E01004791,8.2,9
E01004791,0.44,8
E01004791,1.52,9
E01004791,11.41,9
E01004792,9.39,9
E01004792,0.42,9
E01004792,2.32,11
E01004792,8.25,12
E01004792,5.89,12
E01004785,4.28,12
E01004792,5.26,12
E01004929,22.67,9
E01004790,15.53,9
E01004790,-8.11,9
E01004790,9.79,6
E01004790,-3.67,5
E01004785,3.73,12
E01004792,3.64,12
E01004785,3.04,12
E01004785,3.65,12
E01004786,3.6,12
E01004792,3.3,12
E01004790,-9.57,9
E01004790,7.24,9
E01004791,-5.15,11
E01004791,9.45,9
E01004823,3.07,10
E01033217,3.24,9
E01033217,2.91,9
E01033217,1.37,3
E01033217,3.27,10
E01033217,4.12,10
E01004848,1.91,9
E01004927,-20.17,8
E01033220,-20.29,7
E01033220,1.64,8
E01033220,-12.09,5
E01033220,20.95,5
E01004927,-15.35,10
E01004928,13.31,8
E01004928,-5.16,10
E01033220,3.08,4
E01033220,1.95,9
E01004928,11.43,10
E01033220,-14.11,6
E01033220,9.41,12
E01004927,8.19,9
E01004894,2.03,11
E01004894,1.58,11
E01004894,-0.32,10
E01004897,-10.61,11
E01004849,-16.67,11
E01004835,-9.94,10
E01033218,5.6,6
E01004836,-13.89,9
E01004836,22.62,9
E01004835,20.95,9
E01004835,-12.81,10
E01004835,22.58,10
E01004835,18.27,12
E01004835,-15.83,7
E01004849,14.79,9
E01004849,34.03,9
E01004849,-20.53,9
E01004850,27.52,8
E01004850,-25.31,9
E01004850,-19.79,8
E01004850,27,8
E01004838,-14.4,7
E01004827,33.46,10
E01004827,-11.66,9
E01004834,30.05,8
E01004834,-17.82,10
E01004834,24.18,10
E01004838,-19.43,7
E01004838,24.92,10
E01004838,-20.03,9
E01004838,32.8,6
E01004901,8.21,12
E01033218,4.43,12
E01004776,3.86,12
E01004901,-0.33,7
E01033218,5.67,7
E01033218,-8.94,6
E01033219,13.13,12
E01033219,-10.56,6
E01033219,17.47,12
E01033219,-11.34,5
E01033219,15.3,9
E01033219,-8.42,6
E01033219,11.96,8
E01033219,-9.06,8
E01033219,15.01,7
E01033219,-8.72,7
E01004897,13.84,11
E01004897,16.94,11
E01004897,-9.53,11
E01004897,18.7,11
E01004897,-16.06,10
E01004836,-9.03,8
E01004836,30.08,9
E01004836,27.37,10
E01004836,-8.55,10
E01004939,3.58,12
E01004936,3.34,12
E01004894,2.24,11
E01004936,3.53,12
E01004936,3.69,12
E01004936,3.77,12
E01004776,4.12,12
E01004776,3.64,12
E01004823,1.67,6
E01033220,5,6
E01033220,15.27,9
E01033220,-5.81,8
E01004795,5.13,10
E01004795,5.23,10
E01004787,3.38,11
E01004793,3.71,10
E01004818,6.91,10
E01004796,5.42,11
E01004796,5.19,11
E01004931,5.58,12
E01004932,3.48,11
E01004796,5.24,10
E01004793,4.73,10
E01004785,5.07,10
E01004787,3.77,11
E01004787,4.44,11
E01004787,3.67,11
E01004787,3.94,11
E01004794,2.89,9
E01004930,2.72,9
E01004823,2,7
E01033217,2,6
E01033217,1.25,4
E01033217,5.31,5
E01033217,2.5,8
E01033217,5.08,6
E01004848,2.16,8
E01004928,2.72,9
E01004928,2.11,10
E01004931,2.41,10
E01004931,2.22,10
E01004932,3.97,10
E01004932,-8.67,10
E01004932,-13.58,9
E01033220,6.87,9
E01033220,15.48,8
E01033220,-13.92,10
E01004795,4.99,10
E01004823,4.03,8
E01033220,7.99,8
E01033220,26.32,9
E01033220,-4.97,11
E01004793,5.18,13
E01004793,4.9,13
E01004793,4.18,13
E01004794,5.12,12
E01004787,5.02,13
E01004796,5.34,13
E01004796,5.49,13
E01004796,5.47,13
E01004931,6.43,13
E01004932,8.73,13
E01004796,5.5,13
E01004785,4.9,13
E01004787,4.52,13
E01004787,5.11,13
E01004787,5.11,13
E01004794,5.32,12
E01004930,4.19,11
E01004823,4.11,11
E01033217,2.28,7
E01033217,1.84,6
E01033217,3.69,3
E01033217,3.75,12
E01033217,9.85,7
E01004848,2.37,10
E01004928,4.9,13
E01004928,4.61,13
E01004928,3.84,13
E01004931,4.07,13
E01004931,2.83,13
E01004932,-10.97,12
E01004932,-10.84,13
E01033220,9.7,13
E01033220,20.04,10
E01033220,-5.91,12
E01004795,4.87,13
E01004795,5.25,13
E01004823,0.44,1
E01004886,0.21,18
E01004780,1.73,15
E01004780,1.17,17
E01033217,2.31,14
E01004783,1.19,17
E01004783,1.91,15
E01033217,1.84,12
E01004870,1.71,19
E01004779,2.56,14
E01004823,0.65,1
E01004777,-0.73,17
E01004823,-0.89,1
E01033217,1.66,12
E01004817,1.64,4
E01004870,2.36,14
E01004870,1.86,19
E01004870,1.65,14
E01004870,1.87,19
E01004868,0.56,13
E01004868,1.85,19
E01004845,2.08,13
E01004845,1.9,19
E01004845,2.56,13
E01004845,1.57,19
E01004845,2.48,13
E01004837,1.95,19
E01004837,3.31,14
E01004837,1.88,19
E01004837,3.2,14
E01004837,2.36,19
E01004837,3.16,14
E01004837,2.96,14
E01004837,2.13,19
E01004837,2.63,14
E01004837,2.44,18
E01004837,3.05,14
E01004844,2.37,18
E01004844,2.4,18
E01004844,2.71,14
E01004844,2.77,18
E01004844,2.52,14
E01004844,2.74,18
E01004844,2.5,14
E01004844,2.65,18
E01004775,2.61,14
E01004775,3.26,18
E01004775,3.24,14
E01004775,2.73,18
E01004775,2.72,14
E01004885,2.94,14
E01004885,2.8,18
E01004885,2.36,14
E01004823,2.74,10
E01004823,2.28,12
E01004777,3.06,14
E01004779,-1.14,17
E01004780,-0.84,17
E01004780,2.67,14
E01004780,-0.43,17
E01004881,1.74,14
E01004881,-0.41,17
E01004881,2.15,14
E01004890,0.94,17
E01004890,2.15,14
E01004890,0.87,18
E01004777,1.99,14
E01004781,0.92,18
E01004781,1.56,14
E01004883,0.6,18
E01004883,2.18,13
E01004883,0.69,18
E01004883,2.51,14
E01004883,0.51,18
E01004886,2.77,14
E01004886,0.35,18
E01004886,2.68,14
E01004886,1.3,18
E01004887,3.06,14
E01004886,1.7,18
E01004778,1.04,17
E01004778,1.65,15
E01004782,2.65,15
E01004782,0.83,17
E01004780,2.28,14
E01004780,1.29,17
E01004783,2.74,14
E01004780,1.16,17
E01004783,2.46,14
E01004783,1.07,17
E01004783,2.44,14
E01004783,1.2,17
E01004783,2.35,14
E01004783,1.56,17
E01004783,1.47,17
E01004783,1.89,14
E01004783,1.53,17
E01004783,1.61,17
E01004783,1.57,14
E01004779,2.84,14
E01004781,2.99,14
E01004781,2.83,18
E01006370,2.66,12
E01006369,1.66,16
E01006370,2.61,15
E01006235,1.74,15
E01006392,4.28,16
E01006392,3.22,16
E01006386,4.26,16
E01006386,2.25,16
E01006391,3.84,16
E01006388,3.39,16
E01006391,3.4,16
E01006390,4.18,16
E01006231,2.29,17
E01006390,2.98,16
E01006387,4.26,16
E01006234,0.98,15
E01006231,2.19,17
E01006391,2.4,16
E01006234,2.55,17
E01006235,1.72,16
E01006235,1.16,15
E01006231,2.2,16
E01006235,1.83,15
E01006235,0.76,16
E01006235,1.41,15
E01006235,1.64,16
E01006236,1.42,15
E01006235,1.92,15
E01006236,2.62,16
E01006236,1.82,15
E01006236,1.46,15
E01006236,3.23,16
E01006388,1.46,15
E01006388,3.43,16
E01006236,1.57,15
E01006231,1.29,15
E01006231,2.12,16
E01006234,1.15,15
E01006234,1.11,15
E01006388,1.64,15
E01006391,2.08,15
E01006387,3.43,16
E01006370,1.4,16
E01004817,-1.52,1
E01004929,2.33,1
E01004818,-0.77,1
E01004818,-1.5,1
E01004848,-0.55,1
E01004896,-0.98,1
E01004896,-1.87,1
E01004790,1.3,1
E01004848,-0.99,1
E01004892,-2.91,1
E01004833,0.02,1
E01004892,-2.18,1
E01004927,1.02,1
E01004927,0.74,1
E01004928,2.25,1
E01004928,0.44,1
E01004928,0.77,1
E01004928,0.4,1
E01004931,-0.28,1
E01004931,-0.76,1
E01004932,-0.38,1
E01004932,-0.68,1
E01004892,-1.7,1
E01004896,-2.4,1
E01004892,-2.24,1
E01004872,-2.11,1
E01004873,-1.87,1
E01004880,-2.43,1
E01004816,-1.88,1
E01004815,-1.78,1
E01004816,-1.26,1
E01004816,-2.41,1
E01004848,-1.45,1
E01004817,-1.5,1
E01004817,-1.78,1
E01004811,-1.53,1
E01006242,0.13,1
E01006242,0.61,1
E01006290,-0.51,1
E01006290,0.65,1
E01006289,1.04,1
E01006291,0.48,1
E01006291,0.24,1
E01006291,1.39,1
E01006244,0.52,1
E01006244,1.18,1
E01006245,-0.42,1
E01006245,0.05,1
E01006245,-1.23,1
E01006337,-1.67,1
E01006337,-2.26,1
E01006338,-2.81,1
E01006334,-3.3,1
E01006334,-2.97,1
E01006334,-3.27,1
E01006240,-4.7,1
E01006240,-5.91,1
E01006240,-6.1,1
E01006289,-6.36,1
E01006240,-4.6,1
E01004848,-4.28,21
E01004848,6.54,22
E01004823,3.81,23
E01004823,0.49,21
E01004823,-0.85,21
E01004848,3.2,23
E01004857,2.46,20
E01033217,0.69,23
E01004880,1.1,21
E01004848,2.52,20
E01004860,2.24,24
E01004823,0.52,20
E01004823,3.42,23
E01004823,0.95,20
E01004866,4.05,23
E01004875,3.19,20
E01004874,-1.07,21
E01004880,3.65,22
E01004823,0.35,21
E01004920,0.92,21
E01004874,3.44,21
E01004857,2.54,20
E01004840,1.25,20
E01004840,3.62,23
E01004840,1.77,16
E01004840,3.32,23
E01004840,1.98,16
E01004841,3.44,23
E01004841,1.51,14
E01004841,3.64,20
E01004841,3.26,20
E01004841,3.33,15
E01004841,1.53,13
E01004855,2.38,19
E01004848,-2.56,22
E01004848,3.14,22
E01004826,0.9,20
E01004826,3.94,23
E01004820,0.94,20
E01004820,3.76,23
E01004867,4.09,23
E01004867,0.82,21
E01004866,0.38,20
E01004866,3.8,23
E01004867,0.68,20
E01004867,4.33,23
E01004925,4.14,24
E01004925,0.88,21
E01004921,4.17,24
E01004921,0.46,21
E01004919,1.27,21
E01004919,3.85,24
E01004919,3.72,24
E01004919,0.91,21
E01004919,4.02,24
E01004919,1.38,21
E01004823,-1.34,21
E01033217,1.82,23
E01004817,-8.47,21
E01033217,-1.23,21
E01004823,0.1,21
E01004823,2.75,23
E01004848,-2.33,20
E01004919,4.28,24
E01004919,0.92,21
E01004920,3.47,24
E01004919,0.95,21
E01004920,3.69,23
E01004920,1.28,21
E01004920,3.69,24
E01004858,0.62,19
E01004858,2.29,24
E01004858,1.05,17
E01004860,2.26,24
E01004860,1.21,9
E01004875,2.98,22
E01004875,-0.72,21
E01004875,-0.7,21
E01004875,3.79,21
E01004874,-1.22,21
E01004833,3.17,21
E01004874,-0.91,21
E01004874,-0.62,21
E01004874,3.33,24
E01004875,-0.44,21
E01004874,3.42,24
E01004875,-0.36,20
E01004874,3.16,24
E01004875,-0.38,20
E01004875,3.24,24
E01004875,-0.25,20
E01004872,0,20
E01004872,2.56,24
E01004872,0.17,20
E01004872,2.87,24
E01004872,0.45,20
E01004862,2.38,24
E01004880,3.08,23
E01004875,3.21,22
E01004875,3.39,22
E01004875,0.99,21
E01004875,0.83,21
E01004816,2.81,23
E01004816,0.76,21
E01004816,3.73,23
E01004816,-0.44,21
E01004812,3.49,23
E01004812,-0.79,21
E01004812,3.68,23
E01004812,-1.4,22
E01004816,-0.19,21
E01004816,3.42,23
E01004816,3.75,23
E01004848,3.41,23
E01004848,-2.52,22
E01004817,-2.52,22
E01004817,3.14,23
E01004817,3.52,23
E01004811,-1.96,22
E01004811,-1.73,22
E01005005,2.09,6
E01005005,4.09,8
E01005005,2.61,6
E01005005,3.59,8
E01004950,1.52,6
E01005053,1.6,6
E01005006,3,7
E01004962,2.47,5
E01004962,0.01,6
E01005027,0.69,4
E01005027,2.54,3
E01005027,-0.13,6
E01005027,0.13,6
E01004962,2.25,5
E01004963,0.27,6
E01004963,0.87,6
E01004963,2.71,5
E01004963,1.3,6
E01004963,3.2,7
E01004963,2.87,7
E01005053,1.54,6
E01004963,1.96,7
E01005006,3.63,7
E01005006,1.28,6
E01005006,3.39,7
E01005006,1.42,6
E01005006,3.68,7
E01005006,2.01,6
E01005006,3.57,7
E01005005,1.89,6
E01005005,3.24,7
E01005005,1.75,6
E01005005,3.59,7
E01005005,2.03,6
E01004950,2.86,7
E01004950,1.89,6
E01004950,2.81,7
E01004950,2.1,6
E01004963,2.78,7
E01005053,1.91,6
E01004962,2.32,4
E01004817,-0.28,5
E01004848,1.97,4
E01004798,1.27,4
E01004787,5.19,8
E01004787,5.01,8
E01004787,0.92,4
E01004795,1.46,6
E01004798,1.58,4
E01004798,4.57,8
E01004796,0.97,4
E01004796,4.14,8
E01004793,0.9,4
E01004796,4.74,8
E01004796,4.63,8
E01004796,0.67,4
E01004796,4.95,8
E01004795,4.92,8
E01004785,3.03,6
E01004785,4.41,8
E01004787,2.19,6
E01004787,4.51,8
E01004787,2.78,6
E01004787,5.14,8
E01004787,5.15,8
E01004787,0.88,4
E01004787,1.33,5
E01004817,-0.78,3
E01004793,1.18,4
E01004793,5.04,8
E01004793,0.82,4
E01004793,5.21,8
E01004793,4.83,8
E01004793,1.18,4
E01004797,1.42,4
E01004797,4.79,8
E01004818,1.19,4
E01004818,-0.92,6
E01004819,-0.54,6
E01004819,1.69,4
E01004819,0.11,6
E01004819,1.13,4
E01004817,-0.02,6
E01004819,0.61,4
E01004819,1.03,4
E01004819,1.72,7
E01004819,2.44,7
E01004819,0.36,4
E01004917,2.58,7
E01004917,0.05,4
E01004917,-0.55,4
E01004917,-0.46,4
E01004917,3.08,7
E01004917,2.85,7
E01004801,2.91,7
E01004801,2.28,7
E01004801,0.29,3
E01004801,2.59,7
E01004796,1.01,4
E01004917,-0.7,4
E01004801,0.97,4
E01004798,2.95,7
E01004798,1.79,4
E01004798,2.81,7
E01004799,1.58,4
E01004798,3.81,8
E01004800,3.85,8
E01004800,1.38,4
E01004800,3.9,8
E01004800,1.53,4
E01004800,4.01,8
E01004800,1.26,4
E01004800,4.44,8
E01004800,1.62,4
E01005025,289.49,5
E01005011,0.8,2
E01005013,-1.32,4
E01005008,359.03,4
E01005008,-1.51,3
E01005012,3.67,5
E01004985,-0.99,4
E01004984,-2.11,4
E01004985,4.2,5
E01005010,-1.34,4
E01005009,1.53,5
E01005009,287.13,5
E01004994,287.43,5
E01004994,1.24,5
E01004991,0.76,5
E01004991,287.04,5
E01004992,287.52,5
E01004992,0.39,5
E01004991,287.66,5
E01004991,-0.35,5
E01004991,-0.97,5
E01004991,289.26,5
E01005030,288.93,5
E01005030,-1.37,4
E01005025,-1.9,4
E01005025,289.61,5
E01005025,-1.54,4
E01004984,0.44,4
E01004989,1.3,2
E01004989,3.33,5
E01005011,3.7,5
E01004989,3.03,5
E01004989,0.7,2
E01004989,1.03,4
E01004989,0.44,4
E01005011,-0.3,4
E01005011,-2.11,4
E01005011,-2.62,4
E01005010,287.58,5
E01004989,4.71,5
E01004989,0.62,2
E01004984,3.9,5
E01004989,3.03,5
E01004989,3.38,5
E01005011,3.13,5
E01005011,2.93,5
E01005011,4.35,5
E01005008,0.32,4
E01004989,1.19,2
E01005027,-0.76,3
E01005027,289.86,5
E01005027,2.93,3
E01005012,-1.36,4
E01004985,3.5,5
E01005013,4.09,5
E01005013,-1.55,4
E01005010,3.2,5
E01005010,3.51,5
E01005010,-0.61,4
E01005010,3.43,5
E01005010,-0.28,4
E01005010,0.26,4
E01005010,2.99,5
E01005010,-0.08,4
E01005010,2.52,5
E01005009,1.1,4
E01005009,-3.06,4
E01004984,4.23,5
E01004985,-1.88,4
E01004984,3.29,5
E01004984,-1.78,4
E01004910,2.27,5
E01004910,1.02,4
E01004906,2.66,3
E01004904,1.38,4
E01004904,2.82,5
E01004904,-0.31,4
E01004904,2.82,5
E01004904,-0.48,4
E01004904,2.02,5
E01004905,3.04,5
E01004905,2.45,5
E01004910,3.54,5
E01004903,2.93,5
E01004910,3.37,5
E01004910,2.83,5
E01004905,1.54,5
E01004906,1.53,5
E01004906,1.43,4
E01004906,1.48,4
E01004905,1.4,5
E01004910,0.33,5
E01004910,-0.03,5
E01004910,-0.48,5
E01004910,0.39,5
E01004906,1.55,4
E01004936,5.56,5
E01004886,2.81,5
E01004775,3.95,5
E01004775,2.18,5
E01004886,4.26,5
E01004887,2.27,4
E01004775,3.15,5
E01004781,2.35,4
E01004935,1.18,5
E01004935,7.36,5
E01004895,7.14,5
E01004939,1.19,6
E01004781,1.1,3
E01004781,3.62,5
E01004775,4.66,5
E01004775,1.5,3
E01004886,4.4,5
E01004886,4.55,5
E01004893,1.33,5
E01004887,4.12,5
E01004887,3.12,4
E01004882,2.89,4
E01004890,4.21,5
E01004890,2,4
E01004887,4.56,5
E01004886,3.21,4
E01004886,3.7,5
E01004883,2.79,5
E01004883,3.94,5
E01004883,2.74,5
E01004882,3.52,5
E01004886,2.16,4
E01004887,4.19,5
E01004887,3.26,4
E01004890,4.74,5
E01004890,2.13,4
E01004890,4.98,5
E01004881,0.62,3
E01004881,5.46,4
E01004881,0.74,3
E01004889,5.5,4
E01004889,5.78,4
E01004889,5.83,4
E01004889,5.89,4
E01004889,-2.64,3
E01004889,-0.75,3
E01004889,-0.24,3
E01004886,3.64,5
E01004886,3.55,5
E01004887,3.63,5
E01004939,0.85,6
E01004939,7.46,5
E01004938,7.49,5
E01004938,1.1,6
E01004938,0.84,6
E01004895,1.45,6
E01004895,7.36,5
E01004939,7.36,5
E01004939,1.22,6
E01004939,7.07,5
E01004939,2.22,6
E01004939,6.66,5
E01004938,1.61,5
E01004936,5.53,5
E01004936,5.31,5
E01004936,3.51,5
E01004936,5.26,5
E01004936,3.12,5
E01004936,5.13,5
E01004894,2.91,5
E01004776,5.25,5
E01004776,3.42,5
E01004776,5.35,5
E01004776,3.63,5
E01004776,4.07,5
E01004775,4.48,5
E01004775,4.3,5
E01004775,3.95,5
E01004776,3.17,5
E01004776,4.49,5
E01004776,2.72,5
E01004776,3.78,5
E01004776,3.39,5
E01004776,4.45,5
E01004775,3.24,5
E01004775,3.38,5
E01004775,3.04,5
E01004775,3.88,5
E01004775,2.46,5
E01004775,3.82,5
E01004781,1.48,4
E01004781,1.58,4
E01004781,4.67,5
E01004886,4.56,5
E01004886,3.97,5
E01004886,2.37,5
E01004883,2.71,5
E01004883,3.39,5
E01004882,3.45,5
E01004895,1.2,5
E01004895,7.13,5
E01004894,7.93,5
E01004895,7.48,5
E01004781,6.67,5
E01004781,-2.28,2
E01006243,2.56,5
E01006242,5.39,5
E01006242,5.67,5
E01006243,5.12,5
E01006244,5.2,5
E01006244,0.71,5
E01006244,6.14,5
E01006242,5.48,5
E01006245,1.38,5
E01006242,0.35,5
E01006242,0.83,5
E01006245,0.78,5
E01006245,5.31,5
E01006245,0.88,5
E01006245,5.17,5
E01006245,4.9,5
E01006245,1.28,5
E01006337,1.23,5
E01006337,4.34,5
E01006337,3.84,5
E01006337,1.79,5
E01006337,2.45,5
E01006338,3.9,5
E01006338,2.39,5
E01006334,2.49,6
E01006338,1.9,5
E01006334,2.15,5
E01006334,2.33,6
E01006334,2.34,6
E01006328,2.13,5
E01006328,4.53,3
E01006333,1.89,4
E01006245,5.42,5
E01006245,1.41,5
E01006243,1.76,5
E01006243,5.43,5
E01006243,2.37,5
E01006243,5.59,5
E01006242,5.81,5
E01006242,2.02,5
E01004933,1.72,5
E01004933,5.9,5
E01004814,-3.78,2
E01004857,-4.05,2
E01004776,3.68,2
E01004776,3.88,2
E01004880,1.93,7
E01004880,7.46,2
E01004893,1.52,7
E01004893,9.42,2
E01004893,2.17,6
E01004893,0.19,3
E01004875,2.82,6
E01004875,-0.38,2
E01004916,-0.25,2
E01004916,5.17,1
E01004874,0.48,7
E01004874,6.69,3
E01004775,3.7,2
E01004833,-0.77,7
E01004833,2.04,2
E01004863,1.67,6
E01004863,0.33,1
E01004863,1.38,6
E01004863,0.25,1
E01004863,2.39,7
E01004863,5.38,2
E01004863,1.28,6
E01004863,0.85,1
E01004861,1.33,6
E01004861,1.15,1
E01004872,1.7,7
E01004872,6.66,2
E01004872,1.7,6
E01004872,-0.3,2
E01004872,1.71,7
E01004872,6.3,2
E01004863,1.41,7
E01004863,5.4,2
E01004861,1.01,6
E01004861,0.44,2
E01004861,2.39,7
E01004861,5.86,2
E01004861,1.57,6
E01004861,0.47,2
E01004780,4.42,2
E01004874,3,6
E01004874,-0.63,1
E01004863,2.19,7
E01004863,4.96,2
E01004859,1.35,3
E01004859,0.08,1
E01004859,2.19,6
E01004859,5.04,2
E01004855,-4.6,2
E01004863,2.41,7
E01004863,5.66,2
E01004916,3.4,1
E01004916,-0.01,2
E01004916,4.49,1
E01004911,-0.29,2
E01004911,5.14,1
E01004911,4.54,2
E01004911,5.46,1
E01004911,-1.44,2
E01004911,0.35,1
E01004911,4.71,1
E01004911,-2.06,2
E01004911,-1.75,2
E01004911,4.49,1
E01004912,-1.8,2
E01004912,4.53,1
E01004833,-1.78,7
E01004833,2.56,4
E01004833,3.51,3
E01004833,-0.37,1
E01004833,1.52,7
E01004833,2.29,5
E01004833,9.7,3
E01004833,-1.6,3
E01004833,0.76,7
E01004833,2.42,4
E01004833,6.81,3
E01004833,0,2
E01004833,6,4
E01004833,7.75,1
E01004939,2.22,1
E01004939,0.51,1
E01004939,7.21,2
E01004939,2.16,4
E01004938,0.17,2
E01004936,-1.43,2
E01004936,7.26,2
E01004936,1.2,5
E01004833,1.41,7
E01004833,6.47,3
E01004833,2.71,4
E01004833,-1.7,1
E01004833,2.18,7
E01004833,8.13,3
E01004833,2.73,4
E01004833,-0.33,1
E01004833,2.68,7
E01004833,8.87,3
E01004833,2.8,4
E01004833,-0.75,1
E01004833,1.12,7
E01004833,6.87,3
E01004783,3.85,1
E01004780,0.15,1
E01004783,4.66,2
E01004783,0.76,1
E01004783,4.6,2
E01004783,0.36,1
E01004783,4.46,2
E01004783,1.09,1
E01004783,0.82,1
E01004783,3.96,2
E01004892,2.8,5
E01004892,0.31,2
E01004892,1.1,7
E01004892,5.97,3
E01004892,3.14,5
E01004892,0.82,3
E01004892,1.78,7
E01004892,6.66,3
E01004892,1.42,7
E01004892,6.19,3
E01004892,3.42,5
E01004892,0.15,3
E01004892,2.65,5
E01004892,-0.25,3
E01004892,2.07,7
E01004892,6.72,3
E01004892,1.82,7
E01004892,6.82,3
E01004892,3.09,5
E01004892,-0.73,3
E01004891,2.16,6
E01004891,-1.01,3
E01004891,2.26,7
E01004891,7.12,3
E01004891,2.21,7
E01004891,9.1,2
E01004891,2.58,6
E01004891,0.03,3
E01004893,2.32,6
E01004893,0.54,3
E01004893,1.7,7
E01004893,9.41,2
E01004893,2.01,7
E01004893,9,2
E01004893,2.6,6
E01004893,0.22,3
E01004894,-0.28,2
E01004894,1.37,7
E01004894,9.34,2
E01004936,7.18,2
E01004936,2.69,1
E01004936,6.98,2
E01004936,2.13,1
E01004936,7.24,2
E01004894,1.8,1
E01004776,6.52,2
E01004776,2.23,1
E01004776,6.52,2
E01004776,3.06,2
E01004776,3.7,2
E01004775,5.3,2
E01004775,4.39,2
E01004775,5.1,2
E01004776,4.86,2
E01004776,4,2
E01004776,4.47,2
E01004776,3.43,2
E01004775,3.39,2
E01004776,4.06,2
E01004775,4.86,2
E01004775,4.25,2
E01004775,4.83,2
E01004859,-0.04,1
E01004859,5.29,1
E01004857,5.27,1
E01004857,5.92,1
E01004902,1.78,6
E01004902,1.29,1
E01004902,1.64,6
E01004902,1.62,1
E01005702,1.89,7
E01005702,4.6,2
E01005702,2.29,7
E01005702,5.24,2
E01004863,1.29,6
E01004863,1.23,1
E01004902,1.34,6
E01004902,1.73,1
E01004902,2.18,7
E01004902,5.25,2
E01004902,1.75,6
E01004902,1.24,1
E01004902,1.94,7
E01004902,5.05,2
E01004902,1.75,6
E01004902,1.78,1
E01004875,1.89,6
E01004875,0.06,2
E01004875,0.73,7
E01004875,5.85,3
E01004875,1.33,7
E01004875,6.64,3
E01004875,2.49,6
E01004875,-0.16,1
E01004874,0.65,7
E01004874,6.05,3
E01004872,1.62,6
E01004872,-0.57,2
E01004872,2.08,6
E01004872,-0.2,2
E01004872,1.87,6
E01004872,0.82,2
E01004872,1.42,7
E01004872,7.46,2
E01004873,1.57,7
E01004873,7.1,2
E01004880,1.92,6
E01004880,-0.03,2
E01004875,1.78,6
E01004875,-0.15,2
E01004875,2.18,6
E01004875,-0.56,2
E01004875,1.38,7
E01004875,6.22,3
E01004875,1.74,7
E01004875,5.91,3
E01004814,-3.93,2
E01004814,5.04,1
E01004814,-4.4,2
E01004855,-4.22,2
E01004855,4.63,1
E01004855,5.21,1
E01004912,-3.72,2
E01004833,0.6,7
E01004833,2.5,4
E01004833,6.66,3
E01004833,-0.72,2
E01004782,0.12,1
E01004823,-1.15,3
E01004823,-0.59,3
E01033220,1.47,3
E01033220,1.81,4
E01033220,-1.6,3
E01033220,2.49,3
E01004802,0.59,4
E01004929,0.38,4
E01004802,2.86,4
E01004802,1.08,4
E01004818,1.96,4
E01004820,-0.49,3
E01004820,2.49,3
E01004865,1.84,3
E01004865,3.71,2
E01004865,1.31,3
E01004865,3.5,2
E01004930,1.08,4
E01004926,1.42,4
E01004929,0.95,4
E01004929,0.61,4
E01004766,1.2,3
E01004766,-0.28,1
E01004864,0.62,3
E01004864,-0.63,1
E01004864,1.07,3
E01004864,-2.17,1
E01004924,0.44,3
E01004924,-3.6,1
E01004924,2.03,3
E01004924,2.84,1
E01004924,0.73,3
E01004924,-0.44,1
E01004924,1.66,3
E01004924,1.42,1
E01004924,1.68,3
E01004924,0.12,1
E01004924,0.68,3
E01004924,-0.88,1
E01004823,-1.45,3
E01004823,1.68,2
E01033217,-0.62,3
E01033217,1.39,2
E01033217,0.74,1
E01004864,0.72,3
E01004864,-1.59,1
E01033217,2.73,3
E01004848,-2.49,2
E01004848,-1.92,1
E01004802,0.22,3
E01004767,1.18,3
E01004767,-2.47,1
E01004927,1.83,3
E01004927,-1.93,1
E01004767,0.78,3
E01004767,-3.67,1
E01004767,1.42,3
E01004767,-3.11,1
E01004767,0.38,3
E01004767,-4.34,1
E01004928,1.25,4
E01004928,0.78,4
E01004931,1.3,4
E01004931,1.9,4
E01004932,0.76,5
E01033220,1.27,4
E01033220,2.06,4
E01033220,-1.25,3
E01033220,2.44,3
E01004865,0.7,3
E01004865,3.17,2
E01004826,0.1,3
E01004826,3.26,2
E01004826,0.47,3
E01004826,2.95,3
E01004820,-0.04,3
E01004820,2.7,3
E01004929,-4.69,1
E01004802,-0.72,1
E01004802,-1.07,1
E01004823,0.23,13
E01004772,1.05,13
E01033220,0.76,14
E01004773,1.25,13
E01004822,0.7,15
E01004774,0.4,12
E01004766,1.87,13
E01004808,1.71,13
E01004774,0.68,13
E01004774,1.34,12
E01004774,0.76,14
E01004774,1.19,12
E01004772,0.89,12
E01004772,1.27,11
E01004772,1.59,10
E01033217,0.6,13
E01033217,0.44,12
E01004774,0.9,12
E01004774,0.91,13
E01004848,-0.21,10
E01004808,0.9,12
E01004766,0.73,12
E01004766,0.69,12
E01004824,1.55,15
E01004824,0.97,12
E01004824,1.5,16
E01004824,0.95,13
E01004822,1.51,16
E01004822,1.12,12
E01033220,0.18,14
E01033220,1.76,12
E01033220,1.5,12
E01004824,0.83,6
E01004824,0.99,7
E01033220,2.3,1
E01033220,-0.81,7
E01004773,-1.45,7
E01004773,2.43,7
E01004766,1.39,7
E01004808,0.62,7
E01004774,-1.81,7
E01004771,0.77,7
E01004769,1.77,7
E01004769,0.35,7
E01004770,0.88,7
E01004769,0.16,7
E01004770,2.43,7
E01004770,-0.29,7
E01004770,2.88,7
E01004770,2.15,7
E01004770,-1.28,7
E01004773,2.13,7
E01004771,0.96,4
E01004771,0.19,1
E01033217,3.15,6
E01004808,2.53,7
E01004766,2.09,7
E01004766,1.5,7
E01033220,2.64,1
E01033220,-0.83,7
E01033220,3.65,6
E01033220,3.09,6
E01004770,-0.31,7
E01004770,2.17,7
E01004823,1.72,1
E01004823,-1.35,10
E01033220,10.57,11
E01004929,-9.67,10
E01004806,-3.64,11
E01004790,5.24,8
E01004929,12.43,10
E01004790,12.38,10
E01004790,-8.91,9
E01004790,8.33,8
E01004790,-9.52,7
E01004810,10.81,10
E01004810,-1.5,11
E01004810,-1.46,9
E01004790,9.15,9
E01004790,-5.01,8
E01004790,-1.58,9
E01004790,10.62,9
E01004823,2.33,1
E01004823,-0.66,10
E01033217,1.71,1
E01033217,-1.04,9
E01033217,1.7,1
E01033217,-1.57,8
E01033217,2.23,5
E01004807,2.81,12
E01004809,2.31,12
E01004806,2.03,12
E01033217,4.41,10
E01004848,2.13,1
E01004848,-1.58,10
E01004927,-8.01,11
E01033220,-21.94,9
E01033220,2.35,8
E01033220,-17.56,8
E01033220,16.05,8
E01004927,-7.67,6
E01004928,19.39,7
E01004928,-6.8,10
E01033220,0.76,1
E01033220,-1.21,4
E01033220,2.63,8
E01004928,18.86,9
E01033220,-12.22,8
E01033220,9.84,9
E01004927,17.73,11
E01004806,4.22,11
E01004805,2.03,12
E01004809,0.97,10
E01004809,1.48,12
E01004807,2.32,12
E01004805,0.58,10
E01004807,2.54,12
E01004805,2.07,12
E01004848,-13.18,9
E01004848,0.15,9
E01004848,2.68,10
E01004811,-0.37,11
E01004852,0.17,10
E01004811,1.1,11
E01004848,-6.64,4
E01004848,2.46,5
E01004846,0.94,10
E01004813,1,10
E01004815,1.74,10
E01004811,3.87,10
E01004848,-7.85,10
E01004848,6.84,7
E01004848,-8.78,9
E01004848,-7.85,5
E01004848,11.99,7
E01004852,0.18,10
E01004852,0.65,10
E01004854,0.82,10
E01004877,2.24,11
E01004877,0.99,11
E01004847,0.88,11
E01004846,1.52,11
E01004848,-9.22,10
E01004848,2.56,12
E01004848,8.24,10
E01004852,5.52,12
E01004846,3.54,12
E01004848,5.15,12
E01004811,6.11,12
E01004848,1.4,9
E01004848,6.83,8
E01004846,2.55,12
E01004813,2.37,12
E01004811,0.85,11
E01004848,-2.93,9
E01004848,11.95,9
E01004848,-5.01,8
E01004848,0.15,6
E01004848,13,8
E01004852,4.92,12
E01004852,4.63,12
E01004854,4.26,12
E01004877,4.12,12
E01004877,3.75,12
E01004847,4.17,12
E01004846,3.34,12
E01006288,3.65,5
E01006288,2.77,6
E01006295,2.62,4
E01006240,1.58,5
E01006282,3.66,6
E01006282,2,7
E01006281,3.17,6
E01006240,3.91,6
E01006241,1.88,6
E01006282,2.95,6
E01006282,0.74,7
E01006281,4.16,6
E01006281,2.45,7
E01006282,3.55,6
E01006282,1.75,7
E01006288,-0.1,4
E01006288,-0.12,5
E01006240,2.42,6
E01006281,2.76,6
E01006240,2.38,6
E01006287,2.1,6
E01006240,3.82,6
E01006282,4.95,6
E01006282,3.02,7
E01006287,3.24,5
E01006240,2.98,5
E01006240,2.67,5
E01006289,2.84,5
E01006241,3.61,6
E01006241,2.49,6
E01006241,3.15,6
E01006239,2.55,6
E01006240,2.19,6
E01006240,2.36,6
E01006289,2.35,6
E01006287,2.97,5
E01006287,1.41,6
E01006240,2.14,6
E01006240,2.51,6
E01006241,3.27,6
E01006241,1.98,6
E01006289,2.03,6
E01006289,2.7,5
E01006291,1.5,6
E01006291,2.63,5
E01006291,1.72,6
E01006291,-14.22,5
E01006291,2.41,7
E01006291,5.22,5
E01006244,1.4,4
E01006244,1.67,4
E01006244,2,4
E01006239,1.4,4
E01006239,13.18,6
E01006239,-5.49,6
E01006239,1.89,5
E01006239,-4.32,7
E01006240,1.35,5
E01006240,1.82,6
E01006244,2.47,6
E01006239,1.56,5
E01006239,3.04,6
E01006242,2.2,6
E01006245,2.17,5
E01006244,1.81,4
E01006244,0.85,7
E01006244,1.71,5
E01006244,2.04,7
E01006292,2.79,7
E01006292,2.16,5
E01006293,1,6
E01006293,3.19,3
E01006293,3.95,6
E01006295,-1.33,3
E01006295,-0.73,6
E01006293,6.92,2
E01006293,9.04,4
E01006288,6.15,4
E01006288,5.46,5
E01006288,2.94,5
E01006288,2.27,6
E01006288,2.74,5
E01006288,1.92,6
E01006288,2.3,5
E01006288,1.85,6
E01006288,1.24,5
E01006288,0.46,6
E01006288,4.55,5
E01006288,2.76,6
E01006288,1.02,5
E01006288,1.02,6
E01006288,4.24,5
E01006288,4.11,5
E01006295,0.19,5
E01006295,-0.9,5
E01006293,2.66,4
E01006294,3.08,2
E01006338,2.43,6
E01006334,2.96,6
E01006334,0.68,7
E01006334,0.4,7
E01006328,2.14,6
E01006328,1.11,3
E01006333,2.69,5
E01006334,1.25,7
E01006334,3.03,6
E01006336,1.21,7
E01006336,3.95,6
E01006283,1.35,7
E01006283,3.48,6
E01006282,1.7,7
E01006282,4.33,6
E01006282,1.73,7
E01006282,4.17,6
E01006282,3.59,6
E01006282,1.27,7
E01006282,4.18,6
E01006281,3.36,6
E01006281,2.46,6
E01006281,3.36,6
E01006245,1.78,6
E01006245,1.89,5
E01006243,2.31,6
E01006243,2.19,6
E01006281,3.4,6
E01006281,3.29,6
E01006281,2.65,6
E01006281,3.13,6
E01006243,3.1,6
E01006243,2.39,6
E01006241,3.02,6
E01006287,3.42,5
E01006287,2.15,6
E01006287,3.23,5
E01006239,1.66,5
E01006240,1.52,4
E01006239,2.4,6
E01006287,1.9,6
E01006239,2.67,6
E01006287,3.03,5
E01006287,1.36,6
E01006327,-5.52,5
E01006327,2.05,4
E01006327,3.36,4
E01006327,2.41,6
E01006327,-0.96,5
E01006327,3.62,6
E01006327,4.33,5
E01006328,0.7,1
E01006328,1.65,6
E01006328,-2.4,5
E01006328,-2.87,6
E01006326,-11.47,5
E01006324,10.33,5
E01006327,0.03,6
E01006327,-0.29,5
E01006327,1.71,5
E01006327,-0.89,4
E01006327,-0.62,6
E01006327,-5.93,6
E01006327,-7.52,4
E01006327,-5.74,5
E01006327,5.57,4
E01006327,-10.34,4
E01006327,9.2,5
E01006327,11.68,5
E01006327,-4.79,4
E01006325,10.51,4
E01006325,-12.56,4
E01006325,9.36,4
E01006325,11.94,4
E01006325,-10.51,5
E01006327,-18.61,1
E01006340,0.48,4
E01006303,2.02,3
E01006303,5.51,3
E01006303,-3.65,3
E01006327,9.75,3
E01006327,4.97,3
E01006328,1.67,4
E01006328,-3.52,4
E01006328,-4.31,4
E01006326,-11.4,4
E01006324,11.19,3
E01006327,-0.23,3
E01006327,-5.06,3
E01006327,12.96,2
E01006327,-13.43,3
E01006327,-0.38,1
E01006327,-0.65,1
E01006327,-8.1,3
E01006325,2.88,4
E01006325,-15.17,2
E01006325,6.18,3
E01006325,10.84,2
E01006325,-15.86,3
E01006340,-1.76,4
E01006303,-2.32,3
E01006303,-4.29,3
E01006303,6.67,3
E01006327,-8.48,4
E01006339,0.98,4
E01006339,0.32,4
E01006339,0.77,5
E01006339,0.16,5
E01006339,0.53,5
E01006369,-1.46,2
E01006370,2.65,2
E01006390,2.6,3
E01006390,0.42,4
E01006390,-0.26,1
E01006390,4.75,3
E01006390,1.71,4
E01006390,2.48,1
E01006390,1.72,3
E01006390,-0.77,4
E01006390,-0.58,1
E01006389,-0.31,2
E01006390,0.88,2
E01006392,3.45,4
E01006392,-0.73,3
E01006386,3.35,4
E01006386,-1.56,3
E01006391,3,2
E01006391,0.25,1
E01006388,2.78,2
E01006388,0.08,1
E01006391,3.75,2
E01006391,0.03,1
E01006392,-0.1,3
E01006392,5.31,3
E01006388,0.49,1
E01006388,0.53,1
E01006388,1.07,3
E01006388,1.98,4
E01006388,1.2,4
E01006390,0.27,2
E01006390,5.59,3
E01006390,0.96,2
E01006390,-1.29,4
E01006390,0.46,1
E01006391,1.78,5
E01006388,1.81,4
E01006392,4.38,4
E01006388,7,1
E01006388,1.24,1
E01006388,2.06,4
E01006391,1.5,5
E01006390,5.96,2
E01006390,2.2,4
E01006390,4.46,1
E01006390,1.83,4
E01006390,2.58,3
E01006390,0.46,4
E01006390,-0.14,1
E01006370,-2,2
E01006391,1.3,4
E01006388,1.87,3
E01006388,2.11,3
E01006391,0.53,4
E01006391,0.89,4
E01006391,0.36,5
E01006321,2.26,8
E01006370,-5.38,5
E01006370,-4.94,3
E01006369,21.21,5
E01006321,6.31,11
E01006320,3.51,8
E01006314,10.36,8
E01006320,3.51,8
E01006321,12.07,5
E01006318,13.76,11
E01006318,-7.92,5
E01006318,2.8,2
E01006318,10.4,8
E01006318,14.49,14
E01006312,-16.24,5
E01006312,-5.61,3
E01006312,4.06,11
E01006312,-15.28,3
E01006312,-14.86,2
E01006314,8.64,8
E01006314,-5.3,5
E01006314,-11.13,3
E01006314,-5.39,6
E01006314,-15.08,4
E01006314,5.62,12
E01006314,-2.88,6
E01006314,-13.57,4
E01006314,6.44,12
E01006314,0.55,4
E01006314,-9.42,3
E01006314,5.67,12
E01006321,-2.7,5
E01006321,-1.62,8
E01006321,-4.8,3
E01006320,5.18,9
E01006312,5.3,12
E01006312,-10.8,8
E01006312,-24.55,5
E01006312,7.9,6
E01006312,-10.14,8
E01006312,-24.4,5
E01006259,12.35,13
E01006259,-25.01,3
E01006259,-24.94,2
E01006259,-9.42,6
E01006259,-25.89,5
E01006259,15.28,13
E01006259,12.72,12
E01006259,-13.09,6
E01006259,-25.22,5
E01006259,15.06,12
E01006259,-15.77,4
E01006259,-32.88,3
E01006259,10.24,13
E01006259,-20.46,7
E01006259,-18.14,4
E01006256,-26.74,5
E01006256,-29.96,3
E01006256,17.53,9
E01006256,15.25,11
E01006256,-18.73,7
E01006256,-36.61,3
E01006256,-27.31,5
E01006256,-12.4,4
E01006256,13.41,10
E01006258,11.75,10
E01006258,-23.01,7
E01006258,-36.2,2
E01006257,25.74,14
E01006257,-17.49,6
E01006257,-7.78,5
E01006375,-19.9,4
E01006375,-19.77,3
E01006371,26.41,9
E01006371,34.44,6
E01006371,-22.82,6
E01006371,-13.06,2
E01006232,5.51,2
E01006357,4.2,2
E01006237,5.4,2
E01006237,4.85,2
E01006238,8.75,1
E01006238,8.02,1
E01006316,5.12,3
E01006319,5.25,3
E01006319,5.67,3
E01006229,4.86,3
E01006369,2.22,2
E01006320,7.52,3
E01006232,6.93,1
E01006233,7,1
E01006349,3.96,2
E01006372,6.13,1
E01006373,6.17,1
E01006372,6.84,1
E01006315,4.4,3
E01006316,4.91,3
E01006349,3.29,2
E01006359,5.75,2
E01006359,7.1,3
E01006358,6.51,3
E01006358,5.92,2
E01006399,5.49,2
E01006399,5.07,2
E01006358,6.99,3
E01006314,4.37,2
E01006314,4.58,2
E01006396,-0.14,1
E01006362,-0.01,1
E01006361,3.46,2
E01006349,2.7,2
E01006370,6.15,1
E01006372,6.38,1
E01006237,2.94,1
E01006349,1.46,2
E01006359,4.73,2
E01006359,4.6,2
E01006232,5.08,2
E01006315,4.91,3
E01006396,-0.34,1
E01006374,5.68,1
E01006374,6.11,1
E01006375,6.18,1
E01006370,6.43,1
E01006232,5.54,2
E01006237,6,2
E01006238,10.27,1
E01006238,4.99,2
E01006232,5.54,2
E01006316,5.43,2
E01006320,5.04,2
E01006318,5.13,2
E01006318,4.68,2
E01006314,5.19,2
E01006313,5.18,2
E01006372,7.98,1
E01006372,7.44,1
E01006372,6.83,1
E01006237,3.44,1
E01006317,4.01,2
E01006238,8.33,1
E01006238,4.41,2
E01006230,6.71,2
E01006396,-0.42,1
E01006229,5.26,2
E01006229,6.1,2
E01006238,3.68,2
E01006238,5.72,1
E01006315,-0.76,2
E01006316,-0.95,3
E01006398,1.77,4
E01006319,0.62,1
E01006316,1.14,1
E01006319,4.11,1
E01006369,3.42,2
E01006396,0.39,3
E01006320,6.14,1
E01006349,3.02,4
E01006229,5.66,1
E01006238,5.89,1
E01006373,1.66,2
E01006372,1.86,2
E01006359,1.4,3
E01006359,1.2,3
E01006358,0.5,3
E01006358,2.4,4
E01006358,2.1,4
E01006398,2.15,4
E01006398,1.74,4
E01006396,-0.73,2
E01006362,0.15,2
E01006396,0.62,3
E01006396,0.59,3
E01006396,1.3,3
E01006396,1.13,3
E01006360,1.44,4
E01006350,2.6,3
E01006361,2.51,3
E01006349,3.79,2
E01006317,3.28,2
E01006351,1.19,3
E01006359,1.2,3
E01006359,1.3,3
E01006313,-0.65,3
E01006316,1.68,1
E01006237,2.96,2
E01006237,1.74,2
E01006314,0.03,3
E01006314,0.19,3
E01006372,2.24,2
E01006349,3.68,3
E01006374,2.39,2
E01006375,1.46,2
E01006375,0.86,2
E01006370,0.76,2
E01006232,3.64,2
E01006237,3.22,2
E01006237,6.48,1
E01006238,6.38,1
E01006238,4.96,1
E01006372,4.2,2
E01006232,4.62,2
E01006232,4.25,2
E01006232,5.05,2
E01006316,-1.6,2
E01006316,-0.4,2
E01006316,-0.46,2
E01006320,0.34,3
E01006318,-0.02,3
E01006318,-1.72,3
E01006312,-0.99,3
E01006372,2.6,2
E01006372,3.2,2
E01006372,3.75,2
E01006317,5.46,1
E01006230,6.41,1
E01006229,6.13,1
E01006229,6.42,1
E01006229,6.3,1
E01006319,5.41,1
E01006237,3.65,2
E01006238,5.79,1
E01006333,25.8,1
E01006301,2.84,3
E01006301,2.3,3
E01006301,-0.24,3
E01006332,2.69,3
E01006332,1.46,2
E01006296,2.34,3
E01006296,-7.95,3
E01006296,3.1,3
E01006296,-0.33,2
E01006332,1.32,2
E01006332,1.58,3
E01006332,1.18,3
E01006298,-2.15,3
E01006298,4.19,2
E01006296,4.56,3
E01006296,-3.1,3
E01006296,15.74,1
E01006301,2.22,3
E01006300,1.61,3
E01006300,2.46,3
E01006300,0.27,3
E01006299,0.4,3
E01006299,6.16,3
E01006299,3.19,3
E01006333,2.45,1
E01004823,-0.68,8
E01004929,2.31,8
E01004803,1.82,2
E01004803,1.39,5
E01004790,3.6,8
E01004929,2.8,8
E01004790,2.64,8
E01004790,2.04,8
E01004790,3.03,8
E01004790,2.22,8
E01004806,3.32,8
E01004806,1.51,8
E01004806,2.92,8
E01004810,0.94,8
E01004790,2.9,8
E01004790,1.22,8
E01004790,1.36,8
E01004790,3.16,8
E01004823,0.1,8
E01033217,-0.22,8
E01033217,0.18,8
E01033217,-0.43,8
E01004804,1.69,6
E01004804,0.95,7
E01004804,3.57,8
E01004804,1.04,7
E01004804,3.29,8
E01004808,3.3,8
E01004808,1.06,7
E01004808,3.24,8
E01004808,3.5,8
E01004808,1.44,8
E01004807,1.21,8
E01004809,3.1,8
E01004809,3.48,8
E01004809,1.47,8
E01004806,1.29,8
E01004806,2.88,8
E01004848,-0.3,7
E01004927,1.61,8
E01033220,0.41,8
E01033220,2,6
E01033220,1.1,8
E01033220,0.96,8
E01004927,2.18,8
E01004928,2.01,8
E01004928,2.49,8
E01033220,0.25,8
E01033220,3.04,1
E01004928,2.35,8
E01033220,1.51,8
E01033220,1.17,8
E01004927,1.3,8
E01005631,-0.71,1
E01005631,-1.68,9
E01005631,2.75,1
E01005631,2.34,10
E01005631,3.78,9
E01005631,2.44,11
E01005601,2.81,9
E01005601,0.72,9
E01005599,0.74,9
E01005599,2.41,9
E01005599,-0.17,9
E01005599,2.41,9
E01005632,-0.5,9
E01005632,2.94,9
E01005697,-0.06,2
E01005697,5.82,10
E01005696,5.24,11
E01005696,5.28,11
E01005696,0.35,2
E01005696,3.73,10
E01005695,4.68,11
E01005695,1.05,2
E01005695,3.9,10
E01005634,0.22,2
E01005634,3.96,10
E01005637,4.11,11
E01005634,1.42,2
E01005634,5.26,10
E01005634,3.5,11
E01005632,0.95,2
E01005632,4.95,10
E01005603,2.99,9
E01005603,1.42,9
E01005603,1.31,8
E01005602,2.35,9
E01005602,2.24,9
E01005602,2.18,7
E01005637,2.58,11
E01005634,1.31,2
E01005634,5.3,10
E01005634,3.53,11
E01005632,1.67,2
E01005632,4.5,10
E01005636,3.68,11
E01005636,2,2
E01005636,3.11,10
E01005631,3.05,11
E01005631,3.19,1
E01005631,2.42,10
E01005631,0.99,9
E01005599,3.39,9
E01005599,3.44,1
E01005599,2.41,9
E01005599,3.25,9
E01005599,3.5,1
E01005599,2.42,9
E01005635,2.4,11
E01005673,2.72,8
E01033978,2.93,9
E01006121,0.27,1
E01006121,0.96,3
E01006121,1.79,7
E01006121,1.79,9
E01006121,1.86,1
E01005700,4.13,10
E01005670,4.76,10
E01005677,4.33,10
E01005679,1.78,2
E01005679,8.5,9
E01005679,1.45,2
E01005679,9.82,11
E01005677,3.69,10
E01005670,4.01,9
E01005700,0.14,2
E01005700,5.46,10
E01005690,0.62,2
E01005690,6.04,10
E01005697,-0.14,2
E01005697,6.51,10
E01005686,0.98,2
E01005686,7.25,10
E01005672,5.14,10
E01005686,1.54,2
E01005686,7.31,10
E01005686,4.92,10
E01005700,1.03,2
E01005700,6.68,10
E01005700,1.23,2
E01005700,6.55,10
E01005700,4.02,10
E01005697,5.31,11
E01005700,3.23,11
E01005690,3.9,11
E01005697,3.71,11
E01005670,0.72,2
E01005670,8.06,10
E01005679,3.5,9
E01005678,3.91,9
E01005670,1.5,2
E01005670,9.01,10
E01005670,1.16,2
E01005670,8.73,10
E01005601,8.3,1
E01005599,8.11,1
E01005599,7.58,1
E01005632,7.96,1
E01005603,7.14,1
E01005603,7.76,1
E01005602,7.25,1
E01006179,10,1
E01006157,9.65,1
E01006157,8.86,1
E01006159,7.65,1
E01006158,6.65,1
E01006121,8.01,1
E01006180,10.28,1
E01006157,10.45,1
E01006157,9.72,1
E01006117,7.88,1
E01006117,8.64,1
E01006118,8.33,1
E01006118,7.53,1
E01006116,7.19,1
E01006123,6.29,1
E01006123,6.16,1
E01006122,5.34,1
E01006122,5.63,1
E01006123,4.58,1
E01006116,4.28,1
E01006116,3.64,1
E01006121,3.74,1
E01006121,4.15,1
E01006121,3.61,1
E01006121,4.66,1
E01006100,7.98,1
E01006151,8.01,1
E01006151,7.89,1
E01006100,7.53,1
E01006150,7.72,1
E01006149,8.32,1
E01006149,7.98,1
E01006165,8.02,1
E01006154,8.59,1
E01006144,7.99,1
E01006144,7.7,1
E01006082,-2.68,1
E01006075,1.8,1
E01006096,7.32,1
E01006096,6.98,1
E01006089,5.42,1
E01006089,6.33,1
E01006096,7.58,1
E01006096,7.99,1
E01006094,7.82,1
E01005602,-0.57,1
E01005632,-1.35,1
E01005632,-15.35,1
E01005603,-0.84,1
E01005603,-0.31,1
E01005631,-0.89,1
E01005601,-1.23,1
E01005600,-1.7,1
E01005599,-1.93,1
E01005075,4.97,1
E01005264,1.43,1
E01005265,1.81,1
E01005265,2.95,1
E01005075,4.44,1
E01005072,3.23,1
E01005072,4.01,1
E01005090,5.25,1
E01005269,4.96,1
E01005112,4.03,1
E01005074,4.11,1
E01005070,5.54,1
E01005090,4.12,1
E01005112,3.28,1
E01005072,3.22,1
E01005071,3.69,1
E01006320,13.77,3
E01006321,13.3,3
E01006321,9.33,4
E01006320,9.28,4
E01006195,1.43,1
E01006196,1.4,1
E01006082,3.23,1
E01006080,1.18,1
E01006077,11.54,1
E01006093,1.53,1
E01006093,1.34,1
E01006093,1.87,1
E01006190,1.84,1
E01006076,14.4,1
E01005818,2.01,1
E01005765,1.83,1
E01005820,2.22,1
E01005765,1.16,1
E01005820,1.58,1
E01005816,1.76,1
E01005819,2.88,1
E01005818,1.7,1
E01005774,2.24,1
E01005769,3.29,1
E01005778,3.25,1
E01005778,3,1
E01005342,21.51,1
E01005344,20.65,1
E01005350,16.93,1
E01005350,17.39,1
E01005353,17.5,1
E01005352,18.19,1
E01005338,18.49,1
E01005332,19.4,1
E01005338,18.16,1
E01005338,17.01,1
E01005461,23.54,1
E01034233,23.29,1
E01005436,22.93,1
E01005462,23.32,1
E01005436,23.2,1
E01005327,18.14,1
E01005327,19.04,1
E01005327,18.53,1
E01005330,18.06,1
E01005332,18.01,1
E01005332,17.59,1
E01005381,23.22,1
E01005381,22.76,1
E01005266,9.43,1
E01005117,8.76,1
E01005112,8.38,1
E01005266,9.9,1
E01005266,9.47,1
E01006184,9.53,1
E01006165,10.56,1
E01006165,10.79,1
E01006149,11.06,1
E01006160,11.71,1
E01006150,11.67,1
E01006153,10.51,1
E01006168,10.64,1
E01006168,10.63,1
E01006168,12.14,1
E01006167,12.71,1
E01006166,13.64,1
E01006166,13.6,1
E01006171,14.18,1
E01006172,13.92,1
E01006176,11.05,1
E01006150,9.73,1
E01006172,13.46,1
E01006170,13.2,1
E01006170,10.01,1
E01006170,9.41,1
E01006148,9.62,1
E01006147,9.1,1
E01006170,8.7,1
E01006094,9.39,1
E01006153,10.52,1
E01006153,10.24,1
E01006091,9.2,1
E01006077,3.99,1
E01006075,3.84,1
E01006096,9.05,1
E01006163,12.52,1
E01006097,12.47,1
E01006097,13.29,1
E01006097,13.04,1
E01006178,11.11,1
E01006178,10.47,1
E01006178,11.16,1
E01006176,11.07,1
E01006176,10.4,1
E01006177,11.57,1
E01006177,11.97,1
E01006177,11.3,1
E01006091,8.95,1
E01006091,8.75,1
E01006089,5.6,1
E01006089,7.57,1
E01006096,9.31,1
E01006094,9.01,1
E01006098,12.96,1
E01006077,2.87,1
E01006098,12.66,1
E01005434,3.65,1
E01005434,3.4,1
E01006221,-3.77,1
E01006221,-3.22,1
E01006221,-2,1
E01006224,-2.29,1
E01006340,-9.67,1
E01006340,-9.3,1
E01006340,-10.5,1
E01006224,-2.88,1
E01006220,-4.2,1
E01006220,-5.72,1
E01006268,-4.6,1
E01006268,-4.87,1
E01006266,-5.36,1
E01006266,-4.78,1
E01006368,-4.08,1
E01006223,-4.61,1
E01006268,-4.23,1
E01006268,-4.2,1
E01006265,-4.38,1
E01006223,-4.12,1
E01034115,-0.31,4
E01034115,-0.91,4
E01005063,-1.36,4
E01034119,-2.84,4
E01034119,-3.19,4
E01034119,14.25,3
E01034119,14.09,3
E01034119,13.51,3
E01005063,12.99,3
E01034115,13.48,3
E01034115,12.08,3
E01034138,0.09,4
E01005221,1.13,4
E01034137,12.15,3
E01034137,-0.16,4
E01034137,11.77,3
E01034137,0,4
E01034138,10.27,3
E01005221,1.11,4
E01005221,9.21,3
E01005221,8.83,3
E01005221,1.39,4
E01005222,1.15,4
E01005222,8.79,3
E01005215,7.93,3
E01005232,12.72,3
E01005234,-0.69,2
E01005238,12.66,3
E01005234,0.43,3
E01034115,0.08,4
E01005239,13.8,3
E01005239,-2.56,4
E01034119,-2.25,4
E01005212,8.45,3
E01033653,-0.77,2
E01033653,5.73,1
E01033677,5.05,1
E01033662,1.4,3
E01005066,2.69,2
E01033662,8.52,3
E01033653,2.08,3
E01033662,1.85,3
E01034115,0.45,4
E01034115,10.51,3
E01005210,0.8,2
E01033653,4.73,1
E01005212,1.72,2
E01005066,9.61,3
E01034115,9.6,3
E01034115,0.66,4
E01005869,1.77,4
E01005874,4.77,3
E01005866,6.94,3
E01005869,6.85,3
E01005869,6.62,3
E01005866,6.7,3
E01033948,8.47,1
E01005840,2.64,3
E01005917,3.93,3
E01005916,7.76,3
E01005863,7.51,3
E01005869,0.62,4
E01033948,4.02,3
E01005917,4.62,2
E01005917,4.62,2
E01005917,4.34,2
E01005917,7.95,3
E01005866,1.57,4
E01005840,2.16,3
E01005877,5.18,3
E01005797,5.63,3
E01005797,5.69,3
E01005798,6.09,3
E01005825,5.95,3
E01005801,4.9,3
E01005801,4.4,3
E01005801,3.73,3
E01005801,3.76,3
E01005831,3.48,3
E01005838,3.24,3
E01005840,2.8,3
E01005866,2.92,4
E01005863,3.31,4
E01005917,3.37,4
E01005866,3.56,4
E01005916,3.25,4
E01005917,3.95,4
E01005917,3.86,4
E01005917,3.04,3
E01033948,4.98,3
E01033948,3.3,3
E01004823,0.49,7
E01004823,957.39,3
E01004823,-1.07,8
E01033217,3.54,19
E01033217,-1.69,2
E01004823,-0.17,7
E01004823,957.94,3
E01004823,-1.14,8
E01004920,1.35,7
E01004920,719.82,4
E01004920,4.27,8
E01004922,3.86,23
E01004840,2.82,8
E01004840,960.37,3
E01004840,4.42,8
E01004840,1.36,23
E01004840,1.94,7
E01004840,960.84,3
E01004840,3.94,9
E01004840,1.97,7
E01004840,960.24,3
E01004840,3.94,9
E01004840,0.8,23
E01004840,0.95,23
E01004840,2.39,7
E01004840,960.71,3
E01004840,4.31,9
E01004840,2.96,7
E01004840,961.31,3
E01004840,4.84,9
E01004840,0.61,23
E01004840,3.54,7
E01004840,961.92,3
E01004840,5.37,9
E01004840,0.08,23
E01004840,4.07,7
E01004840,721.98,4
E01004840,5.84,9
E01004884,-0.65,23
E01004885,-0.17,23
E01004885,3.63,7
E01004885,721.46,4
E01004885,5.32,9
E01004884,4.29,7
E01004884,722.1,4
E01004884,5.85,9
E01004840,-0.37,23
E01004884,4.99,7
E01004884,722.82,4
E01004884,6.53,9
E01004885,-1.3,23
E01004884,4.78,7
E01004884,722.64,4
E01004884,6.29,9
E01004884,-1.05,23
E01004884,4.79,7
E01004884,722.68,4
E01004884,6.02,9
E01004884,-0.53,24
E01004882,-0.18,1
E01004890,0.92,24
E01004890,-0.05,1
E01004890,3.61,7
E01004890,722.19,4
E01004890,4.59,9
E01004823,0.31,7
E01004823,716.14,2
E01004823,-0.61,8
E01033217,0.32,2
E01004869,0.57,8
E01004869,717.92,4
E01004869,1.4,8
E01004869,3.71,22
E01004869,4.2,22
E01004869,0.91,8
E01004869,717.48,4
E01004869,1.94,8
E01004870,3.92,20
E01004823,0.51,8
E01004823,957.7,3
E01004823,-1.06,7
E01004823,0.83,8
E01004823,957.43,3
E01004823,-0.83,8
E01004823,2.51,11
E01004848,-0.48,7
E01004848,-3.37,1
E01004848,-0.64,7
E01004890,1.22,24
E01004890,-0.84,1
E01004890,2.59,7
E01004890,721.78,4
E01004890,3.45,9
E01004890,1.92,24
E01004881,-0.57,1
E01004881,3.31,7
E01004881,721.78,4
E01004881,2.58,9
E01004881,1.83,24
E01004919,1.99,23
E01004919,1.38,7
E01004919,719.52,4
E01004919,4.35,8
E01004920,1,7
E01004920,720.29,4
E01004920,3.97,8
E01004920,2,23
E01004921,3.31,23
E01004843,0.78,7
E01004843,719.32,4
E01004843,3.58,8
E01004919,2.84,23
E01004922,1.24,8
E01004922,717.82,4
E01004922,2.21,8
E01004922,3.68,23
E01004922,0.31,7
E01004922,718.3,4
E01004922,3.09,8
E01004922,3.41,23
E01004921,0.48,7
E01004921,718.79,4
E01004921,3.19,8
E01004890,1.86,24
E01004881,-1.22,1
E01004881,2.58,7
E01004881,720.84,4
E01004881,0.82,8
E01004881,-0.79,1
E01004881,3.06,7
E01004881,721.32,4
E01004881,1.3,8
E01004890,2.21,24
E01005494,5.33,8
E01005491,5.55,8
E01005491,6.06,1
E01005494,5.36,8
E01005492,4.66,3
E01005491,2.55,6
E01005491,2.89,3
E01005491,3.2,6
E01005491,3.47,3
E01005492,2.59,6
E01005492,2.95,3
E01005491,2.76,6
E01005491,3.17,3
E01005489,1.8,6
E01005489,1.58,3
E01005495,4.86,8
E01005492,4.63,1
E01005492,3.02,3
E01005493,2.8,3
E01005493,3.9,3
E01005493,5.06,3
E01005493,0.08,6
E01005493,-0.04,3
E01005493,5.75,8
E01005493,5.93,1
E01005493,0.47,6
E01005493,0.45,3
E01005493,6.32,8
E01005493,6.24,1
E01005494,1.42,6
E01005494,1.08,3
E01005494,0.96,6
E01005494,1.37,3
E01005494,1.48,6
E01005494,1.06,3
E01005491,1.25,6
E01005491,1.59,3
E01005483,0.52,6
E01005483,1.46,3
E01005483,3.25,6
E01005483,0.96,5
E01005483,1.4,3
E01005482,-0.04,2
E01005482,0.15,2
E01005482,2.95,5
E01005493,5.49,3
E01005495,4.95,8
E01005486,1.73,6
E01005486,1.55,3
E01005486,4.54,8
E01005486,2.08,6
E01005486,1.92,3
E01005494,4.34,8
E01005486,1.54,6
E01005486,1.6,3
E01005486,3.84,8
E01005486,4.66,8
E01005482,1.38,6
E01005482,2.17,3
E01005486,3.87,8
E01005486,1.42,6
E01005486,1.43,3
E01005483,1.22,6
E01005483,1.43,3
E01005483,3.94,8
E01005491,2.7,6
E01005491,3.34,3
E01005491,5.19,3
E01005491,2.15,6
E01005491,2.66,3
E01005491,5.08,3
E01005491,4.78,3
E01005491,5.58,3
E01005492,4.96,3
E01005493,0.41,6
E01005493,0.87,3
E01005491,3.24,6
E01005491,3.66,1
E01005493,4.8,8
E01005493,5.39,1
E01005491,1.6,6
E01005491,1.95,3
E01005482,-3.63,1
E01005492,4.04,3
E01005232,2.51,9
E01005232,2.16,1
E01005186,4.75,8
E01005186,3.78,1
E01005195,3.94,11
E01005201,4.37,8
E01005201,3.28,1
E01005186,5.01,5
E01005201,3.68,9
E01005201,4.66,8
E01005201,3.03,1
E01005201,3.68,12
E01005201,3.79,9
E01005201,2.66,1
E01005198,3.57,11
E01005198,3.7,9
E01005198,2.86,1
E01005195,3.85,11
E01005195,3.55,9
E01005195,3.64,1
E01034138,2.1,10
E01034138,-2.62,1
E01034137,2.8,11
E01034137,2.38,10
E01034137,-1.63,1
E01034137,3.07,11
E01034137,2.42,10
E01034137,-1.66,1
E01034138,2.65,11
E01005221,1.41,11
E01005221,2.43,10
E01005221,-1.4,1
E01005219,1.35,11
E01005219,8.23,11
E01005218,0.76,11
E01005218,8.47,11
E01034128,8.58,10
E01034128,1.59,11
E01034128,1.22,11
E01034128,8.02,11
E01005232,2.11,11
E01005234,3.24,9
E01005234,0.73,1
E01005238,2.17,11
E01005234,3.74,9
E01005234,0.65,1
E01034128,1.01,11
E01034128,8.23,11
E01005232,2.81,9
E01005232,2.05,1
E01005239,3.49,9
E01005239,1.89,1
E01005186,2.15,2
E01005185,1.98,11
E01005185,9,10
E01005185,0.51,11
E01005185,9.02,10
E01005184,0.65,11
E01005184,8.8,10
E01005184,8.4,10
E01005184,1.69,10
E01005232,4.41,11
E01005232,4.43,11
E01005232,4.26,11
E01005233,1.48,8
E01005233,2.4,1
E01005198,4.79,11
E01005198,1.78,8
E01005198,3.02,1
E01034137,4.49,11
E01034138,4.52,11
E01005199,2.99,9
E01005199,3.64,1
E01005200,4.22,11
E01005200,3.09,10
E01005200,4.06,1
E01005200,4.17,11
E01005200,3.61,10
E01005200,4.53,1
E01034137,1.88,8
E01034137,4.07,1
E01005234,3.13,9
E01005234,1.86,1
E01005234,4.21,11
E01005189,5.3,7
E01005189,4.49,1
E01005189,0.54,6
E01005189,2.04,1
E01005180,1.76,10
E01005182,8.2,10
E01005182,-1.47,1
E01005183,1.85,10
E01005183,8.21,10
E01005183,-1.89,1
E01005183,2.23,10
E01005183,9.13,10
E01005183,0.04,1
E01005181,2.36,10
E01005181,8.83,10
E01005181,-0.94,1
E01005181,1.33,10
E01005181,9.04,10
E01005181,1.32,1
E01005300,1.6,10
E01005151,2.78,9
E01005151,10.8,9
E01005151,1.07,1
E01005155,2.19,9
E01005151,10.66,10
E01005151,1.43,1
E01005150,11.15,10
E01005150,2.35,1
E01005151,2.02,9
E01005150,1.57,9
E01005150,10.19,11
E01005150,2.78,1
E01005150,1.6,9
E01005150,9.66,11
E01005150,2.74,1
E01005301,1.96,9
E01005301,8.67,11
E01005301,1.46,1
E01005301,1.69,9
E01005301,9.09,11
E01005301,2.62,1
E01005301,10.11,10
E01005301,2.14,1
E01005301,1.55,9
E01005301,10.45,10
E01005301,2.14,1
E01006181,6.43,6
E01006181,3.18,1
E01006184,1.67,9
E01006180,2.36,9
E01006180,7.19,6
E01006180,3.97,1
E01006181,16.72,8
E01006181,3.43,1
E01006157,15.6,9
E01006157,4.54,1
E01006157,14.16,10
E01006157,3.14,1
E01006157,14.23,10
E01006157,3.32,1
E01006157,13.84,10
E01006157,2.85,1
E01006158,14.26,9
E01006158,2.75,1
E01006158,2.66,5
E01006157,3.83,6
E01006157,3.74,6
E01006157,3.58,7
E01006181,2.47,9
E01006121,5.77,8
E01006121,1.8,1
E01006121,5.98,6
E01006121,2.95,1
E01006121,2.75,4
E01006121,1.48,1
E01006121,2.8,4
E01006181,2.54,9
E01006157,14.09,10
E01006157,3.2,1
E01006121,14.03,9
E01006121,2.21,1
E01006143,10.74,8
E01006143,2.47,1
E01006143,2.24,9
E01006143,9.46,8
E01006143,1.35,1
E01006142,2.96,9
E01006142,10.03,8
E01006142,0.01,1
E01006142,2.98,9
E01005316,1.55,9
E01005316,3.68,6
E01005316,-1,3
E01005316,-0.31,3
E01005316,4.02,4
E01005316,3.7,8
E01005316,3.88,4
E01005316,3.36,8
E01005785,1.85,11
E01005782,1.96,11
E01005782,2.46,11
E01005782,2.7,11
E01005786,5.88,13
E01005789,4.6,13
E01005796,5.37,13
E01005789,5.65,13
E01005792,6.15,13
E01005793,5.71,12
E01005793,0.81,10
E01005793,6.5,13
E01005793,5.93,13
E01005791,0.61,10
E01005791,0.94,11
E01005789,1.74,11
E01005789,1.73,11
E01005789,1.81,11
E01005789,1.48,11
E01005791,5.8,13
E01005789,2.32,11
E01005799,1.42,10
E01005763,4.07,13
E01005763,0.67,9
E01005763,4.67,13
E01005759,1.37,9
E01005759,4.33,13
E01005804,2.01,9
E01005760,3.47,13
E01005760,1.83,9
E01005760,3.2,13
E01005760,2.18,9
E01005766,3.15,13
E01005766,1.89,9
E01005766,2.84,14
E01005766,2.2,9
E01005761,5.06,13
E01005763,4.84,13
E01005763,2.33,11
E01033948,5.21,1
E01005874,1.48,8
E01005874,6.44,11
E01005874,1.6,8
E01033948,2.7,2
E01033948,1.87,5
E01005766,5.9,12
E01005877,1.84,9
E01005796,2.33,11
E01005761,2.14,11
E01005782,5.88,13
E01005782,5.13,13
E01005786,2.1,11
E01005793,-0.94,7
E01005786,6.35,13
E01005184,1.45,31
E01005184,-0.12,30
E01005180,0.83,29
E01005184,1.37,31
E01005184,4.1,27
E01005066,1.44,26
E01033653,1.43,9
E01033653,1.28,4
E01033653,2.74,19
E01033662,2.11,20
E01005066,3.13,21
E01033662,1.57,23
E01033653,2.37,15
E01005083,5.22,1
E01033662,2.44,18
E01005276,0.93,32
E01034124,3.55,28
E01034124,1.48,30
E01034125,1.21,29
E01034125,3.57,27
E01005078,0.04,19
E01034127,0.97,29
E01034127,3.86,27
E01005246,3.09,27
E01034124,1.69,30
E01033653,2.51,19
E01034117,3.68,30
E01005212,2.85,23
E01005210,2.28,23
E01005066,2.04,27
E01034115,2.66,29
E01034115,2.24,25
E01034115,2.57,29
E01034115,1.13,19
E01005284,2.07,29
E01034117,5.77,29
E01034118,1.4,29
E01034117,4.22,29
E01034117,2.88,30
E01034117,3.04,29
E01005244,1.93,30
E01034117,4.24,29
E01034124,1.66,30
E01005180,3.41,27
E01005182,3.58,27
E01005184,1.12,31
E01005182,3.7,27
E01005182,3.31,27
E01005083,5.22,1
E01005276,3.46,27
E01005275,3.32,26
E01005276,3.26,27
E01005275,0.55,32
E01005275,0.82,32
E01033671,2.83,26
E01033671,0.43,31
E01005083,0.25,28
E01005083,2.51,26
E01005078,2.8,11
E01005078,0.37,7
E01005078,2.84,24
E01005078,-0.01,27
E01005274,1.46,30
E01005274,3.25,27
E01005273,1.32,30
E01005335,-3.91,1
E01005335,-3.76,1
E01005336,-3.46,1
E01005339,-3.66,1
E01005392,-2.45,1
E01005393,-2.57,1
E01005393,-2.65,1
E01005391,-2.87,1
E01005391,-2.99,1
E01005339,-3.32,1
E01005339,-3.47,1
E01005339,-3.62,1
E01005535,-3.21,1
E01005392,-3.27,1
E01005392,-3.16,1
E01005392,-3.12,1
E01005390,-3.23,1
E01005394,-2.89,1
E01005395,-2.96,1
E01005394,-2.83,1
E01005394,-2.78,1
E01005541,-4,1
E01005541,-3.71,1
E01005542,-3.51,1
E01005533,-4.06,1
E01005533,-4.31,1
E01005561,-1.57,1
E01005561,-0.73,1
E01005441,-0.1,1
E01005441,-0.46,1
E01005355,3.14,1
E01005447,2.56,1
E01005445,2.24,1
E01005561,-0.43,1
E01005572,-11.35,1
E01005562,-1.99,1
E01005560,-2.82,1
E01005571,-14.15,1
E01005571,-13.51,1
E01005590,-6.55,1
E01005590,-6.91,1
E01005482,-6.64,1
E01005568,-5.17,1
E01005482,-5.96,1
E01005566,-5.54,1
E01005566,-4.66,1
E01005569,-5.48,1
E01005568,-6.07,1
E01005560,-3.64,1
E01005556,-4.12,1
E01005556,-4.47,1
E01005559,-3.83,1
E01005559,-4.12,1
E01005556,-4.68,1
E01005556,-5.06,1
E01005556,-4.38,1
E01005559,-5.04,1
E01005567,-5.37,1
E01005567,-4.99,1
E01005567,-5.65,1
E01005590,-6.73,1
E01005575,-11.81,1
E01005575,-11.12,1
E01005575,-11.21,1
E01005575,-11.58,1
E01005574,-11.43,1
E01005574,-11.21,1
E01005576,-10.85,1
E01005576,-9.94,1
E01005577,-8.89,1
E01005577,-8.63,1
E01005577,-8.55,1
E01005592,-8.46,1
E01005577,-7.75,1
E01005592,-7.91,1
E01005571,-11.81,1
E01005571,-11.11,1
E01005570,-10.77,1
E01005572,-10.62,1
E01004908,-8.32,1
E01005429,2.96,1
E01005429,2.9,1
E01005321,2.53,1
E01005383,3.13,1
E01005386,1.48,1
E01005386,2.12,1
E01005386,1.71,1
E01005429,2.24,1
E01005428,2.36,1
E01032920,2.89,1
E01005428,2.61,1
E01005428,2.76,1
E01005938,1.18,1
E01005938,0.75,1
E01005938,1.17,1
E01005938,0.5,1
E01005935,0.44,1
E01005945,-0.18,1
E01005947,-0.77,1
E01005947,-0.27,1
E01005944,-0.91,1
E01005944,-0.43,1
E01006066,-0.74,1
E01006066,-0.73,1
E01006064,-1.21,1
E01006064,-1.74,1
E01006064,-2.22,1
E01006065,-2.38,1
E01006064,-1.71,1
E01006065,-2.02,1
E01006060,-2.57,1
E01006066,-2.57,1
E01006060,-2.32,1
E01006060,-2.82,1
E01005429,2.33,1
E01005429,2.68,1
E01005321,2.31,1
E01005383,3.08,1
E01005386,2.4,1
E01005386,3.48,1
E01005386,2.86,1
E01005429,2.21,1
E01005428,3.76,1
E01032920,4.5,1
E01005978,6.03,1
E01006028,5.98,1
E01006016,4.52,1
E01006016,6.15,1
E01006010,5.83,1
E01006010,6.2,1
E01006008,6.65,1
E01005938,2.19,1
E01005947,4.54,1
E01005941,4.46,1
E01005938,2.1,1
E01005939,2.68,1
E01005939,2.78,1
E01005940,1.68,1
E01005940,2.17,1
E01005934,1.93,1
E01005955,2.48,1
E01005938,4.53,1
E01005933,3.06,1
E01005934,2.48,1
E01005935,4.23,1
E01005945,4.26,1
E01005947,4.87,1
E01005947,5.09,1
E01006040,6.2,1
E01006036,6.56,1
E01006031,6.03,1
E01006031,6.47,1
E01006031,5.93,1
E01006040,5.66,1
E01006040,5.33,1
E01006040,5.66,1
E01005979,4.66,1
E01006008,6.16,1
E01006041,7.62,1
E01005429,4.75,1
E01005429,4.22,1
E01005321,3.86,1
E01005383,3.66,1
E01005386,1.97,1
E01005386,3.01,1
E01005386,2.37,1
E01005429,4.29,1
E01006028,-0.45,1
E01006042,-2.11,1
E01006032,-1.44,1
E01006032,-1.46,1
E01006020,-1.68,1
E01006020,-2.41,1
E01006013,-2.45,1
E01006021,-1.89,1
E01006023,-1.45,1
E01006043,-0.61,1
E01005938,1.81,1
E01005938,1.62,1
E01005938,2.32,1
E01005935,1.37,1
E01005945,1.74,1
E01005947,1.04,1
E01005947,0.43,1
E01005942,-1.08,1
E01005943,-0.77,1
E01005942,-1.32,1
E01005943,-1.64,1
E01006029,0.21,1
E01006042,-2.73,1
E01006024,-1.79,1
E01006026,-1.45,1
E01006026,-2.13,1
E01006024,-2.09,1
E01006024,-2.15,1
E01006024,-1.9,1
E01006026,-1.92,1
E01006026,-2.52,1
E01006021,-1.22,1
E01006021,-2.01,1
E01006046,-1.58,1
E01006046,-1.79,1
E01006044,-1.53,1
E01006046,-1.05,1
E01006044,-1.15,1
E01006021,-1.11,1
E01005008,1.81,1
E01005009,8.12,1
E01004994,7.72,1
E01004991,7.16,1
E01004992,6.03,1
E01004991,5.28,1
E01004991,3.71,1
E01005030,3.13,1
E01005008,2.32,1
E01005009,6.97,1
E01005008,6.13,1
E01005008,2.03,1
E01005008,4.6,1
E01005434,8,1
E01005429,3.42,1
E01005429,3.2,1
E01005321,3.27,1
E01005434,5.51,1
E01005326,5.66,1
E01005326,5.23,1
E01005326,3.93,1
E01005436,7.77,1
E01005459,7.69,1
E01005434,7.38,1
E01005434,7.7,1
E01005438,7.01,1
E01005438,7.89,1
E01005439,6.92,1
E01005382,6.85,1
E01005382,6.91,1
E01005377,6.65,1
E01005377,7.33,1
E01005379,6.15,1
E01005378,6.16,1
E01005379,7.2,1
E01005379,7.34,1
E01005433,1.81,1
E01005417,3.44,1
E01005387,3.92,1
E01005417,2.79,1
E01005433,2.66,1
E01005433,2.69,1
E01005433,3.01,1
E01032920,2.48,1
E01005448,3.65,1
E01005456,3.71,1
E01005449,3.75,1
E01005449,3.12,1
E01005448,3.15,1
E01005448,3.21,1
E01005453,-0.92,1
E01005453,-0.58,1
E01005323,2.22,1
E01005436,1.57,1
E01005462,0.82,1
E01005436,0.76,1
E01005462,1.49,1
E01005436,0.65,1
E01005381,1.92,1
E01005461,1.23,1
E01005381,1.38,1
E01005436,2.53,1
E01005459,-1.76,1
E01005459,1.67,1
E01005434,-0.04,1
E01005322,3.23,1
E01005320,2.61,1
E01005325,2.77,1
E01005324,1.84,1
E01005324,1.59,1
E01005438,3.55,1
E01005323,1.68,1
E01005323,1.12,1
E01005323,-0.27,1
E01005323,-0.21,1
E01005437,1.62,1
E01005437,1.58,1
E01005439,1.2,1
E01005258,-1.03,1
E01005258,0.05,2
E01005258,0.44,2
E01005260,0.84,2
E01005362,1.48,2
E01005363,1.66,2
E01005366,2.58,2
E01005371,3.15,2
E01005372,2.65,2
E01005375,2.75,2
E01005372,3.4,2
E01005362,0.82,2
E01005376,2.12,1
E01005364,1.47,2
E01005364,2.6,2
E01005364,2.15,2
E01005260,0.94,2
E01005375,2,2
E01005375,2.21,2
E01005251,1.74,2
E01005251,1.68,1
E01005251,1.74,2
E01005251,3.68,2
E01005251,3.02,2
E01005251,1.96,2
E01005251,1.92,2
E01005247,1.58,2
E01005254,1.46,2
E01005254,1.78,2
E01005254,2.22,2
E01005254,1.88,2
E01005254,1.36,2
E01005253,1.01,2
E01005460,-0.74,2
E01005369,2.16,2
E01005364,-5.56,2
E01005362,0.54,2
E01005344,1.2,3
E01005342,-1.52,2
E01005344,1.65,3
E01005342,1.71,3
E01005344,-1.25,2
E01005328,-0.69,3
E01005332,0.88,3
E01005330,3.18,1
E01005330,2.95,1
E01005330,2.74,1
E01005338,-1.23,2
E01005354,0.28,3
E01005354,1.07,2
E01005354,0.76,3
E01005251,2.84,2
E01005253,2.5,2
E01005330,0.45,2
E01005330,0.41,2
E01033685,1.44,1
E01005363,-0.54,2
E01005366,-0.46,2
E01005367,2.6,2
E01005367,-0.72,2
E01005338,-1.28,3
E01005371,2.16,2
E01005371,1.32,2
E01005369,0.7,2
E01005369,2.22,2
E01005371,1.09,2
E01005371,1.38,2
E01005371,0.69,2
E01005371,0.46,2
E01005371,0,2
E01005371,1.32,2
E01005328,0.12,2
E01005460,0.45,3
E01005460,-0.19,2
E01005354,0.46,3
E01005460,0.6,3
E01005337,0.4,3
E01005337,0.54,3
E01005328,-0.2,2
E01005369,0.97,2
E01005363,0.6,2
E01005354,0.62,2
E01005354,0.58,2
E01005354,0.31,3
E01005354,0.62,2
E01005348,1.37,3
E01005354,0.01,2
E01005350,0.44,2
E01005350,0.22,3
E01005350,1.12,2
E01005350,0.03,3
E01005330,-0.01,2
E01005342,-0.9,2
E01005460,-0.7,2
E01005460,-0.11,2
E01005460,0.59,3
E01005328,0.3,2
E01005328,0.29,3
E01005337,-0.01,2
E01005362,-1.27,2
E01005362,-5.81,1
E01005376,3.32,3
E01005376,1.12,2
E01005376,-0.49,2
E01005342,2.69,3
E01005342,-0.98,2
E01005342,2.23,3
E01005363,0.24,2
E01005364,-0.16,2
E01005363,-0.08,2
E01005364,0.1,2
E01005364,0.01,2
E01005366,-3.96,2
E01005364,0.6,2
E01005367,0.32,2
E01005367,-2.22,2
E01005365,-5.52,2
E01005337,0.65,3
E01005338,-0.06,2
E01005338,-1.57,3
E01005338,-0.47,2
E01005328,-0.63,3
E01005337,0.53,2
E01005338,1.35,3
E01005338,0.44,2
E01005338,1.01,3
E01005330,-0.11,2
E01005545,1.61,1
E01005531,3.04,1
E01005532,0.82,2
E01005532,2.29,1
E01005549,2.5,1
E01005539,2.79,1
E01005545,0.87,2
E01005545,0.12,2
E01005545,1.35,1
E01005549,1.85,1
E01005533,0.21,2
E01005548,2.05,1
E01005548,0.02,2
E01005548,2.54,1
E01005548,-0.49,2
E01005545,1.08,1
E01005531,1.97,1
E01005531,1.69,1
E01005545,0.9,2
E01005531,1.02,2
E01005531,0.58,2
E01033991,2.63,1
E01005258,5.84,3
E01005202,7.5,1
E01005202,2.77,2
E01005202,5.09,3
E01005202,2.5,2
E01005256,0.7,2
E01005258,0.99,4
E01005258,6.16,3
E01033679,4.14,2
E01005225,5.18,3
E01005226,0.94,2
E01005226,5.66,3
E01005226,0.73,2
E01005226,0.18,2
E01005205,5.87,3
E01005205,2.64,2
E01005202,1.78,2
E01005224,5.95,3
E01005223,0.72,2
E01005223,6.03,3
E01005224,6.05,3
E01005259,5.44,3
E01005259,-0.18,3
E01005256,5.35,3
E01005256,1.38,2
E01005256,4.96,3
E01005256,1.16,2
E01033678,4.64,3
E01033679,4.74,2
E01033679,5.15,3
E01033679,3.36,2
E01005202,3.13,2
E01005202,7.28,1
E01005202,7.1,1
E01005225,5.49,3
E01005226,1.18,2
E01005226,5.99,3
E01005228,3.96,2
E01005228,1.91,2
E01005228,3.88,2
E01005228,1.02,2
E01005227,4.38,2
E01005227,1.55,2
E01005227,2.6,3
E01005227,1.58,2
E01005227,1.71,2
E01005256,6.13,3
E01005256,-0.44,3
E01005258,1.02,4
E01005258,5.86,3
E01005205,6.18,3
E01005205,2.22,2
E01005205,2.37,3
E01005225,0.63,2
E01005225,5.19,3
E01033678,4.77,3
E01005228,1.21,2
E01033678,4.34,2
E01005202,2.07,2
E01005228,5.29,3
E01033678,4.72,3
E01005202,3.7,2
E01033678,4.68,2
E01033678,5.07,3
E01005364,3.97,2
E01005362,3.51,4
E01005366,0.72,2
E01005371,2.93,4
E01005371,1.21,2
E01005371,2.3,4
E01005371,0.72,2
E01005371,2.88,4
E01005371,0.76,2
E01005258,5.74,3
E01005258,1.21,4
E01005258,5.16,3
E01005363,2.08,4
E01005363,0.32,2
E01005364,1.73,4
E01005376,5.14,2
E01005371,2.54,4
E01005371,2.11,1
E01005371,3.17,4
E01005371,1.8,2
E01005363,3.85,4
E01005363,1.98,2
E01005362,3,4
E01005436,3.71,4
E01005436,3.77,3
E01005439,3.88,4
E01005439,4.07,3
E01005363,1.98,4
E01005363,0.72,1
E01005364,1.35,2
E01005363,2.14,4
E01005363,3.44,4
E01005363,3.65,2
E01005363,3.33,4
E01005363,4.43,2
E01005376,3.16,4
E01005378,3.47,4
E01005378,3.77,3
E01005324,4.19,4
E01005323,3.22,3
E01005323,3.4,3
E01005323,3.96,4
E01005323,4.54,4
E01005323,2.34,3
E01005323,4.83,4
E01005323,2.2,3
E01005440,4.37,4
E01005440,2.19,3
E01005439,3.45,4
E01005439,4.24,3
E01005382,3.52,4
E01005382,4.46,3
E01005382,2.85,4
E01005382,3.9,3
E01005382,2.7,4
E01005382,3.78,3
E01005382,3.23,4
E01005382,3.98,3
E01005375,5.06,3
E01005364,4.14,2
E01005367,2.12,4
E01005367,4.08,3
E01005375,4.64,3
E01005374,1.42,4
E01005370,1.46,4
E01005370,5.55,3
E01005370,5.54,3
E01005370,5.47,3
E01005374,5.09,3
E01005374,1.19,4
E01005374,5.54,3
E01005258,1.55,4
E01005367,4.58,3
E01005373,2.09,4
E01005375,1.91,4
E01005370,1.27,4
E01005370,5.54,3
E01005370,1.46,4
E01005960,5.03,2
E01005960,0.65,3
E01005957,5.05,3
E01005957,0.87,3
E01005957,4.78,4
E01005957,0.78,3
E01005954,1.15,3
E01005954,5.66,4
E01005954,-0.59,3
E01005954,5.37,4
E01005954,5.49,4
E01005954,-0.34,3
E01005954,0.18,3
E01005954,5.13,4
E01005954,5.08,4
E01005954,0.94,3
E01005142,2.88,2
E01005166,2.66,2
E01033676,4.68,3
E01033676,2.66,2
E01005143,2.68,2
E01005145,3.26,2
E01005147,1.73,2
E01033676,4.24,3
E01033676,1.36,2
E01033676,3.95,3
E01033676,2.9,2
E01033676,2.98,2
E01033676,3.1,2
E01033676,2.84,2
E01033676,4.4,3
E01033676,4.28,3
E01033676,3.9,3
E01005166,2.55,2
E01005166,2.95,2
E01005167,-0.59,1
E01005167,3.36,2
E01005167,-0.79,1
E01005166,1.69,2
E01005166,3.73,2
E01005166,3.8,2
E01005165,2.33,2
E01005165,3.6,2
E01005142,3,2
E01005164,0.65,1
E01005166,2.66,2
E01005142,3.78,2
E01005145,3.19,3
E01005145,2.46,3
E01005143,3.4,3
E01005165,4.05,2
E01005467,4.35,5
E01005482,-12.69,5
E01005564,12.96,13
E01005564,-7.16,12
E01005564,16.39,10
E01005482,-11.21,9
E01005482,18.27,9
E01005482,18.35,10
E01005482,-15.55,8
E01005482,-9.68,9
E01005482,17.35,10
E01005564,-8.05,12
E01005564,1.69,14
E01005464,6.37,14
E01005464,6.22,14
E01005464,5.48,14
E01005464,5.89,9
E01005464,4.95,9
E01005466,10.3,5
E01005466,-0.78,4
E01005466,7.78,13
E01005466,-3.12,13
E01005466,4.46,13
E01005467,3.1,14
E01005466,3.39,14
E01005466,3.32,14
E01005467,3.04,13
E01005467,3.27,13
E01005467,3.38,12
E01005467,3.09,9
E01005466,3.35,5
E01005466,1.95,5
E01005465,2.59,13
E01005464,4.4,5
E01004959,-0.02,2
E01004959,5.49,3
E01004959,0.6,4
E01004955,1.29,2
E01004955,6.54,4
E01004954,-1.52,2
E01004954,3.12,4
E01004954,3.97,5
E01004954,1.58,2
E01004954,4,4
E01004954,5.95,5
E01004954,1.23,2
E01004954,3.87,4
E01004954,4.71,5
E01004954,1.06,2
E01004954,3.12,4
E01004954,5.37,5
E01004955,4.21,6
E01005024,3.55,6
E01004957,0.87,4
E01004957,0.24,2
E01004957,6.38,3
E01004957,2.36,6
E01004960,5.03,2
E01004960,1.42,2
E01004960,7.8,3
E01004955,5.03,6
E01004955,0.58,2
E01004955,5.49,4
E01004959,0.46,2
E01004959,5.05,3
E01005024,3.95,6
E01005024,4.4,3
E01005024,3.93,6
E01005024,4.63,3
E01004959,0.55,2
E01004959,7.58,3
E01004960,1.88,6
E01004960,2.37,6
E01004960,1.28,2
E01004960,7.6,3
E01004960,2.26,4
E01004960,4.41,2
E01004960,0.66,2
E01004960,7.09,3
E01004959,1.2,2
E01004959,7.82,3
E01005024,4.07,6
E01004958,3.74,6
E01004959,0.14,2
E01004959,4.68,3
E01004955,1.6,2
E01004955,6.98,4
E01004957,4.14,6
E01004955,3.12,2
E01004955,7.94,4
E01004955,5.1,6
E01004957,1.74,2
E01004957,6.8,4
E01004957,5.73,6
E01004957,0.24,2
E01004957,5.42,4
E01004957,4.27,6
E01004955,5.57,6
E01004955,-0.22,2
E01004955,4.79,4
E01004954,0.09,2
E01004954,4.28,4
E01004954,4.7,5
E01004954,4.73,5
E01004954,5.5,5
E01004954,2.5,5
E01004954,1.14,2
E01004954,4.28,4
E01004954,4.3,5
E01004955,9.38,2
E01004960,1.36,2
E01004960,7.74,3
E01005499,-5.55,1
E01005499,2.91,4
E01005571,3.84,3
E01005575,0.44,2
E01005575,2.96,4
E01005575,2.81,6
E01005575,2.06,2
E01005575,3.9,4
E01005575,2.38,6
E01005575,2,2
E01005575,3.88,4
E01005575,1.76,2
E01005575,3.48,4
E01005575,2.86,6
E01005574,3.29,6
E01005574,1.48,2
E01005574,3.43,4
E01005574,1.01,2
E01005574,3.29,4
E01005574,4.25,6
E01005497,3.34,4
E01005509,0.13,2
E01005509,3.67,4
E01005499,0.4,2
E01005499,4.48,4
E01005499,3.72,4
E01005499,0.91,2
E01005499,3.5,4
E01005499,3.65,4
E01005499,-0.06,2
E01005499,3.29,4
E01005499,3.52,4
E01005499,4.28,4
E01005499,4.02,4
E01005499,-0.28,2
E01005499,2.77,4
E01005499,0.3,2
E01005499,2.49,4
E01005509,4.08,5
E01005499,0.61,2
E01005499,2.34,4
E01005499,0.32,2
E01005499,2.24,4
E01005499,4.42,4
E01005575,1.5,4
E01005575,1.56,2
E01005575,1.1,4
E01005575,2.12,5
E01004954,1.23,2
E01004954,3.96,4
E01005499,4.83,5
E01005499,1.56,2
E01005499,3.3,4
E01005499,5.49,5
E01005499,1.1,2
E01005499,2.86,4
E01005499,4.61,5
E01005571,0.03,1
E01005571,2.9,4
E01005571,2.03,2
E01005571,3.32,4
E01005570,3.78,6
E01005570,1.86,2
E01005570,3.5,4
E01005570,4.46,6
E01005572,0.11,2
E01005572,3.38,4
E01005572,4.26,6
E01005572,3.46,6
E01005572,3.66,6
E01005501,0.59,2
E01005501,2.48,4
E01005572,0.59,2
E01005572,3.3,4
E01005572,0.46,2
E01005572,3,4
E01005572,4.71,6
E01005572,0.39,2
E01005572,2.92,4
E01005501,2.73,4
E01005566,3.9,6
E01005536,4.84,6
E01005536,8.03,6
E01005538,8.11,6
E01005533,5.34,4
E01005563,4.26,4
E01005543,8.11,6
E01005543,4.7,6
E01005543,8.29,6
E01005543,8.97,6
E01005543,4.91,6
E01005543,8.84,6
E01005543,4.63,6
E01005479,6.13,6
E01005479,5.94,6
E01005479,7.14,6
E01005479,7.7,6
E01005479,6.22,6
E01005479,7.66,5
E01005479,5.47,6
E01005479,7.99,5
E01005479,6.1,6
E01005479,6.5,6
E01005477,7.43,5
E01005477,6.39,6
E01005477,7.55,5
E01005477,6.94,6
E01005543,11.51,5
E01005543,7.3,4
E01005543,10.25,6
E01005543,7.49,5
E01005543,8.09,6
E01005543,6,5
E01005543,7.76,6
E01005543,6.67,5
E01005543,6.76,6
E01005543,6.67,5
E01005543,6.33,6
E01005543,6.27,5
E01005538,6.24,4
E01005538,1.24,4
E01005540,6.42,6
E01005540,0.42,6
E01005538,4.16,5
E01005538,7.87,6
E01005541,3.59,5
E01005541,6.22,5
E01005541,5.19,5
E01005533,2.52,6
E01005533,4.95,5
E01005533,2.95,6
E01005533,4.12,1
E01005569,4.85,5
E01005569,3.95,6
E01005465,6.41,6
E01005565,6.19,6
E01034235,3.83,5
E01034235,2.96,6
E01034234,4.36,5
E01005583,4.17,5
E01005583,2.49,5
E01005585,3.08,5
E01005585,4.09,5
E01034235,2.76,6
E01034235,4.24,5
E01005478,6.46,6
E01005478,8.1,5
E01005478,6.14,6
E01005478,7.54,5
E01005478,6.1,6
E01005478,7.25,5
E01005464,6.41,6
E01005464,7.42,5
E01005464,6.64,6
E01005464,6.95,5
E01005464,6.99,6
E01005464,7.16,5
E01005464,6.68,6
E01005464,6.71,5
E01005464,6.45,6
E01034235,3.19,6
E01034235,3.88,5
E01034235,4.58,5
E01034235,3.37,6
E01005579,4.32,5
E01005566,4.88,5
E01005566,3.48,6
E01005566,3.56,6
E01005566,5.54,5
E01005569,2.81,6
E01005569,5.33,5
E01005566,5.29,5
E01005566,4.27,5
E01005566,4,6
E01005566,4.82,5
E01005566,4.57,6
E01005563,4.49,4
E01005563,3.12,6
E01005563,3.83,6
E01005563,2.52,6
E01005565,5.04,4
E01005565,5.14,6
E01005565,4.55,4
E01005565,5.6,6
E01005565,5.22,4
E01005465,4.76,4
E01005465,4.92,4
E01005465,7.16,5
E01005464,6.34,5
E01005464,4.66,5
E01005464,6.58,5
E01005466,4.56,5
E01005466,7.02,5
E01005466,4.03,5
E01005466,7.73,5
E01005466,3.53,5
E01005466,7.26,5
E01005466,4.28,5
E01005467,7.77,5
E01005466,3.74,5
E01005466,7.88,5
E01005467,4.18,5
E01005466,7.35,5
E01005467,4.53,5
E01005467,7.44,5
E01005467,3.79,5
E01005467,7.55,5
E01005467,4.13,5
E01005467,7.42,5
E01005467,7.18,5
E01005465,4.71,4
E01005465,7.08,5
E01005478,7.86,5
E01005563,1.81,1
E01005468,4.86,4
E01005468,3.43,6
E01005567,4.86,4
E01005567,4.05,6
E01005567,4.44,4
E01005567,2.94,6
E01005537,9.69,6
E01005537,5.26,6
E01005537,7.94,6
E01005537,4.15,6
E01005537,6.69,6
E01005537,3.87,6
E01005537,7.03,6
E01005537,4.47,6
E01005359,4.71,5
E01005359,4.91,5
E01005359,5.53,5
E01005359,4.73,5
E01005561,5,7
E01005561,4.36,7
E01005442,3.91,7
E01005442,3.75,7
E01005443,3.65,7
E01005443,2.89,7
E01005442,3.8,7
E01005446,3.5,7
E01005446,3.94,6
E01005446,3.7,6
E01005445,3.36,4
E01005445,2.94,4
E01005361,2.3,4
E01005359,1.13,4
E01005561,3.73,7
E01005445,2.76,4
E01005562,3.97,7
E01005560,4.37,7
E01005563,1.82,5
E01005569,4.49,7
E01005482,-2.37,5
E01005468,3.48,5
E01005468,4.22,5
E01005564,2.28,5
E01005482,1.82,5
E01005482,0.49,5
E01005482,1.28,5
E01005568,4.21,7
E01005482,4.56,6
E01005482,4.66,1
E01005564,2.86,5
E01005566,4.84,7
E01005566,3.95,7
E01005568,4.19,7
E01005568,4.23,7
E01005563,2.1,5
E01005560,3.83,7
E01005556,3.95,7
E01005556,4.84,7
E01005556,4.9,7
E01005559,4.97,7
E01005556,5.42,7
E01005556,4.73,7
E01005559,4.86,7
E01005559,5.37,7
E01005567,4.87,7
E01005567,4.63,7
E01005563,3.01,5
E01005563,2.59,5
E01005565,3.35,5
E01005565,3.62,5
E01005359,4.53,5
E01005359,4.53,5
E01005445,3.68,3
E01005445,2.25,4
E01005359,4.75,3
E01005359,4.06,3
E01005359,4.88,3
E01005359,4.65,3
E01005561,3.53,3
E01005561,3.35,5
E01005561,2.79,3
E01005561,2.98,5
E01005443,3.53,3
E01005443,1.91,4
E01005442,3.59,3
E01005442,2.33,4
E01005446,3.01,3
E01005446,2.68,4
E01005446,3.48,3
E01005446,3.17,4
E01005446,1.74,2
E01005446,3.26,4
E01005445,3.68,4
E01005441,3.74,3
E01005441,3.33,4
E01005441,3.58,3
E01005441,3.63,4
E01005441,4.15,3
E01005441,3.31,4
E01005445,3.67,4
E01005361,4.07,3
E01005361,4.4,3
E01005561,3.36,3
E01005561,3.41,5
E01005562,2.97,3
E01005562,2.95,5
E01005560,2.46,3
E01005560,2.57,5
E01005563,5.11,3
E01005468,6.09,3
E01005564,4.95,4
E01005564,5.2,4
E01005482,2.15,2
E01005482,3.2,2
E01005482,4.85,4
E01005568,1.72,3
E01005568,2.27,5
E01005482,0.55,2
E01005482,2.32,3
E01005566,2.91,3
E01005566,3.77,5
E01005566,2.39,3
E01005566,3.41,5
E01005569,1.65,3
E01005569,2.74,5
E01005568,2.15,3
E01005568,2.61,5
E01005563,5.27,3
E01005560,1.98,3
E01005560,2.12,5
E01005556,2.65,3
E01005556,3.11,5
E01005556,2.79,3
E01005556,3.21,5
E01005559,3.61,3
E01005559,3.43,5
E01005559,3.13,3
E01005559,3.48,5
E01005556,3.62,3
E01005556,3.18,5
E01005556,3.18,3
E01005556,2.96,5
E01005556,4.02,3
E01005556,4.75,5
E01005559,3.18,3
E01005559,4,5
E01005567,2.57,3
E01005567,3.45,5
E01005567,2.76,3
E01005567,3.11,5
E01005567,2.2,3
E01005567,3.22,5
E01005565,4.85,3
E01005565,5.56,3
E01005565,5.06,3
E01005468,6.08,3
E01005468,5.16,3
E01005468,5.01,3
E01005486,482.59,6
E01005482,481.49,6
E01005486,0.65,7
E01005495,482.8,6
E01005486,1.01,6
E01005486,482.43,6
E01005486,1.28,6
E01005494,482.95,6
E01005486,1.23,6
E01005486,482.31,6
E01005486,483.1,6
E01005482,3.08,5
E01005495,1.14,6
E01005495,483.22,6
E01005495,0.96,6
E01005495,414.15,7
E01005495,1.18,6
E01005495,413.46,7
E01005495,413.72,7
E01005495,0.89,6
E01005490,1.55,6
E01005490,413.42,7
E01005490,0.2,1
E01005490,0.22,1
E01005572,484.94,6
E01005482,240.45,6
E01005482,2.84,1
E01005571,4.67,4
E01005592,183.19,8
E01005590,482.9,3
E01005482,2.34,1
E01005590,182.74,8
E01005575,484.51,6
E01005575,184.45,8
E01005575,485.03,6
E01005575,184.34,8
E01005575,485.1,6
E01005575,485.48,6
E01005575,184.55,8
E01005574,184.29,8
E01005574,485.23,6
E01005574,485.14,6
E01005574,184.24,8
E01005574,183.72,8
E01005575,184.11,8
E01005576,484.84,6
E01005576,184.51,8
E01005576,484.7,6
E01005576,183.94,8
E01005577,484.62,6
E01005577,184.41,8
E01005577,484.71,6
E01005577,184.66,8
E01005577,484.19,6
E01005577,184.13,8
E01005592,483.48,6
E01005577,183.65,8
E01005577,184.09,8
E01005577,482.93,6
E01005577,183.41,8
E01005592,482.98,6
E01005571,364.23,4
E01005571,293.57,5
E01005570,182.8,8
E01005570,485.01,6
E01005570,183.48,8
E01005572,484.78,6
E01005572,183.38,8
E01005587,183.62,8
E01005485,289.76,5
E01005561,0.34,2
E01005564,242.59,6
E01005482,362.58,4
E01005568,-0.38,2
E01005482,-0.41,2
E01005566,0.55,2
E01005566,0.18,2
E01005569,0.52,2
E01005568,0.03,2
E01005563,209.53,7
E01005564,242.3,6
E01005561,-0.13,2
E01005561,-1.29,2
E01005561,1.62,2
E01005556,1.27,2
E01005556,365.62,4
E01005556,1.06,2
E01005559,366,4
E01005559,1.17,1
E01005559,365.44,4
E01005559,0.65,1
E01005556,363.09,4
E01005556,0.06,1
E01005556,364.32,4
E01005556,-0.04,1
E01005559,-0.96,1
E01005567,0.14,2
E01005567,0.7,2
E01005563,209.29,7
E01005563,208.73,7
E01005468,243.16,6
E01005567,243.21,6
E01005567,243.44,6
E01005555,364.77,4
E01005555,-0.34,1
E01005560,-2.27,2
E01005562,1.69,2
E01005559,3.03,3
E01005559,0.89,1
E01005567,1.54,3
E01005567,0.15,1
E01005567,1.92,2
E01005567,0.92,2
E01005567,1.52,2
E01005567,0.64,2
E01005562,1.35,2
E01005556,365.78,4
E01005556,1.27,1
E01005558,365.57,4
E01005558,0.47,1
E01005561,5.34,1
E01005561,1.2,2
E01005560,-3.85,1
E01005560,-2.05,2
E01005562,0.99,2
E01005559,2.02,3
E01005559,0.68,1
E01005560,-0.75,2
E01005560,3.96,1
E01005560,-0.68,2
E01005485,1.85,1
E01005485,2.44,3
E01005485,-0.59,3
E01005563,1.05,1
E01005563,0.99,3
E01005563,-0.81,3
E01005561,-0.72,2
E01005569,0.46,3
E01005482,1.64,3
E01005482,-9.61,3
E01005568,0.44,3
E01005482,0.2,2
E01005566,2.12,3
E01005566,0.52,3
E01005568,0.54,3
E01005568,0.22,3
E01005564,2.25,1
E01005564,2.6,3
E01005564,-0.38,3
E01005563,1.61,1
E01005563,1.53,3
E01005563,-0.38,3
E01005564,1.37,1
E01005564,1.86,3
E01005564,-0.35,3
E01005564,1.89,1
E01005564,2.37,3
E01005564,0.39,3
E01005560,0.56,2
E01005561,-0.84,2
E01005561,0.11,3
E01005561,2.1,3
E01005561,-3.86,2
E01005556,-0.32,2
E01005556,0.38,1
E01005556,0.95,3
E01005556,1.13,3
E01005556,1.09,1
E01005556,1.79,3
E01005556,1.74,3
E01005559,0.73,1
E01005559,1.31,3
E01005559,1.16,3
E01005559,1.18,2
E01005559,0.94,3
E01005556,2.15,1
E01005556,1.36,3
E01005556,0.45,3
E01005559,3.57,1
E01005559,2.18,1
E01005567,2.76,3
E01005567,2.55,3
E01005563,2.04,1
E01005563,1.35,3
E01005563,-0.51,3
E01005468,-0.79,1
E01005468,0.26,3
E01005468,-0.36,3
E01005567,-1.22,1
E01005567,0.04,3
E01005567,0.56,3
E01005567,2.01,1
E01005567,1.81,3
E01005567,-0.04,3
E01005558,0.38,1
E01005558,-0.18,2
E01005558,0.35,3
E01005560,4.04,1
E01005560,1.23,2
E01005562,0.28,3
E01005562,0.73,3
E01005559,2.31,3
E01005567,2.52,3
E01005558,1.09,1
E01005558,1.07,2
E01005558,1.23,3
E01005561,2.42,2
E01005561,0.9,3
E01005560,-1.14,2
E01005560,0.07,2
E01005562,0.51,3
E01005558,0.83,1
E01005558,0.84,2
E01005558,0.81,3
E01005567,1.87,3
E01005567,2.69,3
E01005559,1.09,3
E01005560,-2.11,2
E01005560,1.2,2
E01005560,0.43,2
E01005591,4.56,1
E01005591,-6.89,3
E01005591,2.3,2
E01005483,-13.25,2
E01005483,12.3,1
E01005483,-24.06,2
E01005482,1.9,1
E01005482,41.9,1
E01005591,-8.84,2
E01005483,33.12,2
E01005487,15.93,3
E01005487,-15.51,3
E01005487,-30.27,1
E01005574,16.48,5
E01005570,10.04,5
E01005572,16.67,4
E01005572,14.35,3
E01005587,8.49,5
E01005588,4.08,5
E01005588,25.48,5
E01005588,7.85,5
E01005589,9.07,4
E01005590,6.57,1
E01005570,12.77,5
E01005570,11.12,5
E01005572,9.79,5
E01005570,13.04,5
E01005588,13.54,3
E01005591,0.56,2
E01005588,-9.26,2
E01005570,10.38,5
E01005570,11.69,5
E01005570,11.84,5
E01005570,13.62,5
E01005570,10.57,5
E01005573,13.66,5
E01005574,13.69,5
E01005574,14.64,5
E01005588,10.74,2
E01005588,-9.13,3
E01005572,12.91,5
E01005588,2.92,3
E01005027,3.27,2
E01004959,-2.02,1
E01004959,3.93,2
E01005024,3.77,2
E01005024,3.84,2
E01004959,-1.31,1
E01004959,-1.02,1
E01004959,4.54,2
E01004959,4.54,2
E01004959,4.36,2
E01005514,0.84,1
E01005514,4.1,2
E01005514,3.67,2
E01005497,0.9,2
E01005512,0.94,1
E01005497,1.54,2
E01005501,1.1,2
E01005497,1.3,2
E01005512,3.39,2
E01005497,1.56,2
E01005501,0.99,2
E01005510,2.38,2
E01005510,1.02,2
E01005497,1.03,2
E01005511,3.53,2
E01005512,0.32,2
E01005497,1.23,2
E01005512,0.34,1
E01005512,2.98,2
E01005514,0.43,1
E01005514,0.12,1
E01005501,5.96,3
E01005508,0.9,3
E01005507,1.81,3
E01005506,-0.18,3
E01005513,0.86,1
E01005513,3.3,2
E01005512,3.8,2
E01005513,0.44,1
E01005513,4,2
E01005513,1.07,1
E01005513,4.24,2
E01005513,1.26,1
E01005514,4.28,2
E01005514,1.1,1
E01005514,4.22,2
E01005497,-0.42,2
E01005499,1.5,2
E01005499,0.7,2
E01005499,0.58,2
E01005499,0.73,2
E01005497,0.84,2
E01005497,0.5,2
E01005512,3.59,2
E01005512,0.5,1
E01005512,3.14,2
E01004957,-0.08,1
E01004957,4.5,2
E01005501,14.25,3
E01005504,0.82,3
E01005507,4.52,3
E01005508,-0.48,3
E01005506,0.6,3
E01005498,7.38,3
E01005502,0.41,3
E01005500,6.47,3
E01005508,0.08,3
E01005014,1.64,2
E01005027,12.45,1
E01005017,7.45,1
E01005017,6.25,2
E01005014,-0.94,2
E01005014,2.5,1
E01005046,5.48,2
E01005046,5.03,1
E01005046,4.35,1
E01005046,7.71,2
E01005027,11.45,1
E01004967,4.55,2
E01004967,2.78,1
E01005014,3.82,1
E01005019,7.11,1
E01005019,5.3,2
E01005021,3.85,3
E01005021,-0.25,1
E01005019,8.01,1
E01005019,5.11,2
E01005019,3.54,3
E01005019,0.14,1
E01005019,7.23,1
E01005019,5.58,2
E01005019,3.92,3
E01005019,-0.52,1
E01005019,7.85,1
E01005019,5.29,2
E01005019,3.48,3
E01005019,0.61,1
E01005017,7.36,1
E01005017,5.69,2
E01005018,2.6,3
E01005018,-5.36,1
E01005018,7.42,1
E01005018,5.16,2
E01005018,2.98,3
E01005018,-6.07,1
E01005016,3.46,1
E01005016,3.98,2
E01005016,2.82,3
E01005016,-5.03,1
E01005014,1.55,1
E01005014,-2.56,2
E01005014,-0.17,2
E01005014,1.88,2
E01005014,3.04,3
E01005014,-0.81,2
E01005027,3.45,1
E01005027,-0.6,1
E01005027,0.86,2
E01005027,-0.28,1
E01005027,2.3,2
E01005022,5.46,1
E01005022,7.73,3
E01005022,3.55,1
E01005022,4.93,2
E01005022,5.96,1
E01005022,5.28,3
E01005022,3.07,1
E01005022,4.43,2
E01005022,5.3,1
E01005022,3.57,3
E01005022,2.44,1
E01005022,4.79,2
E01005022,4.9,1
E01005022,3.3,2
E01005022,0.81,1
E01005022,5.01,2
E01005022,5.52,1
E01005022,4.22,2
E01005022,1.62,1
E01005022,5.78,2
E01005022,5.88,1
E01005022,3.67,2
E01005022,0.69,1
E01005022,6.16,2
E01005022,5.53,1
E01005022,4.46,2
E01005022,-0.23,1
E01005022,6.76,2
E01005022,4.99,1
E01005022,2.34,2
E01005022,-2.52,1
E01005022,6.34,2
E01005022,6.06,1
E01005022,11.09,3
E01005022,3.12,1
E01005022,4.51,2
E01005023,5.4,1
E01005023,7.02,2
E01005023,4,2
E01005023,3.54,1
E01005023,4.61,1
E01005023,6.48,2
E01005023,4.68,2
E01005023,4.28,1
E01005023,5.14,1
E01005023,8.52,2
E01004967,2.17,1
E01004967,6.32,3
E01004967,4.87,1
E01004967,3.19,1
E01004967,4.36,1
E01004967,2.78,1
E01004967,1.82,1
E01004967,6.83,3
E01004967,3.81,1
E01004967,2.36,1
E01004961,1.41,1
E01004961,6.36,3
E01004961,4.13,1
E01004961,2.81,1
E01004964,4.04,1
E01004964,3.79,1
E01004964,1.6,1
E01004964,5.01,3
E01004964,4.45,1
E01004964,3.86,1
E01004964,1.24,1
E01004964,4.03,3
E01005046,5.32,2
E01005046,4.48,1
E01005049,4.25,1
E01005049,7.7,2
E01005046,5.12,1
E01005046,8.55,2
E01005046,4.54,2
E01005046,3.78,1
E01005046,3.15,3
E01005046,0.46,1
E01005046,6.93,1
E01005046,5.41,2
E01005046,3.7,3
E01005046,0.93,1
E01005046,4.2,3
E01005046,0.25,1
E01005046,6.47,1
E01005046,4.69,2
E01004965,5.84,2
E01004965,4.85,1
E01004965,2.85,1
E01004965,7.32,2
E01004966,5.12,2
E01004966,4.37,1
E01004966,2.03,1
E01004966,7.48,2
E01004966,5.14,2
E01004966,4.65,1
E01004966,2.63,1
E01004966,7.06,2
E01004967,5.96,2
E01004967,4.74,1
E01004961,2.03,1
E01004961,6.19,3
E01004961,5.24,2
E01004961,3.59,1
E01004967,1.64,1
E01004967,6.82,3
E01004964,4.77,1
E01004964,2.92,1
E01004962,-0.11,1
E01004962,3.15,3
E01004962,3.72,1
E01004962,3.11,1
E01005017,6.86,1
E01005017,3,2
E01005017,2.15,3
E01005017,-4.43,1
E01005015,2.52,2
E01005015,-0.9,2
E01005017,11.92,1
E01005017,7.03,2
E01005017,7.16,3
E01005017,-0.42,1
E01005015,-0.43,2
E01005015,-1.25,2
E01005023,4.14,3
E01005023,0.07,1
E01005019,3.86,3
E01005019,0.11,1
E01005020,8.36,1
E01005020,5.18,2
E01005020,2.67,3
E01005020,-3.74,1
E01005020,8.08,1
E01005020,5.6,2
E01005020,3.25,3
E01005020,-2.6,1
E01005015,-0.88,2
E01005023,6.21,1
E01005023,4.57,2
E01005019,6.44,1
E01005019,4.88,2
E01004977,361.85,4
E01004977,723.88,2
E01004977,6.36,2
E01004977,362.74,4
E01004981,722.95,2
E01004981,6.38,2
E01004982,723.5,2
E01004982,5.84,2
E01004981,362.66,4
E01005024,719.46,2
E01005024,4.62,2
E01005024,3.77,2
E01005024,359.64,4
E01005024,718.77,2
E01005024,4.28,1
E01004982,363.08,4
E01004982,723.44,2
E01004982,5.42,2
E01004982,723.79,2
E01004982,4.62,2
E01004981,362.83,4
E01004982,724.6,2
E01004982,3.66,2
E01004981,362.6,4
E01004981,1442.09,1
E01004976,722.57,2
E01004976,5.74,2
E01004976,12.92,1
E01004981,362.58,4
E01004981,361.73,4
E01004976,362.44,4
E01004977,362.34,4
E01004978,722.94,2
E01004978,5.34,2
E01004978,12.52,1
E01004978,362.22,4
E01004978,722.94,2
E01004978,5.93,2
E01004978,11.73,1
E01004978,722.66,2
E01004978,5.62,2
E01004978,10.92,1
E01004978,362.11,4
E01004980,360.27,4
E01004979,359.75,4
E01004979,1442.19,1
E01004979,5.62,2
E01004979,8.85,1
E01004979,360.84,4
E01004956,722.29,2
E01004956,4.67,2
E01004956,9.01,1
E01004956,361.46,4
E01004956,722.24,2
E01004956,5.14,2
E01004956,8.25,1
E01004956,361.48,4
E01004956,722.61,2
E01004956,5.26,2
E01004956,8.67,1
E01004956,362.65,4
E01004979,723.02,2
E01004979,5.94,2
E01004979,11.29,1
E01004976,723.54,2
E01004976,6.56,2
E01004976,12.8,1
E01004976,722.17,2
E01004976,4.74,2
E01004976,12.42,1
E01004976,723.71,2
E01004976,6.86,2
E01004976,11.96,1
E01004976,723.02,2
E01004976,5.87,2
E01004976,12.31,1
E01005143,4.22,1
E01005147,4.62,1
E01033676,4.43,1
E01005566,40.35,1
E01034235,38.93,1
E01005581,35.05,1
E01005566,45.45,1
E01005566,45.98,1
E01005566,42.28,1
E01005566,43.84,1
E01005595,29.4,1
E01005578,29.99,1
E01005581,33.53,1
E01005523,13.5,1
E01005598,18.84,1
E01005596,12.18,1
E01005596,16.02,1
E01005595,19.63,1
E01004983,39.43,1
E01005012,11.46,1
E01005055,25.28,1
E01005007,25.11,1
E01005011,17.01,1
E01005011,18.17,1
E01004989,19.26,1
E01004943,38.31,1
E01004943,38.16,1
E01004943,37,1
E01004941,35.71,1
E01004946,33.52,1
E01004941,33.38,1
E01005056,29.9,1
E01004946,31.15,1
E01004946,32.3,1
E01005056,27.71,1
E01005055,27.61,1
E01005055,26.49,1
E01004989,20.52,1
E01004989,21.62,1
E01005007,22.77,1
E01005007,22.9,1
E01005007,24.02,1
E01004989,19.36,1
E01004985,9.82,1
E01005013,7.36,1
E01005010,-1.28,1
E01005010,-1.87,1
E01005010,-2.47,1
E01004910,-1.05,1
E01005129,19.95,1
E01005132,20.17,1
E01005129,20.41,1
E01033669,18.92,1
E01005257,19.94,1
E01033678,19.66,1
E01004955,5.64,1
E01004960,4.7,1
E01004955,6.13,1
E01004955,5.45,1
E01004954,5.88,1
E01004954,4.81,1
E01004954,5.2,1
E01005591,8.33,1
E01005591,8.07,1
E01005591,7.5,1
E01005575,5.88,1
E01005575,6.1,1
E01005575,5.73,1
E01005575,6.26,1
E01005574,6.36,1
E01005574,6.27,1
E01005499,5.51,1
E01005499,5.05,1
E01005499,5.32,1
E01005499,5.53,1
E01005575,6.13,1
E01004954,4.9,1
E01005499,5.48,1
E01005499,5.04,1
E01005587,7.1,1
E01005496,8.11,1
E01005496,9.01,1
E01005496,9.98,1
E01005496,8.88,1
E01005574,8.04,1
E01005588,7.72,1
E01005488,7.78,1
E01005591,2.31,1
E01005591,0.92,1
E01005591,0.44,1
E01005590,0.39,1
E01005592,0.06,1
E01005575,1.61,1
E01005575,2.13,1
E01005575,2.02,1
E01005575,2.63,1
E01005574,2.38,1
E01005574,1.96,1
E01005575,1.9,1
E01005587,2.28,1
E01005496,2.5,1
E01005496,2.76,1
E01005496,3.53,1
E01005496,1.78,1
E01005496,2.22,1
E01005574,3.01,1
E01005588,2.77,1
E01005488,2.41,1
E01005409,3.94,1
E01005407,4.68,1
E01005479,16.88,1
E01005479,16.1,1
E01005477,17.22,1
E01005477,16.68,1
E01005480,16.05,1
E01005480,16.25,1
E01005480,17.07,1
E01005473,15.57,1
E01005472,17,1
E01005472,15.13,1
E01005473,16.04,1
E01005473,15.81,1
E01034133,5.7,1
E01034133,5.34,1
E01005132,5.43,1
E01005132,6.32,1
E01005132,6.61,1
E01005132,6.76,1
E01005129,5.09,1
E01005129,5.53,1
E01005130,5.2,1
E01005130,4.97,1
E01005257,3.75,1
E01033678,3.65,1
E01005593,1.76,7
E01005594,3.23,7
E01005595,1.7,3
E01005595,10,1
E01005593,1.41,3
E01005593,9.66,1
E01005594,0.18,3
E01005594,10.11,1
E01005522,5.46,4
E01005519,7.36,1
E01005595,1.77,8
E01005595,-1.57,3
E01005595,5.46,1
E01005521,2.81,7
E01005521,2.08,6
E01005519,5.39,1
E01005522,8.38,1
E01005522,5.51,3
E01005523,3.54,1
E01005583,-3.05,3
E01005520,9.58,1
E01005522,8.58,1
E01005522,8.57,1
E01005522,9.48,1
E01005522,8.43,1
E01005522,9.33,1
E01005523,8.84,1
E01005523,8.54,1
E01005519,4.01,1
E01005519,8.23,1
E01005519,8.65,1
E01005519,8.04,1
E01005594,2.45,7
E01005586,0.45,3
E01005586,4.91,1
E01005586,3.04,8
E01005586,-0.5,3
E01005586,6.69,1
E01005586,1.75,8
E01005595,-0.91,3
E01005595,6.31,1
E01005594,2.82,8
E01005594,0.06,3
E01005594,6.4,1
E01005594,2.31,8
E01005594,0.63,3
E01005594,6.59,1
E01005594,1.96,8
E01005594,-0.32,3
E01005594,6.55,1
E01005594,3.67,8
E01005594,2.17,3
E01005594,11.28,1
E01005594,1.83,7
E01005594,-3.94,3
E01005594,6.95,1
E01005597,3.23,8
E01005597,1.71,3
E01005597,8.37,1
E01005597,2.23,8
E01005597,0.37,3
E01005597,6.97,1
E01005581,-0.22,3
E01005581,3.49,1
E01005578,2.25,7
E01005581,-0.66,3
E01005581,3.19,1
E01005581,3.47,7
E01005578,-0.95,3
E01005578,2.98,1
E01005581,3.26,7
E01005581,-1.4,3
E01005581,2.5,1
E01005581,2.99,7
E01034234,-1.98,3
E01034234,2.18,1
E01034234,3.48,7
E01005583,-2.26,3
E01005583,3.76,7
E01005583,3.46,7
E01005583,-2.7,3
E01005482,-3.27,3
E01005482,3.71,7
E01005523,2.29,3
E01005523,9.61,1
E01005598,1.62,3
E01005598,10.17,1
E01005598,1.62,3
E01005598,9.17,1
E01005598,4.26,3
E01005598,13.93,1
E01005596,3.24,3
E01005596,12.91,1
E01005596,3.22,3
E01005596,11.88,1
E01005593,1.16,3
E01005593,10.79,1
E01005593,2.74,7
E01005595,2.26,7
E01005596,2.72,7
E01005596,2.51,3
E01005596,11.08,1
E01005523,2.69,7
E01005523,2.09,7
E01005596,2.76,7
E01005516,3.69,7
E01005516,3.21,7
E01005517,3.62,7
E01005517,3.19,7
E01005521,3.38,6
E01005521,2.88,6
E01005517,3.5,7
E01005521,-0.38,3
E01005521,7.17,1
E01004955,126.08,12
E01004955,5.86,6
E01004955,4.52,5
E01005024,726.14,2
E01005024,292.41,5
E01004980,150.58,10
E01004958,4.8,6
E01004958,3.6,4
E01004959,125.8,12
E01004960,5.15,6
E01004960,4.64,5
E01004959,5.47,6
E01004959,4.59,5
E01004959,125.72,12
E01004958,4.76,6
E01004958,4.88,5
E01004956,126.01,12
E01004955,126.25,12
E01004955,5.55,6
E01004955,4.49,5
E01004955,126.42,12
E01004955,6.08,6
E01004955,4.23,5
E01004954,6.4,6
E01004954,3.63,5
E01004954,126.82,12
E01004954,6.41,6
E01004954,3.61,5
E01004954,126.15,12
E01004954,126.2,12
E01004954,6.06,6
E01004954,3.17,5
E01004954,126.49,12
E01005483,4.47,6
E01005483,2,6
E01005483,148.18,10
E01005483,3.78,5
E01005483,2.25,6
E01005482,3.64,2
E01005482,1.49,3
E01005482,147.68,10
E01005483,148.67,10
E01005487,148.87,10
E01005487,3.86,6
E01005487,2.08,6
E01005487,4.03,6
E01005487,1.98,6
E01005487,149.26,10
E01005487,3.72,6
E01005487,2.59,6
E01005487,148.98,10
E01005575,3.6,6
E01005575,2.63,6
E01005575,135.28,11
E01005575,4.13,6
E01005575,3.31,6
E01005575,134.82,11
E01005575,3.77,6
E01005575,3.38,6
E01005575,4.27,6
E01005575,4.06,6
E01005575,135.17,11
E01005574,135.6,11
E01005574,3.9,6
E01005574,3.94,6
E01005574,3.46,6
E01005574,3.67,6
E01005574,136.22,11
E01005574,135.3,11
E01005499,4.8,6
E01005499,3.38,6
E01005499,4.34,6
E01005499,2.98,6
E01005499,127,12
E01005499,4.53,6
E01005499,3.22,6
E01005499,127.34,12
E01005499,4.06,6
E01005499,2.88,6
E01005575,135.79,11
E01005575,3.91,6
E01005575,2.98,6
E01005575,134.75,11
E01004954,5.74,6
E01004954,1.91,5
E01005499,126.85,12
E01005499,6.01,6
E01005499,2.59,5
E01005499,126.51,12
E01005499,5.38,6
E01005499,2.26,5
E01005499,127.02,12
E01005587,3.51,6
E01005587,3.84,6
E01005590,3.74,6
E01005590,2.75,6
E01005590,148.76,10
E01005589,148.94,10
E01005589,4.3,6
E01005589,3.27,6
E01005589,4,6
E01005589,2.96,6
E01005589,148.64,10
E01005589,148.98,10
E01005589,4.63,6
E01005589,3.32,6
E01005496,3.68,6
E01005496,3.26,6
E01005496,149.42,10
E01005496,148.79,10
E01005496,3.1,6
E01005496,2.89,6
E01005496,150.5,10
E01005496,4.16,6
E01005496,3.96,6
E01005496,148.66,10
E01005496,3.38,6
E01005496,3.05,6
E01005574,4.32,6
E01005574,3.81,6
E01005574,135.9,11
E01005588,4.2,6
E01005588,3.75,6
E01005588,135.92,11
E01005488,4.06,6
E01005488,3.62,6
E01005488,149.46,10
E01004955,7.56,12
E01004955,3.03,6
E01004955,8.03,6
E01005024,24.37,1
E01005024,3.04,1
E01005024,9.62,10
E01004980,8.24,11
E01004958,2.68,6
E01004958,8.43,5
E01004959,7.25,12
E01004960,2.52,6
E01004960,8.16,6
E01004959,2.92,6
E01004959,8.5,6
E01004959,7.25,12
E01004958,2.52,6
E01004958,8.47,6
E01004956,8.51,13
E01004955,8.1,12
E01004955,2.96,6
E01004955,7.88,6
E01004955,8.19,12
E01004955,3.19,6
E01004955,7.4,6
E01004954,3.46,6
E01004954,7.09,6
E01004954,8.56,12
E01004954,3.28,6
E01004954,7.08,6
E01004954,7.72,12
E01004954,7.79,12
E01004954,2.92,6
E01004954,6.78,6
E01004954,8.02,12
E01005482,1.93,6
E01005482,6.97,6
E01005482,5.21,8
E01005592,2.36,6
E01005592,10.77,8
E01005590,6.13,9
E01005482,0.95,3
E01005482,5.48,3
E01005482,5.18,8
E01005590,1.97,6
E01005590,7.06,6
E01005591,1.47,6
E01005591,9.99,7
E01005591,8.68,11
E01005590,8.87,11
E01005590,1.28,6
E01005590,9.57,8
E01005592,1.75,6
E01005592,10.28,8
E01005592,8.36,11
E01005592,6.37,11
E01005575,0.88,6
E01005575,8.81,7
E01005575,7.28,11
E01005575,1.4,6
E01005575,9.42,7
E01005575,6.93,11
E01005575,1.03,6
E01005575,9.38,7
E01005575,1.59,6
E01005575,10,7
E01005575,7.34,11
E01005574,7.74,11
E01005574,1.28,6
E01005574,9.87,7
E01005574,0.94,6
E01005574,9.58,7
E01005574,8.42,11
E01005574,8.51,11
E01005499,1.85,6
E01005499,5.81,6
E01005499,1.42,6
E01005499,5.49,6
E01005499,8.43,12
E01005499,1.64,6
E01005499,5.81,6
E01005499,8.7,12
E01005499,1.16,6
E01005499,5.65,6
E01005575,7.7,11
E01005575,1.17,6
E01005575,5.75,6
E01005575,6.75,11
E01005577,2.34,6
E01005577,10.28,8
E01005577,5.31,11
E01005577,1.89,6
E01005577,10.12,8
E01005592,5.67,10
E01004954,2.63,6
E01004954,5.54,6
E01005499,8.33,12
E01005499,2.92,6
E01005499,5.87,6
E01005499,7.96,12
E01005499,2.35,6
E01005499,5.34,6
E01005499,8.39,12
E01005587,1.12,6
E01005587,9.9,7
E01005588,1.72,6
E01005588,10.63,7
E01005588,8.84,11
E01005588,1.44,6
E01005588,10.19,7
E01005588,8.27,11
E01005588,1.13,6
E01005588,9.89,7
E01005591,8.9,11
E01005591,1.8,6
E01005591,9.87,7
E01005591,9.04,11
E01005591,1.03,6
E01005591,10.26,7
E01005572,10.58,1
E01005571,8.11,1
E01005590,9.47,1
E01005591,11.97,1
E01005590,12.11,1
E01005592,11.01,1
E01005592,10.93,1
E01005577,10.26,1
E01005592,8.69,1
E01005571,9.18,1
E01005571,8.83,1
E01005570,9.36,1
E01005572,9.96,1
E01005574,10.41,1
E01005588,10.8,1
E01005588,11.42,1
E01005591,11.9,1
E01005591,12.33,1
E01005139,3.37,1
E01033687,4.02,1
E01005252,3.21,1
E01005250,3.75,1
E01033685,3.76,1
E01033687,4.43,1
E01005139,3.85,1
E01033685,4.35,1
E01005139,3.43,1
E01033687,3.89,1
E01033687,3.24,1
E01005103,-0.16,1
E01005103,-0.76,1
E01005103,0.11,1
E01005103,-0.44,1
E01005104,-0.2,1
E01005104,0.92,1
E01005103,0.34,1
E01005103,-0.3,1
E01033667,-2.37,1
E01033667,6.83,14
E01033664,2.76,1
E01033664,5.07,22
E01005249,0.9,1
E01005249,2.72,20
E01034108,3.27,16
E01034108,5.52,25
E01034108,3.09,17
E01034108,5.38,25
E01034108,2.77,17
E01034108,5.68,25
E01005138,3.06,17
E01005138,5.88,25
E01005138,2.82,20
E01005138,7.07,27
E01005141,0.95,1
E01005141,2.43,21
E01005138,6.26,27
E01005141,1.36,1
E01005141,3.1,21
E01005141,6.91,27
E01033687,1.65,1
E01033687,3.25,21
E01033687,7.04,27
E01033685,1.59,1
E01033685,3.01,21
E01033667,0.08,5
E01005226,5.64,27
E01005226,0.36,1
E01005226,2.4,22
E01005229,0.54,1
E01005229,2.6,22
E01005229,6.59,27
E01005229,1.23,1
E01005229,3.19,22
E01005229,7.03,27
E01005229,1.5,1
E01005229,3.2,20
E01005252,6.63,27
E01005252,2.13,1
E01005252,3.44,21
E01005252,6.59,27
E01033685,6.49,27
E01005205,4.63,28
E01005205,1.13,1
E01005205,3.97,25
E01005202,1.81,1
E01005202,4.11,25
E01005224,4.75,28
E01005223,1.63,1
E01005223,3.79,25
E01005223,5.01,28
E01005224,5.32,28
E01005205,1.85,1
E01005205,4.38,24
E01005203,4.44,27
E01005203,1.49,1
E01005203,4.06,24
E01005203,4.59,27
E01005203,1.09,1
E01005203,3.79,24
E01005203,4.61,27
E01005205,4.15,28
E01005205,2.09,1
E01005205,4.28,25
E01005205,4.11,27
E01033664,2.26,1
E01033664,4.54,24
E01033664,5.79,24
E01033664,5.29,24
E01033651,1.55,1
E01033651,2.79,25
E01033665,5.81,25
E01033665,0.97,1
E01033665,3.44,24
E01033651,5.98,25
E01033651,0.48,1
E01033651,2.91,24
E01033651,5.47,24
E01033664,0.75,1
E01033664,2.94,24
E01033651,5.92,24
E01033676,5.15,25
E01005130,1.35,1
E01005130,3.89,24
E01034107,3.34,19
E01005136,5.86,24
E01005136,5.24,25
E01005136,3.74,17
E01005164,6.24,7
E01034107,5.37,23
E01034107,2.77,18
E01034108,3.39,20
E01034107,3.17,18
E01034107,5.87,24
E01005136,5.99,24
E01005203,1.79,1
E01005203,4.97,24
E01005203,3.99,26
E01005203,0.2,1
E01005203,3.85,24
E01033676,4.56,25
E01033676,1.1,1
E01033676,4.24,24
E01033664,4.6,9
E01033664,3.16,3
E01033651,-1.32,1
E01033651,3.37,4
E01005160,4.84,10
E01005160,5.43,12
E01005160,5.26,10
E01033665,3.62,14
E01033665,-0.38,2
E01033665,1.25,7
E01033651,4.44,14
E01033651,-0.85,2
E01033651,1.62,6
E01033651,4.73,13
E01033664,-1.58,2
E01033664,1.08,6
E01033651,5.16,13
E01033676,2.74,14
E01033676,-0.73,4
E01033676,4.57,11
E01034110,-0.69,4
E01034110,4.53,11
E01034110,3.62,14
E01033676,3.04,14
E01005130,-0.12,3
E01005130,3.64,10
E01005103,2.92,7
E01034107,-0.3,4
E01034107,4.45,11
E01005136,4.79,11
E01005100,5.22,11
E01005100,4.74,11
E01005101,4.82,9
E01005101,5.13,11
E01005103,3.49,7
E01005101,4.78,11
E01005103,4.56,11
E01005167,-0.17,4
E01005167,4.95,11
E01034110,4.08,14
E01034110,3.72,14
E01034110,-0.23,4
E01034110,4.82,11
E01034110,-0.78,4
E01034110,4.41,11
E01034110,3.75,14
E01005160,6.01,12
E01005100,4.91,10
E01005103,5.02,12
E01005098,5.14,10
E01005103,5.76,12
E01005098,5.49,12
E01005164,0.8,3
E01005164,4.66,20
E01034107,6.41,26
E01034107,-0.42,4
E01034107,3.91,23
E01005102,4.78,10
E01005102,5.36,10
E01005102,5.13,12
E01005102,4.91,10
E01005160,4.88,12
E01005100,5.5,11
E01005164,-1.77,4
E01005164,4.8,22
E01005167,3.95,14
E01005206,3.4,13
E01005206,3.76,13
E01034107,3.78,13
E01034107,0.28,4
E01034107,3.51,23
E01034107,6.86,25
E01005136,4.82,12
E01034107,0.64,4
E01034107,5.37,11
E01005206,0.6,4
E01005206,5.37,11
E01005206,0.14,4
E01005206,5,11
E01005164,-0.55,4
E01005164,5.28,11
E01005203,-1.94,4
E01005203,3.39,11
E01033676,3.1,14
E01033676,-0.37,4
E01033676,4.4,11
E01004969,4.69,10
E01005547,5.98,12
E01005547,5.68,12
E01005547,4.42,10
E01005547,3.78,10
E01005547,5.86,11
E01005546,3.65,9
E01005546,6.1,11
E01005547,6.76,11
E01005546,3.82,9
E01005546,6.14,10
E01005546,4.58,7
E01005546,4.68,5
E01005546,6.03,9
E01005546,5.57,3
E01005184,6.08,19
E01034117,10.09,19
E01005286,8.6,19
E01005286,4.2,1
E01005286,4.44,19
E01005281,5.7,19
E01033664,-2.39,5
E01033664,-2.85,6
E01033667,1.37,1
E01033667,8.92,14
E01033653,9.22,14
E01033653,-0.19,6
E01033653,-4.72,4
E01033654,8.24,1
E01033654,-2.25,1
E01033653,-0.33,5
E01033653,-4.76,4
E01033665,1.48,1
E01033665,6.16,15
E01005142,0.51,7
E01005142,1.08,9
E01005166,5.35,1
E01005166,4.09,14
E01033658,-1.21,5
E01033658,-1.85,5
E01033658,2.47,1
E01033658,9.19,15
E01033658,2.35,1
E01033658,8.85,15
E01005143,0.57,6
E01005143,-0.02,8
E01005147,-0.59,5
E01005147,-0.66,8
E01033676,4.61,1
E01033676,5.85,14
E01033676,-0.4,3
E01033676,-0.58,8
E01033676,3.43,1
E01033676,5.26,15
E01033658,-0.14,6
E01033658,-1.37,8
E01033658,2.46,1
E01033658,7.63,15
E01033655,0.1,6
E01033655,-0.97,8
E01033655,2.09,1
E01033655,7.01,15
E01033655,-2,2
E01033655,-0.26,6
E01033655,1.63,1
E01033655,6.19,15
E01033665,-1.4,2
E01033665,0.15,6
E01005147,-1.15,2
E01005147,0.19,6
E01005135,3.77,6
E01005103,2.76,7
E01005103,2.62,8
E01005103,8.03,1
E01005103,5.85,6
E01005103,2.85,8
E01005103,8.24,1
E01005103,6.22,6
E01005103,8.93,1
E01005103,6.64,6
E01034107,3.36,7
E01005103,8.42,1
E01005103,6.31,6
E01033658,-1.23,7
E01033658,-1.88,6
E01005166,6.63,1
E01005166,3.82,14
E01005166,6.19,1
E01005166,3.91,14
E01005167,0.16,7
E01005167,0.9,9
E01005167,6.41,1
E01005167,3.97,14
E01005167,-0.29,7
E01005167,0.25,9
E01005166,0,7
E01005166,0.76,9
E01005166,6.87,1
E01005166,4.07,14
E01005166,5.75,1
E01005166,3.7,13
E01005165,-0.82,7
E01005165,-0.14,9
E01005165,5.38,1
E01005165,4.62,14
E01005160,3.3,8
E01005160,8.49,1
E01005160,5,8
E01005160,3.06,8
E01005160,8.06,1
E01005160,4.9,7
E01005100,8.24,1
E01005100,6.46,6
E01005103,2.98,7
E01005142,0.47,7
E01005142,1.09,9
E01005165,7.76,1
E01005165,4.93,8
E01005162,9.03,1
E01005162,4.92,8
E01005160,8.69,1
E01005160,4.69,8
E01005160,3.26,8
E01005162,3.27,8
E01005165,8.48,1
E01005165,4.74,8
E01005165,4.1,9
E01005166,3.78,9
E01005166,8.97,1
E01005166,4.35,7
E01005166,8.61,1
E01005166,4.24,7
E01005164,3.36,9
E01005164,4.16,8
E01005164,0.99,1
E01005164,8.28,1
E01005164,-2.36,9
E01005164,4.01,7
E01005164,6.59,1
E01005164,4.35,9
E01005164,5.37,12
E01005166,-0.44,7
E01005166,0.38,9
E01005160,2.7,8
E01005160,8.33,1
E01005160,5.21,7
E01005104,3.16,8
E01005104,8.84,1
E01005104,5.02,7
E01005104,3.04,8
E01005104,8.64,1
E01005104,5.58,7
E01005103,3.3,7
E01005103,9.1,1
E01005103,5.12,7
E01005103,3.25,7
E01005103,8.48,1
E01005103,6.57,6
E01005103,2.98,8
E01005103,7.44,1
E01005103,6.02,6
E01005103,8.1,1
E01005103,6.34,6
E01005103,2.6,7
E01005100,3.31,6
E01005100,7.88,1
E01005100,6.01,6
E01005099,3.76,6
E01005099,8.27,1
E01005099,5.62,6
E01005099,8.29,1
E01005099,6.34,6
E01005099,4.32,6
E01005164,-3.99,5
E01005164,6.63,1
E01005164,3.94,9
E01005164,3.04,14
E01005142,5.82,1
E01005142,5.74,14
E01005145,4.91,1
E01005145,5.33,14
E01005145,4.48,1
E01005145,4.77,14
E01005143,4.74,1
E01005143,5.24,14
E01005549,8.01,1
E01005549,6.61,6
E01005549,4,6
E01005539,-0.46,2
E01005539,5.14,3
E01005544,3.9,6
E01005549,8.55,1
E01005549,6.6,6
E01005549,3.97,6
E01005533,7.11,1
E01005533,6.25,6
E01005548,4.34,6
E01005548,7.32,1
E01005548,5.97,6
E01005548,4.29,6
E01005548,2.18,4
E01005066,6.89,19
E01033653,6.81,16
E01033653,5.28,2
E01033653,-0.55,4
E01033653,8.55,16
E01033662,2.68,7
E01033662,1.43,6
E01005066,3.05,7
E01005066,2.81,5
E01033662,8.23,18
E01033653,3.27,5
E01033653,0.19,5
E01033662,2.67,8
E01033662,0.53,7
E01005264,6.49,18
E01005264,3.92,9
E01005264,2.36,9
E01005269,6.51,18
E01005269,6.2,18
E01005268,7.1,18
E01005268,2.08,8
E01005268,1.1,9
E01005268,1.71,8
E01005268,0.96,9
E01005268,7.21,18
E01005265,4.12,9
E01005265,2.06,8
E01005264,6.15,18
E01005265,6.25,18
E01005264,3.9,9
E01005264,1.56,8
E01005265,5.96,18
E01005266,3.93,9
E01005266,1.9,8
E01005265,5.67,18
E01005078,6.63,19
E01005309,6.99,19
E01033653,8,16
E01034117,0.63,1
E01005212,2.35,7
E01005212,2.48,5
E01005210,2.08,6
E01005210,2.14,5
E01005066,7.65,19
E01034115,7.47,20
E01034115,0.58,5
E01034115,1.92,5
E01034115,8.04,19
E01034115,-0.19,4
E01034115,-1.51,3
E01005284,7.28,19
E01005284,8.51,19
E01005274,6.61,19
E01005273,1,8
E01005273,-0.01,9
E01005078,7.1,19
E01005078,2.89,8
E01005078,1.14,9
E01005078,7.09,19
E01005078,3.01,8
E01005078,1.25,9
E01005078,2.55,8
E01005078,1.21,9
E01005078,6.84,19
E01005268,2.2,8
E01005268,1.15,9
E01005185,6.6,19
E01005185,0.58,5
E01005185,-0.65,6
E01005185,6.68,19
E01005271,1.71,7
E01005271,0.24,8
E01005309,0.53,8
E01005309,-0.19,9
E01005076,2.36,8
E01005076,0.7,9
E01005277,7.44,19
E01005276,1.42,9
E01005276,-0.21,9
E01005276,7.21,19
E01005276,1.11,8
E01005276,-0.22,9
E01005276,7.22,19
E01005274,1.61,8
E01005274,0.3,9
E01005274,7.06,19
E01005304,1.78,8
E01005304,0.68,9
E01005304,6.82,19
E01005265,4.16,9
E01005265,2.71,9
E01005269,2.81,9
E01005269,1.15,9
E01005266,6,18
E01005266,5.87,18
E01005266,4.06,9
E01005266,2.18,8
E01005266,3.99,9
E01005266,1.98,8
E01005266,4.06,9
E01005266,2.06,8
E01006176,5.64,18
E01006176,2.09,8
E01006176,1.52,8
E01006178,3.41,9
E01006178,1.23,8
E01006174,3.39,9
E01006174,1.12,8
E01006174,3.04,9
E01006174,1.27,8
E01006160,3.35,9
E01006160,1.76,9
E01006161,0.37,8
E01006174,2.84,15
E01006174,5.66,18
E01006174,5.8,18
E01006178,5.9,18
E01006178,6.26,18
E01006176,5.93,18
E01006176,5.75,18
E01006176,2.63,8
E01006176,1.94,8
E01006173,2.16,8
E01006173,1.59,8
E01005447,14.21,8
E01005444,12.84,10
E01005433,11.55,5
E01005433,5.05,5
E01005447,24.21,9
E01005447,23.32,8
E01005447,5.06,5
E01005397,26.33,12
E01005397,5.49,11
E01005397,31.97,13
E01005397,-7.21,8
E01005397,34.41,11
E01005397,4.56,8
E01005445,22.87,12
E01005433,13.92,9
E01005433,13.88,7
E01005433,38.57,3
E01005433,20.84,6
E01005432,51.85,6
E01005428,19.25,8
E01032920,14.38,11
E01032920,39.89,7
E01005432,5.02,9
E01005432,32.09,10
E01005432,20.49,10
E01005432,-3.68,10
E01005447,12.77,10
E01005445,12.64,11
E01005445,20.18,9
E01005441,18.18,8
E01005357,14.94,12
E01005357,15.41,12
E01005357,15.14,12
E01005359,15.6,12
E01005358,15.9,12
E01005358,17.55,12
E01005358,13.59,12
E01005444,20.12,10
E01005441,12.31,10
E01005441,13.38,10
E01005355,23.02,10
E01005355,7.69,9
E01005355,8.88,6
E01005355,21.04,9
E01005356,20.89,11
E01005356,-0.24,9
E01005399,13.14,11
E01005356,-6.38,10
E01005356,17.34,13
E01005356,0.84,5
E01005399,22.4,12
E01005399,26.45,6
E01005433,28.76,6
E01005448,3.62,21
E01005448,4.17,20
E01005455,1.75,18
E01005421,1.34,18
E01005421,4.33,20
E01005421,1.67,18
E01005421,4.77,20
E01005421,5.13,20
E01005421,4.33,20
E01005421,1.96,17
E01005453,1.71,17
E01005453,4.76,20
E01032558,4.15,20
E01032558,3.09,16
E01032558,3.67,20
E01032558,3,15
E01032558,3.7,18
E01032558,3.31,15
E01032559,5.03,7
E01032559,7.86,3
E01032559,0.25,1
E01005452,3.99,20
E01005453,2.96,16
E01005453,4.25,20
E01005433,3.56,8
E01005433,-1.42,8
E01005433,0.22,13
E01005433,3.15,14
E01005433,0.41,9
E01005433,4.17,8
E01005432,3.82,6
E01032920,1.84,17
E01005421,3.64,17
E01005448,3.57,21
E01005453,2.2,17
E01005453,4.38,20
E01005453,2.58,16
E01005448,1.22,17
E01005448,0.73,17
E01004987,0.15,9
E01004988,2.7,10
E01004988,4.24,10
E01005007,-0.29,10
E01005034,7.41,10
E01005648,3.49,11
E01005038,3.04,11
E01004988,2.24,10
E01005032,3.33,11
E01005031,3.04,11
E01005031,8.8,9
E01005031,2.83,11
E01005031,8.43,9
E01005031,8.64,9
E01005031,3.3,11
E01005055,6.25,10
E01005007,6.45,10
E01005007,0.4,10
E01004941,0.85,10
E01004942,7.77,10
E01004942,0.96,10
E01004942,7.28,10
E01004988,7.46,10
E01005056,7.82,10
E01005056,1.12,8
E01004946,7.64,10
E01004946,0.7,10
E01004946,7.8,10
E01005056,0.15,7
E01005056,6.68,10
E01005058,0.34,7
E01005055,7,10
E01005055,6.44,10
E01005055,0.76,7
E01005055,-0.11,10
E01004986,7.29,10
E01004986,0.86,10
E01004986,6.7,10
E01004986,1.54,10
E01004989,6.4,10
E01005007,6.73,9
E01005060,6.31,9
E01005060,-0.01,10
E01005060,0.26,10
E01005060,6.45,9
E01005060,0.69,10
E01005060,5.83,9
E01005060,0.35,10
E01005060,5.63,10
E01005060,0.66,10
E01005060,5.22,10
E01005030,1.21,7
E01005060,5.15,10
E01005025,0.96,6
E01004983,7.29,10
E01004983,2.41,10
E01004983,2.07,11
E01004989,6.16,10
E01004988,0.56,9
E01005038,7.66,10
E01005036,8.08,10
E01004987,7.59,10
E01004988,7.19,10
E01004986,1.42,10
E01005034,7.9,10
E01005034,1.64,10
E01005032,3.92,11
E01005037,7.96,9
E01005038,4.12,10
E01005033,7.08,10
E01004945,0.51,10
E01005045,7.43,10
E01005036,7.89,10
E01005036,2.44,9
E01005036,3.18,9
E01005036,2.9,10
E01005037,2.83,11
E01005037,2.58,11
E01005037,8.21,9
E01005032,8.18,9
E01005032,3.81,11
E01005032,8.61,9
E01005032,9.09,9
E01033981,7.74,9
E01033981,4.08,11
E01033980,8.21,9
E01033980,3.66,11
E01005682,-0.36,5
E01005653,3.12,11
E01005653,3.17,12
E01005653,9.04,9
E01005683,7.47,9
E01005683,3.75,11
E01005681,3.84,11
E01005681,7.28,9
E01005681,6.35,9
E01005681,3.67,11
E01005648,8.82,9
E01005652,2.86,11
E01005652,9.35,9
E01005653,2.75,11
E01005653,9.62,9
E01005653,8.78,9
E01005653,3.11,11
E01005653,9.09,9
E01005389,2.29,1
E01005420,1.06,1
E01005408,2.51,1
E01005419,1.65,1
E01005413,1.82,1
E01005350,10.69,1
E01005413,9.05,1
E01005406,9.98,1
E01005406,1.92,1
E01005406,9.59,1
E01005406,1.18,1
E01005406,1.43,1
E01005406,9.88,1
E01005406,0.91,1
E01005406,9.54,1
E01005407,9.52,1
E01005407,1.65,1
E01005407,8.12,1
E01005409,2.44,1
E01005409,6.73,1
E01005409,2.98,1
E01005409,6.28,1
E01005408,3.54,1
E01005409,6.99,1
E01005409,3.21,1
E01005409,7.04,1
E01005409,3.7,1
E01005408,7.66,1
E01005433,10.59,1
E01005433,9.79,1
E01005433,10.3,1
E01005427,9.25,1
E01005419,8.75,1
E01005418,9.02,1
E01005420,1.32,1
E01005419,1.93,1
E01005419,8.76,1
E01005419,2.01,1
E01005419,7.85,1
E01032556,2.68,1
E01032556,8.45,1
E01005431,2.49,1
E01005431,8.58,1
E01005451,2.3,1
E01005451,8.05,1
E01005451,2.12,1
E01005451,8.93,1
E01005428,8.45,1
E01005428,2.68,1
E01005428,2.92,1
E01005428,9.24,1
E01005250,2.9,3
E01005249,8.41,1
E01005249,1.41,2
E01005250,2.85,4
E01005250,3.08,4
E01005250,7.72,1
E01005250,3.38,2
E01033667,7.01,1
E01005253,7.58,1
E01005253,3.34,2
E01005256,0.09,3
E01005256,6.09,1
E01005256,3.17,1
E01005249,2.86,3
E01005256,7.61,1
E01005256,1.01,2
E01005249,7.17,1
E01005249,0.61,2
E01005256,2.87,3
E01005249,7.81,1
E01005249,1.16,2
E01005249,2.85,3
E01005249,7.69,1
E01005249,0.68,2
E01005249,3.33,3
E01005250,2.96,4
E01005250,7.88,1
E01005250,2.92,2
E01005250,8.43,1
E01005250,2.38,2
E01005249,8.14,1
E01005249,1.31,2
E01005249,3.18,3
E01033651,6.23,2
E01005129,0.92,2
E01005129,3.17,3
E01005129,1.25,2
E01005129,4.22,3
E01005130,0.78,2
E01005130,4.87,3
E01005130,0.46,2
E01005130,4.57,3
E01005130,-0.3,2
E01033651,5.52,2
E01005130,0.23,2
E01033651,-0.31,2
E01005256,6.45,1
E01005256,3.82,1
E01005256,0.55,3
E01005256,6.54,1
E01005256,1.65,2
E01005257,1.43,3
E01005257,5.77,1
E01005257,1.6,2
E01005257,1.67,3
E01005257,5.27,1
E01005257,1.45,2
E01005257,2.23,3
E01005257,1.88,3
E01005257,5.32,1
E01005257,1.52,2
E01005129,3.18,3
E01005257,5.57,1
E01005257,1.92,2
E01005247,6.73,1
E01005247,2.58,2
E01005253,2.76,4
E01005247,2.44,4
E01005447,7.5,2
E01005338,2.93,4
E01005338,3.3,2
E01005338,2.65,2
E01005337,2.72,2
E01005398,2.75,4
E01005340,2.88,2
E01005340,3.32,4
E01005337,3.17,4
E01005337,2.1,2
E01005338,2.25,2
E01005352,2.36,2
E01005338,3.23,4
E01005338,3.32,4
E01005337,2.6,4
E01005401,2.72,4
E01005393,2.34,2
E01005401,3.72,2
E01005401,2.35,4
E01005398,4.16,2
E01005447,-0.74,2
E01005447,-0.7,2
E01005447,7.59,2
E01005400,5.18,2
E01005445,-0.16,2
E01005447,6.66,2
E01005445,3.88,1
E01005445,4.18,3
E01005441,2.14,1
E01005441,3.75,1
E01005447,5.26,2
E01005355,9.07,3
E01005355,0.42,2
E01005355,6.45,2
E01005447,-0.26,2
E01005447,6.69,2
E01005445,0.26,2
E01005445,7.39,2
E01005356,3.32,4
E01005356,5.51,2
E01005356,3.62,4
E01005399,6.28,2
E01005399,4.78,3
E01005400,3.87,4
E01005400,4.49,2
E01005399,3.92,4
E01005399,5.62,2
E01005399,3.46,4
E01005399,5.88,2
E01005345,7.4,1
E01005345,3.36,2
E01005400,4.18,2
E01005400,3.65,4
E01005398,4.8,2
E01005398,3.02,4
E01005327,2.77,2
E01005327,2.75,4
E01005327,6.18,1
E01005327,2.23,2
E01005327,2.1,4
E01005327,2.66,4
E01005327,6.18,1
E01005327,0.89,2
E01005330,2.44,4
E01005330,6.11,1
E01005330,0.03,2
E01005330,3.44,4
E01005341,7.58,1
E01005341,0.14,2
E01005341,3.09,4
E01005341,7.22,1
E01005341,1.68,2
E01005346,3.39,4
E01005346,8.11,1
E01005346,3.6,2
E01005345,3.32,4
E01005251,3.23,4
E01005251,7.18,1
E01005251,3.43,2
E01005941,5.45,12
E01006022,2.35,13
E01006022,5.67,13
E01005943,3.31,14
E01006061,6.27,11
E01006061,4.15,10
E01006062,6.12,11
E01006062,6.36,12
E01006068,4.01,13
E01006068,3.38,13
E01006069,5.02,12
E01006068,3.28,13
E01006069,6.09,12
E01006068,6.19,12
E01006068,3.3,13
E01006068,5.88,12
E01006068,3.23,13
E01006022,3.04,13
E01006022,6.07,13
E01006022,3.09,13
E01006060,2.97,13
E01006068,5.66,12
E01006068,3.84,12
E01006069,5.45,12
E01006067,5.98,12
E01006073,3.93,12
E01006067,5.69,12
E01006067,4.46,12
E01006067,5.59,11
E01006067,4.2,11
E01006073,3.67,10
E01006073,5.46,11
E01006061,4.2,10
E01006061,5.24,11
E01006061,3.77,10
E01006062,3.03,7
E01005948,2.13,12
E01005948,1.65,12
E01006062,6.48,6
E01006060,2.35,13
E01006066,4.9,12
E01006060,6.05,13
E01006066,3.46,14
E01006066,5.49,13
E01006066,5.45,13
E01006066,4.97,12
E01006066,3.5,14
E01005943,2.67,12
E01005943,5.05,12
E01005948,5.72,12
E01005941,6.46,12
E01005943,1.96,12
E01005948,3.86,9
E01006022,6.48,13
E01005943,2.53,12
E01033667,-3.88,1
E01033667,15.17,1
E01033667,6.83,7
E01005139,5.88,11
E01033664,6.18,9
E01005139,6,9
E01033687,5.88,9
E01033687,6.42,11
E01005139,6.68,11
E01005138,5.87,11
E01005138,5.35,10
E01005249,3.39,8
E01005139,4.97,10
E01005138,3.67,6
E01005138,9.18,8
E01005139,4.53,8
E01005139,8.18,11
E01005135,3.95,6
E01005135,9.11,8
E01005138,3.86,6
E01005138,9.3,8
E01005138,5.16,10
E01005138,5.62,11
E01005141,4.45,10
E01005138,4.86,11
E01005141,4.81,8
E01005141,5.5,11
E01033687,4.74,8
E01033687,5.71,11
E01033685,4.24,8
E01033667,0.24,2
E01005226,4.5,11
E01005226,1.87,9
E01005229,2.88,8
E01005229,4.98,11
E01005229,3.45,8
E01005229,5.42,11
E01005229,3.98,8
E01005252,5.13,11
E01005252,4.54,8
E01005252,5.24,11
E01033685,5.15,11
E01005139,4.19,8
E01005205,4.08,11
E01005205,3.51,9
E01005202,3.58,9
E01005224,4.62,11
E01005223,3.37,9
E01005223,4.82,11
E01005224,4.67,11
E01005205,5.4,9
E01005203,3.85,11
E01005203,5.03,9
E01005203,3.96,11
E01005203,4.64,9
E01005203,4.06,10
E01005205,3.68,11
E01005205,5.02,10
E01005205,3.87,11
E01005139,4.68,9
E01033687,8.27,12
E01033664,5.59,9
E01033664,4.84,8
E01033664,4.31,8
E01033651,2.98,10
E01033665,4.45,9
E01033665,4.59,9
E01033651,4.29,9
E01033651,4.01,9
E01033651,4.55,8
E01033664,4.06,9
E01033651,4.99,8
E01033676,4.09,9
E01005130,5,9
E01005139,9.12,11
E01005136,3.86,3
E01005136,5.18,6
E01005203,5.88,9
E01005203,3.55,9
E01005203,4.82,9
E01033676,3.98,9
E01033676,5.42,9
E01005414,2.13,1
E01005448,2.73,1
E01005448,3.14,1
E01005421,2.54,1
E01005421,1.9,1
E01005421,2.59,1
E01005421,2.29,1
E01005453,2.16,1
E01005416,3.67,1
E01005415,2.55,1
E01005416,2.37,1
E01005416,2.07,1
E01005414,2.24,1
E01005414,2.36,1
E01005414,2.21,1
E01005414,1.76,1
E01005414,1.56,1
E01005414,1.77,1
E01005414,0.5,1
E01005414,1.1,1
E01005414,1.22,1
E01005414,1.83,1
E01005443,0.44,1
E01005452,1.66,1
E01005452,1.59,1
E01005452,1.1,1
E01005453,1.69,1
E01005412,4.18,1
E01005412,4.07,1
E01005412,3,1
E01005416,3.21,1
E01005416,3.14,1
E01005448,2.83,1
E01005453,1.72,1
E01005517,2.96,1
E01005523,5.63,1
E01005519,6.34,1
E01005519,5.79,1
E01005519,5.6,1
E01005559,5.2,1
E01005556,5.49,1
E01005555,5.03,1
E01005555,4.7,1
E01005598,6.95,1
E01005596,7.1,1
E01005596,6.02,1
E01005523,6.4,1
E01005523,4.47,1
E01005596,5.18,1
E01005516,4.71,1
E01005516,3.36,1
E01005517,3.48,1
E01005631,3.38,10
E01005631,1.78,5
E01005631,2.63,3
E01033658,2.19,7
E01033658,2.25,5
E01033990,5.57,15
E01033658,1.2,3
E01033658,-0.01,2
E01033658,-1.54,2
E01005605,0.62,7
E01005605,-0.19,4
E01005605,3.07,12
E01005620,3.32,13
E01005628,4.22,22
E01032909,1.06,7
E01032909,-0.86,5
E01032909,2.31,5
E01033990,1.39,7
E01033990,-0.61,5
E01033990,2.04,5
E01033989,5.77,16
E01005631,5.94,23
E01005682,5.46,13
E01005682,3.17,8
E01005682,2.45,6
E01033991,4.44,11
E01033991,2.56,7
E01033991,2.05,6
E01005619,2.42,13
E01005619,1.06,6
E01005619,-0.18,4
E01005619,1.85,7
E01005619,0.36,4
E01005619,3.31,13
E01005619,1.3,7
E01005619,-0.19,4
E01005619,3.43,13
E01005617,3.48,13
E01005618,1.43,7
E01005618,0.14,4
E01005621,1.76,7
E01005621,0.38,4
E01005621,3.39,13
E01005621,3.12,13
E01005621,1.64,7
E01005621,-0.08,5
E01005621,3.01,13
E01005618,1.86,7
E01005618,0.29,5
E01005620,1.64,7
E01005620,-0.01,5
E01005620,3.11,13
E01005620,2.76,7
E01005620,1.42,4
E01005620,2.55,13
E01005645,2.85,13
E01005645,2.6,7
E01005645,1.17,4
E01005643,2.99,13
E01005642,2.12,7
E01005642,0.78,4
E01005642,1.77,7
E01005642,0.5,4
E01005641,3.27,13
E01005643,2.84,13
E01005643,1.81,7
E01005643,0.6,4
E01005643,2,13
E01005639,1.68,6
E01005639,0.93,4
E01005639,2.47,12
E01005639,1.78,6
E01005639,1.14,4
E01005641,1.68,12
E01005641,1.88,6
E01005641,1.31,4
E01005641,1.54,12
E01005641,2.25,6
E01005641,1.74,4
E01005642,1.63,12
E01005642,1.88,6
E01005642,1.64,5
E01005640,1.34,6
E01005640,1.2,5
E01005640,1.66,12
E01005640,1.74,12
E01005640,0.81,6
E01005640,0.81,5
E01033991,5.44,20
E01005640,2.21,12
E01005640,1.07,6
E01005640,1.31,5
E01005640,2.23,12
E01005640,0.24,6
E01005640,0.37,5
E01005605,0.14,6
E01005605,-0.36,5
E01005601,4.31,23
E01005601,5.27,12
E01005601,3.44,8
E01005601,2.39,5
E01005599,4.99,12
E01005599,3.16,8
E01005599,2.51,5
E01005599,4.11,23
E01005599,4.96,12
E01005599,3.06,8
E01005599,3.05,3
E01005599,4.08,23
E01005632,4.59,12
E01005632,2.91,8
E01005632,2.88,3
E01005632,4.21,23
E01005603,4.79,23
E01005603,5.22,12
E01005603,3.2,7
E01005603,2.26,6
E01005603,5.2,12
E01005603,3.52,7
E01005603,2.91,5
E01005602,4.66,23
E01005602,4.96,23
E01005602,4.97,13
E01005602,3.06,6
E01005602,3.1,5
E01005631,4.26,10
E01005631,2.96,8
E01005631,3.36,3
E01005599,3.81,22
E01005599,6.08,12
E01005599,3.39,5
E01005599,3.63,4
E01005599,4.25,22
E01005599,6.24,11
E01005599,3.3,5
E01005599,3.5,5
E01005635,4.26,22
E01005635,6.71,11
E01005635,4.41,6
E01005635,4.12,5
E01005635,3.89,22
E01005719,6.79,11
E01005719,4.4,6
E01005719,4.43,5
E01005719,3.91,22
E01005724,3.49,22
E01005724,7.85,12
E01005724,5.8,7
E01005724,4.94,5
E01005630,3.2,22
E01005630,7.65,13
E01005630,5.39,8
E01005630,4.78,6
E01005722,3.4,22
E01005629,6.98,13
E01005629,4.8,8
E01005629,3.87,6
E01005722,6.97,13
E01005722,4.61,8
E01005722,3.78,6
E01005722,3.74,22
E01005628,6.19,13
E01005628,3.96,8
E01005628,3.18,6
E01005628,4.29,21
E01005680,6.2,13
E01005680,3.98,8
E01005680,2.96,6
E01005681,4.39,20
E01005610,4.83,13
E01005610,2.83,8
E01005610,1.89,6
E01005610,5.94,20
E01005682,5.54,20
E01005682,5.65,13
E01005682,3.61,8
E01005682,2.67,6
E01033991,6.28,18
E01032906,2.98,11
E01032906,-1.02,5
E01032906,1.59,7
E01033991,3.57,11
E01033991,2.04,7
E01033991,1.59,6
E01032906,5.85,18
E01033991,3.69,11
E01033991,2.04,7
E01033991,1.28,6
E01033991,6.86,20
E01005680,6.07,13
E01005680,3.86,8
E01005680,3.25,6
E01005680,4.3,21
E01005681,5.79,13
E01005681,3.56,8
E01005681,3,6
E01032909,3.96,15
E01033658,4.03,14
E01006121,1.84,12
E01006121,0,6
E01006121,-1.06,4
E01006121,-0.23,2
E01006121,3.14,10
E01006121,2.2,5
E01006121,1.98,3
E01006121,3.09,9
E01006121,2.53,7
E01006121,3.72,3
E01006121,5.42,12
E01006121,3.47,6
E01006121,3.6,5
E01006121,4.9,22
E01006121,6.13,14
E01006121,0.78,10
E01006121,2.31,7
E01006121,3.96,4
E01033664,1.04,17
E01033667,-0.34,11
E01033653,-0.93,14
E01033653,1.55,17
E01033654,1.21,17
E01033653,1.21,17
E01005539,3.7,15
E01005539,4.61,11
E01005539,3.49,39
E01033664,0.77,17
E01033664,2.73,18
E01033664,4.04,12
E01033664,2.54,18
E01033664,3.7,10
E01033651,0.55,34
E01033665,3.07,20
E01033665,4.01,15
E01033665,0.88,37
E01033651,3.26,20
E01033651,4.09,15
E01033651,0.98,36
E01033651,3.35,19
E01033651,3.96,14
E01033664,0.69,36
E01033651,3.67,19
E01033651,4.53,13
E01033676,2.5,20
E01033676,3.41,15
E01005130,0.73,39
E01005203,2.02,21
E01005203,2.61,14
E01005650,2.15,21
E01005650,3.24,16
E01005650,3.4,41
E01005099,1.88,22
E01005099,2.89,16
E01005136,2.93,41
E01005136,2.17,22
E01005136,3.2,16
E01005136,3.69,41
E01005136,2.53,40
E01005136,2.52,22
E01005136,3.43,16
E01005136,1.79,21
E01005136,2.61,16
E01034108,1.73,40
E01005205,2.85,21
E01005205,3.56,16
E01005205,2.14,40
E01005205,3.07,21
E01005205,3.73,16
E01005205,2.03,41
E01005205,2.96,21
E01005205,4.03,16
E01005205,2.21,41
E01005205,2.18,21
E01005205,3.1,14
E01005206,3.02,41
E01005203,2.7,41
E01005203,1.87,20
E01005203,2.87,14
E01005203,2.56,40
E01005203,1.54,20
E01005203,2.59,14
E01005203,2.28,40
E01005203,1.39,20
E01005203,2.59,15
E01005203,1.57,40
E01033676,2.43,20
E01033676,3.48,15
E01033676,2.32,40
E01005526,3.23,25
E01005526,4.47,17
E01005529,3.34,23
E01005529,4.32,17
E01005549,2.82,21
E01005549,3.88,16
E01005529,1.39,4
E01005539,2.6,23
E01005539,3.81,15
E01005539,2.26,21
E01005539,3.2,14
E01005549,1.76,40
E01005552,-5.98,4
E01005539,3.09,40
E01005524,2.63,23
E01005524,3.71,17
E01005529,3.2,23
E01005529,4.29,17
E01005529,-0.02,39
E01005527,0.26,4
E01005551,0.89,4
E01005554,2.78,24
E01005554,4.29,16
E01005554,2.89,22
E01005554,4.46,16
E01005552,3.23,11
E01005552,5.9,10
E01005552,3.06,11
E01005552,7.6,7
E01005552,-5.72,4
E01005552,0.72,1
E01005527,3.26,24
E01005527,4.81,16
E01005527,3.34,24
E01005527,4.91,16
E01005526,3.45,25
E01005526,4.67,16
E01005526,3.45,25
E01005526,4.69,17
E01005529,3.55,24
E01005529,4.73,17
E01005529,3.14,24
E01005529,4.24,17
E01005539,2.05,19
E01005539,3.29,10
E01005539,0.85,39
E01005544,2.29,41
E01005549,2.72,21
E01005549,3.91,16
E01005549,1.38,39
E01005533,2.56,21
E01005533,3.77,16
E01005548,1.06,39
E01005548,1.71,20
E01005548,3.28,15
E01005548,1.57,39
E01005548,1.37,20
E01005548,2.36,14
E01005066,0.27,9
E01033653,-1.31,14
E01033653,3.12,17
E01033653,-0.72,13
E01033662,4.8,17
E01005066,4.56,16
E01033662,-0.97,10
E01033653,3.19,16
E01033653,-1.19,13
E01005212,5.08,7
E01005210,5.58,5
E01005066,0.52,7
E01034115,1.44,5
E01033664,1.67,11
E01033664,2.14,16
E01033664,5.38,10
E01033667,2.76,26
E01033653,0.79,21
E01033653,4.32,1
E01033667,3.42,26
E01033667,1.23,8
E01033667,5.19,15
E01033651,4.77,28
E01005256,6.83,32
E01005256,2.35,10
E01005256,7.84,17
E01005256,7.61,33
E01005129,1.38,9
E01005129,4.56,16
E01005129,7.32,29
E01005129,2.22,9
E01005129,4.95,16
E01005129,7.43,28
E01005130,1.71,9
E01005130,4.6,16
E01005130,7.19,28
E01005130,1.36,9
E01005130,4.62,16
E01005130,5.75,28
E01005130,1.6,9
E01005130,4.57,16
E01033651,5.08,28
E01005130,1.12,9
E01005130,4.17,16
E01033651,0.62,9
E01033651,4.08,16
E01005256,2.15,10
E01005256,7.05,17
E01005256,7.45,32
E01005256,3.05,9
E01005256,7.51,17
E01005257,7.25,32
E01005257,2.7,9
E01005257,5.75,16
E01005257,7.56,31
E01005257,2.31,9
E01005257,5.32,16
E01005257,7.55,31
E01005257,7.4,31
E01005257,2.12,9
E01005257,5.29,16
E01005129,7.55,30
E01005257,2.64,9
E01005257,5.57,16
E01005370,7.39,33
E01005433,2.1,11
E01005256,2.09,10
E01005256,5.48,17
E01005433,3.41,13
E01005433,-1.61,3
E01005433,0.16,3
E01005433,3.71,13
E01005350,3.32,10
E01005350,8.9,15
E01005350,7.5,31
E01005369,2.38,10
E01005369,5.51,17
E01005370,7.15,33
E01005369,2.96,10
E01005369,6.02,16
E01005369,7.56,34
E01005371,2.14,10
E01005371,5.75,16
E01005371,8.08,34
E01005371,2.5,10
E01005371,5.8,16
E01005371,8.2,35
E01005363,2.74,10
E01005363,5.99,16
E01005368,8.07,35
E01005368,2.15,10
E01005368,6.23,16
E01005368,8.06,35
E01005368,2.68,10
E01005368,6.15,15
E01005362,1.55,10
E01005362,8.03,15
E01005362,7.28,35
E01005376,7.93,35
E01005376,2.36,10
E01005376,9.78,15
E01005376,2.65,10
E01005376,9.31,15
E01005342,8.07,35
E01005342,2.84,10
E01005342,9.61,15
E01005342,7.22,35
E01005381,7.78,36
E01005342,2.52,10
E01005342,8.23,16
E01005381,2.67,10
E01005381,9.64,17
E01005463,7.94,35
E01034233,7.04,33
E01034233,2.78,10
E01034233,8.08,17
E01034233,6.66,33
E01034233,3.8,10
E01034233,8.65,16
E01005459,3.08,10
E01005459,8.91,16
E01005459,8.13,33
E01005370,2.52,10
E01005370,5.9,16
E01005256,7.48,33
E01005350,5.35,5
E01005350,1.32,1
E01005350,1.19,10
E01005433,-0.27,1
E01005394,3.67,28
E01005434,1.09,32
E01005459,-1.21,31
E01005350,2.27,35
E01005350,3.88,21
E01005392,2.78,28
E01005392,1.1,35
E01005392,0.68,35
E01005392,4.81,26
E01005392,1.21,35
E01005390,5.23,27
E01005390,1.01,35
E01005395,4.39,28
E01005394,1.7,35
E01005395,1.25,35
E01005395,4.44,28
E01005394,4.07,28
E01005394,2.12,35
E01005400,0.98,35
E01005400,2.8,28
E01005400,1.99,35
E01005398,2.89,28
E01005402,2.54,27
E01005402,1.86,35
E01005402,3.22,27
E01005354,1.21,35
E01005348,1.41,36
E01005348,2.92,27
E01005348,1.38,37
E01005354,2.6,27
E01005350,2.93,27
E01005350,1.4,36
E01005350,2.94,27
E01005350,1.07,36
E01005350,2.82,36
E01005394,1.49,35
E01005439,2.52,30
E01005439,1.53,36
E01005459,1.81,36
E01005459,-0.32,32
E01005434,2.74,36
E01005434,1.02,31
E01005434,1.46,31
E01005434,2.06,36
E01005438,1.78,36
E01005438,2.25,31
E01005438,2.25,30
E01005438,1.97,36
E01005324,2.59,30
E01005323,1.51,36
E01005323,2.52,35
E01005323,3.41,30
E01005323,3.56,30
E01005323,1.8,35
E01005323,3.72,30
E01005323,2.08,35
E01005440,3.77,30
E01005440,1.78,35
E01005960,4.38,10
E01005960,1.15,28
E01005957,3.91,23
E01005957,1.35,32
E01005957,3.74,29
E01005957,1.87,33
E01005954,1.68,33
E01005954,5.27,31
E01005954,0.59,33
E01005954,5.04,31
E01005954,4.81,30
E01005954,1,35
E01005954,1,35
E01005954,4.82,30
E01005954,4.35,30
E01005954,1.06,35
E01005468,3.39,28
E01005468,2.17,35
E01005482,3.42,26
E01005564,3.63,32
E01005564,3.05,31
E01005564,3.19,32
E01005482,3.69,30
E01005482,3.07,18
E01005482,3.61,29
E01005482,3.18,30
E01005482,3.38,30
E01005482,3.41,31
E01005564,3.25,31
E01005469,3.75,32
E01005475,1.84,29
E01005465,3.78,32
E01005465,2.36,29
E01005465,4.04,32
E01005465,1.45,29
E01005467,2.14,29
E01005468,3.5,32
E01005468,2.76,27
E01005468,3.5,32
E01005468,2.95,27
E01005468,3.08,33
E01005468,3.34,28
E01005468,2.59,35
E01005468,3.97,28
E01005564,2.21,30
E01005475,4.16,32
E01005350,2.47,36
E01005350,0.15,10
E01005350,1.68,2
E01005433,2.22,1
E01005433,2.27,1
E01005428,1.06,2
E01005536,-9.2,1
E01005536,5.04,2
E01005536,376.42,4
E01005538,15.29,1
E01005526,292.64,5
E01005525,0.69,2
E01005525,365.7,4
E01005525,0.02,1
E01005525,364.88,4
E01005525,-2.46,1
E01005525,363.8,4
E01005525,-4.83,1
E01005525,484.12,3
E01005536,371.36,4
E01005525,1,1
E01005525,479.22,3
E01005543,297.55,5
E01005539,-18.63,1
E01005539,-1.04,2
E01005539,23.79,1
E01005539,-2.93,2
E01005539,-16.96,1
E01005539,-13.74,2
E01005539,6.14,3
E01005539,9.89,3
E01005539,-16.6,1
E01005539,-6.87,2
E01005538,21.96,2
E01005538,-15.09,1
E01005538,-15.93,1
E01005538,1.11,2
E01005538,6.8,2
E01005538,-12.97,1
E01005538,-4.36,1
E01005525,293.9,5
E01005539,2.3,2
E01005525,372.28,4
E01005525,297.41,5
E01005525,293.32,5
E01005528,292.35,5
E01005525,488.08,3
E01005543,483.01,3
E01005543,482,3
E01005543,484.67,3
E01005543,482.86,3
E01005038,9,2
E01005033,8.78,2
E01005033,8.9,2
E01004970,-44.78,1
E01004970,36.4,3
E01004970,0.37,2
E01004970,33.91,2
E01004970,-18.1,2
E01004969,1.48,3
E01004969,0.18,3
E01005036,6.65,1
E01005036,5.89,2
E01005033,8.46,2
E01005032,8.62,2
E01005032,7.69,1
E01005037,1.05,2
E01005033,8.88,2
E01005647,8.39,2
E01005045,52.15,2
E01004975,9.35,1
E01004975,-4.65,3
E01004974,29.36,3
E01004974,22.56,3
E01004974,6.67,3
E01004974,-11.03,3
E01005039,25.16,3
E01004975,52,2
E01004973,35.59,2
E01004973,1.25,3
E01004973,33.91,3
E01004970,-6.08,3
E01005045,8.86,2
E01005045,10.67,1
E01005036,-0.68,3
E01005045,37.2,3
E01005045,38.61,3
E01005039,55.49,2
E01005039,9.07,1
E01005039,8.2,3
E01005045,9.34,1
E01005045,-3.12,3
E01005036,31.64,2
E01005036,31.75,3
E01005037,0.52,2
E01005037,-0.84,2
E01005032,-2.22,2
E01005032,8.29,2
E01005032,8.7,2
E01005039,-28.12,1
E01004974,9.33,1
E01004974,13.91,1
E01004974,24.91,3
E01004974,48.91,1
E01005034,23.45,3
E01005037,-10.27,1
E01005037,3.7,1
E01005037,16.89,2
E01005037,11.13,1
E01005031,19.88,3
E01005031,9.85,1
E01005034,9.21,1
E01005034,-8.53,3
E01004974,-14.19,2
E01005037,10.73,1
E01005037,17.36,1
E01005031,4.36,3
E01005648,8.46,2
E01005647,8.94,2
E01005648,9.26,2
E01005648,9.52,2
E01005360,22.74,3
E01005360,22.18,3
E01005447,43.35,3
E01005447,21.35,3
E01005447,48.12,2
E01005447,26.12,2
E01005397,30.91,2
E01005397,-20.1,3
E01005397,25.47,3
E01005397,-40.52,2
E01005397,4.62,2
E01005447,21.09,3
E01005445,28.19,3
E01005445,22.85,3
E01005357,23.29,3
E01005359,23.38,3
E01005361,22.03,3
E01005355,22.41,3
E01005355,-0.17,3
E01005355,-1.65,2
E01005355,26.7,2
E01005356,51.11,3
E01005356,17.66,3
E01005399,36.6,2
E01005399,-19.04,3
E01005400,-16.22,2
E01005400,9.23,2
E01005400,-22.33,3
E01005360,22.24,3
E01005397,14.4,1
E01005397,58.4,1
E01005432,-43.24,1
E01005432,9.09,1
E01005432,30.08,2
E01005432,-46.35,1
E01005433,-46.88,1
E01005433,3.24,3
E01005433,59.6,3
E01005433,1.83,3
E01005433,79.45,1
E01005433,17.34,2
E01005444,22.91,3
E01005398,-13.09,2
E01005357,23.71,3
E01005357,23.63,3
E01005360,23.41,3
E01005361,22.53,3
E01005361,22.16,3
E01005361,21.8,3
E01005359,23.12,3
E01005359,22.81,3
E01005398,39.82,2
E01005357,23.31,3
E01005357,23.07,3
E01005357,22.89,3
E01005359,23.15,3
E01005359,22.33,3
E01005361,21.83,3
E01005361,22.36,3
E01005350,-56.38,1
E01005448,5.92,1
E01005452,5.04,1
E01005448,6.06,1
E01005421,6.89,1
E01005421,6.45,1
E01005421,6.17,1
E01005421,5.94,1
E01005453,6.66,1
E01005452,4.97,1
E01032558,5.61,1
E01032558,5.61,1
E01032558,5.46,1
E01032559,5.54,1
E01005453,6.29,1
E01005453,6.17,1
E01005452,4.85,1
E01005432,2.95,1
E01005421,5,1
E01005452,5.33,1
E01005448,4.52,1
E01034233,3.25,1
E01005459,4.45,1
E01005453,6.94,1
E01005388,1.56,1
E01005389,9.3,1
E01005389,6.25,1
E01005389,5.04,1
E01005389,7.56,1
E01005389,1.24,1
E01032557,6.48,1
E01032557,6.14,1
E01005389,5.7,1
E01005389,4.32,1
E01032920,6.67,1
E01005428,7.33,1
E01032920,6.97,1
E01032920,7.42,1
E01005459,5.04,1
E01005448,6.96,1
E01005456,6.18,1
E01005449,6.34,1
E01005449,5.5,1
E01005449,6.46,1
E01005417,5.92,1
E01005388,6.43,1
E01005418,5.8,1
E01005418,5.91,1
E01032556,7.66,1
E01005431,6.99,1
E01005451,7.68,1
E01005451,8.45,1
E01005428,7.94,1
E01005428,7.71,1
E01033664,-4.39,2
E01033667,2.66,2
E01033667,18.59,5
E01033653,1.72,2
E01033653,12.89,6
E01033653,37.59,6
E01033654,22.65,10
E01005631,15.94,3
E01033681,0.92,2
E01033681,14.13,8
E01033993,11.59,11
E01033993,0.88,2
E01033993,13.93,8
E01033681,12.13,11
E01033682,11.17,11
E01033682,0.27,2
E01033682,15.98,6
E01033681,0.46,2
E01033681,16.59,6
E01005631,16.86,3
E01005631,10.23,7
E01005723,20.48,12
E01005637,14.59,5
E01005637,16.11,8
E01005738,65.47,2
E01005738,13.75,6
E01005738,18.5,5
E01005733,25.78,6
E01005733,12.85,6
E01005733,28.94,8
E01005726,12.66,6
E01005726,13.89,5
E01005726,16.28,8
E01005727,13.61,5
E01005727,16.1,8
E01005727,13.97,5
E01005727,15.93,8
E01005727,13.64,5
E01005637,14.6,5
E01005634,20.07,8
E01005634,14.57,5
E01005632,16.08,8
E01005636,14.18,5
E01005636,14.59,8
E01005636,13.82,5
E01005636,11.26,7
E01005631,13.66,5
E01005631,17.88,8
E01005631,16.98,3
E01005599,22.6,8
E01005719,0.79,1
E01005719,16.74,6
E01005719,9.42,9
E01005719,10.22,11
E01005719,0.59,1
E01005719,16.73,6
E01033983,11.12,11
E01033983,0.64,1
E01033983,17.01,6
E01005723,13.5,12
E01033983,1.33,2
E01033983,15.63,7
E01005723,12.32,11
E01005723,1.3,2
E01005723,15.4,7
E01005723,1.05,2
E01005723,18.24,6
E01032914,17.83,12
E01032914,0.65,2
E01032914,19.06,5
E01032914,1.27,2
E01032914,18.95,5
E01032914,22.59,12
E01032912,0.63,2
E01032912,18.74,5
E01032912,12.68,11
E01005667,13.26,11
E01005667,0.19,2
E01005667,14.52,8
E01005667,20.99,12
E01033993,-0.09,2
E01033993,14.09,8
E01033993,24.54,12
E01033993,14.1,11
E01033993,0.83,2
E01033993,13.77,8
E01033677,23.99,11
E01033653,1.71,2
E01033653,16.24,5
E01033653,8.54,11
E01033653,1.03,2
E01033653,16.91,6
E01033677,24.38,11
E01034131,14.96,11
E01033677,0.34,2
E01033677,16.94,5
E01033677,0.24,2
E01033677,16.66,5
E01033653,1.47,2
E01033653,17.29,6
E01005350,1.73,1
E01005433,2.46,1
E01005433,2.78,1
E01005433,3.05,1
E01005427,3.14,1
E01005451,2.38,3
E01005451,2.42,3
E01005428,2.78,3
E01005428,2.67,2
E01005251,18.69,1
E01005250,15.8,1
E01005249,18.21,1
E01005226,17.28,1
E01005229,17.92,1
E01005229,18.57,1
E01005229,18.81,1
E01005252,18.36,1
E01005253,15.33,1
E01005253,14.43,1
E01005251,17.72,1
E01005252,18.32,1
E01005250,19.03,1
E01005252,18.64,1
E01005251,18.21,1
E01005205,14.08,1
E01005202,15.7,1
E01005223,15.81,1
E01005253,15.81,1
E01005247,17.1,1
E01005350,3.17,1
E01005350,3.85,1
E01005353,4.18,1
E01005352,4.86,1
E01005332,3.55,1
E01005344,3.04,1
E01005344,3.12,1
E01005328,4.6,1
E01005328,3.41,1
E01005332,3.45,1
E01005332,4.03,1
E01005352,4.52,1
E01033667,-1.98,1
E01033667,4.35,15
E01033664,3.54,19
E01005249,2.17,23
E01005251,2.45,22
E01005251,3.96,28
E01005252,3.17,28
E01005252,2.44,22
E01005252,2.89,28
E01005251,2.59,22
E01033685,2.18,22
E01033667,0.76,8
E01005226,2.55,28
E01005226,1.81,23
E01005229,1.78,22
E01005229,3.4,28
E01005229,2.38,22
E01005229,3.37,28
E01005229,2.75,23
E01005252,2.88,28
E01005252,3.29,23
E01005252,2.46,28
E01033685,3,28
E01005205,2.08,27
E01005205,3.46,23
E01005202,3.58,23
E01005224,2.15,27
E01005223,3.35,23
E01005223,2.5,27
E01005224,2.46,27
E01005205,3.55,20
E01005203,2.68,27
E01005203,3.24,20
E01005203,3.15,27
E01005203,2.83,20
E01005203,2.95,26
E01005205,2.31,27
E01005205,3.85,22
E01005205,1.9,27
E01005330,2.68,22
E01005330,2.4,23
E01005330,3.26,22
E01005330,2.99,28
E01005535,3.64,28
E01005330,3.36,28
E01033685,2.06,22
E01005535,2.16,22
E01005330,2.24,28
E01005533,4.25,17
E01005533,0.09,23
E01033664,3,21
E01033664,5.1,24
E01033664,4.86,23
E01033651,1.48,21
E01033665,4.63,25
E01033665,2.77,20
E01033651,4.68,24
E01033651,1.89,21
E01033651,4.99,24
E01033664,1.88,21
E01033651,5.34,24
E01033676,3.95,25
E01005130,3.1,20
E01005203,4.38,20
E01005203,2.67,25
E01005203,3.29,20
E01033676,3.36,25
E01033676,3.39,20
E01005330,2.32,28
E01005534,3.43,28
E01005539,3.13,20
E01005534,2.93,27
E01005539,1.98,27
E01005539,1.76,27
E01005539,3,20
E01005535,3.69,28
E01005534,2.32,23
E01005534,2.87,26
E01005534,2.8,22
E01005530,2.57,22
E01005530,2.5,26
E01005533,1.81,26
E01005533,2.77,22
E01005533,1.93,17
E01005533,2.9,20
E01005539,3.74,18
E01005539,4.42,24
E01005539,4.63,35
E01033664,4.13,27
E01033664,4.93,12
E01033651,4.99,19
E01033665,4.46,36
E01033665,3.93,35
E01033651,4.66,35
E01033651,4.1,32
E01033651,4.99,32
E01033664,3.78,31
E01033651,5.02,29
E01033676,3.91,36
E01005130,3.63,40
E01005203,3.06,38
E01005650,3.19,39
E01005650,6.13,41
E01005099,2.95,38
E01005136,6.31,41
E01005136,3.32,38
E01005136,6.03,41
E01005136,6.11,41
E01005136,3.72,38
E01005136,2.91,38
E01034108,5.08,42
E01005205,3.8,39
E01005205,5.7,42
E01005205,3.98,39
E01005205,5.33,42
E01005205,4.24,39
E01005205,4.57,41
E01005205,3.8,39
E01005206,4.77,40
E01005203,4.37,40
E01005203,3.18,38
E01005203,4.21,41
E01005203,2.9,36
E01005203,4.34,40
E01005203,2.67,36
E01005203,3.4,40
E01033676,3.81,35
E01033676,4.19,40
E01005572,1.69,4
E01005571,2.84,2
E01005571,2.3,4
E01005473,3.12,43
E01005525,4.84,42
E01005543,3.02,42
E01005536,3.39,42
E01005525,4.74,42
E01005543,3.25,42
E01005543,4.51,42
E01005543,3.27,41
E01005543,3.94,42
E01005543,4.57,42
E01005543,4.37,41
E01005543,4.14,41
E01005543,3.94,41
E01005479,3.85,41
E01005479,5.03,40
E01005479,4.2,41
E01005479,3.81,41
E01005479,4.28,40
E01005479,2.7,41
E01005479,5.4,40
E01005479,3.33,41
E01005479,5.25,40
E01005479,5.24,40
E01005477,2.92,42
E01005477,5.39,40
E01005477,2.99,42
E01005477,5.38,40
E01005477,2.87,42
E01005480,4.58,40
E01005480,3.1,43
E01005480,4.53,39
E01005480,3.12,43
E01005480,4.48,39
E01005480,2.99,43
E01005549,3.58,39
E01005482,2.34,4
E01005539,2.76,42
E01005539,4.12,40
E01005590,2.73,4
E01005549,5.92,41
E01005482,2.32,3
E01005482,4.14,16
E01005482,4.77,39
E01005482,4.54,42
E01005482,3.01,37
E01005482,5.36,42
E01005482,3.15,38
E01005472,4.25,38
E01005472,3.51,42
E01005480,4.16,41
E01005472,2.06,38
E01005473,4.98,41
E01005473,2.89,38
E01005473,2.6,38
E01005575,1.59,4
E01005575,2.1,4
E01005575,1.78,4
E01005575,2.2,4
E01005574,1.85,4
E01005574,1.48,4
E01005539,2.27,42
E01005539,4.44,42
E01005539,2.19,41
E01005533,2.69,42
E01005533,4.48,41
E01005543,4.7,42
E01005539,4.46,42
E01005539,2.89,30
E01005539,4.08,40
E01005544,5.57,41
E01005549,3.66,39
E01005549,5.64,41
E01005533,3.2,39
E01005548,5.48,41
E01005548,2.71,39
E01005548,6.03,41
E01005548,2.16,39
E01005576,2.02,4
E01005576,1.6,4
E01005577,2.24,4
E01005577,1.94,4
E01005577,2.56,4
E01005592,1.94,4
E01005577,0.9,4
E01005592,1.6,4
E01005571,2,4
E01005571,1.53,4
E01005570,1.9,4
E01005572,2.28,4
E01005482,1.7,11
E01033664,29.92,4
E01033664,5,1
E01033651,-16.89,3
E01033665,28.5,4
E01033665,-18.01,4
E01033651,24.92,6
E01033651,-14.62,5
E01033651,21.92,5
E01033664,-12.32,5
E01033651,38.38,5
E01033676,33.99,6
E01033676,-7.91,6
E01034110,0.28,7
E01034110,24.16,4
E01033676,32.06,6
E01005130,7.77,4
E01005103,13.65,7
E01034107,-5.58,5
E01005136,20.86,4
E01005100,8.17,7
E01005101,8.81,7
E01005103,11.51,7
E01005103,6.13,6
E01005103,6.6,7
E01005103,6.43,7
E01005167,-7.25,5
E01034110,20.98,4
E01034110,30.74,5
E01034110,-16.16,3
E01034110,-0.12,4
E01034110,28.93,5
E01005103,8.46,7
E01005164,21.5,6
E01005164,4,6
E01034107,13.63,6
E01034107,-3.54,6
E01034107,10.97,6
E01034107,-6.03,6
E01005103,7.31,7
E01005103,8.13,7
E01005100,7.73,7
E01005164,19.58,5
E01005164,2.38,5
E01005167,30.18,5
E01005206,18.11,4
E01005206,17.58,7
E01034107,13.55,5
E01034107,8.09,7
E01034107,-8.91,7
E01034107,14.87,7
E01034107,-1.56,7
E01005136,31.61,2
E01034107,-9.11,5
E01005206,-6.11,6
E01005206,-0.17,4
E01005164,-13.55,4
E01005203,-8.1,6
E01033676,22.99,4
E01033676,-12.37,3
E01005027,1.1,2
E01033658,2.3,9
E01033658,2,8
E01033658,7.85,6
E01004952,4.96,14
E01004952,4.38,12
E01004947,3.52,15
E01004948,5.33,9
E01005004,3.94,12
E01005011,6.5,13
E01004949,3.89,14
E01004948,1.86,2
E01005034,7.72,11
E01004952,4.46,11
E01005009,5.22,12
E01005008,3.78,12
E01004988,6.56,13
E01005011,5.46,13
E01005011,6.26,13
E01005011,5.68,13
E01004989,5.67,13
E01004989,6.46,13
E01004986,7.2,13
E01004986,6.44,13
E01004986,5.29,13
E01004986,6.75,13
E01004989,4.94,13
E01004983,8.43,11
E01004983,6.48,13
E01004983,6.69,13
E01005036,8.17,11
E01005008,5.68,12
E01004948,3.06,11
E01004948,5.36,7
E01005027,4.38,8
E01004948,2.5,14
E01004948,5.06,11
E01004947,2.79,14
E01004953,4.89,11
E01004953,5.18,11
E01004953,3.3,14
E01004953,3.87,14
E01004949,4.87,11
E01004949,3.98,14
E01004949,4.59,11
E01004949,4.52,14
E01004949,4.84,11
E01005006,5.69,14
E01005006,4.47,12
E01005006,4.39,12
E01005006,5.57,14
E01004998,6.08,14
E01004998,3.86,12
E01004999,3.44,12
E01004998,6.21,14
E01005003,3.41,12
E01005003,6.4,14
E01005003,3.73,12
E01005003,6.81,15
E01005002,3.68,12
E01005004,6.99,15
E01005002,3.9,12
E01005002,6.76,15
E01005004,6.83,15
E01005004,6.67,15
E01005004,4.28,12
E01005004,6.45,15
E01005004,4.19,12
E01005004,6.6,15
E01004996,4.49,12
E01004997,6.51,15
E01004997,4.13,12
E01004996,4.63,12
E01004996,6.26,15
E01004996,6.46,15
E01004996,4.36,12
E01005033,5.59,13
E01005033,6.74,13
E01005013,6.41,12
E01005012,4.98,15
E01005012,6.85,12
E01005012,4.87,14
E01005012,6.68,12
E01005012,6.7,12
E01005012,4.84,13
E01005012,4.66,13
E01005012,7.11,13
E01005012,5.16,13
E01005012,6.87,13
E01004952,4.84,12
E01004952,4.34,14
E01004949,4.56,14
E01004949,4.68,12
E01004952,4.59,14
E01004952,3.77,12
E01005006,4.87,14
E01005006,4.51,12
E01005006,5.39,14
E01005006,4.46,12
E01005009,5.57,14
E01005008,4.75,12
E01005008,4.84,12
E01005009,5.61,12
E01005009,5.5,14
E01005013,4.99,15
E01004986,6.8,13
E01005034,8.62,11
E01005034,6.68,13
E01005033,6.65,13
E01005647,6.98,13
E01005044,5.14,14
E01005033,5.27,12
E01005033,5.91,10
E01005045,7.7,11
E01005036,8.43,10
E01005036,6.58,13
E01005036,7.45,13
E01005036,7.42,13
E01005033,6.92,13
E01005027,17.05,1
E01032909,2.86,12
E01032909,5.5,12
E01033988,2.87,13
E01033987,6.16,14
E01005647,7.38,13
E01005650,8.32,13
E01033989,6.33,14
E01033989,3.01,13
E01005650,2.53,14
E01005615,7.31,13
E01005615,2.65,14
E01005611,7.04,13
E01005611,2.9,14
E01005611,1.55,14
E01005611,6.64,13
E01033985,2.06,13
E01033985,7.2,14
E01033985,2.29,13
E01033330,6.88,14
E01033330,2.62,13
E01033330,6.26,14
E01033330,2.87,13
E01033330,6.34,14
E01005649,6.55,14
E01005648,8.88,15
E01005612,6.81,13
E01005615,7.23,13
E01005650,7,13
E01005647,7.67,13
E01005650,7.05,13
E01033664,1.05,3
E01005103,19.01,1
E01005103,18.47,1
E01005165,9.44,4
E01005160,18.58,1
E01005160,18.71,1
E01034107,18.81,1
E01005166,9.94,4
E01005160,17.98,1
E01005104,18.49,1
E01005104,18.63,1
E01005103,19.22,1
E01005103,18.59,1
E01005164,5.43,3
E01005164,17.69,1
E01034107,18.33,1
E01034107,18.03,1
E01005054,11.33,4
E01004959,11.82,4
E01005054,9.19,4
E01005054,11.56,4
E01005054,14.69,5
E01005054,9.44,4
E01005054,14.49,5
E01005054,9.91,4
E01005041,9.7,3
E01005028,13.28,3
E01005054,9.79,4
E01005054,10.12,4
E01005056,10.31,4
E01005056,14.25,5
E01005056,9.92,4
E01005057,14.53,5
E01005057,10.58,4
E01005057,14.64,5
E01005057,9.76,4
E01005057,14.34,5
E01005054,9.94,4
E01005054,14.67,5
E01005054,14.45,5
E01005054,10.36,4
E01004941,15.77,5
E01004941,10.2,4
E01004941,10.72,4
E01004946,15.57,5
E01004941,16.22,5
E01004946,9.75,4
E01005056,15.48,5
E01005056,10.1,4
E01004946,15.27,5
E01004946,9.93,4
E01004946,15.55,5
E01005056,9.55,4
E01005036,14.19,5
E01005029,14.56,2
E01005029,13.24,3
E01005028,10.6,4
E01005028,10.51,4
E01005028,10.94,4
E01005028,10.96,4
E01005028,11.2,4
E01005026,10.53,4
E01005026,10.81,4
E01005028,11.67,4
E01005024,11.32,2
E01005024,12.16,4
E01005026,11.9,4
E01005026,9.85,4
E01005024,10.28,4
E01004959,11.8,4
E01004959,11.87,4
E01004959,10.66,4
E01004959,10.78,4
E01004959,10.8,4
E01004973,13.59,5
E01004973,9.99,4
E01004972,10.12,3
E01004945,10.03,4
E01005039,11.57,5
E01005039,10.01,3
E01005042,11.9,5
E01005042,14.68,2
E01004974,14.89,1
E01004972,12.46,5
E01005041,10.82,3
E01005646,10.65,5
E01005041,10.9,5
E01005041,11.25,5
E01005033,12.09,5
E01005045,12.29,5
E01005036,14.18,5
E01005045,11.87,5
E01004974,13.83,1
E01005034,13.88,2
E01004970,10.09,4
E01004970,15.87,5
E01005034,14.68,5
E01004974,13.3,5
E01005646,7.4,4
E01005165,8.44,4
E01005646,7.94,4
E01005646,10.51,3
E01005646,9.81,3
E01005646,14.14,2
E01005646,6.61,4
E01005646,10.32,5
E01033658,4.22,8
E01033658,1,6
E01033658,-0.09,4
E01004988,8.39,14
E01005034,7.25,15
E01005056,1.59,10
E01005056,7.03,13
E01005056,0.25,9
E01005057,7.38,13
E01005057,0.98,9
E01005057,7.22,13
E01005057,1.01,9
E01005057,7.41,13
E01005054,1.33,9
E01005054,6.45,13
E01005054,5.88,13
E01005054,1.76,9
E01004943,2.12,10
E01004943,9.38,14
E01004943,2.13,10
E01004943,8.89,14
E01004943,2.65,10
E01004943,8.85,14
E01004944,3.26,10
E01004941,8.69,14
E01004941,2.85,10
E01004941,3.3,10
E01004946,8.48,14
E01004941,8.12,14
E01004946,3.33,10
E01004941,8.53,14
E01004942,3.35,10
E01004942,8.51,14
E01004942,3.46,9
E01004988,4.58,10
E01004988,8.15,14
E01004988,5.03,10
E01005058,7.86,14
E01005056,2.06,10
E01005056,7.42,14
E01005056,2.47,10
E01005056,7.77,14
E01005056,2.02,10
E01005060,5.53,12
E01005060,1.51,11
E01005060,1.77,11
E01005060,5.17,12
E01005060,1.82,11
E01005060,4.56,12
E01005060,2.37,11
E01005060,4.44,12
E01005060,2.2,10
E01005060,3.94,12
E01005030,2.54,10
E01005060,3.97,12
E01005025,2.93,9
E01004983,3.44,7
E01005036,7.04,15
E01005027,-3.99,1
E01005029,-5.25,1
E01005033,6.02,14
E01005033,3.47,11
E01005029,-4.62,1
E01004943,9.2,14
E01005034,8.48,14
E01005034,3.66,7
E01005033,3.24,12
E01005647,2.08,12
E01005044,6.08,14
E01005033,6.01,14
E01005033,6.21,14
E01005045,6.8,14
E01005036,7.12,15
E01005036,3.59,8
E01005036,4.1,8
E01005036,3.81,10
E01005033,4.38,10
E01004983,2.75,7
E01032909,5.13,13
E01032909,-0.93,11
E01033988,5.11,13
E01033987,0.12,12
E01005647,2.29,12
E01005650,6.18,14
E01033989,2.1,13
E01033989,4.91,13
E01005650,4.75,14
E01005615,2.63,14
E01005615,4.72,14
E01005611,1.83,14
E01005611,4.93,14
E01005611,4.09,14
E01005611,2.43,14
E01033985,4.57,14
E01033985,2.8,14
E01033985,4.47,14
E01033330,1.42,13
E01033330,4.38,14
E01033330,0.82,13
E01033330,4.85,14
E01033330,1.88,14
E01005649,6.03,14
E01005648,6.4,14
E01005612,1.15,12
E01005615,5.95,14
E01005650,1.28,12
E01005647,2.12,12
E01005650,1.61,12
E01005202,6.8,10
E01005202,2.54,1
E01005202,2.79,11
E01005202,5.64,10
E01005202,0.42,1
E01005202,3.32,11
E01033653,4.37,5
E01033653,4.58,5
E01005249,3.87,11
E01005251,4.66,11
E01005251,4.85,10
E01005251,-2.36,1
E01005252,4.69,10
E01005252,-1.63,1
E01005252,4.36,11
E01005252,4.28,10
E01005252,-2.88,1
E01005251,4.39,11
E01033685,4.12,11
E01005225,4.2,11
E01005226,5.54,11
E01005226,1.12,1
E01005226,4.52,11
E01033667,5.24,9
E01033667,3.04,1
E01033651,7.11,9
E01033651,4.39,1
E01033678,2.88,11
E01005226,4.81,10
E01005226,0.12,1
E01005226,3.81,11
E01005229,3.74,11
E01005229,5.46,10
E01005229,-0.02,1
E01005229,4.28,11
E01005229,5.4,10
E01005229,0.23,1
E01005229,4.36,11
E01005252,4.91,10
E01005252,-1.27,1
E01005252,4.87,11
E01005252,4.34,10
E01005252,-1.93,1
E01033685,4.62,10
E01033685,-2.17,1
E01005226,5.2,10
E01005226,0.66,1
E01005226,5.15,10
E01005226,0.65,1
E01033667,5.55,8
E01033651,7.31,9
E01033651,6.53,1
E01005129,3.02,10
E01005129,6.31,9
E01005129,4.04,1
E01005129,3.67,8
E01005129,5.56,9
E01005129,3.99,1
E01005130,3.3,8
E01005130,6.22,9
E01005130,4.79,1
E01005130,4.1,8
E01005130,6.77,9
E01005130,5.38,1
E01005130,3.52,8
E01033651,6.77,8
E01033651,5.94,1
E01005130,3.75,8
E01033651,3.68,8
E01005257,5.53,9
E01005257,3.55,1
E01033678,2.4,11
E01033678,5.75,9
E01033678,3.74,1
E01033679,2.15,11
E01033679,1.74,11
E01033679,6.54,10
E01033679,2.58,1
E01033678,1.82,11
E01033678,6.74,10
E01033678,3.22,1
E01005203,2.7,12
E01033678,6.79,10
E01033678,2.23,1
E01005202,2.78,11
E01005202,5.71,10
E01005202,1.19,1
E01005202,5.9,10
E01005202,0.82,1
E01005202,3.99,11
E01005202,6.42,10
E01005202,1.55,1
E01005225,4.23,11
E01005226,5.44,11
E01005226,0.72,1
E01005226,4.2,11
E01005330,4.42,10
E01005330,3.94,10
E01005330,4.95,11
E01005330,3.71,10
E01005330,-4.43,1
E01005330,4.15,10
E01005330,-3.88,1
E01033685,3.86,11
E01005330,5.11,8
E01033664,6.52,9
E01033664,3.59,1
E01033664,6.28,8
E01033664,3.6,1
E01005532,0.66,1
E01005533,2.13,1
E01005530,0.26,1
E01005539,1.68,1
E01005539,0.56,1
E01005533,0.41,1
E01005530,0.69,1
E01005550,0.78,1
E01005530,0.66,1
E01005530,1.28,1
E01005532,1.03,1
E01005532,4.99,1
E01005532,0.1,1
E01005531,3.63,10
E01005532,4.8,9
E01005532,3.7,10
E01005538,1.43,1
E01005541,2.2,1
E01005541,2.17,1
E01005533,2.66,1
E01005537,1.55,1
E01005537,0.92,1
E01033677,-0.21,1
E01005251,8.87,6
E01033667,8.09,7
E01005250,5.94,7
E01005250,6.17,7
E01033664,6.6,9
E01005249,5.3,6
E01005251,5.58,7
E01005251,9.26,6
E01033667,16.17,1
E01005226,3.35,6
E01005226,4.62,6
E01005229,5.01,6
E01005229,4.57,6
E01005229,5.63,6
E01005229,5.02,7
E01005229,5.9,6
E01005252,4.66,7
E01005252,6.36,6
E01005252,5.26,7
E01005250,5.87,6
E01005253,6.88,7
E01005253,6.72,7
E01005253,7.55,7
E01005253,7.07,7
E01005251,6.48,7
E01005251,5.98,7
E01005251,8.55,7
E01005252,5.91,7
E01005251,8.45,6
E01005205,2.88,6
E01005205,4.95,7
E01005202,5.52,7
E01005224,3.17,6
E01005223,5.49,7
E01005223,2.81,6
E01005250,6.68,7
E01005250,5.1,6
E01005250,4.81,6
E01005250,6.1,7
E01005224,3.08,6
E01005205,4.72,7
E01005203,2.86,6
E01005203,4.35,7
E01005203,3.49,6
E01005203,4.07,7
E01005203,4.12,6
E01005205,3.19,6
E01005205,4.96,7
E01005205,2.05,6
E01005247,6.45,7
E01005254,7.07,7
E01005254,7.17,7
E01005254,7.99,7
E01005254,7.14,7
E01005254,8.17,7
E01005253,7.86,7
E01005330,-1.25,1
E01005330,5.54,6
E01005251,6.76,7
E01005253,6.7,7
E01005330,8.01,3
E01005330,9.19,6
E01033685,6.23,7
E01033664,6.66,9
E01033664,7.62,5
E01033664,7.17,5
E01033651,5.08,9
E01033665,5.8,6
E01033665,4.17,8
E01033651,6.75,6
E01033651,3.13,8
E01033651,6.71,6
E01033664,3.5,8
E01033651,7.14,5
E01033676,4.78,6
E01005130,4.81,8
E01005203,6.36,8
E01005203,3.06,6
E01005203,5.05,8
E01033676,3.46,6
E01033676,4.89,8
E01033653,-2.66,20
E01033653,6.62,2
E01033667,3.37,16
E01033664,-0.79,1
E01033664,2.64,24
E01033667,0.83,25
E01033665,2.59,40
E01005142,1.87,35
E01033658,-1.03,1
E01033658,2.37,27
E01033658,4.21,34
E01033658,3.43,36
E01005143,-2.33,1
E01005143,2.45,33
E01005145,-2.33,1
E01005145,2.25,35
E01005147,-2.08,1
E01005147,2.52,29
E01033676,2.37,42
E01033676,1.93,24
E01033676,2.09,40
E01033658,2.77,36
E01033658,2.73,37
E01033655,3.48,27
E01033655,2.67,40
E01033655,3.55,21
E01033655,2.57,40
E01033665,3.72,21
E01005147,2.45,16
E01033658,-0.12,1
E01033658,2.01,30
E01005165,1.78,36
E01005142,1.98,35
E01005142,3.73,43
E01005145,2.29,42
E01005143,2.41,42
E01005055,3.22,44
E01005007,-1.48,1
E01005007,2.27,33
E01004983,3.57,44
E01005041,2.3,34
E01004988,0.83,1
E01004988,2.65,33
E01004986,4.28,44
E01004986,0.39,1
E01004986,2.82,32
E01004986,4.16,43
E01004986,0.56,1
E01004986,2.87,33
E01004989,4,43
E01004989,-0.28,1
E01004989,2.08,32
E01004989,4.87,44
E01004989,4.69,43
E01004989,0.15,1
E01004989,2.43,33
E01005007,-0.56,1
E01005007,1.8,33
E01005007,3.04,44
E01005007,-0.97,1
E01005007,2.35,33
E01005007,-0.42,1
E01005007,2.91,33
E01005007,3.62,44
E01005060,3.83,44
E01005060,-1.2,1
E01005060,2.4,33
E01005060,-0.64,1
E01005060,2.37,33
E01005060,3.53,44
E01005060,-0.97,1
E01005060,2.8,33
E01005060,2.68,44
E01005060,-0.53,1
E01005060,2.61,33
E01005060,2.62,44
E01005060,-0.3,1
E01005060,2.92,32
E01005060,2.48,42
E01005030,-0.11,1
E01005030,3.13,32
E01005060,3.4,42
E01005025,-0.68,1
E01005025,3.08,32
E01005030,2.03,43
E01004986,-0.23,1
E01004986,3.16,32
E01004989,0.14,1
E01004989,2.54,32
E01004989,4.45,44
E01004983,0.19,1
E01004983,3.04,32
E01005027,3.05,43
E01005027,3.07,33
E01005027,3.08,30
E01005027,3.07,17
E01005027,1.88,39
E01004986,0.19,1
E01004986,2.64,33
E01004972,-0.65,1
E01004972,2.83,34
E01004972,4,43
E01004971,-0.33,1
E01004971,2.85,33
E01004972,3.79,44
E01004974,3.24,43
E01004974,3.86,43
E01005039,4.23,41
E01005039,3.38,42
E01005041,2.34,34
E01005646,4.66,43
E01005041,4.15,43
E01005041,4,42
E01005039,-1.4,1
E01005039,2.74,35
E01004975,-0.63,1
E01004975,3,35
E01004973,-0.41,1
E01004973,3.11,34
E01004971,3.93,44
E01004971,-0.28,1
E01004971,3.02,33
E01004983,3.32,44
E01005646,4.77,43
E01005165,4.4,43
E01005646,4.81,43
E01005646,1.73,34
E01005646,1.59,35
E01005646,1.32,35
E01005646,5.12,44
E01005646,4.87,42
E01005251,2.79,1
E01005251,-25.23,3
E01005139,26.76,5
E01005139,5.24,1
E01005139,-44.83,3
E01033687,4.86,1
E01033687,-54.88,3
E01033687,27.55,4
E01005139,29.98,5
E01005138,24.08,4
E01005138,-103.92,1
E01005139,5.03,1
E01005139,-43.42,2
E01034108,-0.67,3
E01034108,-111.31,1
E01034108,-0.08,4
E01034108,4.59,1
E01034108,-45.72,2
E01034108,38.97,3
E01034108,5.17,1
E01034108,-45.06,2
E01005138,37.29,3
E01005138,4.54,1
E01005138,-44.42,2
E01033687,4.07,1
E01033687,-32.71,3
E01033687,39.98,5
E01005251,20.32,5
E01005251,3.13,1
E01005251,-24.67,3
E01005251,20.74,5
E01005251,3.13,1
E01005251,-24.38,3
E01033685,4,1
E01033685,-23.77,3
E01033685,20.95,5
E01033687,4.08,1
E01033687,-47.91,3
E01033687,30.53,5
E01033687,3.69,1
E01033687,-34.89,3
E01033687,-48.72,2
E01033685,21.14,5
E01033687,41.05,5
E01033687,38.16,5
E01005347,3.13,1
E01005347,-19.19,3
E01005354,-4.23,3
E01005354,32.37,1
E01005354,0.47,3
E01005347,22.9,4
E01005347,-42.35,3
E01005339,6.08,3
E01005436,-2.22,1
E01005436,1.94,2
E01005462,-2.89,1
E01005462,1.81,2
E01005462,2.18,1
E01005462,6.64,2
E01005436,-2.38,1
E01005436,1.41,3
E01005462,2.61,1
E01005462,7.22,2
E01005462,-3.27,1
E01005462,4.46,3
E01005462,2.51,1
E01005462,-14.99,2
E01005354,-14.14,2
E01005340,2.43,3
E01005340,9.98,2
E01005337,9.52,2
E01005337,3.15,2
E01005346,23.27,4
E01005346,-46.35,3
E01005436,-2.69,1
E01005436,2.21,3
E01005354,17.99,3
E01005350,-2.49,1
E01005350,23.88,4
E01005459,2.18,1
E01005459,-11.06,3
E01005354,1.72,2
E01005348,-0.52,1
E01005348,-9.9,3
E01005354,-0.09,3
E01005348,-3.4,1
E01005348,-22.59,1
E01005354,9.93,4
E01005350,-0.76,2
E01005350,-1.27,1
E01005350,-2.62,2
E01005350,14.16,4
E01005350,-1.79,1
E01005350,-2.42,3
E01005345,3.18,1
E01005345,-23.38,3
E01005345,19.85,5
E01005254,2.4,1
E01005254,-21.89,3
E01005347,3.35,1
E01005347,-47.9,3
E01005347,19.4,5
E01005347,18.62,5
E01005337,16.02,2
E01005376,-3.42,1
E01005376,29.15,3
E01005376,3.45,1
E01005376,-23.6,2
E01005376,2.24,1
E01005376,-23.69,2
E01005342,-2.64,1
E01005342,27.69,3
E01005342,2.4,1
E01005342,-29.4,2
E01005381,2.76,1
E01005381,18.96,1
E01005381,2.47,1
E01005381,-59.65,1
E01005381,-2.41,1
E01005381,39.06,2
E01005435,2.24,1
E01005435,-15.2,2
E01005461,-3.72,1
E01005461,8.35,3
E01005461,1.64,1
E01005461,5.61,2
E01005381,1.9,1
E01005381,-29.4,2
E01005381,-2.91,1
E01005381,26.48,3
E01005459,2.51,1
E01005459,-29.9,2
E01005459,-3.64,1
E01005459,21.08,3
E01005336,6.45,3
E01005339,8.7,2
E01005339,9.76,2
E01005339,6.6,3
E01034107,26.01,5
E01005136,3.78,1
E01005136,-73.78,3
E01005136,3.79,1
E01005136,-48.4,3
E01005136,43.3,5
E01005164,0.97,3
E01034107,3.65,1
E01034107,-66.15,2
E01034107,21.34,4
E01005164,63.12,4
E01005164,-37.98,3
E01034108,38.52,5
E01034107,49.55,5
E01034107,3.08,1
E01034107,-74.56,3
E01005136,3.4,1
E01005136,-49.87,2
E01005350,-4.83,1
E01005350,27.63,2
E01005433,0.75,1
E01005433,17.41,1
E01033667,10,6
E01033667,10.76,13
E01033653,11.93,3
E01033664,7.16,9
E01033664,11.2,13
E01033667,5.56,12
E01005352,10.01,34
E01005350,4.38,10
E01005350,7.62,11
E01005350,10.12,26
E01005350,5.18,11
E01005350,8.8,13
E01005353,5.7,11
E01005353,8.75,13
E01005352,9.64,34
E01005352,5.53,11
E01005352,8.13,12
E01005338,4.21,11
E01005338,7.24,12
E01005338,10.04,34
E01005338,10.24,35
E01005338,4.37,11
E01005338,8.26,12
E01005338,9.98,35
E01005338,5.43,11
E01005338,8.81,13
E01005334,5.1,11
E01005334,8.64,13
E01005338,10.47,35
E01005334,4.51,11
E01005334,8.24,13
E01005338,10.39,35
E01005333,10.86,35
E01005329,4.41,11
E01005329,7.43,13
E01005334,11.36,35
E01005336,3.82,11
E01005336,7.02,13
E01005335,10.89,35
E01005535,10.63,35
E01005338,4.9,11
E01005338,7.44,12
E01005433,2.3,8
E01005535,2.73,11
E01005535,6.57,13
E01005433,2.78,9
E01005433,13.66,13
E01005433,4.11,10
E01005338,9.94,34
E01005350,9.25,33
E01005433,12.83,13
E01005548,9.35,33
E01005533,1.46,7
E01005533,5.88,10
E01033674,7.79,29
E01005142,5.86,10
E01005142,11.57,16
E01033674,6.08,10
E01033674,10.5,18
E01033658,8.38,27
E01033658,8.15,28
E01033658,6.47,9
E01033658,12.9,7
E01005160,4.04,10
E01005160,11.36,15
E01005160,11.39,31
E01005160,3.37,10
E01005160,10.72,15
E01033674,6.8,30
E01033674,6.85,10
E01033674,12.97,19
E01005160,11.25,31
E01005165,5.79,10
E01005165,12.02,16
E01005142,7.17,31
E01005142,6.4,10
E01005142,11.68,16
E01005142,7.15,31
E01005142,6.89,10
E01005142,11.91,17
E01005147,7.32,31
E01005147,6.67,10
E01005147,12,17
E01033675,7.25,30
E01033675,6.4,10
E01033675,12.34,19
E01033674,6.14,10
E01033674,10.95,18
E01033674,6.29,29
E01005165,4.69,10
E01005165,12.55,18
E01005142,5.03,10
E01005142,11.41,16
E01033674,6.02,10
E01033674,10.23,18
E01033674,7.38,29
E01005165,9.17,31
E01005165,10.26,31
E01005162,10.15,31
E01005160,10.33,31
E01005160,10.49,31
E01005160,10.55,31
E01005160,10.6,31
E01005160,5.18,10
E01005160,14.22,17
E01005160,5.96,10
E01005160,15.61,18
E01005160,6.49,10
E01005160,16.33,18
E01005160,2.22,10
E01005160,11.14,18
E01005162,2.66,10
E01005162,11.06,20
E01005165,3.54,10
E01005165,12.21,20
E01005165,3.16,10
E01005165,12.42,19
E01005142,8.13,31
E01005145,7.85,31
E01004969,4.1,10
E01004969,11.92,18
E01005547,10.06,32
E01005533,10.28,34
E01005541,2.58,11
E01005541,7.29,13
E01005541,11.05,34
E01005540,10.82,35
E01005541,2.92,11
E01005541,7.26,13
E01005542,3.46,11
E01005542,7.51,13
E01005541,11.39,35
E01005533,2.26,11
E01005533,7.29,13
E01005533,10.76,34
E01005533,2.54,11
E01005533,7.79,13
E01005533,10.21,33
E01005533,2.76,10
E01005533,8.26,13
E01005547,10.4,31
E01005547,4.35,10
E01005547,12.5,16
E01005547,4.7,10
E01005547,12.78,16
E01005547,9.68,33
E01005546,4.19,10
E01005546,12.04,15
E01005546,9.97,33
E01005547,9.31,33
E01005546,4.52,10
E01005546,12.34,15
E01005546,8.18,33
E01005546,5.43,8
E01005546,12.45,12
E01005546,4.94,8
E01005546,14.02,10
E01005546,8.29,33
E01005546,5.66,8
E01005546,14.1,9
E01005165,8.99,31
E01005646,9.36,31
E01005350,0.34,8
E01005350,11.92,17
E01033667,1.08,6
E01005250,1.2,8
E01005249,5.42,8
E01005250,1.64,8
E01005250,1.53,8
E01005250,6.63,8
E01033667,2.11,8
E01005253,6.72,8
E01033653,0.99,1
E01033653,6.51,1
E01005256,-0.02,9
E01005256,3.7,8
E01005249,1.07,8
E01005256,4.74,8
E01005249,4.77,8
E01005256,1.24,8
E01005249,5.01,8
E01005249,1.15,8
E01005249,5.44,8
E01005249,1.04,8
E01005250,1.64,8
E01005250,6.24,8
E01005250,6.19,8
E01005249,5.51,8
E01005249,0.8,8
E01033667,3.2,4
E01033651,2.14,9
E01005129,3.58,8
E01005129,1.97,9
E01005129,2.35,6
E01005129,1.93,9
E01005130,1.94,6
E01005130,2.23,9
E01005130,2.44,6
E01005130,2.38,9
E01005130,1.66,6
E01033651,2.33,9
E01005130,2.32,6
E01033651,1.75,6
E01005256,3.75,8
E01005256,0.07,9
E01005256,3.94,8
E01005257,0.38,9
E01005257,3.8,8
E01005257,0.46,9
E01005257,3.52,8
E01005257,0.95,9
E01005257,0.99,9
E01005257,4.14,8
E01005129,1.72,9
E01005257,4.23,8
E01005247,5.86,8
E01005253,1.7,9
E01005247,1.53,9
E01005447,6.95,7
E01005338,0.85,8
E01005338,5.73,8
E01005338,5.23,8
E01005337,5.12,8
E01005337,5.89,1
E01005337,1.43,10
E01005338,5.57,8
E01005352,5.17,8
E01005338,6.88,1
E01005338,0.9,9
E01005338,6.83,1
E01005338,0.85,9
E01005337,5.62,1
E01005337,0.49,10
E01005447,5.99,9
E01005447,5.4,9
E01005447,6.83,7
E01005400,4.48,8
E01005445,5.98,9
E01005447,7.15,7
E01005445,6.79,7
E01005445,6.29,9
E01005441,6.69,5
E01005441,2.5,2
E01005441,13.38,1
E01005441,11.04,4
E01005355,5.57,9
E01005355,6.28,8
E01005355,4.32,7
E01005355,5.69,9
E01005356,6.02,9
E01005356,4.5,7
E01005399,1.61,1
E01005399,2.39,9
E01005400,1.21,1
E01005400,1.28,9
E01005400,4.71,8
E01005399,0.85,1
E01005399,0.91,9
E01005399,4.36,8
E01005399,-0.17,1
E01005399,1.07,9
E01005399,3.96,8
E01005345,6.56,8
E01005400,4.82,8
E01005400,-1.79,1
E01005400,-0.21,9
E01005398,6.01,8
E01005398,-0.91,1
E01005398,0.24,9
E01005402,-0.63,1
E01005402,0.18,10
E01005402,5.86,8
E01005402,0.74,1
E01005402,1.21,10
E01005354,5.64,8
E01005348,5.16,8
E01005348,0.83,1
E01005348,0.94,10
E01005348,5.73,8
E01005354,3,1
E01005354,1.04,10
E01005349,5.89,8
E01005349,3.7,1
E01005349,1.41,10
E01005354,5.8,8
E01005327,5.45,8
E01005327,1.63,8
E01005327,6.42,8
E01005327,0.69,8
E01005327,0.65,9
E01005327,6.24,8
E01005330,0.6,9
E01005330,5.67,8
E01005330,0.88,9
E01005341,6.14,8
E01005341,1.26,9
E01005341,6.22,8
E01005346,1.8,9
E01005346,7.06,8
E01005345,1.88,9
E01005251,2.09,9
E01005351,4.01,1
E01005351,1.63,10
E01005354,4.89,8
E01005351,5.47,1
E01005351,1.62,10
E01005251,6.07,8
E01005195,3.45,3
E01005197,2.04,3
E01005201,1.47,3
E01005195,3.06,3
E01034120,3.61,3
E01005195,2.97,3
E01005195,3.5,3
E01005195,4.61,1
E01005195,7.69,1
E01034138,5.23,1
E01034138,6.53,1
E01034137,2.62,4
E01034137,5.52,1
E01034137,6.92,1
E01034138,1.72,4
E01005221,-0.39,4
E01005221,7.35,1
E01005221,6.63,1
E01005219,-0.94,4
E01005219,7.52,1
E01005219,6.96,1
E01005218,-1.15,4
E01005218,8.13,1
E01005218,7.34,1
E01034128,0.58,4
E01034128,-0.42,4
E01034128,7.33,1
E01034128,-0.64,4
E01034128,7.86,1
E01005197,8.17,2
E01005197,8.04,1
E01005197,3.11,3
E01005197,7.97,2
E01005197,8.1,1
E01005195,8.32,2
E01005195,8.21,1
E01005201,9.41,2
E01005201,9.59,1
E01005197,8.92,2
E01005197,9.02,1
E01005195,3.82,1
E01005195,8.1,1
E01005195,8.08,2
E01005195,7.39,1
E01034138,3.53,3
E01005199,5.33,1
E01005199,6.01,1
E01005200,3.36,3
E01005200,5.82,1
E01005200,6.6,1
E01005200,2.92,3
E01005200,5.13,1
E01005200,7.2,1
E01005107,2.46,1
E01005107,2.97,1
E01005106,3.37,1
E01005107,3.01,1
E01005197,2.11,3
E01034113,3.52,1
E01005094,2.23,1
E01005197,7.8,2
E01005197,7.66,1
E01005197,2.91,3
E01005093,1.83,1
E01005093,1.42,1
E01005093,1.94,1
E01005094,2.14,1
E01005092,2.41,1
E01005107,3.98,1
E01005107,3.63,1
E01005107,4.35,1
E01005191,0.8,2
E01034113,0.05,2
E01034112,-0.3,2
E01034113,-1.16,2
E01034112,-1.08,2
E01005259,-1.46,1
E01005259,-0.88,1
E01005189,8.98,1
E01005189,0.92,2
E01005260,0.23,1
E01005260,0.81,1
E01006006,1.28,1
E01006001,1.82,1
E01005176,3.88,4
E01005175,3.4,1
E01005309,0.78,4
E01005309,0.81,4
E01005311,1.36,4
E01005311,6.23,1
E01005305,5.98,1
E01005305,2.11,4
E01005123,5.81,1
E01005123,2.65,4
E01005123,6.27,1
E01005125,3.01,4
E01005175,5.55,1
E01005126,3.57,4
E01005126,4.15,1
E01005126,4.03,4
E01005176,2.6,3
E01005176,3.96,1
E01005176,3.32,1
E01005176,0.34,1
E01005169,3.09,3
E01005176,3.2,1
E01005176,2.6,1
E01005176,-3.05,1
E01005176,3.81,1
E01005176,3.42,1
E01005176,-1.12,1
E01005176,2.95,3
E01005169,2.41,1
E01005169,3.21,1
E01005169,-0.15,1
E01005169,3.64,3
E01005169,4.1,3
E01005169,1.96,1
E01005169,3.22,1
E01005169,-0.58,1
E01005171,6.29,1
E01005171,-0.79,1
E01005169,5.66,2
E01005169,6.05,1
E01005169,-0.88,1
E01005169,3.52,2
E01005310,0.48,4
E01005170,6.13,1
E01005170,5.99,1
E01005170,-0.21,1
E01005170,3.88,1
E01005170,2.85,1
E01005170,-1.06,1
E01005170,4.35,1
E01005170,1,1
E01005310,6.66,1
E01005170,4.66,1
E01005170,-1.32,1
E01005176,3.95,4
E01005176,1.6,1
E01005176,2.68,1
E01005336,3.52,6
E01005336,0.34,2
E01005336,6.31,1
E01005336,6.23,1
E01005339,0.87,2
E01005339,6.63,1
E01005339,6.67,1
E01005336,4.35,6
E01005392,1.07,2
E01005392,7.93,1
E01005392,4.85,6
E01005393,4.85,6
E01005393,1.62,2
E01005393,7.42,1
E01005391,5.03,6
E01005393,0.89,2
E01005393,7.81,1
E01005393,4.32,6
E01005391,0.44,2
E01005391,7.38,1
E01005391,4.43,6
E01005391,0.8,2
E01005391,7.65,1
E01005339,4.54,6
E01005339,0.44,2
E01005339,7.14,1
E01005339,0.74,2
E01005339,6.47,1
E01005339,4.23,6
E01005339,4.18,6
E01005339,1.13,2
E01005339,6.89,1
E01005339,0.55,2
E01005339,6.67,1
E01005339,6,1
E01005339,2.86,6
E01005392,5.05,1
E01005354,-1.67,1
E01005354,6.72,1
E01005354,2.72,1
E01005401,-1.1,2
E01005401,8.42,1
E01005401,4.91,1
E01005393,1.42,6
E01005401,2.37,6
E01005401,-0.48,2
E01005401,8.37,1
E01005401,4.93,1
E01005359,0.13,1
E01005359,0.66,3
E01005390,2.44,3
E01005390,8.96,2
E01005403,0.04,2
E01005403,0.78,3
E01005403,1.77,3
E01005403,8.94,2
E01005360,0.04,2
E01005360,0.36,3
E01005360,2.21,3
E01005360,8.98,2
E01005360,2.49,3
E01005360,8.68,2
E01005360,0.32,1
E01005360,0.61,3
E01005395,1.04,1
E01005395,1.33,3
E01005395,1.88,3
E01005395,8.87,2
E01005360,0.48,1
E01005360,0.84,3
E01005360,2.37,3
E01005360,8.6,2
E01005359,0.24,1
E01005359,0.98,3
E01005360,1.8,3
E01005360,8.1,2
E01005360,0.55,1
E01005360,1.39,3
E01005360,2.76,3
E01005360,8.13,2
E01005360,2.11,3
E01005360,7.52,2
E01005350,-0.82,2
E01005350,7.67,1
E01005350,7.85,2
E01005348,5.34,5
E01005348,5,6
E01005348,4.35,6
E01005441,3.43,6
E01005442,3.84,6
E01005442,4.29,6
E01005443,4.77,6
E01005443,0.55,1
E01005446,-1.88,1
E01005446,-1.88,1
E01005445,-0.88,1
E01005447,-0.26,3
E01005445,3.25,5
E01005441,4.36,6
E01005441,3.2,6
E01005445,0.63,1
E01005445,0.77,3
E01005445,-0.17,2
E01005445,6.77,2
E01005445,0.31,1
E01005445,0.95,3
E01005361,1.35,3
E01005361,7.18,2
E01005361,0.73,1
E01005361,1.42,3
E01005361,1.65,3
E01005361,7.38,2
E01005359,0.57,1
E01005359,1.22,3
E01005392,4.94,6
E01005392,2.44,1
E01005392,0.3,2
E01005392,3.14,1
E01005392,1.09,2
E01005392,1.79,3
E01005392,1.59,1
E01005392,0.05,2
E01005390,5.7,1
E01005390,7.44,1
E01005390,9.93,3
E01005390,1.33,1
E01005390,3.98,1
E01005390,7.15,3
E01005395,1.64,1
E01005395,4.29,1
E01005395,8.61,3
E01005348,4.3,1
E01005348,-2.92,1
E01005348,7.58,1
E01005348,2.35,1
E01005348,4.18,6
E01005348,5.04,1
E01005348,0.56,2
E01005348,7.65,1
E01005348,7.56,2
E01005354,5.07,6
E01005350,-1.32,1
E01005350,7.54,1
E01005350,7.56,2
E01005350,11.14,2
E01005348,4.87,6
E01005348,-0.43,2
E01005348,8,1
E01005348,8,2
E01005348,0.38,2
E01005348,7.76,1
E01005348,7.78,2
E01005401,2.78,6
E01005336,3.93,6
E01005401,4.09,6
E01005401,4.16,6
E01005401,3.44,6
E01005401,-0.09,2
E01005401,7.92,1
E01005401,4.21,1
E01005392,9.16,3
E01005392,9.14,3
E01005392,5.28,1
E01005390,2.6,1
E01005390,5.64,1
E01005390,3.03,1
E01005390,4.3,1
E01005390,3.43,1
E01005390,4.9,1
E01005392,2.98,1
E01005392,5.78,1
E01005396,1.2,1
E01005396,3.49,1
E01005396,8.2,3
E01005392,3.14,1
E01005392,4.63,1
E01005392,0.81,1
E01005392,5.54,1
E01005336,3.84,6
E01005392,4.55,1
E01005392,9.96,3
E01005396,0.79,1
E01005396,3.55,1
E01005396,10.28,3
E01005401,-1.4,2
E01005401,7.62,1
E01005401,3.85,1
E01005336,1.38,2
E01005336,7.01,1
E01005336,6.95,1
E01005336,3.55,6
E01005336,0.9,2
E01005336,6.57,1
E01005336,6.42,1
E01005336,0.3,2
E01005336,6.01,1
E01005336,5.89,1
E01005336,0.87,2
E01005336,6.92,1
E01005336,6.47,1
E01005336,3.79,6
E01005339,0.04,2
E01005339,6.06,1
E01005339,5.56,1
E01005339,3.63,6
E01005401,-1.7,1
E01005401,7.66,1
E01005401,3.67,1
E01005390,3.38,1
E01005390,4.66,1
E01005396,1.57,1
E01005396,3.86,1
E01005396,9.07,3
E01005251,6.77,10
E01033664,4.58,7
E01005249,6.2,10
E01005252,8.75,11
E01005252,6.92,10
E01005252,8.86,11
E01005251,6.55,10
E01033685,6.85,10
E01033667,3.76,3
E01005226,9.95,12
E01005226,5.18,10
E01005229,5.49,10
E01005229,9.79,11
E01005229,6.07,10
E01005229,9.33,11
E01005229,6.75,10
E01005252,9.29,11
E01005252,6.81,10
E01005252,9.01,11
E01033685,8.54,11
E01005251,9.56,12
E01005251,9.91,12
E01005251,6.36,10
E01005205,9.08,12
E01005205,7.49,11
E01005202,5.98,10
E01005224,9.42,12
E01005223,6.13,10
E01005223,9.47,12
E01033653,4.72,6
E01005224,9.92,12
E01005205,6.63,10
E01005203,7.79,10
E01005203,6.82,10
E01005203,8.02,10
E01005203,6.45,10
E01005203,7.76,10
E01005205,8.69,12
E01005205,6.74,10
E01005205,7.78,10
E01005346,6.54,10
E01005332,10.17,11
E01005347,10.14,11
E01034233,10.16,11
E01005328,11.48,10
E01005347,5.11,9
E01005341,5.9,10
E01005341,10.13,11
E01005350,2.06,2
E01005350,8.49,8
E01005347,5.42,9
E01005344,10.04,11
E01005344,10.43,12
E01005344,5.74,9
E01005347,9.77,11
E01005343,5.74,9
E01005344,4.89,9
E01005342,3.86,8
E01005344,9.68,12
E01005460,3.96,8
E01005463,4.25,8
E01034233,11.6,10
E01034233,12.04,11
E01034233,3.7,7
E01005459,3.53,7
E01005459,11.02,10
E01034232,2.24,8
E01005460,10.13,11
E01005345,6.62,10
E01005345,9.61,12
E01005345,6.31,10
E01005345,9.67,12
E01005346,9.43,12
E01033664,4.21,9
E01033664,7.36,7
E01033664,7.03,7
E01033651,3.84,9
E01033665,7.69,9
E01033665,4.74,10
E01033651,8.05,9
E01033651,3.89,9
E01033651,7.78,8
E01033664,3.79,9
E01033651,8.02,8
E01033676,7.28,9
E01005130,5.34,10
E01005203,6.64,10
E01005203,6.92,10
E01005203,5.47,10
E01033676,8.27,10
E01033676,6.76,10
E01005421,-0.89,7
E01005433,0.65,1
E01005422,0.98,6
E01005350,-7.86,1
E01032920,5.9,6
E01032920,-5.28,4
E01032920,-5.78,6
E01032920,7.31,4
E01032920,-2.08,3
E01032920,3.33,6
E01032920,1.54,5
E01032920,-2.97,6
E01005422,0.29,6
E01005422,3.34,6
E01005422,4.2,6
E01005422,2.82,6
E01005433,12.8,2
E01005433,-7.81,5
E01005433,13.02,6
E01005433,-6.4,1
E01032920,-3.27,5
E01005422,3.2,7
E01032920,-0.1,5
E01005195,6.31,9
E01005126,8.31,7
E01005858,7.09,8
E01005126,8.12,7
E01005126,7.39,8
E01005197,5.82,9
E01005201,5.62,9
E01005195,6.18,9
E01034120,6.28,9
E01034120,6.16,9
E01034120,6.4,9
E01005195,6.74,9
E01005195,6.52,9
E01005195,8.21,8
E01005200,8.21,8
E01005200,8.42,7
E01005200,7.33,8
E01005216,5.16,8
E01005216,9.64,7
E01005216,5.41,8
E01005221,9.58,7
E01005221,5.03,8
E01005219,9.48,7
E01005219,4.88,8
E01005221,5.46,8
E01005221,8.57,7
E01005216,9.77,7
E01005122,5.4,8
E01005122,9.31,7
E01005122,5.76,8
E01005122,9.06,7
E01005119,6.21,8
E01005119,9.07,7
E01005119,6.47,8
E01005119,8.88,7
E01005124,6.82,8
E01005124,8.46,7
E01005124,8.11,7
E01005174,8.12,8
E01005174,8.55,7
E01005306,8.6,8
E01005197,7.45,7
E01005195,7.24,7
E01005201,6.96,6
E01005197,7.63,7
E01005195,7.72,8
E01005195,6.4,7
E01034121,6.74,7
E01034120,7.11,7
E01034120,6.19,7
E01005195,6.87,7
E01005256,18.63,1
E01005092,5.14,7
E01005107,7.81,8
E01005107,4.73,7
E01005107,7.78,8
E01005106,4.34,7
E01005106,7.79,8
E01005107,4.65,7
E01005107,7.26,8
E01005106,4.37,7
E01005197,5.94,9
E01034113,6.49,8
E01005094,8.9,8
E01005094,4.98,6
E01005093,5.4,6
E01034121,6.64,9
E01005200,7.11,8
E01005220,8.21,7
E01005220,6.78,8
E01005221,6.98,8
E01005221,8.03,7
E01005191,6.24,6
E01005259,5.06,6
E01005259,8.46,6
E01005093,9.2,8
E01005093,5.12,6
E01005093,9.2,8
E01005093,4.99,6
E01005093,9.84,7
E01005094,8.75,8
E01005092,5.41,6
E01005092,8.39,8
E01005107,5.12,6
E01005107,7.24,8
E01005107,6.13,6
E01005107,7.36,8
E01005107,7.37,7
E01005107,7.25,8
E01034113,7.23,7
E01005191,7.74,8
E01005190,6.26,6
E01005190,6.03,6
E01034113,7.36,8
E01034112,7.4,8
E01034112,6.44,6
E01034113,7.3,6
E01034113,6.55,8
E01034112,7.74,6
E01034112,6.07,8
E01005259,4.82,7
E01005259,7.43,7
E01005259,7.72,7
E01005259,4.97,7
E01005260,5.39,6
E01005189,6.9,6
E01005189,7.53,8
E01005260,4.92,6
E01005260,8.7,7
E01005260,9.21,7
E01006006,9.45,7
E01006006,4.36,6
E01006001,9.94,7
E01006001,4.9,6
E01005083,1.84,2
E01005175,8.69,7
E01005174,7.88,8
E01005174,8.37,7
E01005175,7.44,8
E01005126,7.86,7
E01005126,7.19,8
E01005126,8.29,7
E01005078,4.4,6
E01005168,7.82,8
E01033671,7.98,8
E01033671,6.15,6
E01033671,6.68,7
E01033671,6.07,6
E01005083,4.72,6
E01005083,6.01,7
E01005083,1.31,3
E01005078,4.34,4
E01005078,4.18,5
E01005078,5.34,6
E01005078,4.6,6
E01005076,7.52,8
E01005076,8.06,7
E01005172,8.24,7
E01005434,-5.61,9
E01005323,4.24,13
E01005324,5.52,12
E01005325,5.58,12
E01005459,-3.05,9
E01005350,15.08,12
E01005439,4.25,13
E01005459,12.94,11
E01005459,4.82,7
E01005434,22.63,4
E01005434,-2.29,8
E01005434,-3.26,8
E01005434,15.19,12
E01005438,12.13,12
E01005438,-0.47,10
E01005322,7.46,13
E01005320,6.26,13
E01005325,5.37,12
E01005324,5.45,12
E01005323,4.03,13
E01005323,4.5,13
E01005323,4.84,13
E01005324,5.04,12
E01005438,2.92,13
E01005386,12.76,18
E01005429,18.75,13
E01005429,-2.1,14
E01005429,-8.51,16
E01005429,20.65,15
E01005321,-0.88,15
E01005321,17.72,15
E01005383,18.09,13
E01005383,-4.72,16
E01005386,12.05,18
E01005386,-0.79,18
E01005383,13.21,18
E01005383,-1.62,19
E01005383,0.81,15
E01005386,10.66,15
E01032557,3.15,18
E01032557,7.78,19
E01005389,7.13,18
E01005389,7.3,18
E01005389,6.2,18
E01005389,5.68,18
E01005383,0.38,12
E01005383,17.06,12
E01005350,5.12,11
E01005389,6.74,18
E01005433,5.15,15
E01005433,13,11
E01005433,5.31,14
E01005433,31.26,13
E01005433,5.19,10
E01005429,-4.11,10
E01005429,14.03,17
E01005429,-3.63,15
E01005428,-5.59,16
E01005428,21.28,16
E01032920,26.89,15
E01005428,-3.36,4
E01005428,28.19,17
E01005427,3.53,7
E01005433,13.71,11
E01033654,-23.88,7
E01033653,5.74,20
E01033654,0.49,7
E01033658,3.9,28
E01033682,1.71,20
E01033653,4.07,18
E01033653,3.28,22
E01033654,1.37,20
E01033653,4.27,20
E01033658,3.67,29
E01033658,3.27,27
E01033656,3.97,19
E01033662,2.96,22
E01033681,0.89,26
E01033681,2.05,25
E01033681,2.25,25
E01033662,1.6,20
E01034131,1.77,21
E01033654,3.08,12
E01033653,2.47,27
E01005575,12.03,1
E01005574,11.78,1
E01005574,11.74,1
E01005587,11.06,1
E01005496,7.82,1
E01005496,9.94,1
E01005574,10.76,1
E01005588,10.6,1
E01005488,10.66,1
E01005352,243.77,6
E01005350,7.65,4
E01005350,5.51,5
E01005350,6.74,5
E01005353,7.25,5
E01005352,243.28,6
E01005352,7.33,5
E01005535,210.93,7
E01005332,211.26,7
E01005330,7.59,5
E01005535,8.29,5
E01005350,244.14,6
E01005330,7.88,5
E01005330,211.79,7
E01005330,6.66,5
E01005330,212.12,7
E01005330,6.88,5
E01005330,211.85,7
E01005330,7.51,5
E01005330,211.19,7
E01005330,6.82,5
E01005332,211.64,7
E01005332,5.7,5
E01005332,211.48,7
E01005332,212.19,7
E01005332,5.99,5
E01005328,6.84,5
E01005328,210.45,7
E01005328,6.12,5
E01005332,6.22,5
E01005331,210.94,7
E01005332,6.65,5
E01005328,210.73,7
E01005352,7.01,5
E01005352,210.38,7
E01005352,243.88,6
E01005532,8.2,5
E01005530,5.91,5
E01005539,7.43,3
E01005539,15.43,1
E01005550,245.03,6
E01005539,7.03,6
E01005539,6.84,6
E01005539,245.15,6
E01005533,5.13,5
E01005530,244.94,6
E01005530,5.35,5
E01005530,245.23,6
E01005550,5.87,5
E01005545,6.63,5
E01005545,244.91,6
E01005550,7,5
E01005545,244.45,6
E01005550,7.22,5
E01005550,244.67,6
E01005532,7.58,5
E01005532,243.89,6
E01005532,244.88,6
E01005532,8.16,5
E01005532,7.8,5
E01005531,244.22,6
E01005532,7.98,5
E01005532,210.93,7
E01005533,15.07,1
E01005539,7.12,3
E01005539,6.91,3
E01005539,16.04,1
E01005459,4.56,3
E01005459,0.36,2
E01005459,4.59,3
E01034233,4.55,3
E01005436,0.01,2
E01005462,0.68,2
E01005462,4.86,3
E01005436,0.29,2
E01005462,4.92,3
E01005462,3.98,3
E01005461,4.6,3
E01005461,0.48,2
E01034233,0.27,2
E01005436,1.02,2
E01005350,4.17,3
E01005354,3.45,2
E01005350,2.58,2
E01005350,0.5,1
E01005350,3.23,2
E01005436,0.62,2
E01005436,3.66,3
E01005436,4.8,3
E01005382,0.32,2
E01005377,4.92,2
E01005377,0.32,2
E01005377,4.78,2
E01005377,0.73,2
E01005377,4.55,2
E01005379,5.5,2
E01005380,5.09,2
E01005380,1.19,1
E01005379,1.1,2
E01033991,3.03,2
E01005393,-2.09,1
E01005401,-1.86,1
E01005398,-1.64,1
E01005403,-1.84,1
E01005392,-3.2,1
E01005392,-2.59,1
E01005392,-1.95,1
E01005400,-2.55,1
E01005400,-2.11,1
E01005327,-3.07,1
E01005327,-2.23,1
E01005327,-2.63,1
E01005330,-3.02,1
E01005341,-2.85,1
E01005341,-3.12,1
E01005346,-2.17,1
E01005388,0.13,1
E01005388,4.92,5
E01005389,6.38,5
E01005420,5.43,5
E01005450,4.82,5
E01005419,5.83,5
E01005413,6,5
E01005449,0.8,1
E01005449,5.75,6
E01005350,1.08,1
E01005350,3.27,3
E01005449,6.06,5
E01005449,1.38,1
E01005449,6.35,6
E01005449,5.59,5
E01005408,1.14,1
E01005408,6.37,5
E01005410,2.16,1
E01005410,8.05,5
E01005410,7.93,6
E01005413,-1.21,1
E01005413,4.69,5
E01005406,0.07,1
E01005406,5.82,5
E01005406,6.07,5
E01005406,-0.2,1
E01005406,5.46,5
E01005406,5.5,5
E01005406,5.82,5
E01005406,0.29,1
E01005406,5.89,5
E01005406,6.22,6
E01005406,0.74,1
E01005406,6.3,5
E01005407,0.39,1
E01005407,6.51,5
E01005407,5.91,6
E01005407,1.45,1
E01005407,6.07,5
E01005408,5.6,6
E01005407,1.39,1
E01005407,6.19,5
E01005407,5.66,6
E01005407,6.1,6
E01005412,0.91,1
E01005412,5.93,5
E01005412,-1.93,1
E01005412,5.39,5
E01005412,5.88,6
E01005411,-1.02,1
E01005411,6.17,5
E01005411,6.51,6
E01005411,6.84,6
E01005411,0.86,1
E01005411,7.69,5
E01005411,6.67,6
E01005410,1.57,1
E01005410,7.75,5
E01005410,6.9,6
E01005410,7.13,6
E01005410,1.87,1
E01005410,7.45,5
E01005410,7.03,6
E01005411,6.59,6
E01005411,-0.34,1
E01005411,6.98,5
E01005412,-0.68,1
E01005412,6.6,5
E01005433,1.03,1
E01005433,6.34,5
E01005433,3.78,2
E01005433,1.78,1
E01005433,4.42,5
E01005428,3.95,5
E01005450,5.91,5
E01005450,0.87,1
E01005450,6.02,6
E01005448,0.86,1
E01005448,5.81,6
E01005448,4.72,5
E01005456,1.24,1
E01005456,6.19,6
E01005456,5.33,5
E01005449,0.78,1
E01005449,5.34,6
E01005387,6.47,5
E01005417,1.28,1
E01005417,5.63,6
E01005388,6.11,5
E01005388,0.73,1
E01005388,4.97,6
E01005418,5.82,5
E01005418,-0.38,1
E01005418,4.37,5
E01005388,6.55,5
E01005418,-0.25,1
E01005418,4.52,5
E01032556,6.54,5
E01005419,-1.37,1
E01005419,4.42,5
E01005418,0.91,1
E01005418,6.04,5
E01005420,5.8,5
E01005419,6.18,5
E01005419,0.76,1
E01005419,5.9,5
E01005419,6.04,5
E01005419,-0.17,1
E01005419,4.61,5
E01005428,-0.17,1
E01005428,4.94,6
E01005428,6.32,5
E01033658,1.53,8
E01033658,-0.26,6
E01033658,-1.59,4
E01005648,1.5,13
E01005032,1.37,13
E01005031,1.74,13
E01005031,3.21,17
E01005031,1.7,13
E01005031,4.12,13
E01005031,6.1,2
E01005031,1.65,12
E01005032,1.85,13
E01005037,0.95,6
E01005037,1.73,12
E01005037,4.76,1
E01005032,2.84,18
E01005032,1.87,13
E01005032,3.22,19
E01005032,3.52,19
E01005610,-0.28,14
E01005611,1.16,14
E01005683,1.54,16
E01032909,3.03,14
E01032909,-0.24,11
E01033988,4,17
E01033987,0.28,14
E01005610,0.77,14
E01033989,0.48,14
E01033989,3.66,17
E01033981,2.87,19
E01033981,1.21,16
E01033980,2.84,18
E01033980,1.08,16
E01005653,0.93,14
E01005653,0.41,16
E01005653,3.76,18
E01033330,0.33,14
E01005610,3.26,18
E01005610,2.87,18
E01005610,1.2,14
E01005610,2,18
E01005611,0.85,14
E01005611,2.38,18
E01033980,1.36,18
E01033980,1.04,14
E01033981,2.55,19
E01005648,3.25,19
E01005652,0.22,13
E01005652,3.05,19
E01005653,1.13,15
E01005653,3.89,18
E01005653,2.98,18
E01005653,1.05,14
E01005653,3.49,18
E01005027,1.1,1
E01005027,0.22,2
E01005027,2.26,14
E01005027,0.6,15
E01005027,0.17,21
E01004968,3.04,21
E01004962,1.13,22
E01004962,2.52,21
E01004962,0.86,22
E01004962,2.9,22
E01004962,1.11,22
E01004964,3.16,22
E01004964,0.6,22
E01004964,2.96,21
E01004964,0.82,22
E01004964,0.59,22
E01005051,2.74,18
E01005051,2.53,21
E01005051,2.19,21
E01005051,2.76,21
E01005050,2.03,21
E01005050,2.84,21
E01004968,1.6,22
E01004968,2.53,21
E01004962,2.85,21
E01005050,1.65,21
E01005049,2.32,10
E01005049,0.59,1
E01005049,1.83,8
E01033654,-27.6,11
E01033653,1.74,22
E01033664,1.51,15
E01033653,2.03,19
E01033654,0.3,20
E01033658,0.08,10
E01033653,3.19,21
E01033654,2.6,20
E01033653,5.01,24
E01033654,0.72,17
E01033658,3.72,21
E01033658,2.38,19
E01033664,3.27,6
E01032558,14.58,1
E01032558,14.56,1
E01032558,15.71,1
E01005452,13.71,1
E01005453,14.03,1
E01005453,14.47,1
E01005027,9.5,1
E01005014,4.21,1
E01005053,3.07,5
E01005014,4,1
E01005047,6.74,4
E01005047,4.83,6
E01005021,6.56,1
E01005019,5.91,1
E01005019,5.28,1
E01005019,6.35,1
E01005018,5.42,1
E01005018,5.04,1
E01005016,5.48,1
E01005021,5.47,4
E01004962,4.78,5
E01004962,2.36,5
E01005049,5.06,5
E01005049,8.63,1
E01005027,10.22,1
E01005027,3.48,3
E01005027,10.4,1
E01005027,5.54,3
E01004962,4.84,5
E01004963,2.53,5
E01004963,3.07,5
E01004963,5.01,5
E01004963,3.03,5
E01004963,4.61,5
E01004963,4.48,5
E01005053,2.92,5
E01004963,3.74,5
E01005053,3.92,5
E01005053,6.04,1
E01005053,2.83,5
E01005050,4.64,5
E01005050,2.87,5
E01005050,4.53,5
E01005051,2.67,5
E01005051,5.06,5
E01005051,3.28,5
E01005021,4.4,5
E01005048,4.87,5
E01005048,3.98,5
E01005049,4.15,5
E01005049,5.24,5
E01004962,5.16,5
E01005049,4,5
E01005049,2.56,5
E01005049,3.1,5
E01005047,5.86,4
E01005047,7.63,1
E01005047,5.19,6
E01005047,4.56,6
E01005047,5.32,4
E01005047,7.94,1
E01005047,5.2,6
E01005047,5.74,4
E01005047,4.99,6
E01005047,6.14,4
E01005047,5.97,4
E01005047,5.2,6
E01005047,5.72,4
E01005047,5.24,6
E01005047,4.64,6
E01005048,6.2,4
E01005048,4.01,6
E01005048,6.9,4
E01005049,3.76,5
E01005049,4.51,5
E01005049,8.07,1
E01005049,3.16,5
E01005049,3.47,5
E01005049,4.9,5
E01005049,8.53,1
E01005051,2.09,5
E01005051,5.29,5
E01005051,8.88,1
E01004823,5.38,4
E01004929,5.2,4
E01004789,5.86,4
E01004790,4.96,6
E01004789,4.43,6
E01004789,5.39,6
E01004789,6.72,4
E01004789,4.96,6
E01004789,4.59,6
E01005047,6.88,4
E01004929,3.17,5
E01004790,5.03,6
E01004790,6.12,4
E01004790,4.86,6
E01004790,6.58,4
E01004790,7.06,4
E01004790,5.14,6
E01004791,6.14,4
E01004789,5.3,4
E01004789,5.27,6
E01004789,5.8,6
E01004789,5.67,4
E01004789,5.17,6
E01004789,5.69,4
E01004789,5.18,6
E01004789,6.49,4
E01004789,5.38,6
E01004789,6.4,4
E01004789,5.13,6
E01004789,6.8,4
E01004789,6.67,4
E01005047,4.28,6
E01033217,5.28,4
E01033217,4.95,4
E01033217,5.56,4
E01004848,0.24,2
E01004927,5.55,4
E01033220,4.48,4
E01033220,3.53,3
E01033220,5.18,4
E01033220,3.85,3
E01004927,5.48,4
E01004928,3.71,4
E01004928,5.74,4
E01033220,4.72,4
E01033220,1.96,2
E01004928,3.41,4
E01033220,5.6,4
E01033220,3.68,4
E01004927,3.97,4
E01004789,4.88,4
E01004789,6.92,1
E01004789,5.08,6
E01005433,5.84,7
E01005448,4.98,10
E01005408,3.84,11
E01005350,10.2,1
E01005408,3.75,11
E01005449,4.32,10
E01005417,4.78,10
E01005417,3.39,13
E01005387,5.37,10
E01005387,3.75,13
E01005417,3.91,13
E01005417,5.06,10
E01005417,5.33,10
E01005417,3.91,13
E01005420,5.45,10
E01005420,3.73,13
E01005417,3.8,13
E01005417,5.39,10
E01005420,5.13,10
E01005420,3.52,13
E01005416,3.24,13
E01005417,4.56,10
E01005416,5.76,5
E01005416,4.07,13
E01005416,3.66,13
E01005416,5.52,5
E01005416,1.65,13
E01005412,4.8,5
E01005416,1.98,12
E01005416,4.94,5
E01005416,4.44,5
E01005416,5.93,7
E01005416,10.09,13
E01005416,-2.26,6
E01005416,1.23,11
E01005415,1.84,11
E01005415,5.01,13
E01005415,5.24,11
E01005415,9.34,13
E01005416,2.94,11
E01005416,5.86,13
E01005416,3.1,11
E01005416,5.82,13
E01005416,3.31,11
E01005416,6.49,13
E01005415,3.5,11
E01005415,7.21,13
E01005408,6.97,12
E01005407,3.12,11
E01005407,7.42,12
E01005407,7.51,12
E01005412,2.71,11
E01005412,1.31,11
E01005412,7.18,12
E01005411,1.17,10
E01005411,7.99,12
E01005412,7.56,12
E01005412,1.56,10
E01005412,7.33,12
E01005412,1.59,9
E01005412,8.17,12
E01005412,1.08,5
E01005416,2.19,4
E01005416,11.82,12
E01005416,-6.38,5
E01005416,9.8,13
E01005409,4.96,11
E01005409,5.99,12
E01005409,6.6,12
E01005409,4.51,11
E01005409,5.91,12
E01005408,4.71,11
E01005409,6.28,12
E01005409,4.17,11
E01005409,6.29,12
E01005409,4.35,11
E01005408,7.1,12
E01005433,7.27,6
E01005433,3.51,5
E01005433,3.53,6
E01005433,3.95,6
E01005433,8.23,6
E01005432,4.68,6
E01032920,2.43,9
E01005421,4.97,9
E01005448,4.93,10
E01005448,5.63,9
E01005448,2.46,11
E01005456,5.15,10
E01005456,2.81,13
E01005449,3.67,13
E01005449,4.6,10
E01005449,3.34,13
E01005409,4.32,11
E01005408,6.59,12
E01005408,4.88,11
E01005408,6.56,12
E01005408,5.21,11
E01005408,6.63,12
E01005408,5.18,11
E01005408,7.01,12
E01005408,4.81,11
E01005409,4.88,11
E01005409,7.23,12
E01005448,2.14,11
E01005448,2.19,11
E01005944,6.1,18
E01005944,1.99,4
E01005944,4.65,11
E01006059,3.3,4
E01006059,4.6,12
E01006058,3.55,3
E01006058,4.2,11
E01006058,6.63,19
E01005409,9.02,12
E01005409,5.32,11
E01006053,6.43,14
E01006053,4.85,12
E01006058,7.88,19
E01006058,3.61,3
E01006058,4.63,12
E01006058,7.37,19
E01006059,3.32,3
E01006059,4.95,12
E01006059,7.78,19
E01006058,6.33,19
E01006058,4.15,4
E01006058,5.36,11
E01006058,7.22,19
E01006058,3.98,3
E01006058,4.52,11
E01006054,4.2,4
E01006054,4.81,11
E01006055,5.7,19
E01006054,4.88,4
E01006054,5.39,12
E01006054,4.46,4
E01006054,5.25,12
E01005938,3.9,4
E01005938,4.91,11
E01006054,5.98,18
E01005938,6.26,18
E01005937,6.69,18
E01005937,3.27,4
E01005937,4.65,11
E01005937,7.37,18
E01005936,1.36,5
E01005936,3.8,11
E01005936,7.63,18
E01005944,7.17,18
E01005944,1.51,5
E01005944,3.92,11
E01005944,7.47,18
E01005944,2.5,4
E01005944,4.05,11
E01005944,7.18,18
E01005944,2.97,4
E01005944,3.99,11
E01005947,6.28,17
E01005947,2.91,5
E01005947,5.14,12
E01005941,2.89,5
E01005941,4.41,12
E01005941,5.62,17
E01006059,3.39,4
E01006059,5.05,12
E01006056,0.63,1
E01005948,2.61,4
E01005948,3.11,13
E01005407,6.27,12
E01005948,3.67,4
E01005948,3.92,13
E01005948,5.86,17
E01005949,2.76,4
E01005949,3.32,13
E01005948,4.6,15
E01006056,0.8,1
E01006056,7.66,19
E01006056,5.36,12
E01006056,7.39,14
E01006057,1.7,1
E01006056,3.77,4
E01006056,0.37,1
E01006056,4.79,12
E01006056,7.87,14
E01006056,4.43,4
E01006056,5.29,12
E01006056,7.45,18
E01006056,4.18,4
E01006056,4.97,12
E01006056,8.36,19
E01006056,3.74,4
E01006056,5.12,12
E01006059,8.24,19
E01006059,3.28,4
E01006059,4.74,12
E01006059,7.94,19
E01006059,8.4,19
E01005014,1.82,1
E01005017,-2.88,1
E01005014,1.56,1
E01005014,2.42,1
E01005047,0.84,1
E01005019,-8.21,1
E01005021,3.82,1
E01005019,-8.01,1
E01005019,4.14,1
E01005019,-6.49,1
E01005019,2.61,1
E01005019,-6.13,1
E01005019,3.1,1
E01005017,-4.57,1
E01005018,2.85,1
E01005018,-2.45,1
E01005018,2.76,1
E01005016,-0.83,1
E01005016,1.66,1
E01005014,0.86,1
E01005046,4.02,1
E01005048,4.09,1
E01005021,-13.82,1
E01005047,2.12,1
E01005047,2.39,1
E01005047,2.94,1
E01005047,2.91,1
E01005047,2.73,1
E01005047,3.23,1
E01005047,3.63,1
E01005048,2.89,1
E01004789,1.98,1
E01004789,0.67,1
E01004789,0.63,1
E01004789,-0.48,1
E01004789,1.73,1
E01004789,2.1,1
E01004789,1.22,1
E01004789,1.86,1
E01004789,1.11,1
E01004789,0.19,1
E01005047,0.97,1
E01004789,1.71,1
E01005186,0.84,10
E01005236,2.59,12
E01005236,0.38,12
E01005232,0.94,11
E01005201,0.76,10
E01005186,1.22,12
E01005286,0.87,12
E01005180,0.62,11
E01005180,1.92,12
E01005286,1.34,12
E01005180,1.8,13
E01005286,1.35,12
E01005236,1.37,12
E01005236,1.51,13
E01005237,1.33,13
E01005237,1.7,12
E01005234,2.01,12
E01033669,0.28,9
E01005129,0.57,10
E01005107,0.79,6
E01005105,4.1,13
E01005129,5.06,13
E01005186,1.43,12
E01005284,0.15,11
E01034117,2.07,11
E01005284,0.47,12
E01005288,0.87,12
E01005235,2.06,12
E01005106,0.76,6
E01005106,5.02,13
E01005235,1.79,12
E01005235,0.97,12
E01005235,1.14,12
E01005235,1.35,11
E01005186,1.18,10
E01005132,-0.15,10
E01005132,5.63,13
E01005129,4.62,13
E01005129,0.67,10
E01005106,4.14,13
E01033669,-0.52,10
E01033669,5,13
E01033669,-0.15,10
E01033669,4.5,13
E01005257,4.25,13
E01033678,0.71,10
E01033678,4.44,13
E01033679,1.22,9
E01033679,4.34,13
E01033679,1.15,9
E01005106,3.38,13
E01005106,1.13,9
E01005106,3.02,13
E01005067,1.32,10
E01005186,3.57,13
E01005186,0.8,10
E01005186,0.88,10
E01005186,3.29,13
E01005186,3.54,13
E01005186,0.79,9
E01005186,3.77,13
E01005189,0.45,8
E01005189,3.58,13
E01005189,0.36,8
E01005189,3.31,12
E01005189,0.22,8
E01005189,0.47,8
E01005189,2.27,12
E01005167,4.06,13
E01005167,3.29,13
E01005164,0.86,8
E01005167,1.37,8
E01005167,4.03,13
E01005166,1.64,7
E01005167,1.12,8
E01005203,4.39,13
E01005167,0.85,8
E01034107,1.67,8
E01005136,4.3,12
E01005136,5.1,13
E01005136,1.98,8
E01005167,3.74,13
E01005167,0.89,8
E01005167,3.43,13
E01005166,3.96,13
E01005166,1.08,10
E01005166,1.41,10
E01005165,1.41,1
E01005165,1.76,1
E01005164,1.91,9
E01034107,4.02,13
E01034107,1.98,8
E01005166,3.48,13
E01005164,3.38,13
E01034108,2.06,8
E01034107,1.82,8
E01034107,3.91,12
E01005136,4.22,12
E01034108,1.76,9
E01005205,5.07,13
E01005205,1.34,9
E01005205,5.33,13
E01005205,1.18,10
E01005205,4.53,13
E01005205,0.48,10
E01005205,4.78,13
E01005206,1.46,11
E01005203,0.96,11
E01005203,4.5,13
E01005203,1.07,9
E01005203,4.57,13
E01005203,1.19,9
E01005203,4.07,13
E01033999,2.44,13
E01033998,0.01,10
E01032914,0.82,12
E01033998,1.15,10
E01033995,-0.16,10
E01033995,0.77,10
E01033996,0.48,11
E01033998,1.58,11
E01033998,0.52,11
E01033998,0.36,10
E01033995,1.03,10
E01033995,0.32,10
E01033996,-0.12,11
E01033984,-0.73,2
E01033999,1.01,11
E01033997,2.01,14
E01033999,0.69,11
E01032912,1.06,13
E01033984,-0.98,9
E01033984,4.19,13
E01005610,-0.9,8
E01005610,2.46,10
E01005682,4.02,5
E01005682,-1.2,8
E01005210,1.05,11
E01005210,2.54,11
E01005214,0.58,11
E01005214,0.89,11
E01005208,0.69,11
E01005212,0.99,11
E01005210,0.55,11
E01005214,2.95,13
E01005208,3.34,13
E01005212,2.77,12
E01005212,2.91,11
E01034117,1.52,11
E01034117,2.71,11
E01034115,3.36,11
E01034115,2.5,11
E01005210,2.4,11
E01005210,-0.02,11
E01034115,1.01,11
E01034115,-0.21,11
E01005284,3.13,12
E01005210,2.76,11
E01005210,0.88,11
E01006188,0.49,11
E01006188,2.38,12
E01005214,0.79,11
E01005214,3,13
E01034001,2.79,12
E01034001,1.01,11
E01006112,0.83,11
E01006112,2.45,13
E01034001,2.6,13
E01005250,4.15,12
E01005249,2.66,9
E01005249,9.03,3
E01005258,3.39,9
E01005258,9.48,3
E01005256,2.92,12
E01005205,3.04,12
E01005249,3.99,12
E01005256,4.07,12
E01005256,1.99,9
E01005256,8.67,3
E01005249,4.17,12
E01005256,2.47,9
E01005256,9.09,3
E01005249,1.92,9
E01005249,8.55,3
E01005256,4.17,12
E01005249,2.49,9
E01005249,9.2,3
E01005249,3.86,12
E01005249,2.41,9
E01005249,9.24,3
E01005249,4.25,12
E01005226,1.1,8
E01005226,8.86,3
E01005226,3.5,12
E01005229,1.75,12
E01005229,2.07,9
E01005229,9.16,3
E01005229,4.01,12
E01005229,1.96,9
E01005229,8.94,3
E01005229,4.42,12
E01005252,1.57,9
E01005252,9.16,3
E01005252,4.32,12
E01005250,4.06,12
E01005252,1.52,9
E01005252,8.95,3
E01005205,1.03,7
E01005205,9.47,3
E01005205,0.66,8
E01005205,9.38,3
E01005205,3.87,13
E01005202,2.93,12
E01005224,0.38,8
E01005224,8.91,3
E01005223,2.98,12
E01005223,0.51,8
E01005223,9.17,3
E01005250,2.09,9
E01005250,9.06,3
E01005249,2.53,9
E01005249,9.02,3
E01005249,3.85,12
E01005224,0.6,8
E01005224,9.28,3
E01005259,3,9
E01005259,9.39,3
E01005259,2.09,12
E01005256,2.76,9
E01005256,9.54,3
E01005256,3.53,9
E01005256,10.1,3
E01005256,2.18,12
E01005258,1.52,12
E01005258,3.64,9
E01005258,9.92,3
E01005258,1.51,12
E01005258,3.57,9
E01005258,9.65,3
E01005258,1.36,12
E01005260,3.45,9
E01005260,9.37,3
E01005260,1.52,12
E01005373,1.99,6
E01005373,7.87,3
E01005371,1.53,3
E01005371,9.78,2
E01005372,5.52,1
E01005375,2.51,9
E01005375,8.47,3
E01005375,2.58,9
E01005375,8.61,3
E01005375,2.48,12
E01005373,2.14,9
E01005373,7.93,3
E01005372,2.05,6
E01005372,10.24,2
E01005260,1.6,12
E01005260,2.95,9
E01005260,8.89,3
E01005375,2.2,12
E01005375,2.4,12
E01005631,3.68,1
E01005631,6.41,5
E01005167,1.22,7
E01005167,14,2
E01005164,3.53,12
E01005167,1.17,8
E01005167,9.35,3
E01005164,1.54,13
E01005167,2.03,13
E01005167,1.03,7
E01005167,13.66,2
E01005166,2.18,7
E01005166,23.33,1
E01005167,2.49,12
E01005203,4.59,13
E01005167,4.11,12
E01005203,3.13,13
E01005203,0.02,8
E01005203,8.25,3
E01005167,2.54,13
E01005203,4.34,13
E01005203,-0.27,8
E01005203,8.95,3
E01005203,-0.35,8
E01005203,8.72,3
E01005167,-0.55,8
E01005167,8.67,3
E01005167,1.04,8
E01005167,10.07,3
E01005167,-0.08,8
E01005167,9.3,3
E01005166,1.22,9
E01005166,13.82,2
E01005166,1.55,9
E01005166,14.27,2
E01005167,1.78,12
E01005167,1.77,9
E01005167,14.46,2
E01005167,1.24,12
E01005166,0.74,12
E01005166,2,8
E01005166,14.1,2
E01005166,2.23,8
E01005166,14.45,2
E01005165,-0.74,13
E01005165,2.47,6
E01005165,10.34,2
E01005165,3.84,13
E01005165,2.99,14
E01005164,2.2,13
E01005164,1.26,9
E01005164,13.64,2
E01005166,0.4,12
E01005164,1.24,8
E01005164,13.23,2
E01005167,0.76,8
E01005167,9.2,3
E01005205,3.65,12
E01005205,0.19,7
E01005205,8.7,3
E01005206,3.25,13
E01005203,3.56,12
E01005722,4.61,14
E01005722,5.88,10
E01005646,2.78,11
E01005646,3.18,13
E01033980,3.61,13
E01033980,3.69,14
E01005683,-1.78,1
E01005683,4.01,13
E01005683,4.41,13
E01033983,8.32,12
E01033983,3.87,13
E01005631,1.12,3
E01005631,8.17,6
E01005611,-3.12,1
E01005611,3.56,12
E01005611,4.17,13
E01033984,2.35,13
E01033984,3.06,12
E01033980,-2.18,1
E01033980,3.72,12
E01033980,4.6,13
E01005632,4.6,8
E01005632,1.19,3
E01005632,7.97,6
E01005602,1.77,3
E01005602,8.25,6
E01005602,5.7,7
E01005631,5.75,6
E01005599,0.64,3
E01005599,7.64,6
E01005602,4.59,9
E01005602,0.34,3
E01005602,7.54,6
E01005601,3.79,10
E01005601,1.5,3
E01005601,8.04,6
E01005600,3.57,10
E01005600,1.59,3
E01005600,8.16,6
E01005599,3.72,9
E01005599,3.22,5
E01005599,5.67,8
E01005599,1.59,9
E01005599,6.76,8
E01005599,2,8
E01005599,3.7,11
E01005635,4.39,12
E01005635,7.08,9
E01005635,2.41,9
E01005635,3.81,12
E01005635,4.45,12
E01005635,7.06,10
E01005719,1.81,10
E01005719,3.14,12
E01005719,3.65,12
E01005719,6.37,10
E01005724,3.65,14
E01005724,6.64,10
E01005724,3.07,10
E01005724,4.39,13
E01005680,5.21,14
E01005680,5.88,10
E01005680,7.1,12
E01005680,3.67,13
E01005723,7.98,12
E01005723,3.83,13
E01005723,4.71,14
E01005723,5.85,10
E01033982,4.39,14
E01033982,5.41,10
E01033982,10.64,10
E01033982,3.94,13
E01005722,11.22,11
E01005722,4.71,13
E01005722,4.99,14
E01005722,5.92,10
E01005722,12.61,10
E01005722,4.26,13
E01005722,4.47,14
E01005722,5.93,10
E01005724,14.7,10
E01005724,4.66,13
E01005724,4.46,14
E01005724,6.21,10
E01005724,2.96,10
E01005724,4.06,13
E01005724,3.46,14
E01005724,5.83,10
E01005682,2.04,12
E01005682,4.29,12
E01005657,3.19,13
E01005657,2.61,13
E01005657,4.55,14
E01005657,5.79,10
E01005680,4.51,15
E01005680,5.8,10
E01005680,5.19,13
E01005680,2.77,13
E01005612,2.28,12
E01005612,2.85,14
E01005611,3.77,12
E01005611,3.39,14
E01005611,-2.69,1
E01005611,3.72,12
E01005611,3.93,13
E01005611,4.09,13
E01005611,3.85,14
E01005611,-2.09,1
E01005611,3.88,12
E01005611,4.34,13
E01033980,3.48,13
E01033980,3.08,14
E01033980,-1.68,1
E01033980,3.94,12
E01033980,4.4,13
E01033981,3.84,13
E01033981,3.43,14
E01005681,3.37,13
E01005681,3.11,14
E01005681,-1.05,1
E01005681,4.64,11
E01005681,5.86,13
E01005681,-0.26,1
E01005681,3.74,11
E01005681,5.21,13
E01005681,3.25,13
E01005681,3.26,14
E01005683,3.73,13
E01005683,3.52,14
E01005683,-1.25,1
E01005683,5.35,11
E01005683,6.2,13
E01005683,-0.79,1
E01005683,5.29,11
E01005683,6.01,13
E01005683,2.29,13
E01005683,2.56,14
E01005683,-1.71,1
E01005683,4.94,11
E01005683,5.92,13
E01033980,2.9,13
E01033980,2.82,14
E01005165,1.51,1
E01005165,2.49,13
E01005646,1.61,7
E01005646,2.93,13
E01005651,2.25,12
E01005651,2.79,13
E01005613,1.55,12
E01005613,2.18,13
E01005614,1.27,12
E01005614,2,13
E01005612,1.14,12
E01005612,2.5,14
E01005612,-1.38,1
E01005612,3.58,12
E01005612,4.41,13
E01005612,-1.18,1
E01005612,3.26,12
E01005612,4.22,13
E01005614,-2.01,1
E01005614,2.99,12
E01005614,3.88,14
E01005650,-2.55,1
E01005650,2.57,12
E01005650,3.62,14
E01005651,-2.27,1
E01005651,2.5,12
E01005651,3.69,14
E01005646,-2.86,1
E01005646,3.38,13
E01005646,3.49,14
E01005611,-3.19,1
E01005611,3.59,12
E01005611,4.5,13
E01005612,1.81,12
E01005612,3.18,14
E01006121,-0.3,1
E01006121,0.4,2
E01006121,6.42,6
E01006121,0.82,3
E01006121,7.48,6
E01005631,5.56,24
E01033658,5.61,14
E01033658,6.39,12
E01033990,10.36,17
E01033658,4.48,17
E01005620,7.77,25
E01005628,4.73,20
E01005605,5.76,24
E01032909,5.25,20
E01033990,5.36,20
E01033989,7.01,13
E01005732,7.71,25
E01005642,5.62,22
E01005619,5.7,20
E01005616,5.09,17
E01005616,7.98,26
E01005631,10.09,9
E01005618,9.21,24
E01005682,5.58,23
E01033991,5.43,24
E01005619,8.04,26
E01005616,7.73,27
E01005616,5.2,7
E01005616,12.18,1
E01005616,8.08,16
E01005617,8.02,25
E01005619,5.42,20
E01005619,8.15,26
E01005617,8.29,26
E01005618,5.42,20
E01005621,5.45,21
E01005621,7.97,25
E01005621,7.77,25
E01005621,5.69,21
E01005621,7.75,25
E01005618,5.63,21
E01005620,5.91,21
E01005620,7.95,25
E01005620,6.34,21
E01005620,7.12,25
E01005645,7.36,24
E01005645,5.86,21
E01005643,7.47,24
E01005642,4.88,22
E01005642,7.87,24
E01005641,5.68,22
E01005642,8.04,24
E01005642,5.8,23
E01005640,6.04,23
E01005640,7.61,25
E01005640,7.48,25
E01005640,5.73,23
E01033991,8,23
E01005729,6.16,24
E01005640,7.58,25
E01005640,5.34,23
E01005640,7.77,25
E01005640,5.35,23
E01005605,4.94,23
E01005605,4.97,23
E01005732,8.23,25
E01005732,4.73,24
E01005730,5.94,24
E01005730,6.85,25
E01005730,5.98,24
E01005730,5.83,25
E01005730,6.27,24
E01005729,6.18,25
E01005729,5.88,24
E01005603,6.52,24
E01005601,6.04,24
E01005601,6.44,24
E01005599,6.28,24
E01005599,5.96,24
E01005599,5.34,24
E01005599,6.03,23
E01005632,4.93,24
E01005632,6.39,22
E01005631,5.62,24
E01005599,6.82,18
E01005599,4.99,24
E01005599,6.52,17
E01005599,5.31,24
E01005635,6.36,22
E01005635,5.12,24
E01005635,5.65,24
E01005719,5.47,24
E01005719,5.99,22
E01005724,5.68,22
E01005724,6.08,24
E01005630,2.94,23
E01005630,6.4,24
E01005722,5.08,22
E01005629,5.96,23
E01005722,5.94,23
E01005722,5.22,20
E01005628,5.61,23
E01005628,5.38,14
E01005680,5.57,23
E01005681,4.12,12
E01005610,5.52,24
E01005610,7.02,20
E01005682,6.28,18
E01005682,6.18,24
E01033991,8.89,21
E01032906,4.16,24
E01033991,4.33,24
E01032906,8.57,23
E01033991,5.4,24
E01033991,8.1,23
E01005680,6.87,23
E01005680,3.82,12
E01005681,6.1,23
E01032909,3.37,7
E01033658,1.98,5
E01033664,5.08,2
E01005094,7.06,1
E01005094,7.31,1
E01006054,6.05,1
E01005938,7.41,1
E01005937,7.33,1
E01005937,7.82,1
E01005936,7.28,1
E01005944,7.64,1
E01005944,7.86,1
E01005944,7.14,1
E01005944,5.8,1
E01005944,6.15,1
E01005981,3.05,5
E01005981,5.03,6
E01005981,2.62,5
E01005979,5.51,6
E01005979,5.48,6
E01005983,6.7,2
E01005982,4.4,6
E01005982,2.88,5
E01005982,4.59,6
E01005982,2.75,5
E01005982,2.49,5
E01005982,4.1,6
E01005984,13.75,1
E01005980,5.34,6
E01005981,3.61,3
E01005983,6,6
E01005979,5.38,6
E01005981,2.98,4
E01005981,4.43,6
E01005757,2.58,6
E01033947,2.81,5
E01005757,3.32,6
E01005917,2.77,5
E01005753,2.11,5
E01005753,3.79,5
E01005918,2.86,5
E01005744,4.17,5
E01005744,1.19,5
E01005744,5.16,6
E01005744,4.95,6
E01005744,1.69,5
E01005744,1.92,5
E01005744,3.86,5
E01005753,1.96,5
E01005753,4.34,5
E01005755,1.93,5
E01005755,2.99,5
E01005757,4.01,6
E01005757,3.6,5
E01005757,3.62,5
E01005757,3.16,6
E01005757,4.08,5
E01005757,2.9,6
E01005757,4.56,5
E01033947,4.06,5
E01033947,3.63,6
E01033947,3.77,5
E01033947,5.24,6
E01005822,2.9,3
E01006340,4.33,3
E01006346,12.14,4
E01006214,5.08,3
E01006219,6.99,4
E01006369,6.36,2
E01006369,10.75,3
E01006349,8.73,2
E01006369,8.85,2
E01006310,10.9,3
E01006306,10.74,4
E01006348,2.77,3
E01006214,7.81,4
E01006214,4.52,3
E01006310,10.11,4
E01006310,4.22,3
E01006310,7.84,2
E01006214,8.28,4
E01006216,3.79,4
E01006310,7.46,2
E01006214,4.9,4
E01006214,3.61,4
E01006214,5.61,3
E01006214,7.86,4
E01006214,3.28,4
E01006214,3.68,4
E01006214,10.97,5
E01006214,3.12,4
E01006214,10.67,5
E01006214,4.97,4
E01006214,11.72,4
E01006214,4.3,4
E01006214,11.16,4
E01006340,4.92,4
E01006340,11.58,4
E01006340,5.63,4
E01006340,11.2,4
E01006340,11.56,4
E01006342,4.46,3
E01006342,10.82,4
E01006342,12.34,4
E01006342,2.49,3
E01006346,12.78,4
E01006348,2.56,3
E01006348,11.26,5
E01006346,2.06,3
E01006219,4.17,3
E01006219,7.78,4
E01006218,8.01,4
E01006215,3.51,3
E01006213,4.16,3
E01006213,7.6,4
E01006213,4.57,3
E01006213,7.51,4
E01006217,8.92,4
E01006217,7.53,4
E01006217,8.84,4
E01006217,7.5,4
E01006310,7.8,4
E01006310,9.46,4
E01006310,4.72,3
E01005420,11.68,2
E01005448,10.08,3
E01005413,12.06,2
E01006053,9.93,3
E01005449,9.43,3
E01005417,9.85,3
E01005417,15.16,3
E01005387,9.91,3
E01005387,15.6,3
E01005433,10.04,1
E01005433,4.26,1
E01005433,6.67,3
E01005433,7.15,3
E01005433,12.98,3
E01005433,4.5,1
E01005433,7.11,3
E01005433,10.93,1
E01005433,4.5,1
E01005432,9.08,3
E01032920,12.94,3
E01032920,4.44,1
E01005421,10.08,3
E01005448,9.61,3
E01005448,9.95,3
E01005448,13.46,3
E01005456,10.2,3
E01005456,14.07,3
E01005449,14.55,3
E01005449,9.98,3
E01005449,13.92,3
E01005419,14.56,3
E01005418,15.32,3
E01005420,12.22,2
E01005419,12.77,2
E01005420,14.84,3
E01005413,12.25,2
E01005413,15.18,3
E01005413,11,2
E01005413,11.39,2
E01005413,15.37,3
E01005448,13.17,3
E01005448,13.36,3
E01005417,12.12,2
E01005417,15.56,3
E01005418,15.6,3
E01005417,16.04,3
E01005417,10.21,3
E01005420,12.39,2
E01006022,6.51,3
E01006022,13.97,2
E01006062,13.77,3
E01006062,8.94,3
E01006058,13.63,3
E01006011,7.76,3
E01006011,11.96,2
E01006011,7.07,3
E01006015,12.6,2
E01006033,7.54,3
E01006033,12.2,2
E01006033,11.86,2
E01006032,8.08,3
E01006032,11.1,2
E01006032,7.87,3
E01006068,4.67,3
E01006058,12.52,3
E01005413,15.84,3
E01006054,10.81,2
E01006053,15.8,3
E01006054,13.62,3
E01005409,11.34,3
E01006053,10.92,3
E01006053,10.67,3
E01006053,13.84,3
E01006053,14.16,3
E01006053,14.74,3
E01006053,11.07,3
E01006053,10.52,3
E01006053,14.5,3
E01006055,15.04,3
E01006055,10.88,3
E01006055,10.58,3
E01006055,14.52,3
E01006058,14.73,3
E01006058,11.09,3
E01006055,14.98,3
E01006023,12.38,2
E01006061,14.39,3
E01006061,7.46,3
E01006061,12.36,3
E01006061,7.02,2
E01006061,13.35,3
E01006061,6.22,2
E01006061,13.8,3
E01006058,11.42,3
E01006058,14.83,3
E01006058,12.42,3
E01006058,14.81,3
E01006062,15.99,3
E01006062,7.52,2
E01006062,14.04,3
E01006062,9.33,3
E01006054,14.55,3
E01006055,10.47,3
E01006055,15.2,3
E01006058,10.55,3
E01006021,6.96,3
E01006023,12.38,2
E01006023,6.75,3
E01006023,6.72,3
E01006023,12.37,2
E01006022,5.95,3
E01006022,12.38,3
E01006022,6.16,3
E01006023,6.78,3
E01006060,6.42,3
E01006022,14.39,3
E01006068,5.32,3
E01006068,5.8,3
E01006068,14.16,3
E01006068,13.75,3
E01006068,6.4,3
E01006069,13.44,3
E01006067,14.04,3
E01006073,8.75,3
E01006067,13.8,3
E01006067,8.44,3
E01006067,12.74,3
E01006067,8.66,3
E01006073,9.03,3
E01006073,14.44,3
E01006061,8.6,3
E01006061,14.15,3
E01006061,7.92,3
E01006062,12.79,3
E01006062,4.22,2
E01006055,10.64,3
E01005407,14.1,3
E01006062,13.2,3
E01006062,8.12,3
E01006059,13.83,3
E01006059,9.96,3
E01006062,13.43,3
E01006062,9.41,3
E01006060,5.93,3
E01006066,11.82,2
E01006060,13.31,2
E01006056,14.13,3
E01006036,16.35,1
E01006036,11.66,2
E01006036,10.68,2
E01006036,7.69,3
E01006036,10.5,2
E01006033,10.43,2
E01006033,8.88,3
E01006033,8.56,3
E01006033,10.3,2
E01006011,12.61,2
E01006009,6.6,3
E01006009,12.88,2
E01006009,7.17,3
E01006021,6.29,3
E01006023,13.28,2
E01006023,12.63,2
E01006023,11.92,2
E01006023,6.92,3
E01006067,11.75,3
E01006067,6.3,3
E01006056,9.64,3
E01006056,14.24,3
E01006056,10.09,3
E01006056,14.54,3
E01006056,10.52,3
E01006056,13.96,3
E01006056,10.21,3
E01006056,13.79,3
E01006056,9.98,3
E01006057,9.63,3
E01006057,12.98,3
E01006057,10.01,3
E01006057,13.5,3
E01006053,10.5,2
E01005413,15.6,3
E01006053,11.02,2
E01006073,15.44,3
E01006073,7.99,3
E01006067,13.94,3
E01006067,7.9,3
E01006067,13.83,3
E01006067,7.22,3
E01006073,14.37,3
E01006073,8.45,3
E01006222,2.96,4
E01006262,1.2,5
E01006221,2.84,4
E01006221,2.73,5
E01006221,2.52,4
E01006221,2.56,5
E01006221,2.71,4
E01006221,2.27,5
E01006224,3.04,5
E01006369,2.01,5
E01006369,2.24,1
E01006223,2.53,4
E01006345,4.8,4
E01006345,1.54,5
E01006348,1.51,5
E01006348,2.86,4
E01006349,1.55,4
E01006352,2.79,5
E01006349,1.24,4
E01006262,3.59,4
E01006268,1.22,5
E01006262,0.95,5
E01006262,3.3,4
E01006262,2.82,4
E01006262,1.25,5
E01006262,2.84,4
E01006410,1.7,5
E01006395,2.47,4
E01006349,0.83,4
E01006349,3.13,5
E01006349,1.12,4
E01006349,2.93,5
E01006352,2.79,5
E01006404,1.16,4
E01006404,2.58,5
E01006404,1.84,4
E01006404,1.56,4
E01006404,3.65,5
E01006404,2.02,4
E01006404,3.12,5
E01006408,2.38,4
E01006403,2.6,5
E01006409,2.61,5
E01006403,1.49,4
E01006349,-0.33,3
E01006302,2.34,4
E01006349,2.94,5
E01006349,2.99,5
E01006298,2.34,5
E01006298,4.14,4
E01006300,3.71,4
E01006300,1.58,5
E01006299,1.14,5
E01006299,4.12,4
E01006347,3.25,4
E01006347,2.25,5
E01006341,2.75,4
E01006347,2.13,5
E01006341,2.24,4
E01006341,2.88,5
E01006302,3.14,4
E01006302,2.73,5
E01006302,2.62,4
E01006302,2.37,5
E01006302,2.94,4
E01006303,3.06,4
E01006302,2.27,5
E01006303,3.62,4
E01006303,2.56,5
E01006299,4.34,4
E01006299,1.99,5
E01006348,4.47,4
E01006348,2.05,5
E01006348,4.01,4
E01006348,1.75,5
E01006345,4.61,4
E01006345,1.98,5
E01006345,1.62,5
E01006345,4.1,4
E01006342,4.7,4
E01006340,1.79,5
E01006342,1.99,5
E01006342,4.51,4
E01006342,4.44,4
E01006342,2.02,5
E01006340,4.77,4
E01006340,1.57,5
E01006340,1.85,5
E01006340,4.22,4
E01006347,3.05,4
E01006224,2.55,5
E01006224,2.6,4
E01006220,2.29,5
E01006220,2.96,4
E01006220,1.85,5
E01006220,4.43,4
E01006220,1.94,5
E01006220,4.06,4
E01006220,1.48,5
E01006220,4.68,4
E01006227,1.23,5
E01006227,5.26,4
E01006227,1.56,5
E01006227,4.75,4
E01006346,1.62,5
E01006346,4.89,4
E01006228,1.64,5
E01006228,5.08,4
E01006223,2.2,4
E01006223,1.46,5
E01006268,1.4,5
E01006268,2.78,4
E01006268,2.68,4
E01006268,1.57,5
E01006223,2.78,4
E01006265,0.87,5
E01006223,3.16,4
E01006223,0.8,5
E01006393,2.32,9
E01006395,3.31,9
E01006395,2.69,9
E01006394,4.86,7
E01006369,22.15,5
E01006369,-17.22,5
E01006349,1.76,8
E01006349,6.97,8
E01006349,2.67,8
E01006352,6.55,8
E01006349,2.54,8
E01006349,-0.85,8
E01006352,6.11,8
E01006353,5.82,8
E01006355,5.65,8
E01006355,5.39,8
E01006401,4.85,8
E01006401,4.89,8
E01006401,4.61,8
E01006394,3.82,8
E01006393,4.93,7
E01006400,2.41,9
E01006403,2.13,9
E01006349,8.95,8
E01006403,1.72,9
E01006406,3.63,9
E01006408,1.09,9
E01006408,1.17,9
E01006410,1.2,9
E01006410,1.39,9
E01006410,1.64,9
E01006409,1.95,9
E01006408,3.17,9
E01006405,2.91,9
E01006411,1.89,9
E01006411,2.95,8
E01006411,2.58,8
E01006349,-29.7,8
E01006349,7.24,8
E01006349,8.54,7
E01006254,1.28,11
E01006260,1.82,11
E01006260,1.58,11
E01006254,1.95,11
E01006254,1.66,11
E01006253,2.35,10
E01006260,1.61,11
E01006260,1.93,11
E01006375,-0.08,11
E01006375,-0.76,10
E01006370,-1.6,10
E01006258,1.8,11
E01006257,1.76,11
E01006258,1.65,11
E01006258,1.77,11
E01006369,2.15,11
E01006369,1.71,11
E01006369,2.67,7
E01006369,4.1,3
E01006373,0.23,11
E01006255,0.42,11
E01006255,0.92,11
E01006260,1.46,11
E01006333,0.36,1
E01006328,-1.9,28
E01006322,0.73,27
E01006322,2.86,25
E01006329,0.25,27
E01006329,1.73,25
E01006329,0.25,28
E01006329,0.59,24
E01006329,0.49,28
E01006329,3.06,24
E01006329,0.68,28
E01006329,1.14,24
E01006329,0.71,28
E01006329,-0.06,22
E01006212,1.17,28
E01006212,2,22
E01006212,1.84,22
E01006212,1.01,28
E01006212,-0.27,24
E01006212,0.56,26
E01006212,1.12,28
E01006369,1.82,23
E01006349,1.14,24
E01006369,0.84,24
E01006369,1.3,17
E01006310,2.1,23
E01006306,1.41,23
E01006214,1.12,26
E01006214,-0.78,27
E01006310,1.52,25
E01006310,0.51,28
E01006310,0.44,24
E01006212,0.79,28
E01006284,-0.21,27
E01006249,1.77,29
E01006249,-2.84,22
E01006249,-2.15,20
E01006310,0.78,24
E01006333,-3.81,19
E01006334,1.76,25
E01006334,-3.62,28
E01006334,-4.08,28
E01006333,1.76,20
E01006328,-0.54,22
E01006328,1.67,16
E01006332,1.57,28
E01006332,-4.2,28
E01006332,-3.85,28
E01006334,-2.9,29
E01006334,1.73,25
E01006336,-2.79,29
E01006336,2.28,26
E01006283,-2.48,29
E01006283,2.05,26
E01006282,-1.48,29
E01006282,1.52,26
E01006282,-1.16,28
E01006282,1.54,26
E01006322,0.57,27
E01006322,4.41,25
E01006322,0.9,23
E01006322,0.49,27
E01006284,1.11,26
E01006284,0.17,27
E01006284,2.93,27
E01006249,1.68,29
E01006252,1.33,22
E01006252,-1.38,13
E01006248,0.73,18
E01006248,0.22,10
E01006248,0.54,9
E01006249,0.86,3
E01006248,-3.66,23
E01006249,1.97,24
E01006248,1.05,25
E01006248,0.6,24
E01006248,0.4,25
E01006248,0.06,25
E01006248,-0.61,24
E01006246,1.41,29
E01006246,-2.45,21
E01006252,-2.47,22
E01006252,1.53,28
E01006246,-2.92,22
E01006246,1.69,28
E01006335,2.14,28
E01006335,-3.76,22
E01006219,-0.84,27
E01006219,4.56,26
E01006218,2.3,26
E01006215,-1.46,27
E01006213,-0.35,27
E01006213,1.33,26
E01006213,0.05,27
E01006213,2.95,28
E01006217,0.36,27
E01006217,1.03,27
E01006217,0.87,27
E01006217,1.72,27
E01006310,0.22,27
E01006310,1.58,26
E01006310,0.44,28
E01006328,1.1,5
E01006222,0.75,25
E01006262,1.07,25
E01006221,0.44,27
E01006221,3.48,22
E01006221,0.26,27
E01006221,3.48,22
E01006221,0.58,25
E01006221,3.5,22
E01006224,3.82,22
E01006369,2.68,22
E01006369,3.28,14
E01006345,5.15,25
E01006345,2.39,24
E01006349,2.76,22
E01006352,2.47,24
E01006349,3.58,24
E01006262,3.12,23
E01006268,1.25,25
E01006262,0.84,25
E01006262,4.08,23
E01006262,3.92,24
E01006262,1.22,25
E01006262,4.24,24
E01006410,1.81,24
E01006395,3.38,23
E01006349,3.59,24
E01006349,2.45,24
E01006349,2.06,21
E01006349,3.82,23
E01006352,2.08,24
E01006404,3.6,23
E01006404,1.46,24
E01006404,4,24
E01006404,3.65,23
E01006404,3.16,24
E01006404,3.95,23
E01006404,2.6,24
E01006408,4.03,23
E01006403,1.92,24
E01006409,2.6,25
E01006403,3.48,23
E01006349,1.39,20
E01006265,2.09,27
E01006302,2.23,23
E01006349,3.02,23
E01006349,3.09,23
E01006298,2.91,22
E01006298,3.14,23
E01006300,2.97,23
E01006300,1.5,24
E01006299,1.19,24
E01006299,3.29,23
E01006347,2.92,15
E01006347,3.79,24
E01006341,3.05,23
E01006347,2.94,24
E01006341,2.05,23
E01006341,3.33,24
E01006302,2.61,23
E01006302,3,24
E01006302,2.39,23
E01006302,2.74,25
E01006302,2.71,23
E01006303,2.89,24
E01006302,2.32,25
E01006303,3.33,24
E01006303,2.19,25
E01006299,3.36,24
E01006299,1.84,25
E01006348,3.34,15
E01006348,2.76,24
E01006348,4.23,19
E01006348,2.98,24
E01006345,4.61,24
E01006345,2.72,24
E01006345,2.95,24
E01006345,4.38,24
E01006342,4.71,24
E01006340,2.06,24
E01006342,1.69,24
E01006342,4.52,24
E01006342,4.49,24
E01006342,1.92,24
E01006340,5.24,25
E01006340,1.88,24
E01006340,1.79,24
E01006340,4.96,25
E01006224,3.46,22
E01006224,1.06,25
E01006220,2.74,22
E01006220,1.85,25
E01006220,2.27,22
E01006220,3.07,25
E01006220,2.12,22
E01006220,3.52,25
E01006220,1.82,23
E01006220,4.02,25
E01006227,1.35,23
E01006227,4.53,25
E01006227,1.65,23
E01006227,4.36,25
E01006346,1.5,23
E01006346,4.97,24
E01006228,1.69,23
E01006228,4.95,24
E01006223,0.33,27
E01006223,1.88,22
E01006265,2.16,27
E01006221,0.9,25
E01006223,1.14,26
E01006265,2.22,27
E01006265,1.2,26
E01006265,1.64,27
E01006265,1.73,25
E01006268,1.29,25
E01006268,2.05,27
E01006268,1.87,24
E01006268,1.44,25
E01006369,16.89,11
E01006369,-16.54,11
E01006350,2.94,20
E01006349,2.49,19
E01006349,5.37,20
E01006352,2.22,18
E01006352,2.1,18
E01006351,4.82,20
E01006351,4.61,20
E01006353,4.32,20
E01006354,3.76,20
E01006359,3.93,20
E01006357,4.39,21
E01006357,4.19,21
E01006357,4.37,20
E01006358,4.12,19
E01006398,4.11,19
E01006398,3.82,19
E01006360,3.32,19
E01006360,3.8,20
E01006360,3.17,20
E01006361,3.2,20
E01006361,2.79,20
E01006361,2.18,20
E01006361,2.86,20
E01006352,2.56,19
E01006349,0.71,18
E01006349,6.11,18
E01006358,4.24,19
E01006356,3.47,20
E01006357,4.23,20
E01006357,4.36,21
E01006349,-26.44,19
E01006360,3.44,20
E01006349,4.21,16
E01006349,4.04,18
E01006357,3.86,20
E01006269,-0.39,1
E01006269,4.12,18
E01006280,0.42,18
E01006280,3.53,19
E01006280,3.97,19
E01006280,0.47,18
E01006280,3.5,18
E01006286,0.14,18
E01006277,-0.1,18
E01006277,3.58,18
E01006277,-0.36,18
E01006277,3.82,18
E01006274,4.15,15
E01006276,1.55,1
E01006276,1.42,18
E01006370,2.9,15
E01006369,4.02,18
E01006310,3.2,17
E01006306,3.07,17
E01006306,2.36,17
E01006306,4.11,17
E01006306,2.02,17
E01006278,3.72,17
E01006278,0.32,18
E01006279,3.53,17
E01006370,3.01,16
E01006306,4.97,17
E01006306,1.84,17
E01006310,3.84,18
E01006308,5.45,18
E01006269,4.72,19
E01006272,-0.25,14
E01006272,-0.86,18
E01006272,5.96,19
E01006308,-0.94,18
E01006308,6.32,19
E01006308,0.11,18
E01006308,0.47,17
E01006308,5.6,18
E01006308,1.59,16
E01006308,5.76,18
E01006308,1.87,15
E01006307,6.02,18
E01006306,2.31,12
E01006274,-0.11,18
E01006305,1.23,16
E01006305,5.34,18
E01006308,5.52,18
E01006308,1.28,16
E01006328,2.58,19
E01006328,2.26,17
E01006278,3.58,18
E01006278,0.48,19
E01006278,-0.05,18
E01006326,2.11,19
E01006326,2.17,10
E01006324,1.94,19
E01006324,1.48,16
E01006324,1.91,18
E01006283,1.43,17
E01006323,2.32,18
E01006323,1.22,17
E01006323,2.58,18
E01006323,0.81,17
E01006322,2.93,18
E01006322,0.97,17
E01006322,2.73,18
E01006322,0.02,17
E01006322,3.28,18
E01006322,0.88,17
E01006322,0.89,18
E01006322,3.08,17
E01006279,-0.04,18
E01006307,2.1,15
E01006307,5.96,17
E01006306,5.41,17
E01006370,3.92,17
E01006406,5.22,14
E01006395,4.52,13
E01006395,4.4,13
E01006395,3.46,13
E01006369,25.5,8
E01006369,-9.19,7
E01006403,5.35,13
E01006352,2.28,13
E01006394,3.46,13
E01006394,3.68,13
E01006349,2.37,11
E01006349,2.08,13
E01006352,7.57,14
E01006349,6.88,14
E01006349,0.51,9
E01006353,2.92,13
E01006355,2.7,13
E01006355,2.78,13
E01006401,3.28,13
E01006401,3.25,13
E01006393,3.89,13
E01006393,4.88,13
E01006403,5.26,13
E01006349,10.19,14
E01006403,5.35,13
E01006407,6.04,14
E01006408,4.97,14
E01006407,4.87,13
E01006405,5.58,14
E01006411,5.57,14
E01006411,5.62,14
E01006404,6.33,14
E01006411,6.55,14
E01006403,5.38,13
E01006349,-27.01,13
E01006353,2.6,13
E01006349,7.81,13
E01006407,4.33,13
E01006408,4.44,13
E01006349,8.68,14
E01006238,0.52,16
E01006238,3.58,14
E01006238,0.34,16
E01006238,3.8,14
E01006319,0.44,16
E01006319,3.8,14
E01006317,0.62,16
E01006315,3.59,14
E01006315,3.17,14
E01006370,3.79,11
E01006369,-0.3,16
E01006370,2.24,13
E01006238,3.69,14
E01006315,2.1,14
E01006315,0.89,16
E01006229,1.32,17
E01006315,1.26,16
E01006370,3.93,13
E01006372,2.77,15
E01006233,0.58,17
E01006238,0.88,17
E01006238,3.28,15
E01006230,1.63,17
E01006230,1.35,11
E01006233,2.02,17
E01006233,1.21,14
E01006233,1.56,17
E01006233,1.48,15
E01006233,1.06,17
E01006233,2.03,15
E01006233,0.55,17
E01006233,2.35,15
E01006233,2.55,15
E01006372,0.29,17
E01006370,-0.55,16
E01006370,4,12
E01006370,-0.56,16
E01006370,4.24,14
E01006374,-0.64,17
E01006374,3.85,14
E01006372,3.82,15
E01006372,-0.99,17
E01006372,3.68,15
E01006372,-0.51,17
E01006372,-0.24,17
E01006372,3.2,15
E01006372,0.36,17
E01006372,2.93,15
E01006370,0.68,15
E01004848,4.37,13
E01006285,3.09,18
E01004835,3.71,16
E01004894,2.41,17
E01004894,2.9,16
E01004894,2.33,17
E01004894,2.73,15
E01004894,2.88,15
E01004894,2.58,17
E01004935,2.8,18
E01004895,2.8,18
E01004849,-0.88,1
E01004849,2.4,16
E01004939,2.45,15
E01004935,2.4,16
E01004893,2.83,15
E01004849,4.01,15
E01004849,4.55,15
E01004849,-0.87,1
E01004849,2.78,16
E01004850,5.13,15
E01004850,-0.87,1
E01004850,2.59,16
E01004850,-0.26,1
E01004850,3.56,16
E01004850,4.75,16
E01004838,0.02,1
E01004838,3.13,16
E01004827,3.97,16
E01004827,-0.54,1
E01004827,2.95,16
E01004834,3.74,16
E01004834,-0.34,1
E01004834,3.39,16
E01004834,2.7,16
E01004838,-0.36,1
E01004838,6.46,16
E01004838,3.23,16
E01004838,-0.81,1
E01004838,6.12,16
E01004838,3.14,16
E01004836,-1.2,1
E01004836,6.17,16
E01004836,3.5,16
E01004839,-1.11,1
E01004839,2.65,15
E01004835,-1.67,1
E01004835,2.7,15
E01004835,2.29,16
E01004835,3.2,16
E01004899,2.06,16
E01004899,2.82,17
E01004899,2.61,15
E01004899,2.79,17
E01004899,2.12,16
E01004899,2.54,17
E01004891,3.24,17
E01004891,1.74,16
E01004891,2.67,16
E01004891,2.67,17
E01004901,3.1,16
E01004901,2.68,17
E01004891,2.29,16
E01004939,2.3,16
E01004939,2.31,17
E01004938,1.77,17
E01004938,2.88,15
E01004938,2.29,15
E01004895,2.57,15
E01004895,2.88,17
E01004939,2.66,17
E01004939,1.94,16
E01004939,2.52,17
E01004939,2.23,16
E01004939,2.75,17
E01004939,2.64,16
E01004938,1.98,17
E01004936,3.26,16
E01004894,1.93,17
E01004894,3.35,16
E01004895,2.88,15
E01004895,3,18
E01004894,2.92,18
E01004895,2.91,18
E01004935,3.02,18
E01004935,2.43,16
E01004935,2.49,16
E01004935,3.01,18
E01004935,2.95,18
E01004933,2.41,18
E01004933,2.1,16
E01004934,2.88,16
E01004934,3.13,18
E01006285,2.99,16
E01006285,3.16,18
E01006285,3.3,16
E01006272,3.31,17
E01006369,1.81,13
E01006369,1.67,14
E01006285,3.55,16
E01006286,2.86,18
E01006349,2.4,14
E01006369,2.87,14
E01006369,1.4,11
E01006310,2.06,13
E01006306,4.27,14
E01006306,1.64,14
E01006306,1.98,16
E01006306,1.01,14
E01006306,2.51,16
E01006306,0.71,14
E01006270,3.4,18
E01006269,4.43,17
E01006272,-0.3,9
E01006272,-2,13
E01006272,4.99,17
E01006308,-2.16,13
E01006308,4.61,17
E01006308,-1.55,13
E01006308,3.08,18
E01006307,-0.51,14
E01006307,-0.28,13
E01006307,2.86,18
E01006307,2.62,18
E01006306,-0.19,14
E01006369,1.77,15
E01006285,3.05,18
E01006286,3.46,16
E01006270,3.16,15
E01006286,2.69,18
E01006270,2.92,15
E01006286,3.53,15
E01006270,3.47,18
E01006275,3.47,18
E01006275,3.05,15
E01006270,3.47,18
E01006270,2.89,15
E01006286,3.22,15
E01006270,3.93,18
E01006272,2.85,15
E01006272,3.22,18
E01006272,2.93,15
E01006269,3.77,17
E01006269,3.04,15
E01006269,1.87,15
E01006269,4.6,17
E01006272,5.16,17
E01006269,1.59,14
E01006285,3.34,16
E01006285,3.09,18
E01006307,-0.26,14
E01006307,2.61,17
E01006306,2.59,17
E01006370,3.77,9
E01006260,1.76,11
E01006254,1.76,11
E01006253,0.96,11
E01006260,1.88,11
E01006260,1.58,11
E01006260,2.43,11
E01006258,0.87,11
E01006375,2.88,9
E01006370,2.71,9
E01006258,0.89,9
E01006258,0.72,11
E01006257,0.28,11
E01006258,1.4,11
E01006254,1.72,11
E01006369,0.27,9
E01006369,-0.23,9
E01006369,-0.53,6
E01006369,-3.5,1
E01006374,2.4,10
E01006373,2.25,10
E01006255,2.66,10
E01006255,2.29,11
E01006357,2.08,23
E01006369,19.49,16
E01006369,-12.51,16
E01006349,0.31,17
E01006349,-0.16,21
E01006349,3.41,23
E01006352,3.25,23
E01006352,1.41,21
E01006351,1.69,22
E01006353,1.85,23
E01006354,1.91,24
E01006359,2.88,24
E01006357,1.93,24
E01006357,2.24,24
E01006358,1.53,24
E01006399,1.61,22
E01006398,1.61,22
E01006397,1.58,21
E01006356,1.44,21
E01006360,1.42,21
E01006360,1.68,20
E01006361,1.5,19
E01006361,1.61,18
E01006361,1.53,18
E01006350,1.61,18
E01006350,0.5,19
E01006352,3.19,22
E01006349,-2.48,15
E01006349,6.33,22
E01006356,1.39,24
E01006357,2.3,24
E01006357,2.16,23
E01006349,-25.01,23
E01006358,1.31,24
E01006357,2.32,24
E01006349,2.68,22
E01006349,3.21,23
E01006379,3.64,6
E01005736,7.65,1
E01005736,4.02,6
E01005736,6.85,3
E01005736,3.54,6
E01005734,6.07,3
E01005734,7.11,5
E01005734,4.06,6
E01005734,4.49,5
E01005734,6.75,5
E01005735,4.5,5
E01005735,6.65,5
E01004858,8.89,4
E01004859,2.17,2
E01004859,8.68,4
E01004858,2.16,6
E01004858,8.28,4
E01004858,8.82,4
E01004858,1.78,6
E01004872,8.56,4
E01004872,1.74,6
E01004858,1.44,6
E01004875,9.1,4
E01004875,1.59,6
E01004874,8.92,4
E01004875,1.86,6
E01004874,8.86,4
E01004875,1.78,6
E01004876,8.93,4
E01004874,8.96,4
E01004874,2.09,6
E01004876,1.9,6
E01004874,8.74,4
E01004874,8.8,4
E01004874,1.76,6
E01004874,1.74,6
E01005660,1.87,6
E01005660,8.51,4
E01005663,8.46,4
E01005718,8.27,4
E01005718,6.2,4
E01005718,6.52,4
E01005718,6.91,4
E01005717,12.66,5
E01005717,4.48,4
E01005717,8.12,6
E01005716,5.04,3
E01005716,5.8,6
E01005716,5.81,4
E01005713,4.46,6
E01005713,6.68,5
E01005713,6.1,5
E01005718,4.4,6
E01005718,8.71,4
E01005718,8.9,4
E01005663,1.5,6
E01005663,8.45,4
E01005664,8.73,4
E01005660,1.99,6
E01005664,8.67,4
E01005704,2.22,6
E01005664,8.52,4
E01005660,2.14,6
E01005706,1.83,6
E01005706,9.02,4
E01005703,1.71,6
E01005703,8.71,4
E01005703,2.01,6
E01005703,8.41,4
E01005703,1.95,6
E01005704,1.56,6
E01005704,8.01,4
E01005660,8.64,4
E01005704,1.59,6
E01005708,1.52,6
E01005718,1.76,6
E01005718,3.66,6
E01005718,3.55,6
E01005718,4.06,6
E01004876,8.61,4
E01004876,1.72,6
E01006295,3.34,4
E01006385,2.78,4
E01006376,7.29,7
E01006380,3.71,3
E01006380,5.1,6
E01006379,7.78,6
E01006295,0.49,3
E01006295,6.36,7
E01006376,2.02,5
E01006376,6.68,7
E01006295,3.68,4
E01006294,3.27,4
E01006294,3.18,4
E01006294,5.53,6
E01006376,6.19,7
E01006376,3.08,5
E01006376,6.39,7
E01006376,2.92,5
E01006294,6.72,7
E01006295,1.03,3
E01006381,7.25,7
E01006381,2.17,4
E01006381,2.17,5
E01006383,2.54,5
E01006383,6.61,7
E01006294,6.51,7
E01006294,4.45,5
E01006294,5.14,6
E01006294,4.28,5
E01006294,5.64,6
E01006377,5.53,6
E01006377,3.79,5
E01006378,3.48,4
E01006378,5.88,6
E01006380,6.09,6
E01006380,3.32,4
E01006380,3.4,4
E01006380,6.65,6
E01006380,6.49,6
E01006380,3.43,4
E01006380,6.82,6
E01006380,3.56,3
E01006379,7.98,6
E01006379,4.01,3
E01006380,3.24,3
E01006380,8.69,6
E01006380,3.96,3
E01006380,7.66,6
E01006380,3.63,3
E01006380,7.89,6
E01006380,3.73,3
E01006380,7.5,6
E01006380,4.12,3
E01006380,7.16,6
E01006379,3.06,1
E01006379,5.06,6
E01006385,4.6,6
E01006250,4.4,6
E01006250,2.29,4
E01006385,1.78,4
E01006250,3.26,5
E01006250,2.96,5
E01006250,0.7,4
E01006250,1.85,4
E01006250,1.07,4
E01006341,0.52,4
E01006340,4.86,4
E01006339,-1.48,3
E01006302,37.22,1
E01006298,-27.09,4
E01006298,29.39,4
E01006300,34.4,4
E01006300,-13.98,4
E01006299,-13.87,3
E01006299,38.68,4
E01006341,6.69,4
E01006347,-3.15,1
E01006341,24.34,3
E01006341,4.61,3
E01006302,19.68,2
E01006302,-30.15,1
E01006302,18.24,2
E01006302,-17.57,4
E01006302,18.71,2
E01006303,34.18,4
E01006302,2.35,4
E01006303,15.85,3
E01006303,1.88,4
E01006299,18.58,4
E01006299,-17.35,4
E01006348,13,3
E01006348,1.54,4
E01006345,5.56,4
E01006345,-0.16,3
E01006345,1.27,2
E01006345,9,4
E01006339,4.85,3
E01006340,0.7,4
E01006303,36.41,3
E01006303,-0.26,3
E01006303,29.3,3
E01006303,-7.37,3
E01006341,1.83,4
E01006304,4.96,2
E01006304,4.96,2
E01006304,6.49,3
E01006341,2.46,4
E01006303,25.77,3
E01006303,-11.23,3
E01006341,5.04,4
E01006341,1.08,4
E01006347,-10.43,2
E01006347,5.56,2
E01006347,-4.34,3
E01006347,13.67,1
E01006347,-10.27,2
E01006347,-7.08,2
E01006347,9.27,3
E01006347,8.1,2
E01006347,6.5,4
E01006347,-5.33,1
E01006343,3.04,4
E01006343,2.04,4
E01006341,3.76,2
E01006303,34.09,3
E01006303,-3.58,3
E01006303,36.74,2
E01006303,-1.26,2
E01006303,32.69,3
E01006303,-3.97,3
E01006304,5.21,2
E01006304,2.67,2
E01006341,0.89,4
E01006341,1.18,4
E01006341,0.79,4
E01006393,-4.02,1
E01005010,-4.08,1
E01005010,-4.81,1
E01005010,-5.07,1
E01005010,-4.7,1
E01005010,-5.16,1
E01005013,-3.1,1
E01005013,-3.54,1
E01005010,-3,1
E01005009,-3.32,1
E01004904,-4.1,1
E01004904,-5.95,1
E01004904,-5.68,1
E01004903,-6.78,1
E01004910,-6.14,1
E01004910,-6.33,1
E01006353,-11.81,1
E01006353,-12.34,1
E01006395,4.02,1
E01006395,1.62,1
E01006395,-0.53,1
E01006393,6.12,1
E01006403,8.38,1
E01006403,9.8,1
E01004817,-4.33,2
E01004848,1.78,3
E01004818,19.63,3
E01004818,-23.56,2
E01004911,1.5,2
E01004916,2.09,2
E01004916,2.48,2
E01004911,1.28,2
E01004911,1.89,2
E01004911,2.48,2
E01004911,2.12,2
E01004918,1.92,2
E01004817,-50.03,1
E01004819,10.6,3
E01004819,-29.05,3
E01004819,-38.39,2
E01004819,10.01,3
E01004917,-14.78,3
E01004917,15.34,3
E01004917,-2.48,3
E01004917,1.59,3
E01004917,-7.58,3
E01004917,-18.98,1
E01004818,41.23,1
E01004917,27.86,2
E01004917,3.05,1
E01004917,7.74,2
E01004916,1.64,2
E01004914,1.42,2
E01004912,2.6,2
E01004917,1.94,2
E01004917,-20.97,1
E01004917,-0.72,2
E01004818,-1.78,1
E01004911,2.44,2
E01004912,2.18,2
E01004912,2.62,2
E01004912,2.46,2
E01004915,2.44,2
E01004915,2.12,2
E01004915,2.33,2
E01004915,2.1,2
E01004916,1.83,2
E01004914,1.08,2
E01004914,1.4,2
E01004914,0.64,2
E01004918,2.64,2
E01004918,2.88,2
E01004915,2.33,2
E01006179,3.96,1
E01006184,4.96,1
E01006184,5.7,1
E01006200,5.43,1
E01006144,5.65,1
E01006144,5.76,1
E01006107,6.2,1
E01006171,6.51,1
E01006152,6.91,1
E01006153,5.4,1
E01006168,5.3,1
E01006168,5.94,1
E01006168,6.75,1
E01006167,7.13,1
E01006166,7.39,1
E01006166,7.03,1
E01006171,7.41,1
E01006171,5.65,1
E01006171,5.23,1
E01006169,5.43,1
E01006170,6.36,1
E01006170,6,1
E01006148,6.18,1
E01006147,5.97,1
E01006170,5.65,1
E01006094,5.11,1
E01006153,4.7,1
E01006153,5.17,1
E01006080,4.17,1
E01006080,4.49,1
E01006096,4.38,1
E01006096,3.9,1
E01006089,4.17,1
E01006089,4.86,1
E01006096,4.56,1
E01006096,4.62,1
E01006094,3.03,1
E01034115,0.8,14
E01034115,0.41,14
E01005063,0.4,15
E01034119,0.31,17
E01034119,-0.1,16
E01034119,9.42,15
E01034119,9.11,15
E01034119,8.61,15
E01005063,7.66,15
E01034115,7.64,15
E01034115,6.67,15
E01034138,-0.34,16
E01034137,9.12,14
E01034137,-0.15,16
E01034137,8.79,14
E01034137,0.1,16
E01034138,8.5,14
E01005221,7.42,14
E01005221,0.61,15
E01005219,7.22,14
E01005219,1.69,15
E01005219,6.19,14
E01005218,1.86,16
E01005218,6.75,13
E01005218,1.87,16
E01005217,7.02,13
E01005217,1.94,16
E01005217,6.62,13
E01005217,2.61,18
E01005120,7.1,13
E01005120,2.49,18
E01005120,6.52,13
E01005119,2.21,17
E01005119,7.18,13
E01005119,2.7,17
E01005232,8.77,14
E01005234,1.61,13
E01005238,8.21,14
E01005234,1.57,13
E01005219,6.25,14
E01034115,1.42,14
E01005239,8.93,14
E01005239,1.14,15
E01005119,6.6,13
E01005120,2.72,17
E01034119,-0.27,15
E01005212,3.51,14
E01033653,-0.49,4
E01033653,3.6,1
E01033653,5.28,2
E01033662,1.88,14
E01005066,2.97,12
E01033662,3.09,11
E01033653,1.35,13
E01033662,1.93,13
E01034115,1.49,12
E01034115,5.68,15
E01005210,2.1,10
E01033653,4.78,2
E01034115,5.23,15
E01005210,4.64,14
E01005212,2.11,10
E01034115,1.85,12
E01005856,3.53,17
E01005119,7.13,13
E01005867,1.7,17
E01005867,7.47,13
E01005867,6.42,13
E01005119,1.93,17
E01005867,6.52,13
E01005856,5.56,12
E01005856,5.84,12
E01005853,2.19,17
E01005853,5.57,13
E01005856,3.19,18
E01005853,1.71,16
E01005856,3.1,15
E01005856,5.48,12
E01005865,1.93,17
E01005868,2.23,17
E01005867,1.68,17
E01005859,5.97,13
E01005859,1.48,17
E01005822,7.28,2
E01005433,0.92,2
E01005414,3.1,5
E01005448,3.05,5
E01005408,6.67,1
E01005452,3.09,4
E01005452,1.45,1
E01005452,11.65,1
E01005452,7.97,1
E01005452,6.67,4
E01005448,3.37,5
E01005455,2.72,4
E01005455,4.11,1
E01005455,10.79,1
E01005455,8.83,1
E01005421,2.8,4
E01005421,4.48,1
E01005421,11.09,1
E01005421,8.94,1
E01005421,5.46,4
E01005421,3.08,4
E01005421,4.64,1
E01005421,10.69,1
E01005421,8.46,1
E01005421,6.45,4
E01005421,6.14,4
E01005421,6.34,4
E01005421,3.4,4
E01005421,4.97,1
E01005421,11.58,1
E01005421,9.5,1
E01005453,2.66,4
E01005453,4.15,1
E01005453,11.43,1
E01005453,8.33,1
E01005453,6.48,4
E01005452,6.06,4
E01005408,-0.07,3
E01005416,3.54,4
E01005416,2.95,1
E01005416,4.42,1
E01005416,2.75,5
E01005415,2.51,5
E01005415,4.58,4
E01005415,3.75,1
E01005415,5.5,1
E01005416,2.92,5
E01005415,4.13,4
E01005415,3.31,1
E01005415,5.23,1
E01005416,2.62,5
E01005415,4.43,4
E01005415,3.63,1
E01005415,5.62,1
E01005414,2.34,5
E01005414,4.05,4
E01005414,3.53,1
E01005414,5.33,1
E01005414,4.14,4
E01005414,3.63,1
E01005414,5.43,1
E01005414,3.03,5
E01005414,3.57,5
E01005414,3.65,4
E01005414,2.49,1
E01005414,5.28,1
E01005414,2.54,5
E01005414,3.79,4
E01005414,2.61,1
E01005414,6.73,1
E01005414,4.16,4
E01005414,2.96,1
E01005414,7.49,1
E01005414,3.7,5
E01005414,4.8,4
E01005414,4.22,4
E01005414,2.74,1
E01005414,8.58,1
E01005414,3.78,4
E01005414,3.22,4
E01005414,1.76,1
E01005414,7.56,1
E01005414,3.43,5
E01005414,3.51,4
E01005414,2.22,1
E01005414,6.95,1
E01005414,3.22,4
E01005414,1.57,1
E01005414,7.81,1
E01005414,9.15,1
E01005414,3.74,4
E01005414,1.94,1
E01005414,7.56,1
E01005414,9.73,1
E01005414,3.76,4
E01005414,1.3,1
E01005414,8.07,1
E01005414,9.35,1
E01005414,4.12,4
E01005414,1.66,1
E01005414,7.57,1
E01005414,10.77,1
E01005414,4.21,4
E01005414,2.1,1
E01005414,7.58,1
E01005414,3.21,4
E01005414,0.82,1
E01005414,7.2,1
E01005414,11.53,1
E01005443,11.45,1
E01005443,3.66,4
E01005443,1.49,1
E01005443,8.52,1
E01005452,12.65,1
E01005452,3.94,4
E01005452,2.08,1
E01005452,8.35,1
E01005452,3.46,4
E01005452,1.68,1
E01005452,8.19,1
E01005452,12.7,1
E01005453,6.8,4
E01005453,3.22,4
E01005453,4.01,1
E01005453,11.92,1
E01005453,7.86,1
E01005453,6.42,4
E01005452,2.61,4
E01005452,2.44,1
E01005452,11.28,1
E01005452,6.81,1
E01005452,5.94,4
E01005407,4.29,4
E01005407,5.16,2
E01005407,0.05,3
E01005407,3.36,2
E01005408,3.08,4
E01005408,2.05,1
E01005407,0.23,4
E01005407,4.46,4
E01005407,1.51,1
E01005407,3.68,4
E01005407,0.11,1
E01005407,3.4,1
E01005412,2.31,6
E01005412,1.88,6
E01005412,3.17,4
E01005412,0.16,1
E01005412,2.93,1
E01005411,2.19,6
E01005411,3.98,4
E01005411,0.72,1
E01005411,3.88,1
E01005411,3.33,4
E01005411,-0.02,1
E01005411,3.35,1
E01005412,3.99,4
E01005412,3.19,1
E01005412,4.91,1
E01005412,2.44,5
E01005416,2.39,5
E01005416,3.44,4
E01005416,2.79,1
E01005416,4.39,1
E01005416,2.74,5
E01005416,3.07,4
E01005416,2.61,1
E01005416,3.99,1
E01005412,0.25,3
E01005412,3.27,4
E01005412,2.45,1
E01005412,4.25,1
E01005411,3.16,4
E01005411,3,1
E01005411,4.76,1
E01005411,0.53,3
E01005411,-0.25,4
E01005411,-1.57,5
E01005411,2.06,1
E01005411,2.18,3
E01005411,1.87,5
E01005411,5.56,1
E01005411,7.21,1
E01005410,1.14,4
E01005410,2.7,6
E01005410,-1.43,1
E01005410,3.14,1
E01005410,5.46,4
E01005410,4.83,6
E01005410,0.21,1
E01005410,4.97,1
E01005410,2.92,4
E01005410,3.56,6
E01005410,2.91,1
E01005410,2.29,1
E01005410,2.36,4
E01005410,2.7,6
E01005410,-1.3,1
E01005410,1.98,1
E01005411,3.22,4
E01005411,-0.4,1
E01005411,3.41,1
E01005411,2.97,5
E01005412,2.46,5
E01005409,2.4,2
E01005409,6.05,1
E01005408,3.28,2
E01005433,4.25,2
E01005433,11.33,1
E01005433,-0.08,5
E01005433,0.02,5
E01005433,4.92,4
E01005433,12.63,1
E01005433,9.94,1
E01005433,-0.72,4
E01005433,5.02,2
E01005433,12.41,1
E01005432,1.08,4
E01032920,4.42,4
E01032920,6.22,1
E01032920,11.44,1
E01032920,9.06,1
E01005421,1.88,5
E01005408,7.4,1
E01005408,3.37,2
E01005452,6.41,4
E01005448,2.49,5
E01005407,4.17,4
E01005407,4.98,2
E01005407,-0.22,3
E01005407,2.26,2
E01005407,-0.9,3
E01005407,2.5,2
E01005407,4.81,4
E01005407,5.46,2
E01005406,4.58,4
E01005406,4.63,2
E01005406,-0.16,3
E01005406,2.74,2
E01005407,-0.78,3
E01005407,2.18,2
E01005407,5.1,4
E01005407,5.09,2
E01005453,3.05,4
E01005453,4.86,1
E01005453,11.02,1
E01005453,7.56,1
E01005453,6.34,4
E01005453,3.14,4
E01005453,4.59,1
E01005453,11.6,1
E01005453,7.84,1
E01005414,4.38,4
E01005414,3.34,1
E01005414,5.96,1
E01005448,3.22,4
E01005448,4.82,1
E01005448,11.12,1
E01005448,8.88,1
E01005448,3.31,4
E01005448,5.29,1
E01005448,10.35,1
E01005448,8.09,1
E01005408,6.83,1
E01005407,2.78,2
E01032922,5.43,1
E01005409,3.86,2
E01032922,2.95,2
E01005410,2.37,4
E01005410,3.06,6
E01005410,1.38,1
E01005410,2.17,1
E01005407,4.04,1
E01005410,2.4,4
E01005410,3.54,6
E01005410,0.68,1
E01005410,2.99,1
E01006060,5.06,5
E01006058,2.94,6
E01005943,0.35,3
E01006059,3.91,6
E01006058,2.26,3
E01006058,3.96,2
E01006053,-1.49,3
E01006053,1.01,2
E01006053,5.36,4
E01006053,4.88,2
E01006053,5.66,2
E01006053,4.85,2
E01006055,3.88,1
E01006055,4.18,1
E01006055,4.18,2
E01006055,5.15,1
E01006055,4.22,2
E01006055,-1.16,3
E01006055,-1.09,1
E01006053,4.95,4
E01006053,-1.16,3
E01006053,-0.86,1
E01006055,5.25,4
E01006055,-0.82,3
E01006055,-1.34,1
E01006055,4.96,6
E01006058,1.61,3
E01006058,3.56,2
E01006058,3.04,6
E01006058,1.85,3
E01006058,3.88,2
E01006059,3.38,6
E01006059,2.11,3
E01006059,4.12,2
E01006058,2.45,3
E01006058,2.82,2
E01006058,4.22,6
E01006058,3.17,3
E01006058,4.85,2
E01006058,4.24,6
E01006054,4.54,6
E01006055,4.58,6
E01006055,1.38,3
E01006055,2.84,2
E01006058,0.22,2
E01006058,2.12,2
E01006059,2.32,3
E01006059,4.3,2
E01006059,3.59,6
E01006059,1.91,3
E01006059,3.88,2
E01006059,2.18,3
E01006059,4.16,2
E01006059,1.48,3
E01006059,3.68,2
E01006059,4.31,6
E01006063,2.17,3
E01006063,0.73,1
E01006063,3.18,5
E01006063,3.56,5
E01006063,2.65,3
E01006063,1.22,1
E01006060,2.11,3
E01006060,0.76,1
E01006060,3.83,5
E01006068,1.49,3
E01006068,0.22,1
E01006068,4.34,5
E01006060,4.35,5
E01006060,1.11,3
E01006060,-0.05,1
E01006066,0.38,3
E01006066,-0.79,1
E01005948,-0.51,3
E01005948,4.46,2
E01005948,0.05,3
E01005948,3.74,2
E01006060,0.1,3
E01006060,-0.62,1
E01006066,3.83,5
E01006066,3.29,5
E01006066,-0.05,3
E01006066,0.93,1
E01006066,4.3,5
E01006066,0.95,3
E01006066,1.95,1
E01006066,5.71,5
E01006066,1.32,3
E01006066,0.22,1
E01005941,4.14,5
E01005941,-0.05,3
E01005941,5.18,2
E01005941,4.11,5
E01005941,-0.35,3
E01005941,4.56,2
E01006060,4.46,5
E01006060,4.76,5
E01006060,0.33,3
E01006060,-0.9,1
E01006066,3.74,5
E01006066,5.63,5
E01006066,0.26,3
E01005943,0.15,3
E01005943,4.3,5
E01006053,-1.19,3
E01006053,1.39,2
E01006053,5,4
E01006053,5.22,2
E01005948,4.59,5
E01005949,-0.63,3
E01005949,3.74,2
E01005948,3.26,3
